1.0e-3 -2.5e-1 2.3828232e1 2.3828232e1
3.4880005e-2 -2.5e-1 5.6009598e0 5.6009598e0
6.876001e-2 -2.5e-1 3.5532921e0 3.5532921e0
1.0264001e-1 -2.5e-1 2.5610672e0 2.5610672e0
1.3652002e-1 -2.5e-1 1.9523453e0 1.9523453e0
1.7040002e-1 -2.5e-1 1.5356087e0 1.5356087e0
2.0428003e-1 -2.5e-1 1.23106e0 1.23106e0
2.3816003e-1 -2.5e-1 9.990944e-1 9.990944e-1
2.7204004e-1 -2.5e-1 8.1713257e-1 8.1713257e-1
3.0592004e-1 -2.5e-1 6.711998e-1 6.711998e-1
3.3980005e-1 -2.5e-1 5.5238647e-1 5.5238647e-1
3.7368005e-1 -2.5e-1 4.5428764e-1 4.5428764e-1
4.0756006e-1 -2.5e-1 3.7255142e-1 3.7255142e-1
4.4144006e-1 -2.5e-1 3.0408401e-1 3.0408401e-1
4.7532007e-1 -2.5e-1 2.4633835e-1 2.4633835e-1
5.0920007e-1 -2.5e-1 1.9749855e-1 1.9749855e-1
5.4308008e-1 -2.5e-1 1.5611214e-1 1.5611214e-1
5.7696008e-1 -2.5e-1 1.210041e-1 1.210041e-1
6.1084009e-1 -2.5e-1 9.123627e-2 9.123627e-2
6.447201e-1 -2.5e-1 6.6056366e-2 6.6056366e-2
6.786001e-1 -2.5e-1 4.492096e-2 4.492096e-2
7.124801e-1 -2.5e-1 2.722435e-2 2.722435e-2
7.463601e-1 -2.5e-1 1.2533928e-2 1.2533928e-2
7.8024011e-1 -2.5e-1 5.72868e-4 5.72868e-4
8.1412012e-1 -2.5e-1 -9.12336e-3 -9.12336e-3
8.4800012e-1 -2.5e-1 -1.6677422e-2 -1.6677422e-2
8.8188013e-1 -2.5e-1 -2.2369423e-2 -2.2369423e-2
9.1576013e-1 -2.5e-1 -2.6397917e-2 -2.6397917e-2
9.4964014e-1 -2.5e-1 -2.8938026e-2 -2.8938026e-2
9.8352014e-1 -2.5e-1 -3.013516e-2 -3.013516e-2
1.0174e0 -2.5e-1 -3.0125002e-2 -3.0125002e-2
1.05128e0 -2.5e-1 -2.9023938e-2 -2.9023938e-2
1.08516e0 -2.5e-1 -2.6937627e-2 -2.6937627e-2
1.11904e0 -2.5e-1 -2.3952057e-2 -2.3952057e-2
1.15292e0 -2.5e-1 -2.0153053e-2 -2.0153053e-2
1.1868001e0 -2.5e-1 -1.5610153e-2 -1.5610153e-2
1.2206801e0 -2.5e-1 -1.0399246e-2 -1.0399246e-2
1.2545601e0 -2.5e-1 -4.5634e-3 -4.5634e-3
1.2884401e0 -2.5e-1 1.832329e-3 1.832329e-3
1.3223201e0 -2.5e-1 8.755936e-3 8.755936e-3
1.3562001e0 -2.5e-1 1.6129341e-2 1.6129341e-2
1.3900801e0 -2.5e-1 2.396225e-2 2.396225e-2
1.4239601e0 -2.5e-1 3.2175903e-2 3.2175903e-2
1.4578401e0 -2.5e-1 4.0768433e-2 4.0768433e-2
1.4917201e0 -2.5e-1 4.9662552e-2 4.9662552e-2
1.5256001e0 -2.5e-1 5.8920517e-2 5.8920517e-2
1.5594801e0 -2.5e-1 6.8414459e-2 6.8414459e-2
1.5933601e0 -2.5e-1 7.822067e-2 7.822067e-2
1.6272401e0 -2.5e-1 8.822342e-2 8.822342e-2
1.6611201e0 -2.5e-1 9.84996e-2 9.84996e-2
1.6950002e0 -2.5e-1 1.089074e-1 1.089074e-1
1.7288802e0 -2.5e-1 1.1953903e-1 1.1953903e-1
1.7627602e0 -2.5e-1 1.3035767e-1 1.3035767e-1
1.7966402e0 -2.5e-1 1.4128975e-1 1.4128975e-1
1.8305202e0 -2.5e-1 1.5244873e-1 1.5244873e-1
1.8644002e0 -2.5e-1 1.6364159e-1 1.6364159e-1
1.8982802e0 -2.5e-1 1.750901e-1 1.750901e-1
1.9321602e0 -2.5e-1 1.865113e-1 1.865113e-1
1.9660402e0 -2.5e-1 1.9814026e-1 1.9814026e-1
1.9999202e0 -2.5e-1 2.0978172e-1 2.0978172e-1

1.0e-3 -1.77966e-1 2.3842921e1 2.3842921e1
3.4880005e-2 -1.77966e-1 5.615648e0 5.615648e0
6.876001e-2 -1.77966e-1 3.5679803e0 3.5679803e0
1.0264001e-1 -1.77966e-1 2.5757555e0 2.5757555e0
1.3652002e-1 -1.77966e-1 1.9670335e0 1.9670335e0
1.7040002e-1 -1.77966e-1 1.550297e0 1.550297e0
2.0428003e-1 -1.77966e-1 1.2457483e0 1.2457483e0
2.3816003e-1 -1.77966e-1 1.0137827e0 1.0137827e0
2.7204004e-1 -1.77966e-1 8.3182083e-1 8.3182083e-1
3.0592004e-1 -1.77966e-1 6.8588806e-1 6.8588806e-1
3.3980005e-1 -1.77966e-1 5.6707474e-1 5.6707474e-1
3.7368005e-1 -1.77966e-1 4.689759e-1 4.689759e-1
4.0756006e-1 -1.77966e-1 3.8723969e-1 3.8723969e-1
4.4144006e-1 -1.77966e-1 3.1877228e-1 3.1877228e-1
4.7532007e-1 -1.77966e-1 2.6102661e-1 2.6102661e-1
5.0920007e-1 -1.77966e-1 2.1218681e-1 2.1218681e-1
5.4308008e-1 -1.77966e-1 1.708004e-1 1.708004e-1
5.7696008e-1 -1.77966e-1 1.3569237e-1 1.3569237e-1
6.1084009e-1 -1.77966e-1 1.0592453e-1 1.0592453e-1
6.447201e-1 -1.77966e-1 8.0744627e-2 8.0744627e-2
6.786001e-1 -1.77966e-1 5.9609221e-2 5.9609221e-2
7.124801e-1 -1.77966e-1 4.1912611e-2 4.1912611e-2
7.463601e-1 -1.77966e-1 2.722219e-2 2.722219e-2
7.8024011e-1 -1.77966e-1 1.526113e-2 1.526113e-2
8.1412012e-1 -1.77966e-1 5.564902e-3 5.564902e-3
8.4800012e-1 -1.77966e-1 -1.98916e-3 -1.98916e-3
8.8188013e-1 -1.77966e-1 -7.681161e-3 -7.681161e-3
9.1576013e-1 -1.77966e-1 -1.1709656e-2 -1.1709656e-2
9.4964014e-1 -1.77966e-1 -1.4249765e-2 -1.4249765e-2
9.8352014e-1 -1.77966e-1 -1.5446898e-2 -1.5446898e-2
1.0174e0 -1.77966e-1 -1.543674e-2 -1.543674e-2
1.05128e0 -1.77966e-1 -1.4335677e-2 -1.4335677e-2
1.08516e0 -1.77966e-1 -1.2249365e-2 -1.2249365e-2
1.11904e0 -1.77966e-1 -9.263795e-3 -9.263795e-3
1.15292e0 -1.77966e-1 -5.464792e-3 -5.464792e-3
1.1868001e0 -1.77966e-1 -9.21892e-4 -9.21892e-4
1.2206801e0 -1.77966e-1 4.289015e-3 4.289015e-3
1.2545601e0 -1.77966e-1 1.0124861e-2 1.0124861e-2
1.2884401e0 -1.77966e-1 1.652059e-2 1.652059e-2
1.3223201e0 -1.77966e-1 2.3444197e-2 2.3444197e-2
1.3562001e0 -1.77966e-1 3.0817603e-2 3.0817603e-2
1.3900801e0 -1.77966e-1 3.8650511e-2 3.8650511e-2
1.4239601e0 -1.77966e-1 4.6864165e-2 4.6864165e-2
1.4578401e0 -1.77966e-1 5.5456694e-2 5.5456694e-2
1.4917201e0 -1.77966e-1 6.4350813e-2 6.4350813e-2
1.5256001e0 -1.77966e-1 7.3608778e-2 7.3608778e-2
1.5594801e0 -1.77966e-1 8.310272e-2 8.310272e-2
1.5933601e0 -1.77966e-1 9.290894e-2 9.290894e-2
1.6272401e0 -1.77966e-1 1.0291168e-1 1.0291168e-1
1.6611201e0 -1.77966e-1 1.1318787e-1 1.1318787e-1
1.6950002e0 -1.77966e-1 1.2359566e-1 1.2359566e-1
1.7288802e0 -1.77966e-1 1.342273e-1 1.342273e-1
1.7627602e0 -1.77966e-1 1.4504593e-1 1.4504593e-1
1.7966402e0 -1.77966e-1 1.5597801e-1 1.5597801e-1
1.8305202e0 -1.77966e-1 1.67137e-1 1.67137e-1
1.8644002e0 -1.77966e-1 1.7832985e-1 1.7832985e-1
1.8982802e0 -1.77966e-1 1.8977837e-1 1.8977837e-1
1.9321602e0 -1.77966e-1 2.0119957e-1 2.0119957e-1
1.9660402e0 -1.77966e-1 2.1282852e-1 2.1282852e-1
1.9999202e0 -1.77966e-1 2.2446999e-1 2.2446999e-1

1.0e-3 -1.05932e-1 2.3852927e1 2.3852927e1
3.4880005e-2 -1.05932e-1 5.625654e0 5.625654e0
6.876001e-2 -1.05932e-1 3.5779863e0 3.5779863e0
1.0264001e-1 -1.05932e-1 2.5857614e0 2.5857614e0
1.3652002e-1 -1.05932e-1 1.9770395e0 1.9770395e0
1.7040002e-1 -1.05932e-1 1.5603029e0 1.5603029e0
2.0428003e-1 -1.05932e-1 1.2557542e0 1.2557542e0
2.3816003e-1 -1.05932e-1 1.0237886e0 1.0237886e0
2.7204004e-1 -1.05932e-1 8.418267e-1 8.418267e-1
3.0592004e-1 -1.05932e-1 6.9589394e-1 6.9589394e-1
3.3980005e-1 -1.05932e-1 5.7708061e-1 5.7708061e-1
3.7368005e-1 -1.05932e-1 4.7898178e-1 4.7898178e-1
4.0756006e-1 -1.05932e-1 3.9724556e-1 3.9724556e-1
4.4144006e-1 -1.05932e-1 3.2877815e-1 3.2877815e-1
4.7532007e-1 -1.05932e-1 2.7103249e-1 2.7103249e-1
5.0920007e-1 -1.05932e-1 2.2219269e-1 2.2219269e-1
5.4308008e-1 -1.05932e-1 1.8080627e-1 1.8080627e-1
5.7696008e-1 -1.05932e-1 1.4569824e-1 1.4569824e-1
6.1084009e-1 -1.05932e-1 1.159304e-1 1.159304e-1
6.447201e-1 -1.05932e-1 9.075049e-2 9.075049e-2
6.786001e-1 -1.05932e-1 6.9615083e-2 6.9615083e-2
7.124801e-1 -1.05932e-1 5.1918474e-2 5.1918474e-2
7.463601e-1 -1.05932e-1 3.7228052e-2 3.7228052e-2
7.8024011e-1 -1.05932e-1 2.5266992e-2 2.5266992e-2
8.1412012e-1 -1.05932e-1 1.5570764e-2 1.5570764e-2
8.4800012e-1 -1.05932e-1 8.016702e-3 8.016702e-3
8.8188013e-1 -1.05932e-1 2.3247008e-3 2.3247008e-3
9.1576013e-1 -1.05932e-1 -1.7037935e-3 -1.7037935e-3
9.4964014e-1 -1.05932e-1 -4.2439027e-3 -4.2439027e-3
9.8352014e-1 -1.05932e-1 -5.4410353e-3 -5.4410353e-3
1.0174e0 -1.05932e-1 -5.4308775e-3 -5.4308775e-3
1.05128e0 -1.05932e-1 -4.3298135e-3 -4.3298135e-3
1.08516e0 -1.05932e-1 -2.243503e-3 -2.243503e-3
1.11904e0 -1.05932e-1 7.420668e-4 7.420668e-4
1.15292e0 -1.05932e-1 4.54107e-3 4.54107e-3
1.1868001e0 -1.05932e-1 9.08397e-3 9.08397e-3
1.2206801e0 -1.05932e-1 1.4294878e-2 1.4294878e-2
1.2545601e0 -1.05932e-1 2.0130724e-2 2.0130724e-2
1.2884401e0 -1.05932e-1 2.6526453e-2 2.6526453e-2
1.3223201e0 -1.05932e-1 3.345006e-2 3.345006e-2
1.3562001e0 -1.05932e-1 4.0823465e-2 4.0823465e-2
1.3900801e0 -1.05932e-1 4.8656374e-2 4.8656374e-2
1.4239601e0 -1.05932e-1 5.6870027e-2 5.6870027e-2
1.4578401e0 -1.05932e-1 6.5462556e-2 6.5462556e-2
1.4917201e0 -1.05932e-1 7.4356676e-2 7.4356676e-2
1.5256001e0 -1.05932e-1 8.3614641e-2 8.3614641e-2
1.5594801e0 -1.05932e-1 9.3108583e-2 9.3108583e-2
1.5933601e0 -1.05932e-1 1.0291481e-1 1.0291481e-1
1.6272401e0 -1.05932e-1 1.1291756e-1 1.1291756e-1
1.6611201e0 -1.05932e-1 1.2319374e-1 1.2319374e-1
1.6950002e0 -1.05932e-1 1.3360153e-1 1.3360153e-1
1.7288802e0 -1.05932e-1 1.4423317e-1 1.4423317e-1
1.7627602e0 -1.05932e-1 1.550518e-1 1.550518e-1
1.7966402e0 -1.05932e-1 1.6598389e-1 1.6598389e-1
1.8305202e0 -1.05932e-1 1.7714287e-1 1.7714287e-1
1.8644002e0 -1.05932e-1 1.8833572e-1 1.8833572e-1
1.8982802e0 -1.05932e-1 1.9978424e-1 1.9978424e-1
1.9321602e0 -1.05932e-1 2.1120544e-1 2.1120544e-1
1.9660402e0 -1.05932e-1 2.228344e-1 2.228344e-1
1.9999202e0 -1.05932e-1 2.3447586e-1 2.3447586e-1

1.0e-3 -3.389801e-2 2.3857932e1 2.3857932e1
3.4880005e-2 -3.389801e-2 5.630659e0 5.630659e0
6.876001e-2 -3.389801e-2 3.5829913e0 3.5829913e0
1.0264001e-1 -3.389801e-2 2.5907664e0 2.5907664e0
1.3652002e-1 -3.389801e-2 1.9820445e0 1.9820445e0
1.7040002e-1 -3.389801e-2 1.5653079e0 1.5653079e0
2.0428003e-1 -3.389801e-2 1.2607593e0 1.2607593e0
2.3816003e-1 -3.389801e-2 1.0287936e0 1.0287936e0
2.7204004e-1 -3.389801e-2 8.468318e-1 8.468318e-1
3.0592004e-1 -3.389801e-2 7.0089903e-1 7.0089903e-1
3.3980005e-1 -3.389801e-2 5.8208571e-1 5.8208571e-1
3.7368005e-1 -3.389801e-2 4.8398688e-1 4.8398688e-1
4.0756006e-1 -3.389801e-2 4.0225066e-1 4.0225066e-1
4.4144006e-1 -3.389801e-2 3.3378325e-1 3.3378325e-1
4.7532007e-1 -3.389801e-2 2.7603758e-1 2.7603758e-1
5.0920007e-1 -3.389801e-2 2.2719778e-1 2.2719778e-1
5.4308008e-1 -3.389801e-2 1.8581137e-1 1.8581137e-1
5.7696008e-1 -3.389801e-2 1.5070334e-1 1.5070334e-1
6.1084009e-1 -3.389801e-2 1.209355e-1 1.209355e-1
6.447201e-1 -3.389801e-2 9.5755597e-2 9.5755597e-2
6.786001e-1 -3.389801e-2 7.462019e-2 7.462019e-2
7.124801e-1 -3.389801e-2 5.6923581e-2 5.6923581e-2
7.463601e-1 -3.389801e-2 4.2233159e-2 4.2233159e-2
7.8024011e-1 -3.389801e-2 3.02721e-2 3.02721e-2
8.1412012e-1 -3.389801e-2 2.0575871e-2 2.0575871e-2
8.4800012e-1 -3.389801e-2 1.302181e-2 1.302181e-2
8.8188013e-1 -3.389801e-2 7.3298071e-3 7.3298071e-3
9.1576013e-1 -3.389801e-2 3.3013129e-3 3.3013129e-3
9.4964014e-1 -3.389801e-2 7.612036e-4 7.612036e-4
9.8352014e-1 -3.389801e-2 -4.359291e-4 -4.359291e-4
1.0174e0 -3.389801e-2 -4.2577124e-4 -4.2577124e-4
1.05128e0 -3.389801e-2 6.752928e-4 6.752928e-4
1.08516e0 -3.389801e-2 2.7616034e-3 2.7616034e-3
1.11904e0 -3.389801e-2 5.7471732e-3 5.7471732e-3
1.15292e0 -3.389801e-2 9.546178e-3 9.546178e-3
1.1868001e0 -3.389801e-2 1.4089078e-2 1.4089078e-2
1.2206801e0 -3.389801e-2 1.9299985e-2 1.9299985e-2
1.2545601e0 -3.389801e-2 2.513583e-2 2.513583e-2
1.2884401e0 -3.389801e-2 3.153156e-2 3.153156e-2
1.3223201e0 -3.389801e-2 3.8455167e-2 3.8455167e-2
1.3562001e0 -3.389801e-2 4.5828572e-2 4.5828572e-2
1.3900801e0 -3.389801e-2 5.366148e-2 5.366148e-2
1.4239601e0 -3.389801e-2 6.1875134e-2 6.1875134e-2
1.4578401e0 -3.389801e-2 7.0467664e-2 7.0467664e-2
1.4917201e0 -3.389801e-2 7.9361783e-2 7.9361783e-2
1.5256001e0 -3.389801e-2 8.8619748e-2 8.8619748e-2
1.5594801e0 -3.389801e-2 9.811369e-2 9.811369e-2
1.5933601e0 -3.389801e-2 1.079199e-1 1.079199e-1
1.6272401e0 -3.389801e-2 1.1792265e-1 1.1792265e-1
1.6611201e0 -3.389801e-2 1.2819884e-1 1.2819884e-1
1.6950002e0 -3.389801e-2 1.3860663e-1 1.3860663e-1
1.7288802e0 -3.389801e-2 1.4923827e-1 1.4923827e-1
1.7627602e0 -3.389801e-2 1.600569e-1 1.600569e-1
1.7966402e0 -3.389801e-2 1.7098898e-1 1.7098898e-1
1.8305202e0 -3.389801e-2 1.8214796e-1 1.8214796e-1
1.8644002e0 -3.389801e-2 1.9334082e-1 1.9334082e-1
1.8982802e0 -3.389801e-2 2.0478934e-1 2.0478934e-1
1.9321602e0 -3.389801e-2 2.1621054e-1 2.1621054e-1
1.9660402e0 -3.389801e-2 2.278395e-1 2.278395e-1
1.9999202e0 -3.389801e-2 2.3948096e-1 2.3948096e-1

1.0e-3 3.813599e-2 2.3857779e1 2.3857779e1
3.4880005e-2 3.813599e-2 5.6305066e0 5.6305066e0
6.876001e-2 3.813599e-2 3.5828389e0 3.5828389e0
1.0264001e-1 3.813599e-2 2.590614e0 2.590614e0
1.3652002e-1 3.813599e-2 1.9818921e0 1.9818921e0
1.7040002e-1 3.813599e-2 1.5651555e0 1.5651555e0
2.0428003e-1 3.813599e-2 1.2606068e0 1.2606068e0
2.3816003e-1 3.813599e-2 1.0286412e0 1.0286412e0
2.7204004e-1 3.813599e-2 8.4667937e-1 8.4667937e-1
3.0592004e-1 3.813599e-2 7.007466e-1 7.007466e-1
3.3980005e-1 3.813599e-2 5.8193327e-1 5.8193327e-1
3.7368005e-1 3.813599e-2 4.8383444e-1 4.8383444e-1
4.0756006e-1 3.813599e-2 4.0209822e-1 4.0209822e-1
4.4144006e-1 3.813599e-2 3.3363081e-1 3.3363081e-1
4.7532007e-1 3.813599e-2 2.7588515e-1 2.7588515e-1
5.0920007e-1 3.813599e-2 2.2704535e-1 2.2704535e-1
5.4308008e-1 3.813599e-2 1.8565894e-1 1.8565894e-1
5.7696008e-1 3.813599e-2 1.505509e-1 1.505509e-1
6.1084009e-1 3.813599e-2 1.2078307e-1 1.2078307e-1
6.447201e-1 3.813599e-2 9.5603156e-2 9.5603156e-2
6.786001e-1 3.813599e-2 7.4467749e-2 7.4467749e-2
7.124801e-1 3.813599e-2 5.677114e-2 5.677114e-2
7.463601e-1 3.813599e-2 4.2080717e-2 4.2080717e-2
7.8024011e-1 3.813599e-2 3.0119658e-2 3.0119658e-2
8.1412012e-1 3.813599e-2 2.042343e-2 2.042343e-2
8.4800012e-1 3.813599e-2 1.2869368e-2 1.2869368e-2
8.8188013e-1 3.813599e-2 7.1773666e-3 7.1773666e-3
9.1576013e-1 3.813599e-2 3.1488724e-3 3.1488724e-3
9.4964014e-1 3.813599e-2 6.087631e-4 6.087631e-4
9.8352014e-1 3.813599e-2 -5.8836945e-4 -5.8836945e-4
1.0174e0 3.813599e-2 -5.782116e-4 -5.782116e-4
1.05128e0 3.813599e-2 5.228523e-4 5.228523e-4
1.08516e0 3.813599e-2 2.6091629e-3 2.6091629e-3
1.11904e0 3.813599e-2 5.5947327e-3 5.5947327e-3
1.15292e0 3.813599e-2 9.393736e-3 9.393736e-3
1.1868001e0 3.813599e-2 1.3936636e-2 1.3936636e-2
1.2206801e0 3.813599e-2 1.9147543e-2 1.9147543e-2
1.2545601e0 3.813599e-2 2.498339e-2 2.498339e-2
1.2884401e0 3.813599e-2 3.1379118e-2 3.1379118e-2
1.3223201e0 3.813599e-2 3.8302725e-2 3.8302725e-2
1.3562001e0 3.813599e-2 4.567613e-2 4.567613e-2
1.3900801e0 3.813599e-2 5.350904e-2 5.350904e-2
1.4239601e0 3.813599e-2 6.1722693e-2 6.1722693e-2
1.4578401e0 3.813599e-2 7.0315222e-2 7.0315222e-2
1.4917201e0 3.813599e-2 7.9209341e-2 7.9209341e-2
1.5256001e0 3.813599e-2 8.8467307e-2 8.8467307e-2
1.5594801e0 3.813599e-2 9.7961249e-2 9.7961249e-2
1.5933601e0 3.813599e-2 1.0776747e-1 1.0776747e-1
1.6272401e0 3.813599e-2 1.1777022e-1 1.1777022e-1
1.6611201e0 3.813599e-2 1.280464e-1 1.280464e-1
1.6950002e0 3.813599e-2 1.384542e-1 1.384542e-1
1.7288802e0 3.813599e-2 1.4908583e-1 1.4908583e-1
1.7627602e0 3.813599e-2 1.5990446e-1 1.5990446e-1
1.7966402e0 3.813599e-2 1.7083655e-1 1.7083655e-1
1.8305202e0 3.813599e-2 1.8199553e-1 1.8199553e-1
1.8644002e0 3.813599e-2 1.9318839e-1 1.9318839e-1
1.8982802e0 3.813599e-2 2.046369e-1 2.046369e-1
1.9321602e0 3.813599e-2 2.160581e-1 2.160581e-1
1.9660402e0 3.813599e-2 2.2768706e-1 2.2768706e-1
1.9999202e0 3.813599e-2 2.3932852e-1 2.3932852e-1

1.0e-3 1.1016998e-1 2.3852473e1 2.3852473e1
3.4880005e-2 1.1016998e-1 5.6252014e0 5.6252014e0
6.876001e-2 1.1016998e-1 3.5775337e0 3.5775337e0
1.0264001e-1 1.1016998e-1 2.5853088e0 2.5853088e0
1.3652002e-1 1.1016998e-1 1.9765869e0 1.9765869e0
1.7040002e-1 1.1016998e-1 1.5598503e0 1.5598503e0
2.0428003e-1 1.1016998e-1 1.2553017e0 1.2553017e0
2.3816003e-1 1.1016998e-1 1.023336e0 1.023336e0
2.7204004e-1 1.1016998e-1 8.4137413e-1 8.4137413e-1
3.0592004e-1 1.1016998e-1 6.9544136e-1 6.9544136e-1
3.3980005e-1 1.1016998e-1 5.7662804e-1 5.7662804e-1
3.7368005e-1 1.1016998e-1 4.785292e-1 4.785292e-1
4.0756006e-1 1.1016998e-1 3.9679298e-1 3.9679298e-1
4.4144006e-1 1.1016998e-1 3.2832558e-1 3.2832558e-1
4.7532007e-1 1.1016998e-1 2.7057991e-1 2.7057991e-1
5.0920007e-1 1.1016998e-1 2.2174011e-1 2.2174011e-1
5.4308008e-1 1.1016998e-1 1.803537e-1 1.803537e-1
5.7696008e-1 1.1016998e-1 1.4524567e-1 1.4524567e-1
6.1084009e-1 1.1016998e-1 1.1547783e-1 1.1547783e-1
6.447201e-1 1.1016998e-1 9.0297922e-2 9.0297922e-2
6.786001e-1 1.1016998e-1 6.9162515e-2 6.9162515e-2
7.124801e-1 1.1016998e-1 5.1465906e-2 5.1465906e-2
7.463601e-1 1.1016998e-1 3.6775484e-2 3.6775484e-2
7.8024011e-1 1.1016998e-1 2.4814424e-2 2.4814424e-2
8.1412012e-1 1.1016998e-1 1.5118196e-2 1.5118196e-2
8.4800012e-1 1.1016998e-1 7.564134e-3 7.564134e-3
8.8188013e-1 1.1016998e-1 1.8721327e-3 1.8721327e-3
9.1576013e-1 1.1016998e-1 -2.1563615e-3 -2.1563615e-3
9.4964014e-1 1.1016998e-1 -4.6964708e-3 -4.6964708e-3
9.8352014e-1 1.1016998e-1 -5.8936034e-3 -5.8936034e-3
1.0174e0 1.1016998e-1 -5.8834456e-3 -5.8834456e-3
1.05128e0 1.1016998e-1 -4.7823816e-3 -4.7823816e-3
1.08516e0 1.1016998e-1 -2.696071e-3 -2.696071e-3
1.11904e0 1.1016998e-1 2.894987e-4 2.894987e-4
1.15292e0 1.1016998e-1 4.088503e-3 4.088503e-3
1.1868001e0 1.1016998e-1 8.631403e-3 8.631403e-3
1.2206801e0 1.1016998e-1 1.384231e-2 1.384231e-2
1.2545601e0 1.1016998e-1 1.9678156e-2 1.9678156e-2
1.2884401e0 1.1016998e-1 2.6073885e-2 2.6073885e-2
1.3223201e0 1.1016998e-1 3.2997491e-2 3.2997491e-2
1.3562001e0 1.1016998e-1 4.0370897e-2 4.0370897e-2
1.3900801e0 1.1016998e-1 4.8203806e-2 4.8203806e-2
1.4239601e0 1.1016998e-1 5.6417459e-2 5.6417459e-2
1.4578401e0 1.1016998e-1 6.5009988e-2 6.5009988e-2
1.4917201e0 1.1016998e-1 7.3904108e-2 7.3904108e-2
1.5256001e0 1.1016998e-1 8.3162073e-2 8.3162073e-2
1.5594801e0 1.1016998e-1 9.2656015e-2 9.2656015e-2
1.5933601e0 1.1016998e-1 1.0246223e-1 1.0246223e-1
1.6272401e0 1.1016998e-1 1.1246498e-1 1.1246498e-1
1.6611201e0 1.1016998e-1 1.2274117e-1 1.2274117e-1
1.6950002e0 1.1016998e-1 1.3314896e-1 1.3314896e-1
1.7288802e0 1.1016998e-1 1.437806e-1 1.437806e-1
1.7627602e0 1.1016998e-1 1.5459923e-1 1.5459923e-1
1.7966402e0 1.1016998e-1 1.6553131e-1 1.6553131e-1
1.8305202e0 1.1016998e-1 1.7669029e-1 1.7669029e-1
1.8644002e0 1.1016998e-1 1.8788315e-1 1.8788315e-1
1.8982802e0 1.1016998e-1 1.9933167e-1 1.9933167e-1
1.9321602e0 1.1016998e-1 2.1075287e-1 2.1075287e-1
1.9660402e0 1.1016998e-1 2.2238182e-1 2.2238182e-1
1.9999202e0 1.1016998e-1 2.3402328e-1 2.3402328e-1

1.0e-3 1.8220398e-1 2.3842183e1 2.3842183e1
3.4880005e-2 1.8220398e-1 5.6149097e0 5.6149097e0
6.876001e-2 1.8220398e-1 3.567242e0 3.567242e0
1.0264001e-1 1.8220398e-1 2.5750171e0 2.5750171e0
1.3652002e-1 1.8220398e-1 1.9662952e0 1.9662952e0
1.7040002e-1 1.8220398e-1 1.5495586e0 1.5495586e0
2.0428003e-1 1.8220398e-1 1.2450099e0 1.2450099e0
2.3816003e-1 1.8220398e-1 1.0130443e0 1.0130443e0
2.7204004e-1 1.8220398e-1 8.310824e-1 8.310824e-1
3.0592004e-1 1.8220398e-1 6.8514963e-1 6.8514963e-1
3.3980005e-1 1.8220398e-1 5.663363e-1 5.663363e-1
3.7368005e-1 1.8220398e-1 4.6823747e-1 4.6823747e-1
4.0756006e-1 1.8220398e-1 3.8650125e-1 3.8650125e-1
4.4144006e-1 1.8220398e-1 3.1803384e-1 3.1803384e-1
4.7532007e-1 1.8220398e-1 2.6028818e-1 2.6028818e-1
5.0920007e-1 1.8220398e-1 2.1144838e-1 2.1144838e-1
5.4308008e-1 1.8220398e-1 1.7006197e-1 1.7006197e-1
5.7696008e-1 1.8220398e-1 1.3495393e-1 1.3495393e-1
6.1084009e-1 1.8220398e-1 1.051861e-1 1.051861e-1
6.447201e-1 1.8220398e-1 8.0006183e-2 8.0006183e-2
6.786001e-1 1.8220398e-1 5.8870776e-2 5.8870776e-2
7.124801e-1 1.8220398e-1 4.1174167e-2 4.1174167e-2
7.463601e-1 1.8220398e-1 2.6483745e-2 2.6483745e-2
7.8024011e-1 1.8220398e-1 1.4522685e-2 1.4522685e-2
8.1412012e-1 1.8220398e-1 4.826457e-3 4.826457e-3
8.4800012e-1 1.8220398e-1 -2.727605e-3 -2.727605e-3
8.8188013e-1 1.8220398e-1 -8.419606e-3 -8.419606e-3
9.1576013e-1 1.8220398e-1 -1.24481e-2 -1.24481e-2
9.4964014e-1 1.8220398e-1 -1.498821e-2 -1.498821e-2
9.8352014e-1 1.8220398e-1 -1.6185342e-2 -1.6185342e-2
1.0174e0 1.8220398e-1 -1.6175185e-2 -1.6175185e-2
1.05128e0 1.8220398e-1 -1.5074121e-2 -1.5074121e-2
1.08516e0 1.8220398e-1 -1.298781e-2 -1.298781e-2
1.11904e0 1.8220398e-1 -1.000224e-2 -1.000224e-2
1.15292e0 1.8220398e-1 -6.203236e-3 -6.203236e-3
1.1868001e0 1.8220398e-1 -1.660336e-3 -1.660336e-3
1.2206801e0 1.8220398e-1 3.55057e-3 3.55057e-3
1.2545601e0 1.8220398e-1 9.386417e-3 9.386417e-3
1.2884401e0 1.8220398e-1 1.5782146e-2 1.5782146e-2
1.3223201e0 1.8220398e-1 2.2705753e-2 2.2705753e-2
1.3562001e0 1.8220398e-1 3.0079158e-2 3.0079158e-2
1.3900801e0 1.8220398e-1 3.7912067e-2 3.7912067e-2
1.4239601e0 1.8220398e-1 4.612572e-2 4.612572e-2
1.4578401e0 1.8220398e-1 5.471825e-2 5.471825e-2
1.4917201e0 1.8220398e-1 6.3612369e-2 6.3612369e-2
1.5256001e0 1.8220398e-1 7.2870334e-2 7.2870334e-2
1.5594801e0 1.8220398e-1 8.2364276e-2 8.2364276e-2
1.5933601e0 1.8220398e-1 9.21705e-2 9.21705e-2
1.6272401e0 1.8220398e-1 1.0217325e-1 1.0217325e-1
1.6611201e0 1.8220398e-1 1.1244943e-1 1.1244943e-1
1.6950002e0 1.8220398e-1 1.2285722e-1 1.2285722e-1
1.7288802e0 1.8220398e-1 1.3348886e-1 1.3348886e-1
1.7627602e0 1.8220398e-1 1.443075e-1 1.443075e-1
1.7966402e0 1.8220398e-1 1.5523958e-1 1.5523958e-1
1.8305202e0 1.8220398e-1 1.6639856e-1 1.6639856e-1
1.8644002e0 1.8220398e-1 1.7759142e-1 1.7759142e-1
1.8982802e0 1.8220398e-1 1.8903993e-1 1.8903993e-1
1.9321602e0 1.8220398e-1 2.0046114e-1 2.0046114e-1
1.9660402e0 1.8220398e-1 2.1209009e-1 2.1209009e-1
1.9999202e0 1.8220398e-1 2.2373155e-1 2.2373155e-1

1.0e-3 2.5423798e-1 2.3827232e1 2.3827232e1
3.4880005e-2 2.5423798e-1 5.5999593e0 5.5999593e0
6.876001e-2 2.5423798e-1 3.5522916e0 3.5522916e0
1.0264001e-1 2.5423798e-1 2.5600667e0 2.5600667e0
1.3652002e-1 2.5423798e-1 1.9513448e0 1.9513448e0
1.7040002e-1 2.5423798e-1 1.5346082e0 1.5346082e0
2.0428003e-1 2.5423798e-1 1.2300595e0 1.2300595e0
2.3816003e-1 2.5423798e-1 9.980939e-1 9.980939e-1
2.7204004e-1 2.5423798e-1 8.1613203e-1 8.1613203e-1
3.0592004e-1 2.5423798e-1 6.7019926e-1 6.7019926e-1
3.3980005e-1 2.5423798e-1 5.5138594e-1 5.5138594e-1
3.7368005e-1 2.5423798e-1 4.5328711e-1 4.5328711e-1
4.0756006e-1 2.5423798e-1 3.7155089e-1 3.7155089e-1
4.4144006e-1 2.5423798e-1 3.0308348e-1 3.0308348e-1
4.7532007e-1 2.5423798e-1 2.4533781e-1 2.4533781e-1
5.0920007e-1 2.5423798e-1 1.9649802e-1 1.9649802e-1
5.4308008e-1 2.5423798e-1 1.551116e-1 1.551116e-1
5.7696008e-1 2.5423798e-1 1.2000357e-1 1.2000357e-1
6.1084009e-1 2.5423798e-1 9.023573e-2 9.023573e-2
6.447201e-1 2.5423798e-1 6.505582e-2 6.505582e-2
6.786001e-1 2.5423798e-1 4.3920413e-2 4.3920413e-2
7.124801e-1 2.5423798e-1 2.6223804e-2 2.6223804e-2
7.463601e-1 2.5423798e-1 1.1533382e-2 1.1533382e-2
7.8024011e-1 2.5423798e-1 -4.27678e-4 -4.27678e-4
8.1412012e-1 2.5423798e-1 -1.0123906e-2 -1.0123906e-2
8.4800012e-1 2.5423798e-1 -1.7677968e-2 -1.7677968e-2
8.8188013e-1 2.5423798e-1 -2.3369969e-2 -2.3369969e-2
9.1576013e-1 2.5423798e-1 -2.7398463e-2 -2.7398463e-2
9.4964014e-1 2.5423798e-1 -2.9938573e-2 -2.9938573e-2
9.8352014e-1 2.5423798e-1 -3.1135706e-2 -3.1135706e-2
1.0174e0 2.5423798e-1 -3.1125548e-2 -3.1125548e-2
1.05128e0 2.5423798e-1 -3.0024484e-2 -3.0024484e-2
1.08516e0 2.5423798e-1 -2.7938173e-2 -2.7938173e-2
1.11904e0 2.5423798e-1 -2.4952603e-2 -2.4952603e-2
1.15292e0 2.5423798e-1 -2.11536e-2 -2.11536e-2
1.1868001e0 2.5423798e-1 -1.66107e-2 -1.66107e-2
1.2206801e0 2.5423798e-1 -1.1399792e-2 -1.1399792e-2
1.2545601e0 2.5423798e-1 -5.563947e-3 -5.563947e-3
1.2884401e0 2.5423798e-1 8.31783e-4 8.31783e-4
1.3223201e0 2.5423798e-1 7.75539e-3 7.75539e-3
1.3562001e0 2.5423798e-1 1.5128795e-2 1.5128795e-2
1.3900801e0 2.5423798e-1 2.2961703e-2 2.2961703e-2
1.4239601e0 2.5423798e-1 3.1175357e-2 3.1175357e-2
1.4578401e0 2.5423798e-1 3.9767886e-2 3.9767886e-2
1.4917201e0 2.5423798e-1 4.8662006e-2 4.8662006e-2
1.5256001e0 2.5423798e-1 5.791997e-2 5.791997e-2
1.5594801e0 2.5423798e-1 6.7413913e-2 6.7413913e-2
1.5933601e0 2.5423798e-1 7.722014e-2 7.722014e-2
1.6272401e0 2.5423798e-1 8.722289e-2 8.722289e-2
1.6611201e0 2.5423798e-1 9.749907e-2 9.749907e-2
1.6950002e0 2.5423798e-1 1.0790686e-1 1.0790686e-1
1.7288802e0 2.5423798e-1 1.185385e-1 1.185385e-1
1.7627602e0 2.5423798e-1 1.2935713e-1 1.2935713e-1
1.7966402e0 2.5423798e-1 1.4028922e-1 1.4028922e-1
1.8305202e0 2.5423798e-1 1.514482e-1 1.514482e-1
1.8644002e0 2.5423798e-1 1.6264105e-1 1.6264105e-1
1.8982802e0 2.5423798e-1 1.7408957e-1 1.7408957e-1
1.9321602e0 2.5423798e-1 1.8551077e-1 1.8551077e-1
1.9660402e0 2.5423798e-1 1.9713972e-1 1.9713972e-1
1.9999202e0 2.5423798e-1 2.0878119e-1 2.0878119e-1

1.0e-3 3.2627197e-1 2.3808113e1 2.3808113e1
3.4880005e-2 3.2627197e-1 5.5808397e0 5.5808397e0
6.876001e-2 3.2627197e-1 3.533172e0 3.533172e0
1.0264001e-1 3.2627197e-1 2.5409471e0 2.5409471e0
1.3652002e-1 3.2627197e-1 1.9322252e0 1.9322252e0
1.7040002e-1 3.2627197e-1 1.5154886e0 1.5154886e0
2.0428003e-1 3.2627197e-1 1.21094e0 1.21094e0
2.3816003e-1 3.2627197e-1 9.789743e-1 9.789743e-1
2.7204004e-1 3.2627197e-1 7.9701239e-1 7.9701239e-1
3.0592004e-1 3.2627197e-1 6.5107962e-1 6.5107962e-1
3.3980005e-1 3.2627197e-1 5.322663e-1 5.322663e-1
3.7368005e-1 3.2627197e-1 4.3416747e-1 4.3416747e-1
4.0756006e-1 3.2627197e-1 3.5243124e-1 3.5243124e-1
4.4144006e-1 3.2627197e-1 2.8396384e-1 2.8396384e-1
4.7532007e-1 3.2627197e-1 2.2621817e-1 2.2621817e-1
5.0920007e-1 3.2627197e-1 1.7737837e-1 1.7737837e-1
5.4308008e-1 3.2627197e-1 1.3599196e-1 1.3599196e-1
5.7696008e-1 3.2627197e-1 1.0088393e-1 1.0088393e-1
6.1084009e-1 3.2627197e-1 7.111609e-2 7.111609e-2
6.447201e-1 3.2627197e-1 4.5936182e-2 4.5936182e-2
6.786001e-1 3.2627197e-1 2.4800775e-2 2.4800775e-2
7.124801e-1 3.2627197e-1 7.104166e-3 7.104166e-3
7.463601e-1 3.2627197e-1 -7.586256e-3 -7.586256e-3
7.8024011e-1 3.2627197e-1 -1.9547316e-2 -1.9547316e-2
8.1412012e-1 3.2627197e-1 -2.9243544e-2 -2.9243544e-2
8.4800012e-1 3.2627197e-1 -3.6797606e-2 -3.6797606e-2
8.8188013e-1 3.2627197e-1 -4.2489607e-2 -4.2489607e-2
9.1576013e-1 3.2627197e-1 -4.6518102e-2 -4.6518102e-2
9.4964014e-1 3.2627197e-1 -4.905821e-2 -4.905821e-2
9.8352014e-1 3.2627197e-1 -5.0255344e-2 -5.0255344e-2
1.0174e0 3.2627197e-1 -5.0245186e-2 -5.0245186e-2
1.05128e0 3.2627197e-1 -4.9144122e-2 -4.9144122e-2
1.08516e0 3.2627197e-1 -4.7057811e-2 -4.7057811e-2
1.11904e0 3.2627197e-1 -4.4072241e-2 -4.4072241e-2
1.15292e0 3.2627197e-1 -4.0273238e-2 -4.0273238e-2
1.1868001e0 3.2627197e-1 -3.5730338e-2 -3.5730338e-2
1.2206801e0 3.2627197e-1 -3.051943e-2 -3.051943e-2
1.2545601e0 3.2627197e-1 -2.4683585e-2 -2.4683585e-2
1.2884401e0 3.2627197e-1 -1.8287856e-2 -1.8287856e-2
1.3223201e0 3.2627197e-1 -1.1364249e-2 -1.1364249e-2
1.3562001e0 3.2627197e-1 -3.990843e-3 -3.990843e-3
1.3900801e0 3.2627197e-1 3.842065e-3 3.842065e-3
1.4239601e0 3.2627197e-1 1.2055719e-2 1.2055719e-2
1.4578401e0 3.2627197e-1 2.0648248e-2 2.0648248e-2
1.4917201e0 3.2627197e-1 2.9542368e-2 2.9542368e-2
1.5256001e0 3.2627197e-1 3.8800333e-2 3.8800333e-2
1.5594801e0 3.2627197e-1 4.8294275e-2 4.8294275e-2
1.5933601e0 3.2627197e-1 5.81005e-2 5.81005e-2
1.6272401e0 3.2627197e-1 6.810324e-2 6.810324e-2
1.6611201e0 3.2627197e-1 7.837943e-2 7.837943e-2
1.6950002e0 3.2627197e-1 8.878722e-2 8.878722e-2
1.7288802e0 3.2627197e-1 9.941885e-2 9.941885e-2
1.7627602e0 3.2627197e-1 1.1023749e-1 1.1023749e-1
1.7966402e0 3.2627197e-1 1.2116957e-1 1.2116957e-1
1.8305202e0 3.2627197e-1 1.3232855e-1 1.3232855e-1
1.8644002e0 3.2627197e-1 1.4352141e-1 1.4352141e-1
1.8982802e0 3.2627197e-1 1.5496992e-1 1.5496992e-1
1.9321602e0 3.2627197e-1 1.6639113e-1 1.6639113e-1
1.9660402e0 3.2627197e-1 1.7802008e-1 1.7802008e-1
1.9999202e0 3.2627197e-1 1.8966154e-1 1.8966154e-1

1.0e-3 3.9830597e-1 2.3785475e1 2.3785475e1
3.4880005e-2 3.9830597e-1 5.5582018e0 5.5582018e0
6.876001e-2 3.9830597e-1 3.510534e0 3.510534e0
1.0264001e-1 3.9830597e-1 2.5183092e0 2.5183092e0
1.3652002e-1 3.9830597e-1 1.9095872e0 1.9095872e0
1.7040002e-1 3.9830597e-1 1.4928506e0 1.4928506e0
2.0428003e-1 3.9830597e-1 1.188302e0 1.188302e0
2.3816003e-1 3.9830597e-1 9.563364e-1 9.563364e-1
2.7204004e-1 3.9830597e-1 7.7437447e-1 7.7437447e-1
3.0592004e-1 3.9830597e-1 6.284417e-1 6.284417e-1
3.3980005e-1 3.9830597e-1 5.0962837e-1 5.0962837e-1
3.7368005e-1 3.9830597e-1 4.1152954e-1 4.1152954e-1
4.0756006e-1 3.9830597e-1 3.2979332e-1 3.2979332e-1
4.4144006e-1 3.9830597e-1 2.6132591e-1 2.6132591e-1
4.7532007e-1 3.9830597e-1 2.0358025e-1 2.0358025e-1
5.0920007e-1 3.9830597e-1 1.5474045e-1 1.5474045e-1
5.4308008e-1 3.9830597e-1 1.1335403e-1 1.1335403e-1
5.7696008e-1 3.9830597e-1 7.8246e-2 7.8246e-2
6.1084009e-1 3.9830597e-1 4.847816e-2 4.847816e-2
6.447201e-1 3.9830597e-1 2.3298257e-2 2.3298257e-2
6.786001e-1 3.9830597e-1 2.162851e-3 2.162851e-3
7.124801e-1 3.9830597e-1 -1.5533759e-2 -1.5533759e-2
7.463601e-1 3.9830597e-1 -3.022418e-2 -3.022418e-2
7.8024011e-1 3.9830597e-1 -4.218524e-2 -4.218524e-2
8.1412012e-1 3.9830597e-1 -5.1881468e-2 -5.1881468e-2
8.4800012e-1 3.9830597e-1 -5.943553e-2 -5.943553e-2
8.8188013e-1 3.9830597e-1 -6.5127531e-2 -6.5127531e-2
9.1576013e-1 3.9830597e-1 -6.9156026e-2 -6.9156026e-2
9.4964014e-1 3.9830597e-1 -7.1696135e-2 -7.1696135e-2
9.8352014e-1 3.9830597e-1 -7.2893268e-2 -7.2893268e-2
1.0174e0 3.9830597e-1 -7.288311e-2 -7.288311e-2
1.05128e0 3.9830597e-1 -7.1782047e-2 -7.1782047e-2
1.08516e0 3.9830597e-1 -6.9695735e-2 -6.9695735e-2
1.11904e0 3.9830597e-1 -6.6710165e-2 -6.6710165e-2
1.15292e0 3.9830597e-1 -6.2911162e-2 -6.2911162e-2
1.1868001e0 3.9830597e-1 -5.8368262e-2 -5.8368262e-2
1.2206801e0 3.9830597e-1 -5.3157355e-2 -5.3157355e-2
1.2545601e0 3.9830597e-1 -4.7321509e-2 -4.7321509e-2
1.2884401e0 3.9830597e-1 -4.092578e-2 -4.092578e-2
1.3223201e0 3.9830597e-1 -3.4002173e-2 -3.4002173e-2
1.3562001e0 3.9830597e-1 -2.6628767e-2 -2.6628767e-2
1.3900801e0 3.9830597e-1 -1.8795859e-2 -1.8795859e-2
1.4239601e0 3.9830597e-1 -1.0582205e-2 -1.0582205e-2
1.4578401e0 3.9830597e-1 -1.989676e-3 -1.989676e-3
1.4917201e0 3.9830597e-1 6.904443e-3 6.904443e-3
1.5256001e0 3.9830597e-1 1.6162408e-2 1.6162408e-2
1.5594801e0 3.9830597e-1 2.565635e-2 2.565635e-2
1.5933601e0 3.9830597e-1 3.546257e-2 3.546257e-2
1.6272401e0 3.9830597e-1 4.546532e-2 4.546532e-2
1.6611201e0 3.9830597e-1 5.57415e-2 5.57415e-2
1.6950002e0 3.9830597e-1 6.614929e-2 6.614929e-2
1.7288802e0 3.9830597e-1 7.678093e-2 7.678093e-2
1.7627602e0 3.9830597e-1 8.759956e-2 8.759956e-2
1.7966402e0 3.9830597e-1 9.853165e-2 9.853165e-2
1.8305202e0 3.9830597e-1 1.0969063e-1 1.0969063e-1
1.8644002e0 3.9830597e-1 1.2088348e-1 1.2088348e-1
1.8982802e0 3.9830597e-1 1.32332e-1 1.32332e-1
1.9321602e0 3.9830597e-1 1.437532e-1 1.437532e-1
1.9660402e0 3.9830597e-1 1.5538216e-1 1.5538216e-1
1.9999202e0 3.9830597e-1 1.6702362e-1 1.6702362e-1

1.0e-3 4.7033997e-1 2.376013e1 2.376013e1
3.4880005e-2 4.7033997e-1 5.532858e0 5.532858e0
6.876001e-2 4.7033997e-1 3.4851903e0 3.4851903e0
1.0264001e-1 4.7033997e-1 2.4929654e0 2.4929654e0
1.3652002e-1 4.7033997e-1 1.8842435e0 1.8842435e0
1.7040002e-1 4.7033997e-1 1.4675069e0 1.4675069e0
2.0428003e-1 4.7033997e-1 1.1629582e0 1.1629582e0
2.3816003e-1 4.7033997e-1 9.309926e-1 9.309926e-1
2.7204004e-1 4.7033997e-1 7.4903065e-1 7.4903065e-1
3.0592004e-1 4.7033997e-1 6.0309789e-1 6.0309789e-1
3.3980005e-1 4.7033997e-1 4.8428456e-1 4.8428456e-1
3.7368005e-1 4.7033997e-1 3.8618573e-1 3.8618573e-1
4.0756006e-1 4.7033997e-1 3.0444951e-1 3.0444951e-1
4.4144006e-1 4.7033997e-1 2.359821e-1 2.359821e-1
4.7532007e-1 4.7033997e-1 1.7823643e-1 1.7823643e-1
5.0920007e-1 4.7033997e-1 1.2939664e-1 1.2939664e-1
5.4308008e-1 4.7033997e-1 8.801022e-2 8.801022e-2
5.7696008e-1 4.7033997e-1 5.290219e-2 5.290219e-2
6.1084009e-1 4.7033997e-1 2.313435e-2 2.313435e-2
6.447201e-1 4.7033997e-1 -2.045558e-3 -2.045558e-3
6.786001e-1 4.7033997e-1 -2.3180965e-2 -2.3180965e-2
7.124801e-1 4.7033997e-1 -4.0877574e-2 -4.0877574e-2
7.463601e-1 4.7033997e-1 -5.5567996e-2 -5.5567996e-2
7.8024011e-1 4.7033997e-1 -6.7529056e-2 -6.7529056e-2
8.1412012e-1 4.7033997e-1 -7.7225284e-2 -7.7225284e-2
8.4800012e-1 4.7033997e-1 -8.4779346e-2 -8.4779346e-2
8.8188013e-1 4.7033997e-1 -9.0471347e-2 -9.0471347e-2
9.1576013e-1 4.7033997e-1 -9.4499841e-2 -9.4499841e-2
9.4964014e-1 4.7033997e-1 -9.703995e-2 -9.703995e-2
9.8352014e-1 4.7033997e-1 -9.8237083e-2 -9.8237083e-2
1.0174e0 4.7033997e-1 -9.8226926e-2 -9.8226926e-2
1.05128e0 4.7033997e-1 -9.7125862e-2 -9.7125862e-2
1.08516e0 4.7033997e-1 -9.5039551e-2 -9.5039551e-2
1.11904e0 4.7033997e-1 -9.2053981e-2 -9.2053981e-2
1.15292e0 4.7033997e-1 -8.8254977e-2 -8.8254977e-2
1.1868001e0 4.7033997e-1 -8.3712077e-2 -8.3712077e-2
1.2206801e0 4.7033997e-1 -7.850117e-2 -7.850117e-2
1.2545601e0 4.7033997e-1 -7.2665324e-2 -7.2665324e-2
1.2884401e0 4.7033997e-1 -6.6269595e-2 -6.6269595e-2
1.3223201e0 4.7033997e-1 -5.9345988e-2 -5.9345988e-2
1.3562001e0 4.7033997e-1 -5.1972583e-2 -5.1972583e-2
1.3900801e0 4.7033997e-1 -4.4139674e-2 -4.4139674e-2
1.4239601e0 4.7033997e-1 -3.5926021e-2 -3.5926021e-2
1.4578401e0 4.7033997e-1 -2.7333492e-2 -2.7333492e-2
1.4917201e0 4.7033997e-1 -1.8439372e-2 -1.8439372e-2
1.5256001e0 4.7033997e-1 -9.181407e-3 -9.181407e-3
1.5594801e0 4.7033997e-1 3.12535e-4 3.12535e-4
1.5933601e0 4.7033997e-1 1.011876e-2 1.011876e-2
1.6272401e0 4.7033997e-1 2.01215e-2 2.01215e-2
1.6611201e0 4.7033997e-1 3.039769e-2 3.039769e-2
1.6950002e0 4.7033997e-1 4.080548e-2 4.080548e-2
1.7288802e0 4.7033997e-1 5.143712e-2 5.143712e-2
1.7627602e0 4.7033997e-1 6.225575e-2 6.225575e-2
1.7966402e0 4.7033997e-1 7.318784e-2 7.318784e-2
1.8305202e0 4.7033997e-1 8.434682e-2 8.434682e-2
1.8644002e0 4.7033997e-1 9.553967e-2 9.553967e-2
1.8982802e0 4.7033997e-1 1.0698819e-1 1.0698819e-1
1.9321602e0 4.7033997e-1 1.184094e-1 1.184094e-1
1.9660402e0 4.7033997e-1 1.3003835e-1 1.3003835e-1
1.9999202e0 4.7033997e-1 1.4167981e-1 1.4167981e-1

1.0e-3 5.4237396e-1 2.3733055e1 2.3733055e1
3.4880005e-2 5.4237396e-1 5.5057825e0 5.5057825e0
6.876001e-2 5.4237396e-1 3.4581148e0 3.4581148e0
1.0264001e-1 5.4237396e-1 2.4658899e0 2.4658899e0
1.3652002e-1 5.4237396e-1 1.857168e0 1.857168e0
1.7040002e-1 5.4237396e-1 1.4404314e0 1.4404314e0
2.0428003e-1 5.4237396e-1 1.1358827e0 1.1358827e0
2.3816003e-1 5.4237396e-1 9.039171e-1 9.039171e-1
2.7204004e-1 5.4237396e-1 7.2195525e-1 7.2195525e-1
3.0592004e-1 5.4237396e-1 5.7602248e-1 5.7602248e-1
3.3980005e-1 5.4237396e-1 4.5720915e-1 4.5720915e-1
3.7368005e-1 5.4237396e-1 3.5911032e-1 3.5911032e-1
4.0756006e-1 5.4237396e-1 2.773741e-1 2.773741e-1
4.4144006e-1 5.4237396e-1 2.089067e-1 2.089067e-1
4.7532007e-1 5.4237396e-1 1.5116103e-1 1.5116103e-1
5.0920007e-1 5.4237396e-1 1.0232123e-1 1.0232123e-1
5.4308008e-1 5.4237396e-1 6.093481e-2 6.093481e-2
5.7696008e-1 5.4237396e-1 2.582678e-2 2.582678e-2
6.1084009e-1 5.4237396e-1 -3.94106e-3 -3.94106e-3
6.447201e-1 5.4237396e-1 -2.912096e-2 -2.912096e-2
6.786001e-1 5.4237396e-1 -5.025636e-2 -5.025636e-2
7.124801e-1 5.4237396e-1 -6.795297e-2 -6.795297e-2
7.463601e-1 5.4237396e-1 -8.26434e-2 -8.26434e-2
7.8024011e-1 5.4237396e-1 -9.460446e-2 -9.460446e-2
8.1412012e-1 5.4237396e-1 -1.0430069e-1 -1.0430069e-1
8.4800012e-1 5.4237396e-1 -1.1185475e-1 -1.1185475e-1
8.8188013e-1 5.4237396e-1 -1.1754675e-1 -1.1754675e-1
9.1576013e-1 5.4237396e-1 -1.2157524e-1 -1.2157524e-1
9.4964014e-1 5.4237396e-1 -1.2411536e-1 -1.2411536e-1
9.8352014e-1 5.4237396e-1 -1.2531248e-1 -1.2531248e-1
1.0174e0 5.4237396e-1 -1.2530234e-1 -1.2530234e-1
1.05128e0 5.4237396e-1 -1.2420126e-1 -1.2420126e-1
1.08516e0 5.4237396e-1 -1.2211496e-1 -1.2211496e-1
1.11904e0 5.4237396e-1 -1.1912938e-1 -1.1912938e-1
1.15292e0 5.4237396e-1 -1.1533038e-1 -1.1533038e-1
1.1868001e0 5.4237396e-1 -1.1078748e-1 -1.1078748e-1
1.2206801e0 5.4237396e-1 -1.0557657e-1 -1.0557657e-1
1.2545601e0 5.4237396e-1 -9.974072e-2 -9.974072e-2
1.2884401e0 5.4237396e-1 -9.3345e-2 -9.3345e-2
1.3223201e0 5.4237396e-1 -8.642139e-2 -8.642139e-2
1.3562001e0 5.4237396e-1 -7.904799e-2 -7.904799e-2
1.3900801e0 5.4237396e-1 -7.121507e-2 -7.121507e-2
1.4239601e0 5.4237396e-1 -6.300142e-2 -6.300142e-2
1.4578401e0 5.4237396e-1 -5.440889e-2 -5.440889e-2
1.4917201e0 5.4237396e-1 -4.551477e-2 -4.551477e-2
1.5256001e0 5.4237396e-1 -3.62568e-2 -3.62568e-2
1.5594801e0 5.4237396e-1 -2.676286e-2 -2.676286e-2
1.5933601e0 5.4237396e-1 -1.695665e-2 -1.695665e-2
1.6272401e0 5.4237396e-1 -6.9539e-3 -6.9539e-3
1.6611201e0 5.4237396e-1 3.32228e-3 3.32228e-3
1.6950002e0 5.4237396e-1 1.373007e-2 1.373007e-2
1.7288802e0 5.4237396e-1 2.436171e-2 2.436171e-2
1.7627602e0 5.4237396e-1 3.518034e-2 3.518034e-2
1.7966402e0 5.4237396e-1 4.611243e-2 4.611243e-2
1.8305202e0 5.4237396e-1 5.727141e-2 5.727141e-2
1.8644002e0 5.4237396e-1 6.846426e-2 6.846426e-2
1.8982802e0 5.4237396e-1 7.991278e-2 7.991278e-2
1.9321602e0 5.4237396e-1 9.133398e-2 9.133398e-2
1.9660402e0 5.4237396e-1 1.0296294e-1 1.0296294e-1
1.9999202e0 5.4237396e-1 1.146044e-1 1.146044e-1

1.0e-3 6.1440796e-1 2.3705383e1 2.3705383e1
3.4880005e-2 6.1440796e-1 5.4781108e0 5.4781108e0
6.876001e-2 6.1440796e-1 3.4304431e0 3.4304431e0
1.0264001e-1 6.1440796e-1 2.4382182e0 2.4382182e0
1.3652002e-1 6.1440796e-1 1.8294963e0 1.8294963e0
1.7040002e-1 6.1440796e-1 1.4127597e0 1.4127597e0
2.0428003e-1 6.1440796e-1 1.108211e0 1.108211e0
2.3816003e-1 6.1440796e-1 8.762454e-1 8.762454e-1
2.7204004e-1 6.1440796e-1 6.9428352e-1 6.9428352e-1
3.0592004e-1 6.1440796e-1 5.4835075e-1 5.4835075e-1
3.3980005e-1 6.1440796e-1 4.2953743e-1 4.2953743e-1
3.7368005e-1 6.1440796e-1 3.314386e-1 3.314386e-1
4.0756006e-1 6.1440796e-1 2.4970238e-1 2.4970238e-1
4.4144006e-1 6.1440796e-1 1.8123497e-1 1.8123497e-1
4.7532007e-1 6.1440796e-1 1.234893e-1 1.234893e-1
5.0920007e-1 6.1440796e-1 7.46495e-2 7.46495e-2
5.4308008e-1 6.1440796e-1 3.326309e-2 3.326309e-2
5.7696008e-1 6.1440796e-1 -1.84494e-3 -1.84494e-3
6.1084009e-1 6.1440796e-1 -3.161278e-2 -3.161278e-2
6.447201e-1 6.1440796e-1 -5.679268e-2 -5.679268e-2
6.786001e-1 6.1440796e-1 -7.792809e-2 -7.792809e-2
7.124801e-1 6.1440796e-1 -9.56247e-2 -9.56247e-2
7.463601e-1 6.1440796e-1 -1.1031512e-1 -1.1031512e-1
7.8024011e-1 6.1440796e-1 -1.2227618e-1 -1.2227618e-1
8.1412012e-1 6.1440796e-1 -1.3197241e-1 -1.3197241e-1
8.4800012e-1 6.1440796e-1 -1.3952647e-1 -1.3952647e-1
8.8188013e-1 6.1440796e-1 -1.4521848e-1 -1.4521848e-1
9.1576013e-1 6.1440796e-1 -1.4924696e-1 -1.4924696e-1
9.4964014e-1 6.1440796e-1 -1.5178708e-1 -1.5178708e-1
9.8352014e-1 6.1440796e-1 -1.529842e-1 -1.529842e-1
1.0174e0 6.1440796e-1 -1.5297406e-1 -1.5297406e-1
1.05128e0 6.1440796e-1 -1.5187299e-1 -1.5187299e-1
1.08516e0 6.1440796e-1 -1.4978668e-1 -1.4978668e-1
1.11904e0 6.1440796e-1 -1.468011e-1 -1.468011e-1
1.15292e0 6.1440796e-1 -1.430021e-1 -1.430021e-1
1.1868001e0 6.1440796e-1 -1.384592e-1 -1.384592e-1
1.2206801e0 6.1440796e-1 -1.3324829e-1 -1.3324829e-1
1.2545601e0 6.1440796e-1 -1.2741245e-1 -1.2741245e-1
1.2884401e0 6.1440796e-1 -1.2101672e-1 -1.2101672e-1
1.3223201e0 6.1440796e-1 -1.1409311e-1 -1.1409311e-1
1.3562001e0 6.1440796e-1 -1.0671971e-1 -1.0671971e-1
1.3900801e0 6.1440796e-1 -9.88868e-2 -9.88868e-2
1.4239601e0 6.1440796e-1 -9.067314e-2 -9.067314e-2
1.4578401e0 6.1440796e-1 -8.208061e-2 -8.208061e-2
1.4917201e0 6.1440796e-1 -7.31865e-2 -7.31865e-2
1.5256001e0 6.1440796e-1 -6.392853e-2 -6.392853e-2
1.5594801e0 6.1440796e-1 -5.443459e-2 -5.443459e-2
1.5933601e0 6.1440796e-1 -4.462837e-2 -4.462837e-2
1.6272401e0 6.1440796e-1 -3.462563e-2 -3.462563e-2
1.6611201e0 6.1440796e-1 -2.434944e-2 -2.434944e-2
1.6950002e0 6.1440796e-1 -1.394165e-2 -1.394165e-2
1.7288802e0 6.1440796e-1 -3.31001e-3 -3.31001e-3
1.7627602e0 6.1440796e-1 7.50862e-3 7.50862e-3
1.7966402e0 6.1440796e-1 1.84407e-2 1.84407e-2
1.8305202e0 6.1440796e-1 2.959969e-2 2.959969e-2
1.8644002e0 6.1440796e-1 4.079254e-2 4.079254e-2
1.8982802e0 6.1440796e-1 5.224106e-2 5.224106e-2
1.9321602e0 6.1440796e-1 6.366226e-2 6.366226e-2
1.9660402e0 6.1440796e-1 7.529121e-2 7.529121e-2
1.9999202e0 6.1440796e-1 8.693268e-2 8.693268e-2

1.0e-3 6.8644196e-1 2.3678412e1 2.3678412e1
3.4880005e-2 6.8644196e-1 5.4511398e0 5.4511398e0
6.876001e-2 6.8644196e-1 3.4034721e0 3.4034721e0
1.0264001e-1 6.8644196e-1 2.4112473e0 2.4112473e0
1.3652002e-1 6.8644196e-1 1.8025253e0 1.8025253e0
1.7040002e-1 6.8644196e-1 1.3857887e0 1.3857887e0
2.0428003e-1 6.8644196e-1 1.0812401e0 1.0812401e0
2.3816003e-1 6.8644196e-1 8.492744e-1 8.492744e-1
2.7204004e-1 6.8644196e-1 6.6731262e-1 6.6731262e-1
3.0592004e-1 6.8644196e-1 5.2137985e-1 5.2137985e-1
3.3980005e-1 6.8644196e-1 4.0256653e-1 4.0256653e-1
3.7368005e-1 6.8644196e-1 3.044677e-1 3.044677e-1
4.0756006e-1 6.8644196e-1 2.2273148e-1 2.2273148e-1
4.4144006e-1 6.8644196e-1 1.5426407e-1 1.5426407e-1
4.7532007e-1 6.8644196e-1 9.65184e-2 9.65184e-2
5.0920007e-1 6.8644196e-1 4.76786e-2 4.76786e-2
5.4308008e-1 6.8644196e-1 6.29219e-3 6.29219e-3
5.7696008e-1 6.8644196e-1 -2.881584e-2 -2.881584e-2
6.1084009e-1 6.8644196e-1 -5.858368e-2 -5.858368e-2
6.447201e-1 6.8644196e-1 -8.376358e-2 -8.376358e-2
6.786001e-1 6.8644196e-1 -1.0489899e-1 -1.0489899e-1
7.124801e-1 6.8644196e-1 -1.225956e-1 -1.225956e-1
7.463601e-1 6.8644196e-1 -1.3728603e-1 -1.3728603e-1
7.8024011e-1 6.8644196e-1 -1.4924709e-1 -1.4924709e-1
8.1412012e-1 6.8644196e-1 -1.5894331e-1 -1.5894331e-1
8.4800012e-1 6.8644196e-1 -1.6649738e-1 -1.6649738e-1
8.8188013e-1 6.8644196e-1 -1.7218938e-1 -1.7218938e-1
9.1576013e-1 6.8644196e-1 -1.7621786e-1 -1.7621786e-1
9.4964014e-1 6.8644196e-1 -1.7875798e-1 -1.7875798e-1
9.8352014e-1 6.8644196e-1 -1.7995511e-1 -1.7995511e-1
1.0174e0 6.8644196e-1 -1.7994496e-1 -1.7994496e-1
1.05128e0 6.8644196e-1 -1.7884389e-1 -1.7884389e-1
1.08516e0 6.8644196e-1 -1.7675758e-1 -1.7675758e-1
1.11904e0 6.8644196e-1 -1.73772e-1 -1.73772e-1
1.15292e0 6.8644196e-1 -1.69973e-1 -1.69973e-1
1.1868001e0 6.8644196e-1 -1.654301e-1 -1.654301e-1
1.2206801e0 6.8644196e-1 -1.602192e-1 -1.602192e-1
1.2545601e0 6.8644196e-1 -1.5438335e-1 -1.5438335e-1
1.2884401e0 6.8644196e-1 -1.4798763e-1 -1.4798763e-1
1.3223201e0 6.8644196e-1 -1.4106401e-1 -1.4106401e-1
1.3562001e0 6.8644196e-1 -1.3369061e-1 -1.3369061e-1
1.3900801e0 6.8644196e-1 -1.258577e-1 -1.258577e-1
1.4239601e0 6.8644196e-1 -1.1764404e-1 -1.1764404e-1
1.4578401e0 6.8644196e-1 -1.0905151e-1 -1.0905151e-1
1.4917201e0 6.8644196e-1 -1.001574e-1 -1.001574e-1
1.5256001e0 6.8644196e-1 -9.089943e-2 -9.089943e-2
1.5594801e0 6.8644196e-1 -8.140549e-2 -8.140549e-2
1.5933601e0 6.8644196e-1 -7.159927e-2 -7.159927e-2
1.6272401e0 6.8644196e-1 -6.159653e-2 -6.159653e-2
1.6611201e0 6.8644196e-1 -5.132034e-2 -5.132034e-2
1.6950002e0 6.8644196e-1 -4.091255e-2 -4.091255e-2
1.7288802e0 6.8644196e-1 -3.028091e-2 -3.028091e-2
1.7627602e0 6.8644196e-1 -1.946228e-2 -1.946228e-2
1.7966402e0 6.8644196e-1 -8.5302e-3 -8.5302e-3
1.8305202e0 6.8644196e-1 2.62878e-3 2.62878e-3
1.8644002e0 6.8644196e-1 1.382164e-2 1.382164e-2
1.8982802e0 6.8644196e-1 2.527016e-2 2.527016e-2
1.9321602e0 6.8644196e-1 3.669136e-2 3.669136e-2
1.9660402e0 6.8644196e-1 4.832031e-2 4.832031e-2
1.9999202e0 6.8644196e-1 5.996178e-2 5.996178e-2

1.0e-3 7.58476e-1 2.3653601e1 2.3653601e1
3.4880005e-2 7.58476e-1 5.4263287e0 5.4263287e0
6.876001e-2 7.58476e-1 3.378661e0 3.378661e0
1.0264001e-1 7.58476e-1 2.3864362e0 2.3864362e0
1.3652002e-1 7.58476e-1 1.7777142e0 1.7777142e0
1.7040002e-1 7.58476e-1 1.3609776e0 1.3609776e0
2.0428003e-1 7.58476e-1 1.056429e0 1.056429e0
2.3816003e-1 7.58476e-1 8.244633e-1 8.244633e-1
2.7204004e-1 7.58476e-1 6.4250146e-1 6.4250146e-1
3.0592004e-1 7.58476e-1 4.965687e-1 4.965687e-1
3.3980005e-1 7.58476e-1 3.7775537e-1 3.7775537e-1
3.7368005e-1 7.58476e-1 2.7965654e-1 2.7965654e-1
4.0756006e-1 7.58476e-1 1.9792032e-1 1.9792032e-1
4.4144006e-1 7.58476e-1 1.2945291e-1 1.2945291e-1
4.7532007e-1 7.58476e-1 7.170724e-2 7.170724e-2
5.0920007e-1 7.58476e-1 2.286745e-2 2.286745e-2
5.4308008e-1 7.58476e-1 -1.851897e-2 -1.851897e-2
5.7696008e-1 7.58476e-1 -5.3627e-2 -5.3627e-2
6.1084009e-1 7.58476e-1 -8.339484e-2 -8.339484e-2
6.447201e-1 7.58476e-1 -1.0857474e-1 -1.0857474e-1
6.786001e-1 7.58476e-1 -1.2971014e-1 -1.2971014e-1
7.124801e-1 7.58476e-1 -1.4740675e-1 -1.4740675e-1
7.463601e-1 7.58476e-1 -1.6209718e-1 -1.6209718e-1
7.8024011e-1 7.58476e-1 -1.7405824e-1 -1.7405824e-1
8.1412012e-1 7.58476e-1 -1.8375447e-1 -1.8375447e-1
8.4800012e-1 7.58476e-1 -1.9130853e-1 -1.9130853e-1
8.8188013e-1 7.58476e-1 -1.9700053e-1 -1.9700053e-1
9.1576013e-1 7.58476e-1 -2.0102902e-1 -2.0102902e-1
9.4964014e-1 7.58476e-1 -2.0356914e-1 -2.0356914e-1
9.8352014e-1 7.58476e-1 -2.0476627e-1 -2.0476627e-1
1.0174e0 7.58476e-1 -2.0475612e-1 -2.0475612e-1
1.05128e0 7.58476e-1 -2.0365504e-1 -2.0365504e-1
1.08516e0 7.58476e-1 -2.0156874e-1 -2.0156874e-1
1.11904e0 7.58476e-1 -1.9858316e-1 -1.9858316e-1
1.15292e0 7.58476e-1 -1.9478416e-1 -1.9478416e-1
1.1868001e0 7.58476e-1 -1.9024126e-1 -1.9024126e-1
1.2206801e0 7.58476e-1 -1.8503035e-1 -1.8503035e-1
1.2545601e0 7.58476e-1 -1.791945e-1 -1.791945e-1
1.2884401e0 7.58476e-1 -1.7279878e-1 -1.7279878e-1
1.3223201e0 7.58476e-1 -1.6587517e-1 -1.6587517e-1
1.3562001e0 7.58476e-1 -1.5850177e-1 -1.5850177e-1
1.3900801e0 7.58476e-1 -1.5066885e-1 -1.5066885e-1
1.4239601e0 7.58476e-1 -1.424552e-1 -1.424552e-1
1.4578401e0 7.58476e-1 -1.3386267e-1 -1.3386267e-1
1.4917201e0 7.58476e-1 -1.2496855e-1 -1.2496855e-1
1.5256001e0 7.58476e-1 -1.1571059e-1 -1.1571059e-1
1.5594801e0 7.58476e-1 -1.0621664e-1 -1.0621664e-1
1.5933601e0 7.58476e-1 -9.641043e-2 -9.641043e-2
1.6272401e0 7.58476e-1 -8.640768e-2 -8.640768e-2
1.6611201e0 7.58476e-1 -7.61315e-2 -7.61315e-2
1.6950002e0 7.58476e-1 -6.572371e-2 -6.572371e-2
1.7288802e0 7.58476e-1 -5.509207e-2 -5.509207e-2
1.7627602e0 7.58476e-1 -4.427344e-2 -4.427344e-2
1.7966402e0 7.58476e-1 -3.334135e-2 -3.334135e-2
1.8305202e0 7.58476e-1 -2.218237e-2 -2.218237e-2
1.8644002e0 7.58476e-1 -1.098952e-2 -1.098952e-2
1.8982802e0 7.58476e-1 4.59e-4 4.59e-4
1.9321602e0 7.58476e-1 1.18802e-2 1.18802e-2
1.9660402e0 7.58476e-1 2.350916e-2 2.350916e-2
1.9999202e0 7.58476e-1 3.515062e-2 3.515062e-2

1.0e-3 8.3051e-1 2.363257e1 2.363257e1
3.4880005e-2 8.3051e-1 5.4052975e0 5.4052975e0
6.876001e-2 8.3051e-1 3.3576299e0 3.3576299e0
1.0264001e-1 8.3051e-1 2.365405e0 2.365405e0
1.3652002e-1 8.3051e-1 1.756683e0 1.756683e0
1.7040002e-1 8.3051e-1 1.3399464e0 1.3399464e0
2.0428003e-1 8.3051e-1 1.0353978e0 1.0353978e0
2.3816003e-1 8.3051e-1 8.034322e-1 8.034322e-1
2.7204004e-1 8.3051e-1 6.2147029e-1 6.2147029e-1
3.0592004e-1 8.3051e-1 4.7553752e-1 4.7553752e-1
3.3980005e-1 8.3051e-1 3.567242e-1 3.567242e-1
3.7368005e-1 8.3051e-1 2.5862537e-1 2.5862537e-1
4.0756006e-1 8.3051e-1 1.7688914e-1 1.7688914e-1
4.4144006e-1 8.3051e-1 1.0842174e-1 1.0842174e-1
4.7532007e-1 8.3051e-1 5.067607e-2 5.067607e-2
5.0920007e-1 8.3051e-1 1.83627e-3 1.83627e-3
5.4308008e-1 8.3051e-1 -3.955014e-2 -3.955014e-2
5.7696008e-1 8.3051e-1 -7.465817e-2 -7.465817e-2
6.1084009e-1 8.3051e-1 -1.0442601e-1 -1.0442601e-1
6.447201e-1 8.3051e-1 -1.2960591e-1 -1.2960591e-1
6.786001e-1 8.3051e-1 -1.5074132e-1 -1.5074132e-1
7.124801e-1 8.3051e-1 -1.6843793e-1 -1.6843793e-1
7.463601e-1 8.3051e-1 -1.8312836e-1 -1.8312836e-1
7.8024011e-1 8.3051e-1 -1.9508942e-1 -1.9508942e-1
8.1412012e-1 8.3051e-1 -2.0478564e-1 -2.0478564e-1
8.4800012e-1 8.3051e-1 -2.123397e-1 -2.123397e-1
8.8188013e-1 8.3051e-1 -2.1803171e-1 -2.1803171e-1
9.1576013e-1 8.3051e-1 -2.220602e-1 -2.220602e-1
9.4964014e-1 8.3051e-1 -2.2460031e-1 -2.2460031e-1
9.8352014e-1 8.3051e-1 -2.2579744e-1 -2.2579744e-1
1.0174e0 8.3051e-1 -2.257873e-1 -2.257873e-1
1.05128e0 8.3051e-1 -2.2468622e-1 -2.2468622e-1
1.08516e0 8.3051e-1 -2.2259991e-1 -2.2259991e-1
1.11904e0 8.3051e-1 -2.1961433e-1 -2.1961433e-1
1.15292e0 8.3051e-1 -2.1581534e-1 -2.1581534e-1
1.1868001e0 8.3051e-1 -2.1127243e-1 -2.1127243e-1
1.2206801e0 8.3051e-1 -2.0606152e-1 -2.0606152e-1
1.2545601e0 8.3051e-1 -2.0022568e-1 -2.0022568e-1
1.2884401e0 8.3051e-1 -1.9382996e-1 -1.9382996e-1
1.3223201e0 8.3051e-1 -1.8690634e-1 -1.8690634e-1
1.3562001e0 8.3051e-1 -1.7953294e-1 -1.7953294e-1
1.3900801e0 8.3051e-1 -1.7170003e-1 -1.7170003e-1
1.4239601e0 8.3051e-1 -1.6348637e-1 -1.6348637e-1
1.4578401e0 8.3051e-1 -1.5489384e-1 -1.5489384e-1
1.4917201e0 8.3051e-1 -1.4599973e-1 -1.4599973e-1
1.5256001e0 8.3051e-1 -1.3674176e-1 -1.3674176e-1
1.5594801e0 8.3051e-1 -1.2724782e-1 -1.2724782e-1
1.5933601e0 8.3051e-1 -1.174416e-1 -1.174416e-1
1.6272401e0 8.3051e-1 -1.0743886e-1 -1.0743886e-1
1.6611201e0 8.3051e-1 -9.716267e-2 -9.716267e-2
1.6950002e0 8.3051e-1 -8.675488e-2 -8.675488e-2
1.7288802e0 8.3051e-1 -7.612325e-2 -7.612325e-2
1.7627602e0 8.3051e-1 -6.530461e-2 -6.530461e-2
1.7966402e0 8.3051e-1 -5.437253e-2 -5.437253e-2
1.8305202e0 8.3051e-1 -4.321355e-2 -4.321355e-2
1.8644002e0 8.3051e-1 -3.202069e-2 -3.202069e-2
1.8982802e0 8.3051e-1 -2.057217e-2 -2.057217e-2
1.9321602e0 8.3051e-1 -9.15097e-3 -9.15097e-3
1.9660402e0 8.3051e-1 2.47798e-3 2.47798e-3
1.9999202e0 8.3051e-1 1.411945e-2 1.411945e-2

1.0e-3 9.02544e-1 2.36171e1 2.36171e1
3.4880005e-2 9.02544e-1 5.3898279e0 5.3898279e0
6.876001e-2 9.02544e-1 3.3421602e0 3.3421602e0
1.0264001e-1 9.02544e-1 2.3499353e0 2.3499353e0
1.3652002e-1 9.02544e-1 1.7412134e0 1.7412134e0
1.7040002e-1 9.02544e-1 1.3244768e0 1.3244768e0
2.0428003e-1 9.02544e-1 1.0199281e0 1.0199281e0
2.3816003e-1 9.02544e-1 7.879625e-1 7.879625e-1
2.7204004e-1 9.02544e-1 6.0600064e-1 6.0600064e-1
3.0592004e-1 9.02544e-1 4.6006787e-1 4.6006787e-1
3.3980005e-1 9.02544e-1 3.4125455e-1 3.4125455e-1
3.7368005e-1 9.02544e-1 2.4315572e-1 2.4315572e-1
4.0756006e-1 9.02544e-1 1.614195e-1 1.614195e-1
4.4144006e-1 9.02544e-1 9.295209e-2 9.295209e-2
4.7532007e-1 9.02544e-1 3.520642e-2 3.520642e-2
5.0920007e-1 9.02544e-1 -1.363338e-2 -1.363338e-2
5.4308008e-1 9.02544e-1 -5.501979e-2 -5.501979e-2
5.7696008e-1 9.02544e-1 -9.012782e-2 -9.012782e-2
6.1084009e-1 9.02544e-1 -1.1989566e-1 -1.1989566e-1
6.447201e-1 9.02544e-1 -1.4507556e-1 -1.4507556e-1
6.786001e-1 9.02544e-1 -1.6621097e-1 -1.6621097e-1
7.124801e-1 9.02544e-1 -1.8390758e-1 -1.8390758e-1
7.463601e-1 9.02544e-1 -1.98598e-1 -1.98598e-1
7.8024011e-1 9.02544e-1 -2.1055907e-1 -2.1055907e-1
8.1412012e-1 9.02544e-1 -2.202553e-1 -2.202553e-1
8.4800012e-1 9.02544e-1 -2.2780936e-1 -2.2780936e-1
8.8188013e-1 9.02544e-1 -2.3350136e-1 -2.3350136e-1
9.1576013e-1 9.02544e-1 -2.3752985e-1 -2.3752985e-1
9.4964014e-1 9.02544e-1 -2.4006996e-1 -2.4006996e-1
9.8352014e-1 9.02544e-1 -2.4126709e-1 -2.4126709e-1
1.0174e0 9.02544e-1 -2.4125694e-1 -2.4125694e-1
1.05128e0 9.02544e-1 -2.4015587e-1 -2.4015587e-1
1.08516e0 9.02544e-1 -2.3806956e-1 -2.3806956e-1
1.11904e0 9.02544e-1 -2.3508398e-1 -2.3508398e-1
1.15292e0 9.02544e-1 -2.3128499e-1 -2.3128499e-1
1.1868001e0 9.02544e-1 -2.2674208e-1 -2.2674208e-1
1.2206801e0 9.02544e-1 -2.2153117e-1 -2.2153117e-1
1.2545601e0 9.02544e-1 -2.1569533e-1 -2.1569533e-1
1.2884401e0 9.02544e-1 -2.092996e-1 -2.092996e-1
1.3223201e0 9.02544e-1 -2.0237599e-1 -2.0237599e-1
1.3562001e0 9.02544e-1 -1.950026e-1 -1.950026e-1
1.3900801e0 9.02544e-1 -1.8716968e-1 -1.8716968e-1
1.4239601e0 9.02544e-1 -1.7895602e-1 -1.7895602e-1
1.4578401e0 9.02544e-1 -1.703635e-1 -1.703635e-1
1.4917201e0 9.02544e-1 -1.6146938e-1 -1.6146938e-1
1.5256001e0 9.02544e-1 -1.5221141e-1 -1.5221141e-1
1.5594801e0 9.02544e-1 -1.4271747e-1 -1.4271747e-1
1.5933601e0 9.02544e-1 -1.3291125e-1 -1.3291125e-1
1.6272401e0 9.02544e-1 -1.2290851e-1 -1.2290851e-1
1.6611201e0 9.02544e-1 -1.1263232e-1 -1.1263232e-1
1.6950002e0 9.02544e-1 -1.0222453e-1 -1.0222453e-1
1.7288802e0 9.02544e-1 -9.15929e-2 -9.15929e-2
1.7627602e0 9.02544e-1 -8.077426e-2 -8.077426e-2
1.7966402e0 9.02544e-1 -6.984218e-2 -6.984218e-2
1.8305202e0 9.02544e-1 -5.86832e-2 -5.86832e-2
1.8644002e0 9.02544e-1 -4.749034e-2 -4.749034e-2
1.8982802e0 9.02544e-1 -3.604182e-2 -3.604182e-2
1.9321602e0 9.02544e-1 -2.462062e-2 -2.462062e-2
1.9660402e0 9.02544e-1 -1.299167e-2 -1.299167e-2
1.9999202e0 9.02544e-1 -1.3502e-3 -1.3502e-3

1.0e-3 9.74578e-1 2.3609135e1 2.3609135e1
3.4880005e-2 9.74578e-1 5.3818631e0 5.3818631e0
6.876001e-2 9.74578e-1 3.3341954e0 3.3341954e0
1.0264001e-1 9.74578e-1 2.3419705e0 2.3419705e0
1.3652002e-1 9.74578e-1 1.7332486e0 1.7332486e0
1.7040002e-1 9.74578e-1 1.316512e0 1.316512e0
2.0428003e-1 9.74578e-1 1.0119633e0 1.0119633e0
2.3816003e-1 9.74578e-1 7.799977e-1 7.799977e-1
2.7204004e-1 9.74578e-1 5.9803589e-1 5.9803589e-1
3.0592004e-1 9.74578e-1 4.5210312e-1 4.5210312e-1
3.3980005e-1 9.74578e-1 3.332898e-1 3.332898e-1
3.7368005e-1 9.74578e-1 2.3519096e-1 2.3519096e-1
4.0756006e-1 9.74578e-1 1.5345474e-1 1.5345474e-1
4.4144006e-1 9.74578e-1 8.498734e-2 8.498734e-2
4.7532007e-1 9.74578e-1 2.724167e-2 2.724167e-2
5.0920007e-1 9.74578e-1 -2.159813e-2 -2.159813e-2
5.4308008e-1 9.74578e-1 -6.298454e-2 -6.298454e-2
5.7696008e-1 9.74578e-1 -9.809258e-2 -9.809258e-2
6.1084009e-1 9.74578e-1 -1.2786041e-1 -1.2786041e-1
6.447201e-1 9.74578e-1 -1.5304031e-1 -1.5304031e-1
6.786001e-1 9.74578e-1 -1.7417572e-1 -1.7417572e-1
7.124801e-1 9.74578e-1 -1.9187233e-1 -1.9187233e-1
7.463601e-1 9.74578e-1 -2.0656276e-1 -2.0656276e-1
7.8024011e-1 9.74578e-1 -2.1852382e-1 -2.1852382e-1
8.1412012e-1 9.74578e-1 -2.2822005e-1 -2.2822005e-1
8.4800012e-1 9.74578e-1 -2.3577411e-1 -2.3577411e-1
8.8188013e-1 9.74578e-1 -2.4146611e-1 -2.4146611e-1
9.1576013e-1 9.74578e-1 -2.454946e-1 -2.454946e-1
9.4964014e-1 9.74578e-1 -2.4803471e-1 -2.4803471e-1
9.8352014e-1 9.74578e-1 -2.4923184e-1 -2.4923184e-1
1.0174e0 9.74578e-1 -2.492217e-1 -2.492217e-1
1.05128e0 9.74578e-1 -2.4812062e-1 -2.4812062e-1
1.08516e0 9.74578e-1 -2.4603432e-1 -2.4603432e-1
1.11904e0 9.74578e-1 -2.4304874e-1 -2.4304874e-1
1.15292e0 9.74578e-1 -2.3924974e-1 -2.3924974e-1
1.1868001e0 9.74578e-1 -2.3470683e-1 -2.3470683e-1
1.2206801e0 9.74578e-1 -2.2949593e-1 -2.2949593e-1
1.2545601e0 9.74578e-1 -2.2366008e-1 -2.2366008e-1
1.2884401e0 9.74578e-1 -2.1726436e-1 -2.1726436e-1
1.3223201e0 9.74578e-1 -2.1034074e-1 -2.1034074e-1
1.3562001e0 9.74578e-1 -2.0296735e-1 -2.0296735e-1
1.3900801e0 9.74578e-1 -1.9513443e-1 -1.9513443e-1
1.4239601e0 9.74578e-1 -1.8692078e-1 -1.8692078e-1
1.4578401e0 9.74578e-1 -1.7832825e-1 -1.7832825e-1
1.4917201e0 9.74578e-1 -1.6943413e-1 -1.6943413e-1
1.5256001e0 9.74578e-1 -1.6017616e-1 -1.6017616e-1
1.5594801e0 9.74578e-1 -1.5068222e-1 -1.5068222e-1
1.5933601e0 9.74578e-1 -1.40876e-1 -1.40876e-1
1.6272401e0 9.74578e-1 -1.3087326e-1 -1.3087326e-1
1.6611201e0 9.74578e-1 -1.2059708e-1 -1.2059708e-1
1.6950002e0 9.74578e-1 -1.1018929e-1 -1.1018929e-1
1.7288802e0 9.74578e-1 -9.955765e-2 -9.955765e-2
1.7627602e0 9.74578e-1 -8.873901e-2 -8.873901e-2
1.7966402e0 9.74578e-1 -7.780693e-2 -7.780693e-2
1.8305202e0 9.74578e-1 -6.664795e-2 -6.664795e-2
1.8644002e0 9.74578e-1 -5.54551e-2 -5.54551e-2
1.8982802e0 9.74578e-1 -4.400658e-2 -4.400658e-2
1.9321602e0 9.74578e-1 -3.258537e-2 -3.258537e-2
1.9660402e0 9.74578e-1 -2.095642e-2 -2.095642e-2
1.9999202e0 9.74578e-1 -9.31496e-3 -9.31496e-3

1.0e-3 1.046612e0 2.3610782e1 2.3610782e1
3.4880005e-2 1.046612e0 5.3835085e0 5.3835085e0
6.876001e-2 1.046612e0 3.3358408e0 3.3358408e0
1.0264001e-1 1.046612e0 2.3436159e0 2.3436159e0
1.3652002e-1 1.046612e0 1.734894e0 1.734894e0
1.7040002e-1 1.046612e0 1.3181573e0 1.3181573e0
2.0428003e-1 1.046612e0 1.0136087e0 1.0136087e0
2.3816003e-1 1.046612e0 7.81643e-1 7.81643e-1
2.7204004e-1 1.046612e0 5.996812e-1 5.996812e-1
3.0592004e-1 1.046612e0 4.5374843e-1 4.5374843e-1
3.3980005e-1 1.046612e0 3.349351e-1 3.349351e-1
3.7368005e-1 1.046612e0 2.3683627e-1 2.3683627e-1
4.0756006e-1 1.046612e0 1.5510005e-1 1.5510005e-1
4.4144006e-1 1.046612e0 8.663264e-2 8.663264e-2
4.7532007e-1 1.046612e0 2.888698e-2 2.888698e-2
5.0920007e-1 1.046612e0 -1.995282e-2 -1.995282e-2
5.4308008e-1 1.046612e0 -6.133923e-2 -6.133923e-2
5.7696008e-1 1.046612e0 -9.644727e-2 -9.644727e-2
6.1084009e-1 1.046612e0 -1.262151e-1 -1.262151e-1
6.447201e-1 1.046612e0 -1.51395e-1 -1.51395e-1
6.786001e-1 1.046612e0 -1.7253041e-1 -1.7253041e-1
7.124801e-1 1.046612e0 -1.9022702e-1 -1.9022702e-1
7.463601e-1 1.046612e0 -2.0491745e-1 -2.0491745e-1
7.8024011e-1 1.046612e0 -2.1687851e-1 -2.1687851e-1
8.1412012e-1 1.046612e0 -2.2657474e-1 -2.2657474e-1
8.4800012e-1 1.046612e0 -2.341288e-1 -2.341288e-1
8.8188013e-1 1.046612e0 -2.398208e-1 -2.398208e-1
9.1576013e-1 1.046612e0 -2.4384929e-1 -2.4384929e-1
9.4964014e-1 1.046612e0 -2.463894e-1 -2.463894e-1
9.8352014e-1 1.046612e0 -2.4758653e-1 -2.4758653e-1
1.0174e0 1.046612e0 -2.4757639e-1 -2.4757639e-1
1.05128e0 1.046612e0 -2.4647531e-1 -2.4647531e-1
1.08516e0 1.046612e0 -2.44389e-1 -2.44389e-1
1.11904e0 1.046612e0 -2.4140343e-1 -2.4140343e-1
1.15292e0 1.046612e0 -2.3760443e-1 -2.3760443e-1
1.1868001e0 1.046612e0 -2.3306152e-1 -2.3306152e-1
1.2206801e0 1.046612e0 -2.2785062e-1 -2.2785062e-1
1.2545601e0 1.046612e0 -2.2201477e-1 -2.2201477e-1
1.2884401e0 1.046612e0 -2.1561905e-1 -2.1561905e-1
1.3223201e0 1.046612e0 -2.0869543e-1 -2.0869543e-1
1.3562001e0 1.046612e0 -2.0132204e-1 -2.0132204e-1
1.3900801e0 1.046612e0 -1.9348912e-1 -1.9348912e-1
1.4239601e0 1.046612e0 -1.8527547e-1 -1.8527547e-1
1.4578401e0 1.046612e0 -1.7668294e-1 -1.7668294e-1
1.4917201e0 1.046612e0 -1.6778882e-1 -1.6778882e-1
1.5256001e0 1.046612e0 -1.5853085e-1 -1.5853085e-1
1.5594801e0 1.046612e0 -1.4903691e-1 -1.4903691e-1
1.5933601e0 1.046612e0 -1.392307e-1 -1.392307e-1
1.6272401e0 1.046612e0 -1.2922795e-1 -1.2922795e-1
1.6611201e0 1.046612e0 -1.1895177e-1 -1.1895177e-1
1.6950002e0 1.046612e0 -1.0854398e-1 -1.0854398e-1
1.7288802e0 1.046612e0 -9.791234e-2 -9.791234e-2
1.7627602e0 1.046612e0 -8.70937e-2 -8.70937e-2
1.7966402e0 1.046612e0 -7.616162e-2 -7.616162e-2
1.8305202e0 1.046612e0 -6.500264e-2 -6.500264e-2
1.8644002e0 1.046612e0 -5.380978e-2 -5.380978e-2
1.8982802e0 1.046612e0 -4.236127e-2 -4.236127e-2
1.9321602e0 1.046612e0 -3.094006e-2 -3.094006e-2
1.9660402e0 1.046612e0 -1.931111e-2 -1.931111e-2
1.9999202e0 1.046612e0 -7.66965e-3 -7.66965e-3

1.0e-3 1.118646e0 2.3624303e1 2.3624303e1
3.4880005e-2 1.118646e0 5.3970299e0 5.3970299e0
6.876001e-2 1.118646e0 3.3493622e0 3.3493622e0
1.0264001e-1 1.118646e0 2.3571373e0 2.3571373e0
1.3652002e-1 1.118646e0 1.7484154e0 1.7484154e0
1.7040002e-1 1.118646e0 1.3316788e0 1.3316788e0
2.0428003e-1 1.118646e0 1.0271301e0 1.0271301e0
2.3816003e-1 1.118646e0 7.951645e-1 7.951645e-1
2.7204004e-1 1.118646e0 6.1320256e-1 6.1320256e-1
3.0592004e-1 1.118646e0 4.6726979e-1 4.6726979e-1
3.3980005e-1 1.118646e0 3.4845647e-1 3.4845647e-1
3.7368005e-1 1.118646e0 2.5035764e-1 2.5035764e-1
4.0756006e-1 1.118646e0 1.6862141e-1 1.6862141e-1
4.4144006e-1 1.118646e0 1.00154e-1 1.00154e-1
4.7532007e-1 1.118646e0 4.240834e-2 4.240834e-2
5.0920007e-1 1.118646e0 -6.43146e-3 -6.43146e-3
5.4308008e-1 1.118646e0 -4.781787e-2 -4.781787e-2
5.7696008e-1 1.118646e0 -8.29259e-2 -8.29259e-2
6.1084009e-1 1.118646e0 -1.1269374e-1 -1.1269374e-1
6.447201e-1 1.118646e0 -1.3787364e-1 -1.3787364e-1
6.786001e-1 1.118646e0 -1.5900905e-1 -1.5900905e-1
7.124801e-1 1.118646e0 -1.7670566e-1 -1.7670566e-1
7.463601e-1 1.118646e0 -1.9139609e-1 -1.9139609e-1
7.8024011e-1 1.118646e0 -2.0335715e-1 -2.0335715e-1
8.1412012e-1 1.118646e0 -2.1305338e-1 -2.1305338e-1
8.4800012e-1 1.118646e0 -2.2060744e-1 -2.2060744e-1
8.8188013e-1 1.118646e0 -2.2629944e-1 -2.2629944e-1
9.1576013e-1 1.118646e0 -2.3032793e-1 -2.3032793e-1
9.4964014e-1 1.118646e0 -2.3286804e-1 -2.3286804e-1
9.8352014e-1 1.118646e0 -2.3406517e-1 -2.3406517e-1
1.0174e0 1.118646e0 -2.3405502e-1 -2.3405502e-1
1.05128e0 1.118646e0 -2.3295395e-1 -2.3295395e-1
1.08516e0 1.118646e0 -2.3086765e-1 -2.3086765e-1
1.11904e0 1.118646e0 -2.2788206e-1 -2.2788206e-1
1.15292e0 1.118646e0 -2.2408307e-1 -2.2408307e-1
1.1868001e0 1.118646e0 -2.1954016e-1 -2.1954016e-1
1.2206801e0 1.118646e0 -2.1432925e-1 -2.1432925e-1
1.2545601e0 1.118646e0 -2.0849341e-1 -2.0849341e-1
1.2884401e0 1.118646e0 -2.0209769e-1 -2.0209769e-1
1.3223201e0 1.118646e0 -1.9517407e-1 -1.9517407e-1
1.3562001e0 1.118646e0 -1.8780067e-1 -1.8780067e-1
1.3900801e0 1.118646e0 -1.7996776e-1 -1.7996776e-1
1.4239601e0 1.118646e0 -1.717541e-1 -1.717541e-1
1.4578401e0 1.118646e0 -1.6316158e-1 -1.6316158e-1
1.4917201e0 1.118646e0 -1.5426746e-1 -1.5426746e-1
1.5256001e0 1.118646e0 -1.4500949e-1 -1.4500949e-1
1.5594801e0 1.118646e0 -1.3551555e-1 -1.3551555e-1
1.5933601e0 1.118646e0 -1.2570934e-1 -1.2570934e-1
1.6272401e0 1.118646e0 -1.1570659e-1 -1.1570659e-1
1.6611201e0 1.118646e0 -1.054304e-1 -1.054304e-1
1.6950002e0 1.118646e0 -9.502261e-2 -9.502261e-2
1.7288802e0 1.118646e0 -8.439098e-2 -8.439098e-2
1.7627602e0 1.118646e0 -7.357234e-2 -7.357234e-2
1.7966402e0 1.118646e0 -6.264026e-2 -6.264026e-2
1.8305202e0 1.118646e0 -5.148128e-2 -5.148128e-2
1.8644002e0 1.118646e0 -4.028842e-2 -4.028842e-2
1.8982802e0 1.118646e0 -2.88399e-2 -2.88399e-2
1.9321602e0 1.118646e0 -1.74187e-2 -1.74187e-2
1.9660402e0 1.118646e0 -5.78975e-3 -5.78975e-3
1.9999202e0 1.118646e0 5.85172e-3 5.85172e-3

1.0e-3 1.19068e0 2.3652129e1 2.3652129e1
3.4880005e-2 1.19068e0 5.4248555e0 5.4248555e0
6.876001e-2 1.19068e0 3.3771878e0 3.3771878e0
1.0264001e-1 1.19068e0 2.3849629e0 2.3849629e0
1.3652002e-1 1.19068e0 1.776241e0 1.776241e0
1.7040002e-1 1.19068e0 1.3595044e0 1.3595044e0
2.0428003e-1 1.19068e0 1.0549557e0 1.0549557e0
2.3816003e-1 1.19068e0 8.229901e-1 8.229901e-1
2.7204004e-1 1.19068e0 6.410282e-1 6.410282e-1
3.0592004e-1 1.19068e0 4.9509543e-1 4.9509543e-1
3.3980005e-1 1.19068e0 3.762821e-1 3.762821e-1
3.7368005e-1 1.19068e0 2.7818327e-1 2.7818327e-1
4.0756006e-1 1.19068e0 1.9644705e-1 1.9644705e-1
4.4144006e-1 1.19068e0 1.2797964e-1 1.2797964e-1
4.7532007e-1 1.19068e0 7.023398e-2 7.023398e-2
5.0920007e-1 1.19068e0 2.139418e-2 2.139418e-2
5.4308008e-1 1.19068e0 -1.999223e-2 -1.999223e-2
5.7696008e-1 1.19068e0 -5.510027e-2 -5.510027e-2
6.1084009e-1 1.19068e0 -8.48681e-2 -8.48681e-2
6.447201e-1 1.19068e0 -1.10048e-1 -1.10048e-1
6.786001e-1 1.19068e0 -1.3118341e-1 -1.3118341e-1
7.124801e-1 1.19068e0 -1.4888002e-1 -1.4888002e-1
7.463601e-1 1.19068e0 -1.6357045e-1 -1.6357045e-1
7.8024011e-1 1.19068e0 -1.7553151e-1 -1.7553151e-1
8.1412012e-1 1.19068e0 -1.8522774e-1 -1.8522774e-1
8.4800012e-1 1.19068e0 -1.927818e-1 -1.927818e-1
8.8188013e-1 1.19068e0 -1.984738e-1 -1.984738e-1
9.1576013e-1 1.19068e0 -2.0250229e-1 -2.0250229e-1
9.4964014e-1 1.19068e0 -2.050424e-1 -2.050424e-1
9.8352014e-1 1.19068e0 -2.0623953e-1 -2.0623953e-1
1.0174e0 1.19068e0 -2.0622939e-1 -2.0622939e-1
1.05128e0 1.19068e0 -2.0512831e-1 -2.0512831e-1
1.08516e0 1.19068e0 -2.03042e-1 -2.03042e-1
1.11904e0 1.19068e0 -2.0005643e-1 -2.0005643e-1
1.15292e0 1.19068e0 -1.9625743e-1 -1.9625743e-1
1.1868001e0 1.19068e0 -1.9171452e-1 -1.9171452e-1
1.2206801e0 1.19068e0 -1.8650362e-1 -1.8650362e-1
1.2545601e0 1.19068e0 -1.8066777e-1 -1.8066777e-1
1.2884401e0 1.19068e0 -1.7427205e-1 -1.7427205e-1
1.3223201e0 1.19068e0 -1.6734843e-1 -1.6734843e-1
1.3562001e0 1.19068e0 -1.5997504e-1 -1.5997504e-1
1.3900801e0 1.19068e0 -1.5214212e-1 -1.5214212e-1
1.4239601e0 1.19068e0 -1.4392847e-1 -1.4392847e-1
1.4578401e0 1.19068e0 -1.3533594e-1 -1.3533594e-1
1.4917201e0 1.19068e0 -1.2644182e-1 -1.2644182e-1
1.5256001e0 1.19068e0 -1.1718385e-1 -1.1718385e-1
1.5594801e0 1.19068e0 -1.0768991e-1 -1.0768991e-1
1.5933601e0 1.19068e0 -9.78837e-2 -9.78837e-2
1.6272401e0 1.19068e0 -8.788095e-2 -8.788095e-2
1.6611201e0 1.19068e0 -7.760477e-2 -7.760477e-2
1.6950002e0 1.19068e0 -6.719698e-2 -6.719698e-2
1.7288802e0 1.19068e0 -5.656534e-2 -5.656534e-2
1.7627602e0 1.19068e0 -4.57467e-2 -4.57467e-2
1.7966402e0 1.19068e0 -3.481462e-2 -3.481462e-2
1.8305202e0 1.19068e0 -2.365564e-2 -2.365564e-2
1.8644002e0 1.19068e0 -1.246278e-2 -1.246278e-2
1.8982802e0 1.19068e0 -1.01427e-3 -1.01427e-3
1.9321602e0 1.19068e0 1.040694e-2 1.040694e-2
1.9660402e0 1.19068e0 2.203589e-2 2.203589e-2
1.9999202e0 1.19068e0 3.367735e-2 3.367735e-2

1.0e-3 1.262714e0 2.3696848e1 2.3696848e1
3.4880005e-2 1.262714e0 5.4695747e0 5.4695747e0
6.876001e-2 1.262714e0 3.421907e0 3.421907e0
1.0264001e-1 1.262714e0 2.4296822e0 2.4296822e0
1.3652002e-1 1.262714e0 1.8209602e0 1.8209602e0
1.7040002e-1 1.262714e0 1.4042236e0 1.4042236e0
2.0428003e-1 1.262714e0 1.099675e0 1.099675e0
2.3816003e-1 1.262714e0 8.677094e-1 8.677094e-1
2.7204004e-1 1.262714e0 6.8574747e-1 6.8574747e-1
3.0592004e-1 1.262714e0 5.398147e-1 5.398147e-1
3.3980005e-1 1.262714e0 4.2100137e-1 4.2100137e-1
3.7368005e-1 1.262714e0 3.2290254e-1 3.2290254e-1
4.0756006e-1 1.262714e0 2.4116632e-1 2.4116632e-1
4.4144006e-1 1.262714e0 1.7269891e-1 1.7269891e-1
4.7532007e-1 1.262714e0 1.1495325e-1 1.1495325e-1
5.0920007e-1 1.262714e0 6.611345e-2 6.611345e-2
5.4308008e-1 1.262714e0 2.472704e-2 2.472704e-2
5.7696008e-1 1.262714e0 -1.0381e-2 -1.0381e-2
6.1084009e-1 1.262714e0 -4.014883e-2 -4.014883e-2
6.447201e-1 1.262714e0 -6.532874e-2 -6.532874e-2
6.786001e-1 1.262714e0 -8.646414e-2 -8.646414e-2
7.124801e-1 1.262714e0 -1.0416075e-1 -1.0416075e-1
7.463601e-1 1.262714e0 -1.1885118e-1 -1.1885118e-1
7.8024011e-1 1.262714e0 -1.3081224e-1 -1.3081224e-1
8.1412012e-1 1.262714e0 -1.4050847e-1 -1.4050847e-1
8.4800012e-1 1.262714e0 -1.4806253e-1 -1.4806253e-1
8.8188013e-1 1.262714e0 -1.5375453e-1 -1.5375453e-1
9.1576013e-1 1.262714e0 -1.5778302e-1 -1.5778302e-1
9.4964014e-1 1.262714e0 -1.6032314e-1 -1.6032314e-1
9.8352014e-1 1.262714e0 -1.6152026e-1 -1.6152026e-1
1.0174e0 1.262714e0 -1.6151012e-1 -1.6151012e-1
1.05128e0 1.262714e0 -1.6040904e-1 -1.6040904e-1
1.08516e0 1.262714e0 -1.5832274e-1 -1.5832274e-1
1.11904e0 1.262714e0 -1.5533716e-1 -1.5533716e-1
1.15292e0 1.262714e0 -1.5153816e-1 -1.5153816e-1
1.1868001e0 1.262714e0 -1.4699525e-1 -1.4699525e-1
1.2206801e0 1.262714e0 -1.4178435e-1 -1.4178435e-1
1.2545601e0 1.262714e0 -1.359485e-1 -1.359485e-1
1.2884401e0 1.262714e0 -1.2955278e-1 -1.2955278e-1
1.3223201e0 1.262714e0 -1.2262917e-1 -1.2262917e-1
1.3562001e0 1.262714e0 -1.1525577e-1 -1.1525577e-1
1.3900801e0 1.262714e0 -1.0742285e-1 -1.0742285e-1
1.4239601e0 1.262714e0 -9.92092e-2 -9.92092e-2
1.4578401e0 1.262714e0 -9.061667e-2 -9.061667e-2
1.4917201e0 1.262714e0 -8.172255e-2 -8.172255e-2
1.5256001e0 1.262714e0 -7.246458e-2 -7.246458e-2
1.5594801e0 1.262714e0 -6.297064e-2 -6.297064e-2
1.5933601e0 1.262714e0 -5.316443e-2 -5.316443e-2
1.6272401e0 1.262714e0 -4.316168e-2 -4.316168e-2
1.6611201e0 1.262714e0 -3.28855e-2 -3.28855e-2
1.6950002e0 1.262714e0 -2.24777e-2 -2.24777e-2
1.7288802e0 1.262714e0 -1.184607e-2 -1.184607e-2
1.7627602e0 1.262714e0 -1.02744e-3 -1.02744e-3
1.7966402e0 1.262714e0 9.90465e-3 9.90465e-3
1.8305202e0 1.262714e0 2.106363e-2 2.106363e-2
1.8644002e0 1.262714e0 3.225648e-2 3.225648e-2
1.8982802e0 1.262714e0 4.3705e-2 4.3705e-2
1.9321602e0 1.262714e0 5.51262e-2 5.51262e-2
1.9660402e0 1.262714e0 6.675516e-2 6.675516e-2
1.9999202e0 1.262714e0 7.839662e-2 7.839662e-2

1.0e-3 1.334748e0 2.376121e1 2.376121e1
3.4880005e-2 1.334748e0 5.5339386e0 5.5339386e0
6.876001e-2 1.334748e0 3.4862709e0 3.4862709e0
1.0264001e-1 1.334748e0 2.494046e0 2.494046e0
1.3652002e-1 1.334748e0 1.8853241e0 1.8853241e0
1.7040002e-1 1.334748e0 1.4685875e0 1.4685875e0
2.0428003e-1 1.334748e0 1.1640388e0 1.1640388e0
2.3816003e-1 1.334748e0 9.320732e-1 9.320732e-1
2.7204004e-1 1.334748e0 7.5011134e-1 7.5011134e-1
3.0592004e-1 1.334748e0 6.0417857e-1 6.0417857e-1
3.3980005e-1 1.334748e0 4.8536525e-1 4.8536525e-1
3.7368005e-1 1.334748e0 3.8726642e-1 3.8726642e-1
4.0756006e-1 1.334748e0 3.055302e-1 3.055302e-1
4.4144006e-1 1.334748e0 2.3706279e-1 2.3706279e-1
4.7532007e-1 1.334748e0 1.7931712e-1 1.7931712e-1
5.0920007e-1 1.334748e0 1.3047733e-1 1.3047733e-1
5.4308008e-1 1.334748e0 8.909091e-2 8.909091e-2
5.7696008e-1 1.334748e0 5.398288e-2 5.398288e-2
6.1084009e-1 1.334748e0 2.421504e-2 2.421504e-2
6.447201e-1 1.334748e0 -9.64862e-4 -9.64862e-4
6.786001e-1 1.334748e0 -2.2100269e-2 -2.2100269e-2
7.124801e-1 1.334748e0 -3.9796878e-2 -3.9796878e-2
7.463601e-1 1.334748e0 -5.44873e-2 -5.44873e-2
7.8024011e-1 1.334748e0 -6.644836e-2 -6.644836e-2
8.1412012e-1 1.334748e0 -7.6144588e-2 -7.6144588e-2
8.4800012e-1 1.334748e0 -8.369865e-2 -8.369865e-2
8.8188013e-1 1.334748e0 -8.9390651e-2 -8.9390651e-2
9.1576013e-1 1.334748e0 -9.3419145e-2 -9.3419145e-2
9.4964014e-1 1.334748e0 -9.5959254e-2 -9.5959254e-2
9.8352014e-1 1.334748e0 -9.7156387e-2 -9.7156387e-2
1.0174e0 1.334748e0 -9.714623e-2 -9.714623e-2
1.05128e0 1.334748e0 -9.6045166e-2 -9.6045166e-2
1.08516e0 1.334748e0 -9.3958855e-2 -9.3958855e-2
1.11904e0 1.334748e0 -9.0973285e-2 -9.0973285e-2
1.15292e0 1.334748e0 -8.7174281e-2 -8.7174281e-2
1.1868001e0 1.334748e0 -8.2631381e-2 -8.2631381e-2
1.2206801e0 1.334748e0 -7.7420474e-2 -7.7420474e-2
1.2545601e0 1.334748e0 -7.1584628e-2 -7.1584628e-2
1.2884401e0 1.334748e0 -6.5188899e-2 -6.5188899e-2
1.3223201e0 1.334748e0 -5.8265292e-2 -5.8265292e-2
1.3562001e0 1.334748e0 -5.0891887e-2 -5.0891887e-2
1.3900801e0 1.334748e0 -4.3058978e-2 -4.3058978e-2
1.4239601e0 1.334748e0 -3.4845325e-2 -3.4845325e-2
1.4578401e0 1.334748e0 -2.6252795e-2 -2.6252795e-2
1.4917201e0 1.334748e0 -1.7358676e-2 -1.7358676e-2
1.5256001e0 1.334748e0 -8.100711e-3 -8.100711e-3
1.5594801e0 1.334748e0 1.393231e-3 1.393231e-3
1.5933601e0 1.334748e0 1.119945e-2 1.119945e-2
1.6272401e0 1.334748e0 2.12022e-2 2.12022e-2
1.6611201e0 1.334748e0 3.147838e-2 3.147838e-2
1.6950002e0 1.334748e0 4.188617e-2 4.188617e-2
1.7288802e0 1.334748e0 5.25178e-2 5.25178e-2
1.7627602e0 1.334748e0 6.333644e-2 6.333644e-2
1.7966402e0 1.334748e0 7.426852e-2 7.426852e-2
1.8305202e0 1.334748e0 8.54275e-2 8.54275e-2
1.8644002e0 1.334748e0 9.662036e-2 9.662036e-2
1.8982802e0 1.334748e0 1.0806888e-1 1.0806888e-1
1.9321602e0 1.334748e0 1.1949008e-1 1.1949008e-1
1.9660402e0 1.334748e0 1.3111903e-1 1.3111903e-1
1.9999202e0 1.334748e0 1.427605e-1 1.427605e-1

1.0e-3 1.4067819e0 2.3848134e1 2.3848134e1
3.4880005e-2 1.4067819e0 5.6208618e0 5.6208618e0
6.876001e-2 1.4067819e0 3.5731941e0 3.5731941e0
1.0264001e-1 1.4067819e0 2.5809692e0 2.5809692e0
1.3652002e-1 1.4067819e0 1.9722473e0 1.9722473e0
1.7040002e-1 1.4067819e0 1.5555107e0 1.5555107e0
2.0428003e-1 1.4067819e0 1.250962e0 1.250962e0
2.3816003e-1 1.4067819e0 1.0189964e0 1.0189964e0
2.7204004e-1 1.4067819e0 8.3703458e-1 8.3703458e-1
3.0592004e-1 1.4067819e0 6.911018e-1 6.911018e-1
3.3980005e-1 1.4067819e0 5.7228848e-1 5.7228848e-1
3.7368005e-1 1.4067819e0 4.7418965e-1 4.7418965e-1
4.0756006e-1 1.4067819e0 3.9245343e-1 3.9245343e-1
4.4144006e-1 1.4067819e0 3.2398602e-1 3.2398602e-1
4.7532007e-1 1.4067819e0 2.6624036e-1 2.6624036e-1
5.0920007e-1 1.4067819e0 2.1740056e-1 2.1740056e-1
5.4308008e-1 1.4067819e0 1.7601414e-1 1.7601414e-1
5.7696008e-1 1.4067819e0 1.4090611e-1 1.4090611e-1
6.1084009e-1 1.4067819e0 1.1113828e-1 1.1113828e-1
6.447201e-1 1.4067819e0 8.5958368e-2 8.5958368e-2
6.786001e-1 1.4067819e0 6.4822961e-2 6.4822961e-2
7.124801e-1 1.4067819e0 4.7126352e-2 4.7126352e-2
7.463601e-1 1.4067819e0 3.243593e-2 3.243593e-2
7.8024011e-1 1.4067819e0 2.047487e-2 2.047487e-2
8.1412012e-1 1.4067819e0 1.0778642e-2 1.0778642e-2
8.4800012e-1 1.4067819e0 3.22458e-3 3.22458e-3
8.8188013e-1 1.4067819e0 -2.467421e-3 -2.467421e-3
9.1576013e-1 1.4067819e0 -6.495915e-3 -6.495915e-3
9.4964014e-1 1.4067819e0 -9.036024e-3 -9.036024e-3
9.8352014e-1 1.4067819e0 -1.0233157e-2 -1.0233157e-2
1.0174e0 1.4067819e0 -1.0223e-2 -1.0223e-2
1.05128e0 1.4067819e0 -9.121936e-3 -9.121936e-3
1.08516e0 1.4067819e0 -7.035625e-3 -7.035625e-3
1.11904e0 1.4067819e0 -4.050055e-3 -4.050055e-3
1.15292e0 1.4067819e0 -2.51051e-4 -2.51051e-4
1.1868001e0 1.4067819e0 4.291849e-3 4.291849e-3
1.2206801e0 1.4067819e0 9.502756e-3 9.502756e-3
1.2545601e0 1.4067819e0 1.5338602e-2 1.5338602e-2
1.2884401e0 1.4067819e0 2.173433e-2 2.173433e-2
1.3223201e0 1.4067819e0 2.8657938e-2 2.8657938e-2
1.3562001e0 1.4067819e0 3.6031343e-2 3.6031343e-2
1.3900801e0 1.4067819e0 4.3864252e-2 4.3864252e-2
1.4239601e0 1.4067819e0 5.2077905e-2 5.2077905e-2
1.4578401e0 1.4067819e0 6.0670435e-2 6.0670435e-2
1.4917201e0 1.4067819e0 6.9564554e-2 6.9564554e-2
1.5256001e0 1.4067819e0 7.8822519e-2 7.8822519e-2
1.5594801e0 1.4067819e0 8.8316461e-2 8.8316461e-2
1.5933601e0 1.4067819e0 9.812268e-2 9.812268e-2
1.6272401e0 1.4067819e0 1.0812543e-1 1.0812543e-1
1.6611201e0 1.4067819e0 1.1840161e-1 1.1840161e-1
1.6950002e0 1.4067819e0 1.288094e-1 1.288094e-1
1.7288802e0 1.4067819e0 1.3944104e-1 1.3944104e-1
1.7627602e0 1.4067819e0 1.5025967e-1 1.5025967e-1
1.7966402e0 1.4067819e0 1.6119176e-1 1.6119176e-1
1.8305202e0 1.4067819e0 1.7235074e-1 1.7235074e-1
1.8644002e0 1.4067819e0 1.835436e-1 1.835436e-1
1.8982802e0 1.4067819e0 1.9499211e-1 1.9499211e-1
1.9321602e0 1.4067819e0 2.0641331e-1 2.0641331e-1
1.9660402e0 1.4067819e0 2.1804227e-1 2.1804227e-1
1.9999202e0 1.4067819e0 2.2968373e-1 2.2968373e-1

1.0e-3 1.4788159e0 2.3960686e1 2.3960686e1
3.4880005e-2 1.4788159e0 5.7334145e0 5.7334145e0
6.876001e-2 1.4788159e0 3.6857468e0 3.6857468e0
1.0264001e-1 1.4788159e0 2.6935219e0 2.6935219e0
1.3652002e-1 1.4788159e0 2.0848e0 2.0848e0
1.7040002e-1 1.4788159e0 1.6680634e0 1.6680634e0
2.0428003e-1 1.4788159e0 1.3635147e0 1.3635147e0
2.3816003e-1 1.4788159e0 1.131549e0 1.131549e0
2.7204004e-1 1.4788159e0 9.4958731e-1 9.4958731e-1
3.0592004e-1 1.4788159e0 8.0365454e-1 8.0365454e-1
3.3980005e-1 1.4788159e0 6.8484122e-1 6.8484122e-1
3.7368005e-1 1.4788159e0 5.8674239e-1 5.8674239e-1
4.0756006e-1 1.4788159e0 5.0500616e-1 5.0500616e-1
4.4144006e-1 1.4788159e0 4.3653876e-1 4.3653876e-1
4.7532007e-1 1.4788159e0 3.7879309e-1 3.7879309e-1
5.0920007e-1 1.4788159e0 3.299533e-1 3.299533e-1
5.4308008e-1 1.4788159e0 2.8856688e-1 2.8856688e-1
5.7696008e-1 1.4788159e0 2.5345885e-1 2.5345885e-1
6.1084009e-1 1.4788159e0 2.2369101e-1 2.2369101e-1
6.447201e-1 1.4788159e0 1.9851111e-1 1.9851111e-1
6.786001e-1 1.4788159e0 1.773757e-1 1.773757e-1
7.124801e-1 1.4788159e0 1.596791e-1 1.596791e-1
7.463601e-1 1.4788159e0 1.4498866e-1 1.4498866e-1
7.8024011e-1 1.4788159e0 1.330276e-1 1.330276e-1
8.1412012e-1 1.4788159e0 1.2333138e-1 1.2333138e-1
8.4800012e-1 1.4788159e0 1.1577731e-1 1.1577731e-1
8.8188013e-1 1.4788159e0 1.1008531e-1 1.1008531e-1
9.1576013e-1 1.4788159e0 1.0605682e-1 1.0605682e-1
9.4964014e-1 1.4788159e0 1.0351671e-1 1.0351671e-1
9.8352014e-1 1.4788159e0 1.0231958e-1 1.0231958e-1
1.0174e0 1.4788159e0 1.0232973e-1 1.0232973e-1
1.05128e0 1.4788159e0 1.034308e-1 1.034308e-1
1.08516e0 1.4788159e0 1.055171e-1 1.055171e-1
1.11904e0 1.4788159e0 1.0850269e-1 1.0850269e-1
1.15292e0 1.4788159e0 1.1230168e-1 1.1230168e-1
1.1868001e0 1.4788159e0 1.1684459e-1 1.1684459e-1
1.2206801e0 1.4788159e0 1.220555e-1 1.220555e-1
1.2545601e0 1.4788159e0 1.2789134e-1 1.2789134e-1
1.2884401e0 1.4788159e0 1.3428706e-1 1.3428706e-1
1.3223201e0 1.4788159e0 1.4121068e-1 1.4121068e-1
1.3562001e0 1.4788159e0 1.4858408e-1 1.4858408e-1
1.3900801e0 1.4788159e0 1.5641699e-1 1.5641699e-1
1.4239601e0 1.4788159e0 1.6463065e-1 1.6463065e-1
1.4578401e0 1.4788159e0 1.7322318e-1 1.7322318e-1
1.4917201e0 1.4788159e0 1.821173e-1 1.821173e-1
1.5256001e0 1.4788159e0 1.9137526e-1 1.9137526e-1
1.5594801e0 1.4788159e0 2.008692e-1 2.008692e-1
1.5933601e0 1.4788159e0 2.1067542e-1 2.1067542e-1
1.6272401e0 1.4788159e0 2.2067816e-1 2.2067816e-1
1.6611201e0 1.4788159e0 2.3095435e-1 2.3095435e-1
1.6950002e0 1.4788159e0 2.4136214e-1 2.4136214e-1
1.7288802e0 1.4788159e0 2.5199377e-1 2.5199377e-1
1.7627602e0 1.4788159e0 2.6281241e-1 2.6281241e-1
1.7966402e0 1.4788159e0 2.7374449e-1 2.7374449e-1
1.8305202e0 1.4788159e0 2.8490347e-1 2.8490347e-1
1.8644002e0 1.4788159e0 2.9609633e-1 2.9609633e-1
1.8982802e0 1.4788159e0 3.0754485e-1 3.0754485e-1
1.9321602e0 1.4788159e0 3.1896605e-1 3.1896605e-1
1.9660402e0 1.4788159e0 3.30595e-1 3.30595e-1
1.9999202e0 1.4788159e0 3.4223647e-1 3.4223647e-1

1.0e-3 1.5508499e0 2.4102106e1 2.4102106e1
3.4880005e-2 1.5508499e0 5.8748338e0 5.8748338e0
6.876001e-2 1.5508499e0 3.8271661e0 3.8271661e0
1.0264001e-1 1.5508499e0 2.8349413e0 2.8349413e0
1.3652002e-1 1.5508499e0 2.2262193e0 2.2262193e0
1.7040002e-1 1.5508499e0 1.8094827e0 1.8094827e0
2.0428003e-1 1.5508499e0 1.5049341e0 1.5049341e0
2.3816003e-1 1.5508499e0 1.2729684e0 1.2729684e0
2.7204004e-1 1.5508499e0 1.09100664e0 1.09100664e0
3.0592004e-1 1.5508499e0 9.4507387e-1 9.4507387e-1
3.3980005e-1 1.5508499e0 8.2626054e-1 8.2626054e-1
3.7368005e-1 1.5508499e0 7.2816171e-1 7.2816171e-1
4.0756006e-1 1.5508499e0 6.4642549e-1 6.4642549e-1
4.4144006e-1 1.5508499e0 5.7795808e-1 5.7795808e-1
4.7532007e-1 1.5508499e0 5.2021242e-1 5.2021242e-1
5.0920007e-1 1.5508499e0 4.7137262e-1 4.7137262e-1
5.4308008e-1 1.5508499e0 4.299862e-1 4.299862e-1
5.7696008e-1 1.5508499e0 3.9487817e-1 3.9487817e-1
6.1084009e-1 1.5508499e0 3.6511034e-1 3.6511034e-1
6.447201e-1 1.5508499e0 3.3993044e-1 3.3993044e-1
6.786001e-1 1.5508499e0 3.1879503e-1 3.1879503e-1
7.124801e-1 1.5508499e0 3.0109842e-1 3.0109842e-1
7.463601e-1 1.5508499e0 2.8640799e-1 2.8640799e-1
7.8024011e-1 1.5508499e0 2.7444693e-1 2.7444693e-1
8.1412012e-1 1.5508499e0 2.647507e-1 2.647507e-1
8.4800012e-1 1.5508499e0 2.5719664e-1 2.5719664e-1
8.8188013e-1 1.5508499e0 2.5150464e-1 2.5150464e-1
9.1576013e-1 1.5508499e0 2.4747615e-1 2.4747615e-1
9.4964014e-1 1.5508499e0 2.4493604e-1 2.4493604e-1
9.8352014e-1 1.5508499e0 2.437389e-1 2.437389e-1
1.0174e0 1.5508499e0 2.4374905e-1 2.4374905e-1
1.05128e0 1.5508499e0 2.4485013e-1 2.4485013e-1
1.08516e0 1.5508499e0 2.4693643e-1 2.4693643e-1
1.11904e0 1.5508499e0 2.4992201e-1 2.4992201e-1
1.15292e0 1.5508499e0 2.5372101e-1 2.5372101e-1
1.1868001e0 1.5508499e0 2.5826392e-1 2.5826392e-1
1.2206801e0 1.5508499e0 2.6347482e-1 2.6347482e-1
1.2545601e0 1.5508499e0 2.6931067e-1 2.6931067e-1
1.2884401e0 1.5508499e0 2.7570639e-1 2.7570639e-1
1.3223201e0 1.5508499e0 2.8263e-1 2.8263e-1
1.3562001e0 1.5508499e0 2.900034e-1 2.900034e-1
1.3900801e0 1.5508499e0 2.9783632e-1 2.9783632e-1
1.4239601e0 1.5508499e0 3.0604997e-1 3.0604997e-1
1.4578401e0 1.5508499e0 3.146425e-1 3.146425e-1
1.4917201e0 1.5508499e0 3.2353662e-1 3.2353662e-1
1.5256001e0 1.5508499e0 3.3279459e-1 3.3279459e-1
1.5594801e0 1.5508499e0 3.4228853e-1 3.4228853e-1
1.5933601e0 1.5508499e0 3.5209474e-1 3.5209474e-1
1.6272401e0 1.5508499e0 3.6209749e-1 3.6209749e-1
1.6611201e0 1.5508499e0 3.7237367e-1 3.7237367e-1
1.6950002e0 1.5508499e0 3.8278146e-1 3.8278146e-1
1.7288802e0 1.5508499e0 3.934131e-1 3.934131e-1
1.7627602e0 1.5508499e0 4.0423174e-1 4.0423174e-1
1.7966402e0 1.5508499e0 4.1516382e-1 4.1516382e-1
1.8305202e0 1.5508499e0 4.263228e-1 4.263228e-1
1.8644002e0 1.5508499e0 4.3751566e-1 4.3751566e-1
1.8982802e0 1.5508499e0 4.4896417e-1 4.4896417e-1
1.9321602e0 1.5508499e0 4.6038538e-1 4.6038538e-1
1.9660402e0 1.5508499e0 4.7201433e-1 4.7201433e-1
1.9999202e0 1.5508499e0 4.8365579e-1 4.8365579e-1

1.0e-3 1.6228839e0 2.427579e1 2.427579e1
3.4880005e-2 1.6228839e0 6.0485188e0 6.0485188e0
6.876001e-2 1.6228839e0 4.0008511e0 4.0008511e0
1.0264001e-1 1.6228839e0 3.0086263e0 3.0086263e0
1.3652002e-1 1.6228839e0 2.3999043e0 2.3999043e0
1.7040002e-1 1.6228839e0 1.9831677e0 1.9831677e0
2.0428003e-1 1.6228839e0 1.6786191e0 1.6786191e0
2.3816003e-1 1.6228839e0 1.4466534e0 1.4466534e0
2.7204004e-1 1.6228839e0 1.26469176e0 1.26469176e0
3.0592004e-1 1.6228839e0 1.11875899e0 1.11875899e0
3.3980005e-1 1.6228839e0 9.9994566e-1 9.9994566e-1
3.7368005e-1 1.6228839e0 9.0184683e-1 9.0184683e-1
4.0756006e-1 1.6228839e0 8.2011061e-1 8.2011061e-1
4.4144006e-1 1.6228839e0 7.516432e-1 7.516432e-1
4.7532007e-1 1.6228839e0 6.9389754e-1 6.9389754e-1
5.0920007e-1 1.6228839e0 6.4505774e-1 6.4505774e-1
5.4308008e-1 1.6228839e0 6.0367133e-1 6.0367133e-1
5.7696008e-1 1.6228839e0 5.685633e-1 5.685633e-1
6.1084009e-1 1.6228839e0 5.3879546e-1 5.3879546e-1
6.447201e-1 1.6228839e0 5.1361555e-1 5.1361555e-1
6.786001e-1 1.6228839e0 4.9248015e-1 4.9248015e-1
7.124801e-1 1.6228839e0 4.7478354e-1 4.7478354e-1
7.463601e-1 1.6228839e0 4.6009311e-1 4.6009311e-1
7.8024011e-1 1.6228839e0 4.4813205e-1 4.4813205e-1
8.1412012e-1 1.6228839e0 4.3843582e-1 4.3843582e-1
8.4800012e-1 1.6228839e0 4.3088176e-1 4.3088176e-1
8.8188013e-1 1.6228839e0 4.2518976e-1 4.2518976e-1
9.1576013e-1 1.6228839e0 4.2116127e-1 4.2116127e-1
9.4964014e-1 1.6228839e0 4.1862115e-1 4.1862115e-1
9.8352014e-1 1.6228839e0 4.1742403e-1 4.1742403e-1
1.0174e0 1.6228839e0 4.1743417e-1 4.1743417e-1
1.05128e0 1.6228839e0 4.1853525e-1 4.1853525e-1
1.08516e0 1.6228839e0 4.2062155e-1 4.2062155e-1
1.11904e0 1.6228839e0 4.2360713e-1 4.2360713e-1
1.15292e0 1.6228839e0 4.2740613e-1 4.2740613e-1
1.1868001e0 1.6228839e0 4.3194904e-1 4.3194904e-1
1.2206801e0 1.6228839e0 4.3715994e-1 4.3715994e-1
1.2545601e0 1.6228839e0 4.4299579e-1 4.4299579e-1
1.2884401e0 1.6228839e0 4.4939151e-1 4.4939151e-1
1.3223201e0 1.6228839e0 4.5631512e-1 4.5631512e-1
1.3562001e0 1.6228839e0 4.6368852e-1 4.6368852e-1
1.3900801e0 1.6228839e0 4.7152144e-1 4.7152144e-1
1.4239601e0 1.6228839e0 4.7973509e-1 4.7973509e-1
1.4578401e0 1.6228839e0 4.8832762e-1 4.8832762e-1
1.4917201e0 1.6228839e0 4.9722174e-1 4.9722174e-1
1.5256001e0 1.6228839e0 5.064797e-1 5.064797e-1
1.5594801e0 1.6228839e0 5.1597365e-1 5.1597365e-1
1.5933601e0 1.6228839e0 5.2577986e-1 5.2577986e-1
1.6272401e0 1.6228839e0 5.3578261e-1 5.3578261e-1
1.6611201e0 1.6228839e0 5.4605879e-1 5.4605879e-1
1.6950002e0 1.6228839e0 5.5646658e-1 5.5646658e-1
1.7288802e0 1.6228839e0 5.6709822e-1 5.6709822e-1
1.7627602e0 1.6228839e0 5.7791685e-1 5.7791685e-1
1.7966402e0 1.6228839e0 5.8884894e-1 5.8884894e-1
1.8305202e0 1.6228839e0 6.0000792e-1 6.0000792e-1
1.8644002e0 1.6228839e0 6.1120078e-1 6.1120078e-1
1.8982802e0 1.6228839e0 6.2264929e-1 6.2264929e-1
1.9321602e0 1.6228839e0 6.340705e-1 6.340705e-1
1.9660402e0 1.6228839e0 6.4569945e-1 6.4569945e-1
1.9999202e0 1.6228839e0 6.5734091e-1 6.5734091e-1

1.0e-3 1.6949179e0 2.4485298e1 2.4485298e1
3.4880005e-2 1.6949179e0 6.2580264e0 6.2580264e0
6.876001e-2 1.6949179e0 4.2103587e0 4.2103587e0
1.0264001e-1 1.6949179e0 3.2181339e0 3.2181339e0
1.3652002e-1 1.6949179e0 2.609412e0 2.609412e0
1.7040002e-1 1.6949179e0 2.1926753e0 2.1926753e0
2.0428003e-1 1.6949179e0 1.8881267e0 1.8881267e0
2.3816003e-1 1.6949179e0 1.656161e0 1.656161e0
2.7204004e-1 1.6949179e0 1.47419922e0 1.47419922e0
3.0592004e-1 1.6949179e0 1.32826645e0 1.32826645e0
3.3980005e-1 1.6949179e0 1.20945313e0 1.20945313e0
3.7368005e-1 1.6949179e0 1.1113543e0 1.1113543e0
4.0756006e-1 1.6949179e0 1.02961807e0 1.02961807e0
4.4144006e-1 1.6949179e0 9.6115067e-1 9.6115067e-1
4.7532007e-1 1.6949179e0 9.03405e-1 9.03405e-1
5.0920007e-1 1.6949179e0 8.545652e-1 8.545652e-1
5.4308008e-1 1.6949179e0 8.1317879e-1 8.1317879e-1
5.7696008e-1 1.6949179e0 7.7807076e-1 7.7807076e-1
6.1084009e-1 1.6949179e0 7.4830292e-1 7.4830292e-1
6.447201e-1 1.6949179e0 7.2312302e-1 7.2312302e-1
6.786001e-1 1.6949179e0 7.0198761e-1 7.0198761e-1
7.124801e-1 1.6949179e0 6.84291e-1 6.84291e-1
7.463601e-1 1.6949179e0 6.6960057e-1 6.6960057e-1
7.8024011e-1 1.6949179e0 6.5763951e-1 6.5763951e-1
8.1412012e-1 1.6949179e0 6.4794328e-1 6.4794328e-1
8.4800012e-1 1.6949179e0 6.4038922e-1 6.4038922e-1
8.8188013e-1 1.6949179e0 6.3469722e-1 6.3469722e-1
9.1576013e-1 1.6949179e0 6.3066873e-1 6.3066873e-1
9.4964014e-1 1.6949179e0 6.2812862e-1 6.2812862e-1
9.8352014e-1 1.6949179e0 6.2693149e-1 6.2693149e-1
1.0174e0 1.6949179e0 6.2694164e-1 6.2694164e-1
1.05128e0 1.6949179e0 6.2804271e-1 6.2804271e-1
1.08516e0 1.6949179e0 6.3012901e-1 6.3012901e-1
1.11904e0 1.6949179e0 6.331146e-1 6.331146e-1
1.15292e0 1.6949179e0 6.3691359e-1 6.3691359e-1
1.1868001e0 1.6949179e0 6.414565e-1 6.414565e-1
1.2206801e0 1.6949179e0 6.466674e-1 6.466674e-1
1.2545601e0 1.6949179e0 6.5250325e-1 6.5250325e-1
1.2884401e0 1.6949179e0 6.5889897e-1 6.5889897e-1
1.3223201e0 1.6949179e0 6.6582259e-1 6.6582259e-1
1.3562001e0 1.6949179e0 6.7319598e-1 6.7319598e-1
1.3900801e0 1.6949179e0 6.810289e-1 6.810289e-1
1.4239601e0 1.6949179e0 6.8924255e-1 6.8924255e-1
1.4578401e0 1.6949179e0 6.9783508e-1 6.9783508e-1
1.4917201e0 1.6949179e0 7.067292e-1 7.067292e-1
1.5256001e0 1.6949179e0 7.1598717e-1 7.1598717e-1
1.5594801e0 1.6949179e0 7.2548111e-1 7.2548111e-1
1.5933601e0 1.6949179e0 7.3528732e-1 7.3528732e-1
1.6272401e0 1.6949179e0 7.4529007e-1 7.4529007e-1
1.6611201e0 1.6949179e0 7.5556625e-1 7.5556625e-1
1.6950002e0 1.6949179e0 7.6597404e-1 7.6597404e-1
1.7288802e0 1.6949179e0 7.7660568e-1 7.7660568e-1
1.7627602e0 1.6949179e0 7.8742432e-1 7.8742432e-1
1.7966402e0 1.6949179e0 7.983564e-1 7.983564e-1
1.8305202e0 1.6949179e0 8.0951538e-1 8.0951538e-1
1.8644002e0 1.6949179e0 8.2070824e-1 8.2070824e-1
1.8982802e0 1.6949179e0 8.3215675e-1 8.3215675e-1
1.9321602e0 1.6949179e0 8.4357796e-1 8.4357796e-1
1.9660402e0 1.6949179e0 8.5520691e-1 8.5520691e-1
1.9999202e0 1.6949179e0 8.6684837e-1 8.6684837e-1

1.0e-3 1.7669519e0 2.4734354e1 2.4734354e1
3.4880005e-2 1.7669519e0 6.5070818e0 6.5070818e0
6.876001e-2 1.7669519e0 4.459414e0 4.459414e0
1.0264001e-1 1.7669519e0 3.4671892e0 3.4671892e0
1.3652002e-1 1.7669519e0 2.8584673e0 2.8584673e0
1.7040002e-1 1.7669519e0 2.4417307e0 2.4417307e0
2.0428003e-1 1.7669519e0 2.137182e0 2.137182e0
2.3816003e-1 1.7669519e0 1.9052164e0 1.9052164e0
2.7204004e-1 1.7669519e0 1.72325461e0 1.72325461e0
3.0592004e-1 1.7669519e0 1.57732184e0 1.57732184e0
3.3980005e-1 1.7669519e0 1.45850851e0 1.45850851e0
3.7368005e-1 1.7669519e0 1.36040968e0 1.36040968e0
4.0756006e-1 1.7669519e0 1.27867346e0 1.27867346e0
4.4144006e-1 1.7669519e0 1.21020605e0 1.21020605e0
4.7532007e-1 1.7669519e0 1.15246039e0 1.15246039e0
5.0920007e-1 1.7669519e0 1.10362059e0 1.10362059e0
5.4308008e-1 1.7669519e0 1.06223418e0 1.06223418e0
5.7696008e-1 1.7669519e0 1.02712614e0 1.02712614e0
6.1084009e-1 1.7669519e0 9.973583e-1 9.973583e-1
6.447201e-1 1.7669519e0 9.721784e-1 9.721784e-1
6.786001e-1 1.7669519e0 9.51043e-1 9.51043e-1
7.124801e-1 1.7669519e0 9.3334639e-1 9.3334639e-1
7.463601e-1 1.7669519e0 9.1865596e-1 9.1865596e-1
7.8024011e-1 1.7669519e0 9.066949e-1 9.066949e-1
8.1412012e-1 1.7669519e0 8.9699867e-1 8.9699867e-1
8.4800012e-1 1.7669519e0 8.8944461e-1 8.8944461e-1
8.8188013e-1 1.7669519e0 8.8375261e-1 8.8375261e-1
9.1576013e-1 1.7669519e0 8.7972412e-1 8.7972412e-1
9.4964014e-1 1.7669519e0 8.77184e-1 8.77184e-1
9.8352014e-1 1.7669519e0 8.7598688e-1 8.7598688e-1
1.0174e0 1.7669519e0 8.7599702e-1 8.7599702e-1
1.05128e0 1.7669519e0 8.770981e-1 8.770981e-1
1.08516e0 1.7669519e0 8.791844e-1 8.791844e-1
1.11904e0 1.7669519e0 8.8216998e-1 8.8216998e-1
1.15292e0 1.7669519e0 8.8596898e-1 8.8596898e-1
1.1868001e0 1.7669519e0 8.9051189e-1 8.9051189e-1
1.2206801e0 1.7669519e0 8.957228e-1 8.957228e-1
1.2545601e0 1.7669519e0 9.0155864e-1 9.0155864e-1
1.2884401e0 1.7669519e0 9.0795436e-1 9.0795436e-1
1.3223201e0 1.7669519e0 9.1487798e-1 9.1487798e-1
1.3562001e0 1.7669519e0 9.2225137e-1 9.2225137e-1
1.3900801e0 1.7669519e0 9.3008429e-1 9.3008429e-1
1.4239601e0 1.7669519e0 9.3829794e-1 9.3829794e-1
1.4578401e0 1.7669519e0 9.4689047e-1 9.4689047e-1
1.4917201e0 1.7669519e0 9.5578459e-1 9.5578459e-1
1.5256001e0 1.7669519e0 9.6504256e-1 9.6504256e-1
1.5594801e0 1.7669519e0 9.745365e-1 9.745365e-1
1.5933601e0 1.7669519e0 9.8434271e-1 9.8434271e-1
1.6272401e0 1.7669519e0 9.9434546e-1 9.9434546e-1
1.6611201e0 1.7669519e0 1.00462164e0 1.00462164e0
1.6950002e0 1.7669519e0 1.01502943e0 1.01502943e0
1.7288802e0 1.7669519e0 1.02566107e0 1.02566107e0
1.7627602e0 1.7669519e0 1.0364797e0 1.0364797e0
1.7966402e0 1.7669519e0 1.04741179e0 1.04741179e0
1.8305202e0 1.7669519e0 1.05857077e0 1.05857077e0
1.8644002e0 1.7669519e0 1.06976363e0 1.06976363e0
1.8982802e0 1.7669519e0 1.08121214e0 1.08121214e0
1.9321602e0 1.7669519e0 1.09263335e0 1.09263335e0
1.9660402e0 1.7669519e0 1.1042623e0 1.1042623e0
1.9999202e0 1.7669519e0 1.11590376e0 1.11590376e0

1.0e-3 1.8389859e0 2.502683e1 2.502683e1
3.4880005e-2 1.8389859e0 6.7995589e0 6.7995589e0
6.876001e-2 1.8389859e0 4.7518912e0 4.7518912e0
1.0264001e-1 1.8389859e0 3.7596663e0 3.7596663e0
1.3652002e-1 1.8389859e0 3.1509444e0 3.1509444e0
1.7040002e-1 1.8389859e0 2.7342078e0 2.7342078e0
2.0428003e-1 1.8389859e0 2.4296591e0 2.4296591e0
2.3816003e-1 1.8389859e0 2.1976935e0 2.1976935e0
2.7204004e-1 1.8389859e0 2.0157317e0 2.0157317e0
3.0592004e-1 1.8389859e0 1.8697989e0 1.8697989e0
3.3980005e-1 1.8389859e0 1.7509856e0 1.7509856e0
3.7368005e-1 1.8389859e0 1.6528867e0 1.6528867e0
4.0756006e-1 1.8389859e0 1.5711505e0 1.5711505e0
4.4144006e-1 1.8389859e0 1.5026831e0 1.5026831e0
4.7532007e-1 1.8389859e0 1.4449374e0 1.4449374e0
5.0920007e-1 1.8389859e0 1.3960976e0 1.3960976e0
5.4308008e-1 1.8389859e0 1.3547112e0 1.3547112e0
5.7696008e-1 1.8389859e0 1.3196031e0 1.3196031e0
6.1084009e-1 1.8389859e0 1.2898354e0 1.2898354e0
6.447201e-1 1.8389859e0 1.2646555e0 1.2646555e0
6.786001e-1 1.8389859e0 1.24352e0 1.24352e0
7.124801e-1 1.8389859e0 1.2258234e0 1.2258234e0
7.463601e-1 1.8389859e0 1.211133e0 1.211133e0
7.8024011e-1 1.8389859e0 1.1991719e0 1.1991719e0
8.1412012e-1 1.8389859e0 1.1894757e0 1.1894757e0
8.4800012e-1 1.8389859e0 1.1819215e0 1.1819215e0
8.8188013e-1 1.8389859e0 1.1762296e0 1.1762296e0
9.1576013e-1 1.8389859e0 1.1722011e0 1.1722011e0
9.4964014e-1 1.8389859e0 1.169661e0 1.169661e0
9.8352014e-1 1.8389859e0 1.1684639e0 1.1684639e0
1.0174e0 1.8389859e0 1.168474e0 1.168474e0
1.05128e0 1.8389859e0 1.169575e0 1.169575e0
1.08516e0 1.8389859e0 1.1716614e0 1.1716614e0
1.11904e0 1.8389859e0 1.1746469e0 1.1746469e0
1.15292e0 1.8389859e0 1.1784459e0 1.1784459e0
1.1868001e0 1.8389859e0 1.1829889e0 1.1829889e0
1.2206801e0 1.8389859e0 1.1881998e0 1.1881998e0
1.2545601e0 1.8389859e0 1.1940356e0 1.1940356e0
1.2884401e0 1.8389859e0 1.2004314e0 1.2004314e0
1.3223201e0 1.8389859e0 1.2073549e0 1.2073549e0
1.3562001e0 1.8389859e0 1.2147284e0 1.2147284e0
1.3900801e0 1.8389859e0 1.2225613e0 1.2225613e0
1.4239601e0 1.8389859e0 1.230775e0 1.230775e0
1.4578401e0 1.8389859e0 1.2393675e0 1.2393675e0
1.4917201e0 1.8389859e0 1.2482616e0 1.2482616e0
1.5256001e0 1.8389859e0 1.2575195e0 1.2575195e0
1.5594801e0 1.8389859e0 1.2670135e0 1.2670135e0
1.5933601e0 1.8389859e0 1.2768198e0 1.2768198e0
1.6272401e0 1.8389859e0 1.2868225e0 1.2868225e0
1.6611201e0 1.8389859e0 1.2970987e0 1.2970987e0
1.6950002e0 1.8389859e0 1.3075064e0 1.3075064e0
1.7288802e0 1.8389859e0 1.3181381e0 1.3181381e0
1.7627602e0 1.8389859e0 1.3289568e0 1.3289568e0
1.7966402e0 1.8389859e0 1.3398888e0 1.3398888e0
1.8305202e0 1.8389859e0 1.3510478e0 1.3510478e0
1.8644002e0 1.8389859e0 1.3622406e0 1.3622406e0
1.8982802e0 1.8389859e0 1.3736891e0 1.3736891e0
1.9321602e0 1.8389859e0 1.3851103e0 1.3851103e0
1.9660402e0 1.8389859e0 1.3967393e0 1.3967393e0
1.9999202e0 1.8389859e0 1.4083807e0 1.4083807e0

1.0e-3 1.9110199e0 2.5366777e1 2.5366777e1
3.4880005e-2 1.9110199e0 7.1395064e0 7.1395064e0
6.876001e-2 1.9110199e0 5.0918387e0 5.0918387e0
1.0264001e-1 1.9110199e0 4.0996138e0 4.0996138e0
1.3652002e-1 1.9110199e0 3.4908919e0 3.4908919e0
1.7040002e-1 1.9110199e0 3.0741553e0 3.0741553e0
2.0428003e-1 1.9110199e0 2.7696066e0 2.7696066e0
2.3816003e-1 1.9110199e0 2.537641e0 2.537641e0
2.7204004e-1 1.9110199e0 2.3556792e0 2.3556792e0
3.0592004e-1 1.9110199e0 2.2097464e0 2.2097464e0
3.3980005e-1 1.9110199e0 2.090933e0 2.090933e0
3.7368005e-1 1.9110199e0 1.9928342e0 1.9928342e0
4.0756006e-1 1.9110199e0 1.911098e0 1.911098e0
4.4144006e-1 1.9110199e0 1.8426306e0 1.8426306e0
4.7532007e-1 1.9110199e0 1.784885e0 1.784885e0
5.0920007e-1 1.9110199e0 1.736045e0 1.736045e0
5.4308008e-1 1.9110199e0 1.6946587e0 1.6946587e0
5.7696008e-1 1.9110199e0 1.6595506e0 1.6595506e0
6.1084009e-1 1.9110199e0 1.6297829e0 1.6297829e0
6.447201e-1 1.9110199e0 1.604603e0 1.604603e0
6.786001e-1 1.9110199e0 1.5834676e0 1.5834676e0
7.124801e-1 1.9110199e0 1.5657709e0 1.5657709e0
7.463601e-1 1.9110199e0 1.5510805e0 1.5510805e0
7.8024011e-1 1.9110199e0 1.5391194e0 1.5391194e0
8.1412012e-1 1.9110199e0 1.5294232e0 1.5294232e0
8.4800012e-1 1.9110199e0 1.521869e0 1.521869e0
8.8188013e-1 1.9110199e0 1.516177e0 1.516177e0
9.1576013e-1 1.9110199e0 1.5121486e0 1.5121486e0
9.4964014e-1 1.9110199e0 1.5096085e0 1.5096085e0
9.8352014e-1 1.9110199e0 1.5084114e0 1.5084114e0
1.0174e0 1.9110199e0 1.5084215e0 1.5084215e0
1.05128e0 1.9110199e0 1.5095226e0 1.5095226e0
1.08516e0 1.9110199e0 1.5116089e0 1.5116089e0
1.11904e0 1.9110199e0 1.5145944e0 1.5145944e0
1.15292e0 1.9110199e0 1.5183934e0 1.5183934e0
1.1868001e0 1.9110199e0 1.5229364e0 1.5229364e0
1.2206801e0 1.9110199e0 1.5281473e0 1.5281473e0
1.2545601e0 1.9110199e0 1.5339832e0 1.5339832e0
1.2884401e0 1.9110199e0 1.5403789e0 1.5403789e0
1.3223201e0 1.9110199e0 1.5473024e0 1.5473024e0
1.3562001e0 1.9110199e0 1.5546759e0 1.5546759e0
1.3900801e0 1.9110199e0 1.5625089e0 1.5625089e0
1.4239601e0 1.9110199e0 1.5707225e0 1.5707225e0
1.4578401e0 1.9110199e0 1.579315e0 1.579315e0
1.4917201e0 1.9110199e0 1.588209e0 1.588209e0
1.5256001e0 1.9110199e0 1.597467e0 1.597467e0
1.5594801e0 1.9110199e0 1.606961e0 1.606961e0
1.5933601e0 1.9110199e0 1.6167673e0 1.6167673e0
1.6272401e0 1.9110199e0 1.62677e0 1.62677e0
1.6611201e0 1.9110199e0 1.6370462e0 1.6370462e0
1.6950002e0 1.9110199e0 1.6474539e0 1.6474539e0
1.7288802e0 1.9110199e0 1.6580856e0 1.6580856e0
1.7627602e0 1.9110199e0 1.6689043e0 1.6689043e0
1.7966402e0 1.9110199e0 1.6798363e0 1.6798363e0
1.8305202e0 1.9110199e0 1.6909953e0 1.6909953e0
1.8644002e0 1.9110199e0 1.7021881e0 1.7021881e0
1.8982802e0 1.9110199e0 1.7136366e0 1.7136366e0
1.9321602e0 1.9110199e0 1.7250578e0 1.7250578e0
1.9660402e0 1.9110199e0 1.7366869e0 1.7366869e0
1.9999202e0 1.9110199e0 1.7483282e0 1.7483282e0

1.0e-3 1.9830539e0 2.5758395e1 2.5758395e1
3.4880005e-2 1.9830539e0 7.5311241e0 7.5311241e0
6.876001e-2 1.9830539e0 5.4834564e0 5.4834564e0
1.0264001e-1 1.9830539e0 4.4912315e0 4.4912315e0
1.3652002e-1 1.9830539e0 3.8825096e0 3.8825096e0
1.7040002e-1 1.9830539e0 3.465773e0 3.465773e0
2.0428003e-1 1.9830539e0 3.1612244e0 3.1612244e0
2.3816003e-1 1.9830539e0 2.9292587e0 2.9292587e0
2.7204004e-1 1.9830539e0 2.7472969e0 2.7472969e0
3.0592004e-1 1.9830539e0 2.6013641e0 2.6013641e0
3.3980005e-1 1.9830539e0 2.4825508e0 2.4825508e0
3.7368005e-1 1.9830539e0 2.3844519e0 2.3844519e0
4.0756006e-1 1.9830539e0 2.3027158e0 2.3027158e0
4.4144006e-1 1.9830539e0 2.2342484e0 2.2342484e0
4.7532007e-1 1.9830539e0 2.1765027e0 2.1765027e0
5.0920007e-1 1.9830539e0 2.1276628e0 2.1276628e0
5.4308008e-1 1.9830539e0 2.0862764e0 2.0862764e0
5.7696008e-1 1.9830539e0 2.0511684e0 2.0511684e0
6.1084009e-1 1.9830539e0 2.0214006e0 2.0214006e0
6.447201e-1 1.9830539e0 1.9962207e0 1.9962207e0
6.786001e-1 1.9830539e0 1.9750853e0 1.9750853e0
7.124801e-1 1.9830539e0 1.9573886e0 1.9573886e0
7.463601e-1 1.9830539e0 1.9426982e0 1.9426982e0
7.8024011e-1 1.9830539e0 1.9307372e0 1.9307372e0
8.1412012e-1 1.9830539e0 1.921041e0 1.921041e0
8.4800012e-1 1.9830539e0 1.9134868e0 1.9134868e0
8.8188013e-1 1.9830539e0 1.9077948e0 1.9077948e0
9.1576013e-1 1.9830539e0 1.9037663e0 1.9037663e0
9.4964014e-1 1.9830539e0 1.9012262e0 1.9012262e0
9.8352014e-1 1.9830539e0 1.9000291e0 1.9000291e0
1.0174e0 1.9830539e0 1.9000392e0 1.9000392e0
1.05128e0 1.9830539e0 1.9011403e0 1.9011403e0
1.08516e0 1.9830539e0 1.9032266e0 1.9032266e0
1.11904e0 1.9830539e0 1.9062122e0 1.9062122e0
1.15292e0 1.9830539e0 1.9100111e0 1.9100111e0
1.1868001e0 1.9830539e0 1.9145541e0 1.9145541e0
1.2206801e0 1.9830539e0 1.919765e0 1.919765e0
1.2545601e0 1.9830539e0 1.9256009e0 1.9256009e0
1.2884401e0 1.9830539e0 1.9319966e0 1.9319966e0
1.3223201e0 1.9830539e0 1.9389201e0 1.9389201e0
1.3562001e0 1.9830539e0 1.9462936e0 1.9462936e0
1.3900801e0 1.9830539e0 1.9541266e0 1.9541266e0
1.4239601e0 1.9830539e0 1.9623402e0 1.9623402e0
1.4578401e0 1.9830539e0 1.9709328e0 1.9709328e0
1.4917201e0 1.9830539e0 1.9798268e0 1.9798268e0
1.5256001e0 1.9830539e0 1.9890848e0 1.9890848e0
1.5594801e0 1.9830539e0 1.9985788e0 1.9985788e0
1.5933601e0 1.9830539e0 2.008385e0 2.008385e0
1.6272401e0 1.9830539e0 2.0183878e0 2.0183878e0
1.6611201e0 1.9830539e0 2.028664e0 2.028664e0
1.6950002e0 1.9830539e0 2.0390717e0 2.0390717e0
1.7288802e0 1.9830539e0 2.0497034e0 2.0497034e0
1.7627602e0 1.9830539e0 2.060522e0 2.060522e0
1.7966402e0 1.9830539e0 2.071454e0 2.071454e0
1.8305202e0 1.9830539e0 2.082613e0 2.082613e0
1.8644002e0 1.9830539e0 2.0938058e0 2.0938058e0
1.8982802e0 1.9830539e0 2.1052544e0 2.1052544e0
1.9321602e0 1.9830539e0 2.1166756e0 2.1166756e0
1.9660402e0 1.9830539e0 2.1283046e0 2.1283046e0
1.9999202e0 1.9830539e0 2.139946e0 2.139946e0

1.0e-3 2.0550879e0 2.6206055e1 2.6206055e1
3.4880005e-2 2.0550879e0 7.9787836e0 7.9787836e0
6.876001e-2 2.0550879e0 5.9311159e0 5.9311159e0
1.0264001e-1 2.0550879e0 4.938891e0 4.938891e0
1.3652002e-1 2.0550879e0 4.330169e0 4.330169e0
1.7040002e-1 2.0550879e0 3.9134325e0 3.9134325e0
2.0428003e-1 2.0550879e0 3.6088838e0 3.6088838e0
2.3816003e-1 2.0550879e0 3.3769182e0 3.3769182e0
2.7204004e-1 2.0550879e0 3.1949564e0 3.1949564e0
3.0592004e-1 2.0550879e0 3.0490236e0 3.0490236e0
3.3980005e-1 2.0550879e0 2.9302103e0 2.9302103e0
3.7368005e-1 2.0550879e0 2.8321114e0 2.8321114e0
4.0756006e-1 2.0550879e0 2.7503752e0 2.7503752e0
4.4144006e-1 2.0550879e0 2.6819078e0 2.6819078e0
4.7532007e-1 2.0550879e0 2.6241621e0 2.6241621e0
5.0920007e-1 2.0550879e0 2.5753223e0 2.5753223e0
5.4308008e-1 2.0550879e0 2.5339359e0 2.5339359e0
5.7696008e-1 2.0550879e0 2.4988278e0 2.4988278e0
6.1084009e-1 2.0550879e0 2.46906e0 2.46906e0
6.447201e-1 2.0550879e0 2.4438802e0 2.4438802e0
6.786001e-1 2.0550879e0 2.4227448e0 2.4227448e0
7.124801e-1 2.0550879e0 2.405048e0 2.405048e0
7.463601e-1 2.0550879e0 2.3903577e0 2.3903577e0
7.8024011e-1 2.0550879e0 2.3783966e0 2.3783966e0
8.1412012e-1 2.0550879e0 2.3687004e0 2.3687004e0
8.4800012e-1 2.0550879e0 2.3611462e0 2.3611462e0
8.8188013e-1 2.0550879e0 2.3554543e0 2.3554543e0
9.1576013e-1 2.0550879e0 2.3514258e0 2.3514258e0
9.4964014e-1 2.0550879e0 2.3488857e0 2.3488857e0
9.8352014e-1 2.0550879e0 2.3476886e0 2.3476886e0
1.0174e0 2.0550879e0 2.3476987e0 2.3476987e0
1.05128e0 2.0550879e0 2.3487997e0 2.3487997e0
1.08516e0 2.0550879e0 2.3508861e0 2.3508861e0
1.11904e0 2.0550879e0 2.3538716e0 2.3538716e0
1.15292e0 2.0550879e0 2.3576706e0 2.3576706e0
1.1868001e0 2.0550879e0 2.3622136e0 2.3622136e0
1.2206801e0 2.0550879e0 2.3674245e0 2.3674245e0
1.2545601e0 2.0550879e0 2.3732603e0 2.3732603e0
1.2884401e0 2.0550879e0 2.379656e0 2.379656e0
1.3223201e0 2.0550879e0 2.3865796e0 2.3865796e0
1.3562001e0 2.0550879e0 2.3939531e0 2.3939531e0
1.3900801e0 2.0550879e0 2.401786e0 2.401786e0
1.4239601e0 2.0550879e0 2.4099997e0 2.4099997e0
1.4578401e0 2.0550879e0 2.4185922e0 2.4185922e0
1.4917201e0 2.0550879e0 2.4274863e0 2.4274863e0
1.5256001e0 2.0550879e0 2.4367442e0 2.4367442e0
1.5594801e0 2.0550879e0 2.4462383e0 2.4462383e0
1.5933601e0 2.0550879e0 2.4560445e0 2.4560445e0
1.6272401e0 2.0550879e0 2.4660472e0 2.4660472e0
1.6611201e0 2.0550879e0 2.4763234e0 2.4763234e0
1.6950002e0 2.0550879e0 2.4867311e0 2.4867311e0
1.7288802e0 2.0550879e0 2.4973628e0 2.4973628e0
1.7627602e0 2.0550879e0 2.5081815e0 2.5081815e0
1.7966402e0 2.0550879e0 2.5191135e0 2.5191135e0
1.8305202e0 2.0550879e0 2.5302725e0 2.5302725e0
1.8644002e0 2.0550879e0 2.5414653e0 2.5414653e0
1.8982802e0 2.0550879e0 2.5529138e0 2.5529138e0
1.9321602e0 2.0550879e0 2.564335e0 2.564335e0
1.9660402e0 2.0550879e0 2.575964e0 2.575964e0
1.9999202e0 2.0550879e0 2.5876054e0 2.5876054e0

1.0e-3 2.1271219e0 2.6714297e1 2.6714297e1
3.4880005e-2 2.1271219e0 8.4870262e0 8.4870262e0
6.876001e-2 2.1271219e0 6.4393585e0 6.4393585e0
1.0264001e-1 2.1271219e0 5.4471336e0 5.4471336e0
1.3652002e-1 2.1271219e0 4.8384117e0 4.8384117e0
1.7040002e-1 2.1271219e0 4.4216751e0 4.4216751e0
2.0428003e-1 2.1271219e0 4.1171265e0 4.1171265e0
2.3816003e-1 2.1271219e0 3.8851608e0 3.8851608e0
2.7204004e-1 2.1271219e0 3.703199e0 3.703199e0
3.0592004e-1 2.1271219e0 3.5572662e0 3.5572662e0
3.3980005e-1 2.1271219e0 3.4384529e0 3.4384529e0
3.7368005e-1 2.1271219e0 3.340354e0 3.340354e0
4.0756006e-1 2.1271219e0 3.2586179e0 3.2586179e0
4.4144006e-1 2.1271219e0 3.1901505e0 3.1901505e0
4.7532007e-1 2.1271219e0 3.1324048e0 3.1324048e0
5.0920007e-1 2.1271219e0 3.0835649e0 3.0835649e0
5.4308008e-1 2.1271219e0 3.0421785e0 3.0421785e0
5.7696008e-1 2.1271219e0 3.0070705e0 3.0070705e0
6.1084009e-1 2.1271219e0 2.9773027e0 2.9773027e0
6.447201e-1 2.1271219e0 2.9521228e0 2.9521228e0
6.786001e-1 2.1271219e0 2.9309874e0 2.9309874e0
7.124801e-1 2.1271219e0 2.9132907e0 2.9132907e0
7.463601e-1 2.1271219e0 2.8986003e0 2.8986003e0
7.8024011e-1 2.1271219e0 2.8866393e0 2.8866393e0
8.1412012e-1 2.1271219e0 2.876943e0 2.876943e0
8.4800012e-1 2.1271219e0 2.8693889e0 2.8693889e0
8.8188013e-1 2.1271219e0 2.8636969e0 2.8636969e0
9.1576013e-1 2.1271219e0 2.8596684e0 2.8596684e0
9.4964014e-1 2.1271219e0 2.8571283e0 2.8571283e0
9.8352014e-1 2.1271219e0 2.8559312e0 2.8559312e0
1.0174e0 2.1271219e0 2.8559413e0 2.8559413e0
1.05128e0 2.1271219e0 2.8570424e0 2.8570424e0
1.08516e0 2.1271219e0 2.8591287e0 2.8591287e0
1.11904e0 2.1271219e0 2.8621143e0 2.8621143e0
1.15292e0 2.1271219e0 2.8659132e0 2.8659132e0
1.1868001e0 2.1271219e0 2.8704562e0 2.8704562e0
1.2206801e0 2.1271219e0 2.8756671e0 2.8756671e0
1.2545601e0 2.1271219e0 2.881503e0 2.881503e0
1.2884401e0 2.1271219e0 2.8878987e0 2.8878987e0
1.3223201e0 2.1271219e0 2.8948222e0 2.8948222e0
1.3562001e0 2.1271219e0 2.9021957e0 2.9021957e0
1.3900801e0 2.1271219e0 2.9100287e0 2.9100287e0
1.4239601e0 2.1271219e0 2.9182423e0 2.9182423e0
1.4578401e0 2.1271219e0 2.9268349e0 2.9268349e0
1.4917201e0 2.1271219e0 2.9357289e0 2.9357289e0
1.5256001e0 2.1271219e0 2.9449869e0 2.9449869e0
1.5594801e0 2.1271219e0 2.9544809e0 2.9544809e0
1.5933601e0 2.1271219e0 2.9642871e0 2.9642871e0
1.6272401e0 2.1271219e0 2.9742899e0 2.9742899e0
1.6611201e0 2.1271219e0 2.984566e0 2.984566e0
1.6950002e0 2.1271219e0 2.9949738e0 2.9949738e0
1.7288802e0 2.1271219e0 3.0056055e0 3.0056055e0
1.7627602e0 2.1271219e0 3.0164241e0 3.0164241e0
1.7966402e0 2.1271219e0 3.0273561e0 3.0273561e0
1.8305202e0 2.1271219e0 3.0385152e0 3.0385152e0
1.8644002e0 2.1271219e0 3.049708e0 3.049708e0
1.8982802e0 2.1271219e0 3.0611565e0 3.0611565e0
1.9321602e0 2.1271219e0 3.0725777e0 3.0725777e0
1.9660402e0 2.1271219e0 3.0842067e0 3.0842067e0
1.9999202e0 2.1271219e0 3.0958481e0 3.0958481e0

1.0e-3 2.1991559e0 2.7287782e1 2.7287782e1
3.4880005e-2 2.1991559e0 9.0605104e0 9.0605104e0
6.876001e-2 2.1991559e0 7.0128427e0 7.0128427e0
1.0264001e-1 2.1991559e0 6.0206178e0 6.0206178e0
1.3652002e-1 2.1991559e0 5.4118959e0 5.4118959e0
1.7040002e-1 2.1991559e0 4.9951593e0 4.9951593e0
2.0428003e-1 2.1991559e0 4.6906107e0 4.6906107e0
2.3816003e-1 2.1991559e0 4.458645e0 4.458645e0
2.7204004e-1 2.1991559e0 4.2766832e0 4.2766832e0
3.0592004e-1 2.1991559e0 4.1307504e0 4.1307504e0
3.3980005e-1 2.1991559e0 4.0119371e0 4.0119371e0
3.7368005e-1 2.1991559e0 3.9138382e0 3.9138382e0
4.0756006e-1 2.1991559e0 3.832102e0 3.832102e0
4.4144006e-1 2.1991559e0 3.7636346e0 3.7636346e0
4.7532007e-1 2.1991559e0 3.705889e0 3.705889e0
5.0920007e-1 2.1991559e0 3.6570491e0 3.6570491e0
5.4308008e-1 2.1991559e0 3.6156627e0 3.6156627e0
5.7696008e-1 2.1991559e0 3.5805547e0 3.5805547e0
6.1084009e-1 2.1991559e0 3.5507869e0 3.5507869e0
6.447201e-1 2.1991559e0 3.525607e0 3.525607e0
6.786001e-1 2.1991559e0 3.5044716e0 3.5044716e0
7.124801e-1 2.1991559e0 3.4867749e0 3.4867749e0
7.463601e-1 2.1991559e0 3.4720845e0 3.4720845e0
7.8024011e-1 2.1991559e0 3.4601234e0 3.4601234e0
8.1412012e-1 2.1991559e0 3.4504272e0 3.4504272e0
8.4800012e-1 2.1991559e0 3.4428731e0 3.4428731e0
8.8188013e-1 2.1991559e0 3.4371811e0 3.4371811e0
9.1576013e-1 2.1991559e0 3.4331526e0 3.4331526e0
9.4964014e-1 2.1991559e0 3.4306125e0 3.4306125e0
9.8352014e-1 2.1991559e0 3.4294154e0 3.4294154e0
1.0174e0 2.1991559e0 3.4294255e0 3.4294255e0
1.05128e0 2.1991559e0 3.4305266e0 3.4305266e0
1.08516e0 2.1991559e0 3.4326129e0 3.4326129e0
1.11904e0 2.1991559e0 3.4355984e0 3.4355984e0
1.15292e0 2.1991559e0 3.4393974e0 3.4393974e0
1.1868001e0 2.1991559e0 3.4439404e0 3.4439404e0
1.2206801e0 2.1991559e0 3.4491513e0 3.4491513e0
1.2545601e0 2.1991559e0 3.4549872e0 3.4549872e0
1.2884401e0 2.1991559e0 3.4613829e0 3.4613829e0
1.3223201e0 2.1991559e0 3.4683064e0 3.4683064e0
1.3562001e0 2.1991559e0 3.47568e0 3.47568e0
1.3900801e0 2.1991559e0 3.4835129e0 3.4835129e0
1.4239601e0 2.1991559e0 3.4917265e0 3.4917265e0
1.4578401e0 2.1991559e0 3.500319e0 3.500319e0
1.4917201e0 2.1991559e0 3.5092131e0 3.5092131e0
1.5256001e0 2.1991559e0 3.518471e0 3.518471e0
1.5594801e0 2.1991559e0 3.5279651e0 3.5279651e0
1.5933601e0 2.1991559e0 3.5377713e0 3.5377713e0
1.6272401e0 2.1991559e0 3.547774e0 3.547774e0
1.6611201e0 2.1991559e0 3.5580502e0 3.5580502e0
1.6950002e0 2.1991559e0 3.568458e0 3.568458e0
1.7288802e0 2.1991559e0 3.5790897e0 3.5790897e0
1.7627602e0 2.1991559e0 3.5899083e0 3.5899083e0
1.7966402e0 2.1991559e0 3.6008403e0 3.6008403e0
1.8305202e0 2.1991559e0 3.6119994e0 3.6119994e0
1.8644002e0 2.1991559e0 3.6231921e0 3.6231921e0
1.8982802e0 2.1991559e0 3.6346407e0 3.6346407e0
1.9321602e0 2.1991559e0 3.6460619e0 3.6460619e0
1.9660402e0 2.1991559e0 3.6576909e0 3.6576909e0
1.9999202e0 2.1991559e0 3.6693323e0 3.6693323e0

1.0e-3 2.2711899e0 2.7931377e1 2.7931377e1
3.4880005e-2 2.2711899e0 9.7041058e0 9.7041058e0
6.876001e-2 2.2711899e0 7.6564381e0 7.6564381e0
1.0264001e-1 2.2711899e0 6.6642133e0 6.6642133e0
1.3652002e-1 2.2711899e0 6.0554913e0 6.0554913e0
1.7040002e-1 2.2711899e0 5.6387547e0 5.6387547e0
2.0428003e-1 2.2711899e0 5.3342061e0 5.3342061e0
2.3816003e-1 2.2711899e0 5.1022404e0 5.1022404e0
2.7204004e-1 2.2711899e0 4.9202786e0 4.9202786e0
3.0592004e-1 2.2711899e0 4.7743459e0 4.7743459e0
3.3980005e-1 2.2711899e0 4.6555325e0 4.6555325e0
3.7368005e-1 2.2711899e0 4.5574336e0 4.5574336e0
4.0756006e-1 2.2711899e0 4.4756975e0 4.4756975e0
4.4144006e-1 2.2711899e0 4.40723e0 4.40723e0
4.7532007e-1 2.2711899e0 4.3494844e0 4.3494844e0
5.0920007e-1 2.2711899e0 4.3006445e0 4.3006445e0
5.4308008e-1 2.2711899e0 4.2592581e0 4.2592581e0
5.7696008e-1 2.2711899e0 4.2241501e0 4.2241501e0
6.1084009e-1 2.2711899e0 4.1943823e0 4.1943823e0
6.447201e-1 2.2711899e0 4.1692024e0 4.1692024e0
6.786001e-1 2.2711899e0 4.148067e0 4.148067e0
7.124801e-1 2.2711899e0 4.1303703e0 4.1303703e0
7.463601e-1 2.2711899e0 4.11568e0 4.11568e0
7.8024011e-1 2.2711899e0 4.1037189e0 4.1037189e0
8.1412012e-1 2.2711899e0 4.0940227e0 4.0940227e0
8.4800012e-1 2.2711899e0 4.0864685e0 4.0864685e0
8.8188013e-1 2.2711899e0 4.0807765e0 4.0807765e0
9.1576013e-1 2.2711899e0 4.076748e0 4.076748e0
9.4964014e-1 2.2711899e0 4.0742079e0 4.0742079e0
9.8352014e-1 2.2711899e0 4.0730109e0 4.0730109e0
1.0174e0 2.2711899e0 4.073021e0 4.073021e0
1.05128e0 2.2711899e0 4.074122e0 4.074122e0
1.08516e0 2.2711899e0 4.0762083e0 4.0762083e0
1.11904e0 2.2711899e0 4.0791939e0 4.0791939e0
1.15292e0 2.2711899e0 4.0829929e0 4.0829929e0
1.1868001e0 2.2711899e0 4.0875359e0 4.0875359e0
1.2206801e0 2.2711899e0 4.0927467e0 4.0927467e0
1.2545601e0 2.2711899e0 4.0985826e0 4.0985826e0
1.2884401e0 2.2711899e0 4.1049783e0 4.1049783e0
1.3223201e0 2.2711899e0 4.1119019e0 4.1119019e0
1.3562001e0 2.2711899e0 4.1192754e0 4.1192754e0
1.3900801e0 2.2711899e0 4.1271083e0 4.1271083e0
1.4239601e0 2.2711899e0 4.135322e0 4.135322e0
1.4578401e0 2.2711899e0 4.1439145e0 4.1439145e0
1.4917201e0 2.2711899e0 4.1528085e0 4.1528085e0
1.5256001e0 2.2711899e0 4.1620665e0 4.1620665e0
1.5594801e0 2.2711899e0 4.1715605e0 4.1715605e0
1.5933601e0 2.2711899e0 4.1813667e0 4.1813667e0
1.6272401e0 2.2711899e0 4.1913695e0 4.1913695e0
1.6611201e0 2.2711899e0 4.2016457e0 4.2016457e0
1.6950002e0 2.2711899e0 4.2120534e0 4.2120534e0
1.7288802e0 2.2711899e0 4.2226851e0 4.2226851e0
1.7627602e0 2.2711899e0 4.2335037e0 4.2335037e0
1.7966402e0 2.2711899e0 4.2444357e0 4.2444357e0
1.8305202e0 2.2711899e0 4.2555948e0 4.2555948e0
1.8644002e0 2.2711899e0 4.2667876e0 4.2667876e0
1.8982802e0 2.2711899e0 4.2782361e0 4.2782361e0
1.9321602e0 2.2711899e0 4.2896573e0 4.2896573e0
1.9660402e0 2.2711899e0 4.3012863e0 4.3012863e0
1.9999202e0 2.2711899e0 4.3129277e0 4.3129277e0

1.0e-3 2.3432239e0 2.8650098e1 2.8650098e1
3.4880005e-2 2.3432239e0 1.04228258e1 1.04228258e1
6.876001e-2 2.3432239e0 8.3751581e0 8.3751581e0
1.0264001e-1 2.3432239e0 7.3829332e0 7.3829332e0
1.3652002e-1 2.3432239e0 6.7742113e0 6.7742113e0
1.7040002e-1 2.3432239e0 6.3574747e0 6.3574747e0
2.0428003e-1 2.3432239e0 6.052926e0 6.052926e0
2.3816003e-1 2.3432239e0 5.8209604e0 5.8209604e0
2.7204004e-1 2.3432239e0 5.6389986e0 5.6389986e0
3.0592004e-1 2.3432239e0 5.4930658e0 5.4930658e0
3.3980005e-1 2.3432239e0 5.3742525e0 5.3742525e0
3.7368005e-1 2.3432239e0 5.2761536e0 5.2761536e0
4.0756006e-1 2.3432239e0 5.1944174e0 5.1944174e0
4.4144006e-1 2.3432239e0 5.12595e0 5.12595e0
4.7532007e-1 2.3432239e0 5.0682043e0 5.0682043e0
5.0920007e-1 2.3432239e0 5.0193645e0 5.0193645e0
5.4308008e-1 2.3432239e0 4.977978e0 4.977978e0
5.7696008e-1 2.3432239e0 4.94287e0 4.94287e0
6.1084009e-1 2.3432239e0 4.9131023e0 4.9131023e0
6.447201e-1 2.3432239e0 4.8879224e0 4.8879224e0
6.786001e-1 2.3432239e0 4.866787e0 4.866787e0
7.124801e-1 2.3432239e0 4.8490903e0 4.8490903e0
7.463601e-1 2.3432239e0 4.8343999e0 4.8343999e0
7.8024011e-1 2.3432239e0 4.8224388e0 4.8224388e0
8.1412012e-1 2.3432239e0 4.8127426e0 4.8127426e0
8.4800012e-1 2.3432239e0 4.8051884e0 4.8051884e0
8.8188013e-1 2.3432239e0 4.7994965e0 4.7994965e0
9.1576013e-1 2.3432239e0 4.795468e0 4.795468e0
9.4964014e-1 2.3432239e0 4.7929279e0 4.7929279e0
9.8352014e-1 2.3432239e0 4.7917308e0 4.7917308e0
1.0174e0 2.3432239e0 4.7917409e0 4.7917409e0
1.05128e0 2.3432239e0 4.792842e0 4.792842e0
1.08516e0 2.3432239e0 4.7949283e0 4.7949283e0
1.11904e0 2.3432239e0 4.7979138e0 4.7979138e0
1.15292e0 2.3432239e0 4.8017128e0 4.8017128e0
1.1868001e0 2.3432239e0 4.8062558e0 4.8062558e0
1.2206801e0 2.3432239e0 4.8114667e0 4.8114667e0
1.2545601e0 2.3432239e0 4.8173026e0 4.8173026e0
1.2884401e0 2.3432239e0 4.8236983e0 4.8236983e0
1.3223201e0 2.3432239e0 4.8306218e0 4.8306218e0
1.3562001e0 2.3432239e0 4.8379953e0 4.8379953e0
1.3900801e0 2.3432239e0 4.8458282e0 4.8458282e0
1.4239601e0 2.3432239e0 4.8540419e0 4.8540419e0
1.4578401e0 2.3432239e0 4.8626344e0 4.8626344e0
1.4917201e0 2.3432239e0 4.8715285e0 4.8715285e0
1.5256001e0 2.3432239e0 4.8807864e0 4.8807864e0
1.5594801e0 2.3432239e0 4.8902805e0 4.8902805e0
1.5933601e0 2.3432239e0 4.9000867e0 4.9000867e0
1.6272401e0 2.3432239e0 4.9100894e0 4.9100894e0
1.6611201e0 2.3432239e0 4.9203656e0 4.9203656e0
1.6950002e0 2.3432239e0 4.9307733e0 4.9307733e0
1.7288802e0 2.3432239e0 4.941405e0 4.941405e0
1.7627602e0 2.3432239e0 4.9522237e0 4.9522237e0
1.7966402e0 2.3432239e0 4.9631557e0 4.9631557e0
1.8305202e0 2.3432239e0 4.9743147e0 4.9743147e0
1.8644002e0 2.3432239e0 4.9855075e0 4.9855075e0
1.8982802e0 2.3432239e0 4.996956e0 4.996956e0
1.9321602e0 2.3432239e0 5.0083772e0 5.0083772e0
1.9660402e0 2.3432239e0 5.0200063e0 5.0200063e0
1.9999202e0 2.3432239e0 5.0316476e0 5.0316476e0

1.0e-3 2.4152579e0 2.9449106e1 2.9449106e1
3.4880005e-2 2.4152579e0 1.1221835e1 1.1221835e1
6.876001e-2 2.4152579e0 9.1741673e0 9.1741673e0
1.0264001e-1 2.4152579e0 8.1819424e0 8.1819424e0
1.3652002e-1 2.4152579e0 7.5732205e0 7.5732205e0
1.7040002e-1 2.4152579e0 7.1564839e0 7.1564839e0
2.0428003e-1 2.4152579e0 6.8519353e0 6.8519353e0
2.3816003e-1 2.4152579e0 6.6199696e0 6.6199696e0
2.7204004e-1 2.4152579e0 6.4380078e0 6.4380078e0
3.0592004e-1 2.4152579e0 6.292075e0 6.292075e0
3.3980005e-1 2.4152579e0 6.1732617e0 6.1732617e0
3.7368005e-1 2.4152579e0 6.0751628e0 6.0751628e0
4.0756006e-1 2.4152579e0 5.9934267e0 5.9934267e0
4.4144006e-1 2.4152579e0 5.9249593e0 5.9249593e0
4.7532007e-1 2.4152579e0 5.8672136e0 5.8672136e0
5.0920007e-1 2.4152579e0 5.8183737e0 5.8183737e0
5.4308008e-1 2.4152579e0 5.7769873e0 5.7769873e0
5.7696008e-1 2.4152579e0 5.7418793e0 5.7418793e0
6.1084009e-1 2.4152579e0 5.7121115e0 5.7121115e0
6.447201e-1 2.4152579e0 5.6869316e0 5.6869316e0
6.786001e-1 2.4152579e0 5.6657962e0 5.6657962e0
7.124801e-1 2.4152579e0 5.6480995e0 5.6480995e0
7.463601e-1 2.4152579e0 5.6334091e0 5.6334091e0
7.8024011e-1 2.4152579e0 5.621448e0 5.621448e0
8.1412012e-1 2.4152579e0 5.6117519e0 5.6117519e0
8.4800012e-1 2.4152579e0 5.6041977e0 5.6041977e0
8.8188013e-1 2.4152579e0 5.5985057e0 5.5985057e0
9.1576013e-1 2.4152579e0 5.5944772e0 5.5944772e0
9.4964014e-1 2.4152579e0 5.5919371e0 5.5919371e0
9.8352014e-1 2.4152579e0 5.59074e0 5.59074e0
1.0174e0 2.4152579e0 5.5907501e0 5.5907501e0
1.05128e0 2.4152579e0 5.5918512e0 5.5918512e0
1.08516e0 2.4152579e0 5.5939375e0 5.5939375e0
1.11904e0 2.4152579e0 5.596923e0 5.596923e0
1.15292e0 2.4152579e0 5.600722e0 5.600722e0
1.1868001e0 2.4152579e0 5.605265e0 5.605265e0
1.2206801e0 2.4152579e0 5.6104759e0 5.6104759e0
1.2545601e0 2.4152579e0 5.6163118e0 5.6163118e0
1.2884401e0 2.4152579e0 5.6227075e0 5.6227075e0
1.3223201e0 2.4152579e0 5.629631e0 5.629631e0
1.3562001e0 2.4152579e0 5.6370045e0 5.6370045e0
1.3900801e0 2.4152579e0 5.6448375e0 5.6448375e0
1.4239601e0 2.4152579e0 5.6530511e0 5.6530511e0
1.4578401e0 2.4152579e0 5.6616437e0 5.6616437e0
1.4917201e0 2.4152579e0 5.6705377e0 5.6705377e0
1.5256001e0 2.4152579e0 5.6797957e0 5.6797957e0
1.5594801e0 2.4152579e0 5.6892897e0 5.6892897e0
1.5933601e0 2.4152579e0 5.6990959e0 5.6990959e0
1.6272401e0 2.4152579e0 5.7090987e0 5.7090987e0
1.6611201e0 2.4152579e0 5.7193748e0 5.7193748e0
1.6950002e0 2.4152579e0 5.7297826e0 5.7297826e0
1.7288802e0 2.4152579e0 5.7404143e0 5.7404143e0
1.7627602e0 2.4152579e0 5.7512329e0 5.7512329e0
1.7966402e0 2.4152579e0 5.7621649e0 5.7621649e0
1.8305202e0 2.4152579e0 5.773324e0 5.773324e0
1.8644002e0 2.4152579e0 5.7845168e0 5.7845168e0
1.8982802e0 2.4152579e0 5.7959653e0 5.7959653e0
1.9321602e0 2.4152579e0 5.8073865e0 5.8073865e0
1.9660402e0 2.4152579e0 5.8190155e0 5.8190155e0
1.9999202e0 2.4152579e0 5.8306569e0 5.8306569e0

1.0e-3 2.4872919e0 3.0333772e1 3.0333772e1
3.4880005e-2 2.4872919e0 1.21065007e1 1.21065007e1
6.876001e-2 2.4872919e0 1.0058833e1 1.0058833e1
1.0264001e-1 2.4872919e0 9.0666081e0 9.0666081e0
1.3652002e-1 2.4872919e0 8.4578862e0 8.4578862e0
1.7040002e-1 2.4872919e0 8.0411496e0 8.0411496e0
2.0428003e-1 2.4872919e0 7.736601e0 7.736601e0
2.3816003e-1 2.4872919e0 7.5046353e0 7.5046353e0
2.7204004e-1 2.4872919e0 7.3226735e0 7.3226735e0
3.0592004e-1 2.4872919e0 7.1767407e0 7.1767407e0
3.3980005e-1 2.4872919e0 7.0579274e0 7.0579274e0
3.7368005e-1 2.4872919e0 6.9598285e0 6.9598285e0
4.0756006e-1 2.4872919e0 6.8780923e0 6.8780923e0
4.4144006e-1 2.4872919e0 6.809625e0 6.809625e0
4.7532007e-1 2.4872919e0 6.7518793e0 6.7518793e0
5.0920007e-1 2.4872919e0 6.7030394e0 6.7030394e0
5.4308008e-1 2.4872919e0 6.661653e0 6.661653e0
5.7696008e-1 2.4872919e0 6.626545e0 6.626545e0
6.1084009e-1 2.4872919e0 6.5967772e0 6.5967772e0
6.447201e-1 2.4872919e0 6.5715973e0 6.5715973e0
6.786001e-1 2.4872919e0 6.5504619e0 6.5504619e0
7.124801e-1 2.4872919e0 6.5327652e0 6.5327652e0
7.463601e-1 2.4872919e0 6.5180748e0 6.5180748e0
7.8024011e-1 2.4872919e0 6.5061137e0 6.5061137e0
8.1412012e-1 2.4872919e0 6.4964175e0 6.4964175e0
8.4800012e-1 2.4872919e0 6.4888634e0 6.4888634e0
8.8188013e-1 2.4872919e0 6.4831714e0 6.4831714e0
9.1576013e-1 2.4872919e0 6.4791429e0 6.4791429e0
9.4964014e-1 2.4872919e0 6.4766028e0 6.4766028e0
9.8352014e-1 2.4872919e0 6.4754057e0 6.4754057e0
1.0174e0 2.4872919e0 6.4754158e0 6.4754158e0
1.05128e0 2.4872919e0 6.4765169e0 6.4765169e0
1.08516e0 2.4872919e0 6.4786032e0 6.4786032e0
1.11904e0 2.4872919e0 6.4815887e0 6.4815887e0
1.15292e0 2.4872919e0 6.4853877e0 6.4853877e0
1.1868001e0 2.4872919e0 6.4899307e0 6.4899307e0
1.2206801e0 2.4872919e0 6.4951416e0 6.4951416e0
1.2545601e0 2.4872919e0 6.5009775e0 6.5009775e0
1.2884401e0 2.4872919e0 6.5073732e0 6.5073732e0
1.3223201e0 2.4872919e0 6.5142967e0 6.5142967e0
1.3562001e0 2.4872919e0 6.5216702e0 6.5216702e0
1.3900801e0 2.4872919e0 6.5295032e0 6.5295032e0
1.4239601e0 2.4872919e0 6.5377168e0 6.5377168e0
1.4578401e0 2.4872919e0 6.5463094e0 6.5463094e0
1.4917201e0 2.4872919e0 6.5552034e0 6.5552034e0
1.5256001e0 2.4872919e0 6.5644614e0 6.5644614e0
1.5594801e0 2.4872919e0 6.5739554e0 6.5739554e0
1.5933601e0 2.4872919e0 6.5837616e0 6.5837616e0
1.6272401e0 2.4872919e0 6.5937643e0 6.5937643e0
1.6611201e0 2.4872919e0 6.6040405e0 6.6040405e0
1.6950002e0 2.4872919e0 6.6144482e0 6.6144482e0
1.7288802e0 2.4872919e0 6.62508e0 6.62508e0
1.7627602e0 2.4872919e0 6.6358986e0 6.6358986e0
1.7966402e0 2.4872919e0 6.6468306e0 6.6468306e0
1.8305202e0 2.4872919e0 6.6579897e0 6.6579897e0
1.8644002e0 2.4872919e0 6.6691824e0 6.6691824e0
1.8982802e0 2.4872919e0 6.680631e0 6.680631e0
1.9321602e0 2.4872919e0 6.6920522e0 6.6920522e0
1.9660402e0 2.4872919e0 6.7036812e0 6.7036812e0
1.9999202e0 2.4872919e0 6.7153226e0 6.7153226e0

1.0e-3 2.5593259e0 3.1309544e1 3.1309544e1
3.4880005e-2 2.5593259e0 1.30822731e1 1.30822731e1
6.876001e-2 2.5593259e0 1.10346054e1 1.10346054e1
1.0264001e-1 2.5593259e0 1.00423805e1 1.00423805e1
1.3652002e-1 2.5593259e0 9.4336586e0 9.4336586e0
1.7040002e-1 2.5593259e0 9.016922e0 9.016922e0
2.0428003e-1 2.5593259e0 8.7123734e0 8.7123734e0
2.3816003e-1 2.5593259e0 8.4804077e0 8.4804077e0
2.7204004e-1 2.5593259e0 8.2984459e0 8.2984459e0
3.0592004e-1 2.5593259e0 8.1525131e0 8.1525131e0
3.3980005e-1 2.5593259e0 8.0336998e0 8.0336998e0
3.7368005e-1 2.5593259e0 7.9356009e0 7.9356009e0
4.0756006e-1 2.5593259e0 7.8538647e0 7.8538647e0
4.4144006e-1 2.5593259e0 7.7853973e0 7.7853973e0
4.7532007e-1 2.5593259e0 7.7276517e0 7.7276517e0
5.0920007e-1 2.5593259e0 7.6788118e0 7.6788118e0
5.4308008e-1 2.5593259e0 7.6374254e0 7.6374254e0
5.7696008e-1 2.5593259e0 7.6023174e0 7.6023174e0
6.1084009e-1 2.5593259e0 7.5725496e0 7.5725496e0
6.447201e-1 2.5593259e0 7.5473697e0 7.5473697e0
6.786001e-1 2.5593259e0 7.5262343e0 7.5262343e0
7.124801e-1 2.5593259e0 7.5085376e0 7.5085376e0
7.463601e-1 2.5593259e0 7.4938472e0 7.4938472e0
7.8024011e-1 2.5593259e0 7.4818861e0 7.4818861e0
8.1412012e-1 2.5593259e0 7.47219e0 7.47219e0
8.4800012e-1 2.5593259e0 7.4646358e0 7.4646358e0
8.8188013e-1 2.5593259e0 7.4589438e0 7.4589438e0
9.1576013e-1 2.5593259e0 7.4549153e0 7.4549153e0
9.4964014e-1 2.5593259e0 7.4523752e0 7.4523752e0
9.8352014e-1 2.5593259e0 7.4511781e0 7.4511781e0
1.0174e0 2.5593259e0 7.4511882e0 7.4511882e0
1.05128e0 2.5593259e0 7.4522893e0 7.4522893e0
1.08516e0 2.5593259e0 7.4543756e0 7.4543756e0
1.11904e0 2.5593259e0 7.4573611e0 7.4573611e0
1.15292e0 2.5593259e0 7.4611601e0 7.4611601e0
1.1868001e0 2.5593259e0 7.4657031e0 7.4657031e0
1.2206801e0 2.5593259e0 7.470914e0 7.470914e0
1.2545601e0 2.5593259e0 7.4767499e0 7.4767499e0
1.2884401e0 2.5593259e0 7.4831456e0 7.4831456e0
1.3223201e0 2.5593259e0 7.4900691e0 7.4900691e0
1.3562001e0 2.5593259e0 7.4974426e0 7.4974426e0
1.3900801e0 2.5593259e0 7.5052756e0 7.5052756e0
1.4239601e0 2.5593259e0 7.5134892e0 7.5134892e0
1.4578401e0 2.5593259e0 7.5220818e0 7.5220818e0
1.4917201e0 2.5593259e0 7.5309758e0 7.5309758e0
1.5256001e0 2.5593259e0 7.5402338e0 7.5402338e0
1.5594801e0 2.5593259e0 7.5497278e0 7.5497278e0
1.5933601e0 2.5593259e0 7.559534e0 7.559534e0
1.6272401e0 2.5593259e0 7.5695367e0 7.5695367e0
1.6611201e0 2.5593259e0 7.579813e0 7.579813e0
1.6950002e0 2.5593259e0 7.5902206e0 7.5902206e0
1.7288802e0 2.5593259e0 7.6008524e0 7.6008524e0
1.7627602e0 2.5593259e0 7.611671e0 7.611671e0
1.7966402e0 2.5593259e0 7.622603e0 7.622603e0
1.8305202e0 2.5593259e0 7.633762e0 7.633762e0
1.8644002e0 2.5593259e0 7.6449548e0 7.6449548e0
1.8982802e0 2.5593259e0 7.6564034e0 7.6564034e0
1.9321602e0 2.5593259e0 7.6678246e0 7.6678246e0
1.9660402e0 2.5593259e0 7.6794536e0 7.6794536e0
1.9999202e0 2.5593259e0 7.691095e0 7.691095e0

1.0e-3 2.6313599e0 3.2382108e1 3.2382108e1
3.4880005e-2 2.6313599e0 1.41548369e1 1.41548369e1
6.876001e-2 2.6313599e0 1.21071692e1 1.21071692e1
1.0264001e-1 2.6313599e0 1.11149443e1 1.11149443e1
1.3652002e-1 2.6313599e0 1.05062224e1 1.05062224e1
1.7040002e-1 2.6313599e0 1.00894858e1 1.00894858e1
2.0428003e-1 2.6313599e0 9.7849371e0 9.7849371e0
2.3816003e-1 2.6313599e0 9.5529715e0 9.5529715e0
2.7204004e-1 2.6313599e0 9.3710097e0 9.3710097e0
3.0592004e-1 2.6313599e0 9.2250769e0 9.2250769e0
3.3980005e-1 2.6313599e0 9.1062636e0 9.1062636e0
3.7368005e-1 2.6313599e0 9.0081647e0 9.0081647e0
4.0756006e-1 2.6313599e0 8.9264285e0 8.9264285e0
4.4144006e-1 2.6313599e0 8.8579611e0 8.8579611e0
4.7532007e-1 2.6313599e0 8.8002155e0 8.8002155e0
5.0920007e-1 2.6313599e0 8.7513756e0 8.7513756e0
5.4308008e-1 2.6313599e0 8.7099892e0 8.7099892e0
5.7696008e-1 2.6313599e0 8.6748811e0 8.6748811e0
6.1084009e-1 2.6313599e0 8.6451134e0 8.6451134e0
6.447201e-1 2.6313599e0 8.6199335e0 8.6199335e0
6.786001e-1 2.6313599e0 8.598798e0 8.598798e0
7.124801e-1 2.6313599e0 8.5811014e0 8.5811014e0
7.463601e-1 2.6313599e0 8.566411e0 8.566411e0
7.8024011e-1 2.6313599e0 8.5544499e0 8.5544499e0
8.1412012e-1 2.6313599e0 8.5447537e0 8.5447537e0
8.4800012e-1 2.6313599e0 8.5371996e0 8.5371996e0
8.8188013e-1 2.6313599e0 8.5315076e0 8.5315076e0
9.1576013e-1 2.6313599e0 8.5274791e0 8.5274791e0
9.4964014e-1 2.6313599e0 8.524939e0 8.524939e0
9.8352014e-1 2.6313599e0 8.5237419e0 8.5237419e0
1.0174e0 2.6313599e0 8.523752e0 8.523752e0
1.05128e0 2.6313599e0 8.524853e0 8.524853e0
1.08516e0 2.6313599e0 8.5269394e0 8.5269394e0
1.11904e0 2.6313599e0 8.529925e0 8.529925e0
1.15292e0 2.6313599e0 8.5337239e0 8.5337239e0
1.1868001e0 2.6313599e0 8.5382669e0 8.5382669e0
1.2206801e0 2.6313599e0 8.5434778e0 8.5434778e0
1.2545601e0 2.6313599e0 8.5493137e0 8.5493137e0
1.2884401e0 2.6313599e0 8.5557094e0 8.5557094e0
1.3223201e0 2.6313599e0 8.5626329e0 8.5626329e0
1.3562001e0 2.6313599e0 8.5700064e0 8.5700064e0
1.3900801e0 2.6313599e0 8.5778394e0 8.5778394e0
1.4239601e0 2.6313599e0 8.586053e0 8.586053e0
1.4578401e0 2.6313599e0 8.5946455e0 8.5946455e0
1.4917201e0 2.6313599e0 8.6035396e0 8.6035396e0
1.5256001e0 2.6313599e0 8.6127975e0 8.6127975e0
1.5594801e0 2.6313599e0 8.6222916e0 8.6222916e0
1.5933601e0 2.6313599e0 8.6320978e0 8.6320978e0
1.6272401e0 2.6313599e0 8.6421005e0 8.6421005e0
1.6611201e0 2.6313599e0 8.6523767e0 8.6523767e0
1.6950002e0 2.6313599e0 8.6627844e0 8.6627844e0
1.7288802e0 2.6313599e0 8.6734161e0 8.6734161e0
1.7627602e0 2.6313599e0 8.6842348e0 8.6842348e0
1.7966402e0 2.6313599e0 8.6951668e0 8.6951668e0
1.8305202e0 2.6313599e0 8.7063258e0 8.7063258e0
1.8644002e0 2.6313599e0 8.7175186e0 8.7175186e0
1.8982802e0 2.6313599e0 8.7289671e0 8.7289671e0
1.9321602e0 2.6313599e0 8.7403883e0 8.7403883e0
1.9660402e0 2.6313599e0 8.7520174e0 8.7520174e0
1.9999202e0 2.6313599e0 8.7636588e0 8.7636588e0

1.0e-3 2.7033939e0 3.3557285e1 3.3557285e1
3.4880005e-2 2.7033939e0 1.53300133e1 1.53300133e1
6.876001e-2 2.7033939e0 1.32823456e1 1.32823456e1
1.0264001e-1 2.7033939e0 1.22901207e1 1.22901207e1
1.3652002e-1 2.7033939e0 1.16813988e1 1.16813988e1
1.7040002e-1 2.7033939e0 1.12646622e1 1.12646622e1
2.0428003e-1 2.7033939e0 1.09601135e1 1.09601135e1
2.3816003e-1 2.7033939e0 1.07281479e1 1.07281479e1
2.7204004e-1 2.7033939e0 1.0546186e1 1.0546186e1
3.0592004e-1 2.7033939e0 1.04002533e1 1.04002533e1
3.3980005e-1 2.7033939e0 1.028144e1 1.028144e1
3.7368005e-1 2.7033939e0 1.0183341e1 1.0183341e1
4.0756006e-1 2.7033939e0 1.01016049e1 1.01016049e1
4.4144006e-1 2.7033939e0 1.00331375e1 1.00331375e1
4.7532007e-1 2.7033939e0 9.9753918e0 9.9753918e0
5.0920007e-1 2.7033939e0 9.926552e0 9.926552e0
5.4308008e-1 2.7033939e0 9.8851656e0 9.8851656e0
5.7696008e-1 2.7033939e0 9.8500575e0 9.8500575e0
6.1084009e-1 2.7033939e0 9.8202898e0 9.8202898e0
6.447201e-1 2.7033939e0 9.7951099e0 9.7951099e0
6.786001e-1 2.7033939e0 9.7739745e0 9.7739745e0
7.124801e-1 2.7033939e0 9.7562778e0 9.7562778e0
7.463601e-1 2.7033939e0 9.7415874e0 9.7415874e0
7.8024011e-1 2.7033939e0 9.7296263e0 9.7296263e0
8.1412012e-1 2.7033939e0 9.7199301e0 9.7199301e0
8.4800012e-1 2.7033939e0 9.712376e0 9.712376e0
8.8188013e-1 2.7033939e0 9.706684e0 9.706684e0
9.1576013e-1 2.7033939e0 9.7026555e0 9.7026555e0
9.4964014e-1 2.7033939e0 9.7001154e0 9.7001154e0
9.8352014e-1 2.7033939e0 9.6989183e0 9.6989183e0
1.0174e0 2.7033939e0 9.6989284e0 9.6989284e0
1.05128e0 2.7033939e0 9.7000294e0 9.7000294e0
1.08516e0 2.7033939e0 9.7021158e0 9.7021158e0
1.11904e0 2.7033939e0 9.7051013e0 9.7051013e0
1.15292e0 2.7033939e0 9.7089003e0 9.7089003e0
1.1868001e0 2.7033939e0 9.7134433e0 9.7134433e0
1.2206801e0 2.7033939e0 9.7186542e0 9.7186542e0
1.2545601e0 2.7033939e0 9.72449e0 9.72449e0
1.2884401e0 2.7033939e0 9.7308858e0 9.7308858e0
1.3223201e0 2.7033939e0 9.7378093e0 9.7378093e0
1.3562001e0 2.7033939e0 9.7451828e0 9.7451828e0
1.3900801e0 2.7033939e0 9.7530157e0 9.7530157e0
1.4239601e0 2.7033939e0 9.7612294e0 9.7612294e0
1.4578401e0 2.7033939e0 9.769822e0 9.769822e0
1.4917201e0 2.7033939e0 9.778716e0 9.778716e0
1.5256001e0 2.7033939e0 9.787974e0 9.787974e0
1.5594801e0 2.7033939e0 9.797468e0 9.797468e0
1.5933601e0 2.7033939e0 9.8072742e0 9.8072742e0
1.6272401e0 2.7033939e0 9.8172769e0 9.8172769e0
1.6611201e0 2.7033939e0 9.8275531e0 9.8275531e0
1.6950002e0 2.7033939e0 9.8379608e0 9.8379608e0
1.7288802e0 2.7033939e0 9.8485925e0 9.8485925e0
1.7627602e0 2.7033939e0 9.8594112e0 9.8594112e0
1.7966402e0 2.7033939e0 9.8703432e0 9.8703432e0
1.8305202e0 2.7033939e0 9.8815022e0 9.8815022e0
1.8644002e0 2.7033939e0 9.892695e0 9.892695e0
1.8982802e0 2.7033939e0 9.9041435e0 9.9041435e0
1.9321602e0 2.7033939e0 9.9155647e0 9.9155647e0
1.9660402e0 2.7033939e0 9.9271938e0 9.9271938e0
1.9999202e0 2.7033939e0 9.9388351e0 9.9388351e0

1.0e-3 2.7754279e0 3.4841046e1 3.4841046e1
3.4880005e-2 2.7754279e0 1.6613774e1 1.6613774e1
6.876001e-2 2.7754279e0 1.4566106e1 1.4566106e1
1.0264001e-1 2.7754279e0 1.3573882e1 1.3573882e1
1.3652002e-1 2.7754279e0 1.296516e1 1.296516e1
1.7040002e-1 2.7754279e0 1.2548422e1 1.2548422e1
2.0428003e-1 2.7754279e0 1.2243874e1 1.2243874e1
2.3816003e-1 2.7754279e0 1.2011908e1 1.2011908e1
2.7204004e-1 2.7754279e0 1.1829947e1 1.1829947e1
3.0592004e-1 2.7754279e0 1.1684013e1 1.1684013e1
3.3980005e-1 2.7754279e0 1.1565201e1 1.1565201e1
3.7368005e-1 2.7754279e0 1.14671e1 1.14671e1
4.0756006e-1 2.7754279e0 1.1385365e1 1.1385365e1
4.4144006e-1 2.7754279e0 1.1316898e1 1.1316898e1
4.7532007e-1 2.7754279e0 1.1259152e1 1.1259152e1
5.0920007e-1 2.7754279e0 1.1210312e1 1.1210312e1
5.4308008e-1 2.7754279e0 1.1168925e1 1.1168925e1
5.7696008e-1 2.7754279e0 1.1133818e1 1.1133818e1
6.1084009e-1 2.7754279e0 1.110405e1 1.110405e1
6.447201e-1 2.7754279e0 1.107887e1 1.107887e1
6.786001e-1 2.7754279e0 1.1057735e1 1.1057735e1
7.124801e-1 2.7754279e0 1.1040038e1 1.1040038e1
7.463601e-1 2.7754279e0 1.1025348e1 1.1025348e1
7.8024011e-1 2.7754279e0 1.1013387e1 1.1013387e1
8.1412012e-1 2.7754279e0 1.100369e1 1.100369e1
8.4800012e-1 2.7754279e0 1.0996136e1 1.0996136e1
8.8188013e-1 2.7754279e0 1.0990443e1 1.0990443e1
9.1576013e-1 2.7754279e0 1.0986415e1 1.0986415e1
9.4964014e-1 2.7754279e0 1.0983876e1 1.0983876e1
9.8352014e-1 2.7754279e0 1.0982678e1 1.0982678e1
1.0174e0 2.7754279e0 1.0982689e1 1.0982689e1
1.05128e0 2.7754279e0 1.0983789e1 1.0983789e1
1.08516e0 2.7754279e0 1.0985876e1 1.0985876e1
1.11904e0 2.7754279e0 1.0988861e1 1.0988861e1
1.15292e0 2.7754279e0 1.099266e1 1.099266e1
1.1868001e0 2.7754279e0 1.0997203e1 1.0997203e1
1.2206801e0 2.7754279e0 1.1002414e1 1.1002414e1
1.2545601e0 2.7754279e0 1.100825e1 1.100825e1
1.2884401e0 2.7754279e0 1.1014645e1 1.1014645e1
1.3223201e0 2.7754279e0 1.102157e1 1.102157e1
1.3562001e0 2.7754279e0 1.1028943e1 1.1028943e1
1.3900801e0 2.7754279e0 1.1036775e1 1.1036775e1
1.4239601e0 2.7754279e0 1.1044989e1 1.1044989e1
1.4578401e0 2.7754279e0 1.1053583e1 1.1053583e1
1.4917201e0 2.7754279e0 1.1062476e1 1.1062476e1
1.5256001e0 2.7754279e0 1.1071735e1 1.1071735e1
1.5594801e0 2.7754279e0 1.1081229e1 1.1081229e1
1.5933601e0 2.7754279e0 1.1091034e1 1.1091034e1
1.6272401e0 2.7754279e0 1.1101038e1 1.1101038e1
1.6611201e0 2.7754279e0 1.1111313e1 1.1111313e1
1.6950002e0 2.7754279e0 1.1121721e1 1.1121721e1
1.7288802e0 2.7754279e0 1.1132353e1 1.1132353e1
1.7627602e0 2.7754279e0 1.1143172e1 1.1143172e1
1.7966402e0 2.7754279e0 1.1154103e1 1.1154103e1
1.8305202e0 2.7754279e0 1.1165262e1 1.1165262e1
1.8644002e0 2.7754279e0 1.1176456e1 1.1176456e1
1.8982802e0 2.7754279e0 1.1187904e1 1.1187904e1
1.9321602e0 2.7754279e0 1.1199326e1 1.1199326e1
1.9660402e0 2.7754279e0 1.1210954e1 1.1210954e1
1.9999202e0 2.7754279e0 1.1222595e1 1.1222595e1

1.0e-3 2.8474619e0 3.6239575e1 3.6239575e1
3.4880005e-2 2.8474619e0 1.8012303e1 1.8012303e1
6.876001e-2 2.8474619e0 1.5964635e1 1.5964635e1
1.0264001e-1 2.8474619e0 1.497241e1 1.497241e1
1.3652002e-1 2.8474619e0 1.4363689e1 1.4363689e1
1.7040002e-1 2.8474619e0 1.3946951e1 1.3946951e1
2.0428003e-1 2.8474619e0 1.3642403e1 1.3642403e1
2.3816003e-1 2.8474619e0 1.3410437e1 1.3410437e1
2.7204004e-1 2.8474619e0 1.3228476e1 1.3228476e1
3.0592004e-1 2.8474619e0 1.3082542e1 1.3082542e1
3.3980005e-1 2.8474619e0 1.296373e1 1.296373e1
3.7368005e-1 2.8474619e0 1.286563e1 1.286563e1
4.0756006e-1 2.8474619e0 1.2783894e1 1.2783894e1
4.4144006e-1 2.8474619e0 1.2715427e1 1.2715427e1
4.7532007e-1 2.8474619e0 1.2657681e1 1.2657681e1
5.0920007e-1 2.8474619e0 1.2608841e1 1.2608841e1
5.4308008e-1 2.8474619e0 1.2567455e1 1.2567455e1
5.7696008e-1 2.8474619e0 1.2532347e1 1.2532347e1
6.1084009e-1 2.8474619e0 1.2502579e1 1.2502579e1
6.447201e-1 2.8474619e0 1.2477399e1 1.2477399e1
6.786001e-1 2.8474619e0 1.2456264e1 1.2456264e1
7.124801e-1 2.8474619e0 1.2438567e1 1.2438567e1
7.463601e-1 2.8474619e0 1.2423877e1 1.2423877e1
7.8024011e-1 2.8474619e0 1.2411916e1 1.2411916e1
8.1412012e-1 2.8474619e0 1.2402219e1 1.2402219e1
8.4800012e-1 2.8474619e0 1.2394666e1 1.2394666e1
8.8188013e-1 2.8474619e0 1.2388972e1 1.2388972e1
9.1576013e-1 2.8474619e0 1.2384944e1 1.2384944e1
9.4964014e-1 2.8474619e0 1.2382405e1 1.2382405e1
9.8352014e-1 2.8474619e0 1.2381207e1 1.2381207e1
1.0174e0 2.8474619e0 1.2381218e1 1.2381218e1
1.05128e0 2.8474619e0 1.2382318e1 1.2382318e1
1.08516e0 2.8474619e0 1.2384406e1 1.2384406e1
1.11904e0 2.8474619e0 1.238739e1 1.238739e1
1.15292e0 2.8474619e0 1.239119e1 1.239119e1
1.1868001e0 2.8474619e0 1.2395732e1 1.2395732e1
1.2206801e0 2.8474619e0 1.2400943e1 1.2400943e1
1.2545601e0 2.8474619e0 1.240678e1 1.240678e1
1.2884401e0 2.8474619e0 1.2413174e1 1.2413174e1
1.3223201e0 2.8474619e0 1.2420099e1 1.2420099e1
1.3562001e0 2.8474619e0 1.2427472e1 1.2427472e1
1.3900801e0 2.8474619e0 1.2435304e1 1.2435304e1
1.4239601e0 2.8474619e0 1.2443518e1 1.2443518e1
1.4578401e0 2.8474619e0 1.2452112e1 1.2452112e1
1.4917201e0 2.8474619e0 1.2461005e1 1.2461005e1
1.5256001e0 2.8474619e0 1.2470264e1 1.2470264e1
1.5594801e0 2.8474619e0 1.2479758e1 1.2479758e1
1.5933601e0 2.8474619e0 1.2489563e1 1.2489563e1
1.6272401e0 2.8474619e0 1.2499567e1 1.2499567e1
1.6611201e0 2.8474619e0 1.2509842e1 1.2509842e1
1.6950002e0 2.8474619e0 1.252025e1 1.252025e1
1.7288802e0 2.8474619e0 1.2530882e1 1.2530882e1
1.7627602e0 2.8474619e0 1.25417e1 1.25417e1
1.7966402e0 2.8474619e0 1.2552632e1 1.2552632e1
1.8305202e0 2.8474619e0 1.2563791e1 1.2563791e1
1.8644002e0 2.8474619e0 1.2574985e1 1.2574985e1
1.8982802e0 2.8474619e0 1.2586433e1 1.2586433e1
1.9321602e0 2.8474619e0 1.2597855e1 1.2597855e1
1.9660402e0 2.8474619e0 1.2609483e1 1.2609483e1
1.9999202e0 2.8474619e0 1.2621124e1 1.2621124e1

1.0e-3 2.9194958e0 3.7759114e1 3.7759114e1
3.4880005e-2 2.9194958e0 1.9531842e1 1.9531842e1
6.876001e-2 2.9194958e0 1.7484174e1 1.7484174e1
1.0264001e-1 2.9194958e0 1.649195e1 1.649195e1
1.3652002e-1 2.9194958e0 1.5883228e1 1.5883228e1
1.7040002e-1 2.9194958e0 1.546649e1 1.546649e1
2.0428003e-1 2.9194958e0 1.5161942e1 1.5161942e1
2.3816003e-1 2.9194958e0 1.4929976e1 1.4929976e1
2.7204004e-1 2.9194958e0 1.4748015e1 1.4748015e1
3.0592004e-1 2.9194958e0 1.4602081e1 1.4602081e1
3.3980005e-1 2.9194958e0 1.4483269e1 1.4483269e1
3.7368005e-1 2.9194958e0 1.4385168e1 1.4385168e1
4.0756006e-1 2.9194958e0 1.4303433e1 1.4303433e1
4.4144006e-1 2.9194958e0 1.4234966e1 1.4234966e1
4.7532007e-1 2.9194958e0 1.417722e1 1.417722e1
5.0920007e-1 2.9194958e0 1.412838e1 1.412838e1
5.4308008e-1 2.9194958e0 1.4086993e1 1.4086993e1
5.7696008e-1 2.9194958e0 1.4051886e1 1.4051886e1
6.1084009e-1 2.9194958e0 1.4022118e1 1.4022118e1
6.447201e-1 2.9194958e0 1.3996938e1 1.3996938e1
6.786001e-1 2.9194958e0 1.3975803e1 1.3975803e1
7.124801e-1 2.9194958e0 1.3958105e1 1.3958105e1
7.463601e-1 2.9194958e0 1.3943416e1 1.3943416e1
7.8024011e-1 2.9194958e0 1.3931454e1 1.3931454e1
8.1412012e-1 2.9194958e0 1.3921758e1 1.3921758e1
8.4800012e-1 2.9194958e0 1.3914204e1 1.3914204e1
8.8188013e-1 2.9194958e0 1.3908511e1 1.3908511e1
9.1576013e-1 2.9194958e0 1.3904483e1 1.3904483e1
9.4964014e-1 2.9194958e0 1.3901944e1 1.3901944e1
9.8352014e-1 2.9194958e0 1.3900746e1 1.3900746e1
1.0174e0 2.9194958e0 1.3900757e1 1.3900757e1
1.05128e0 2.9194958e0 1.3901857e1 1.3901857e1
1.08516e0 2.9194958e0 1.3903944e1 1.3903944e1
1.11904e0 2.9194958e0 1.3906929e1 1.3906929e1
1.15292e0 2.9194958e0 1.3910728e1 1.3910728e1
1.1868001e0 2.9194958e0 1.3915271e1 1.3915271e1
1.2206801e0 2.9194958e0 1.3920482e1 1.3920482e1
1.2545601e0 2.9194958e0 1.3926318e1 1.3926318e1
1.2884401e0 2.9194958e0 1.3932713e1 1.3932713e1
1.3223201e0 2.9194958e0 1.3939638e1 1.3939638e1
1.3562001e0 2.9194958e0 1.3947011e1 1.3947011e1
1.3900801e0 2.9194958e0 1.3954843e1 1.3954843e1
1.4239601e0 2.9194958e0 1.3963057e1 1.3963057e1
1.4578401e0 2.9194958e0 1.397165e1 1.397165e1
1.4917201e0 2.9194958e0 1.3980544e1 1.3980544e1
1.5256001e0 2.9194958e0 1.3989803e1 1.3989803e1
1.5594801e0 2.9194958e0 1.3999297e1 1.3999297e1
1.5933601e0 2.9194958e0 1.4009102e1 1.4009102e1
1.6272401e0 2.9194958e0 1.4019106e1 1.4019106e1
1.6611201e0 2.9194958e0 1.4029381e1 1.4029381e1
1.6950002e0 2.9194958e0 1.4039789e1 1.4039789e1
1.7288802e0 2.9194958e0 1.4050421e1 1.4050421e1
1.7627602e0 2.9194958e0 1.406124e1 1.406124e1
1.7966402e0 2.9194958e0 1.4072171e1 1.4072171e1
1.8305202e0 2.9194958e0 1.408333e1 1.408333e1
1.8644002e0 2.9194958e0 1.4094524e1 1.4094524e1
1.8982802e0 2.9194958e0 1.4105972e1 1.4105972e1
1.9321602e0 2.9194958e0 1.4117393e1 1.4117393e1
1.9660402e0 2.9194958e0 1.4129022e1 1.4129022e1
1.9999202e0 2.9194958e0 1.4140663e1 1.4140663e1

1.0e-3 2.9915298e0 3.9406158e1 3.9406158e1
3.4880005e-2 2.9915298e0 2.1178886e1 2.1178886e1
6.876001e-2 2.9915298e0 1.9131218e1 1.9131218e1
1.0264001e-1 2.9915298e0 1.8138994e1 1.8138994e1
1.3652002e-1 2.9915298e0 1.7530272e1 1.7530272e1
1.7040002e-1 2.9915298e0 1.7113535e1 1.7113535e1
2.0428003e-1 2.9915298e0 1.6808986e1 1.6808986e1
2.3816003e-1 2.9915298e0 1.657702e1 1.657702e1
2.7204004e-1 2.9915298e0 1.6395059e1 1.6395059e1
3.0592004e-1 2.9915298e0 1.6249126e1 1.6249126e1
3.3980005e-1 2.9915298e0 1.6130313e1 1.6130313e1
3.7368005e-1 2.9915298e0 1.6032213e1 1.6032213e1
4.0756006e-1 2.9915298e0 1.5950478e1 1.5950478e1
4.4144006e-1 2.9915298e0 1.588201e1 1.588201e1
4.7532007e-1 2.9915298e0 1.5824265e1 1.5824265e1
5.0920007e-1 2.9915298e0 1.5775424e1 1.5775424e1
5.4308008e-1 2.9915298e0 1.5734038e1 1.5734038e1
5.7696008e-1 2.9915298e0 1.569893e1 1.569893e1
6.1084009e-1 2.9915298e0 1.5669162e1 1.5669162e1
6.447201e-1 2.9915298e0 1.5643982e1 1.5643982e1
6.786001e-1 2.9915298e0 1.5622847e1 1.5622847e1
7.124801e-1 2.9915298e0 1.560515e1 1.560515e1
7.463601e-1 2.9915298e0 1.559046e1 1.559046e1
7.8024011e-1 2.9915298e0 1.5578499e1 1.5578499e1
8.1412012e-1 2.9915298e0 1.5568802e1 1.5568802e1
8.4800012e-1 2.9915298e0 1.5561249e1 1.5561249e1
8.8188013e-1 2.9915298e0 1.5555556e1 1.5555556e1
9.1576013e-1 2.9915298e0 1.5551527e1 1.5551527e1
9.4964014e-1 2.9915298e0 1.5548988e1 1.5548988e1
9.8352014e-1 2.9915298e0 1.554779e1 1.554779e1
1.0174e0 2.9915298e0 1.5547801e1 1.5547801e1
1.05128e0 2.9915298e0 1.5548901e1 1.5548901e1
1.08516e0 2.9915298e0 1.5550989e1 1.5550989e1
1.11904e0 2.9915298e0 1.5553973e1 1.5553973e1
1.15292e0 2.9915298e0 1.5557773e1 1.5557773e1
1.1868001e0 2.9915298e0 1.5562315e1 1.5562315e1
1.2206801e0 2.9915298e0 1.5567526e1 1.5567526e1
1.2545601e0 2.9915298e0 1.5573363e1 1.5573363e1
1.2884401e0 2.9915298e0 1.5579758e1 1.5579758e1
1.3223201e0 2.9915298e0 1.5586682e1 1.5586682e1
1.3562001e0 2.9915298e0 1.5594055e1 1.5594055e1
1.3900801e0 2.9915298e0 1.5601888e1 1.5601888e1
1.4239601e0 2.9915298e0 1.5610101e1 1.5610101e1
1.4578401e0 2.9915298e0 1.5618695e1 1.5618695e1
1.4917201e0 2.9915298e0 1.5627588e1 1.5627588e1
1.5256001e0 2.9915298e0 1.5636847e1 1.5636847e1
1.5594801e0 2.9915298e0 1.5646341e1 1.5646341e1
1.5933601e0 2.9915298e0 1.5656146e1 1.5656146e1
1.6272401e0 2.9915298e0 1.566615e1 1.566615e1
1.6611201e0 2.9915298e0 1.5676425e1 1.5676425e1
1.6950002e0 2.9915298e0 1.5686833e1 1.5686833e1
1.7288802e0 2.9915298e0 1.5697466e1 1.5697466e1
1.7627602e0 2.9915298e0 1.5708284e1 1.5708284e1
1.7966402e0 2.9915298e0 1.5719215e1 1.5719215e1
1.8305202e0 2.9915298e0 1.5730374e1 1.5730374e1
1.8644002e0 2.9915298e0 1.5741568e1 1.5741568e1
1.8982802e0 2.9915298e0 1.5753017e1 1.5753017e1
1.9321602e0 2.9915298e0 1.5764438e1 1.5764438e1
1.9660402e0 2.9915298e0 1.5776067e1 1.5776067e1
1.9999202e0 2.9915298e0 1.5787708e1 1.5787708e1

1.0e-3 3.0635638e0 4.1187329e1 4.1187329e1
3.4880005e-2 3.0635638e0 2.2960057e1 2.2960057e1
6.876001e-2 3.0635638e0 2.0912389e1 2.0912389e1
1.0264001e-1 3.0635638e0 1.9920164e1 1.9920164e1
1.3652002e-1 3.0635638e0 1.9311443e1 1.9311443e1
1.7040002e-1 3.0635638e0 1.8894705e1 1.8894705e1
2.0428003e-1 3.0635638e0 1.8590157e1 1.8590157e1
2.3816003e-1 3.0635638e0 1.8358191e1 1.8358191e1
2.7204004e-1 3.0635638e0 1.817623e1 1.817623e1
3.0592004e-1 3.0635638e0 1.8030296e1 1.8030296e1
3.3980005e-1 3.0635638e0 1.7911484e1 1.7911484e1
3.7368005e-1 3.0635638e0 1.7813383e1 1.7813383e1
4.0756006e-1 3.0635638e0 1.7731648e1 1.7731648e1
4.4144006e-1 3.0635638e0 1.766318e1 1.766318e1
4.7532007e-1 3.0635638e0 1.7605435e1 1.7605435e1
5.0920007e-1 3.0635638e0 1.7556595e1 1.7556595e1
5.4308008e-1 3.0635638e0 1.7515208e1 1.7515208e1
5.7696008e-1 3.0635638e0 1.7480101e1 1.7480101e1
6.1084009e-1 3.0635638e0 1.7450333e1 1.7450333e1
6.447201e-1 3.0635638e0 1.7425153e1 1.7425153e1
6.786001e-1 3.0635638e0 1.7404018e1 1.7404018e1
7.124801e-1 3.0635638e0 1.738632e1 1.738632e1
7.463601e-1 3.0635638e0 1.7371631e1 1.7371631e1
7.8024011e-1 3.0635638e0 1.735967e1 1.735967e1
8.1412012e-1 3.0635638e0 1.7349973e1 1.7349973e1
8.4800012e-1 3.0635638e0 1.734242e1 1.734242e1
8.8188013e-1 3.0635638e0 1.7336726e1 1.7336726e1
9.1576013e-1 3.0635638e0 1.7332698e1 1.7332698e1
9.4964014e-1 3.0635638e0 1.7330159e1 1.7330159e1
9.8352014e-1 3.0635638e0 1.7328961e1 1.7328961e1
1.0174e0 3.0635638e0 1.7328972e1 1.7328972e1
1.05128e0 3.0635638e0 1.7330072e1 1.7330072e1
1.08516e0 3.0635638e0 1.733216e1 1.733216e1
1.11904e0 3.0635638e0 1.7335144e1 1.7335144e1
1.15292e0 3.0635638e0 1.7338943e1 1.7338943e1
1.1868001e0 3.0635638e0 1.7343486e1 1.7343486e1
1.2206801e0 3.0635638e0 1.7348697e1 1.7348697e1
1.2545601e0 3.0635638e0 1.7354533e1 1.7354533e1
1.2884401e0 3.0635638e0 1.7360928e1 1.7360928e1
1.3223201e0 3.0635638e0 1.7367853e1 1.7367853e1
1.3562001e0 3.0635638e0 1.7375226e1 1.7375226e1
1.3900801e0 3.0635638e0 1.7383058e1 1.7383058e1
1.4239601e0 3.0635638e0 1.7391272e1 1.7391272e1
1.4578401e0 3.0635638e0 1.7399866e1 1.7399866e1
1.4917201e0 3.0635638e0 1.7408759e1 1.7408759e1
1.5256001e0 3.0635638e0 1.7418018e1 1.7418018e1
1.5594801e0 3.0635638e0 1.7427512e1 1.7427512e1
1.5933601e0 3.0635638e0 1.7437317e1 1.7437317e1
1.6272401e0 3.0635638e0 1.744732e1 1.744732e1
1.6611201e0 3.0635638e0 1.7457596e1 1.7457596e1
1.6950002e0 3.0635638e0 1.7468004e1 1.7468004e1
1.7288802e0 3.0635638e0 1.7478636e1 1.7478636e1
1.7627602e0 3.0635638e0 1.7489455e1 1.7489455e1
1.7966402e0 3.0635638e0 1.7500386e1 1.7500386e1
1.8305202e0 3.0635638e0 1.7511545e1 1.7511545e1
1.8644002e0 3.0635638e0 1.7522739e1 1.7522739e1
1.8982802e0 3.0635638e0 1.7534187e1 1.7534187e1
1.9321602e0 3.0635638e0 1.7545609e1 1.7545609e1
1.9660402e0 3.0635638e0 1.7557237e1 1.7557237e1
1.9999202e0 3.0635638e0 1.7568878e1 1.7568878e1

1.0e-3 3.1355978e0 4.310943e1 4.310943e1
3.4880005e-2 3.1355978e0 2.4882158e1 2.4882158e1
6.876001e-2 3.1355978e0 2.283449e1 2.283449e1
1.0264001e-1 3.1355978e0 2.1842265e1 2.1842265e1
1.3652002e-1 3.1355978e0 2.1233543e1 2.1233543e1
1.7040002e-1 3.1355978e0 2.0816806e1 2.0816806e1
2.0428003e-1 3.1355978e0 2.0512257e1 2.0512257e1
2.3816003e-1 3.1355978e0 2.0280292e1 2.0280292e1
2.7204004e-1 3.1355978e0 2.009833e1 2.009833e1
3.0592004e-1 3.1355978e0 1.9952397e1 1.9952397e1
3.3980005e-1 3.1355978e0 1.9833585e1 1.9833585e1
3.7368005e-1 3.1355978e0 1.9735484e1 1.9735484e1
4.0756006e-1 3.1355978e0 1.9653749e1 1.9653749e1
4.4144006e-1 3.1355978e0 1.9585281e1 1.9585281e1
4.7532007e-1 3.1355978e0 1.9527536e1 1.9527536e1
5.0920007e-1 3.1355978e0 1.9478696e1 1.9478696e1
5.4308008e-1 3.1355978e0 1.943731e1 1.943731e1
5.7696008e-1 3.1355978e0 1.9402202e1 1.9402202e1
6.1084009e-1 3.1355978e0 1.9372433e1 1.9372433e1
6.447201e-1 3.1355978e0 1.9347253e1 1.9347253e1
6.786001e-1 3.1355978e0 1.9326118e1 1.9326118e1
7.124801e-1 3.1355978e0 1.9308421e1 1.9308421e1
7.463601e-1 3.1355978e0 1.9293732e1 1.9293732e1
7.8024011e-1 3.1355978e0 1.928177e1 1.928177e1
8.1412012e-1 3.1355978e0 1.9272073e1 1.9272073e1
8.4800012e-1 3.1355978e0 1.926452e1 1.926452e1
8.8188013e-1 3.1355978e0 1.9258827e1 1.9258827e1
9.1576013e-1 3.1355978e0 1.9254799e1 1.9254799e1
9.4964014e-1 3.1355978e0 1.925226e1 1.925226e1
9.8352014e-1 3.1355978e0 1.9251062e1 1.9251062e1
1.0174e0 3.1355978e0 1.9251073e1 1.9251073e1
1.05128e0 3.1355978e0 1.9252173e1 1.9252173e1
1.08516e0 3.1355978e0 1.925426e1 1.925426e1
1.11904e0 3.1355978e0 1.9257245e1 1.9257245e1
1.15292e0 3.1355978e0 1.9261044e1 1.9261044e1
1.1868001e0 3.1355978e0 1.9265587e1 1.9265587e1
1.2206801e0 3.1355978e0 1.9270798e1 1.9270798e1
1.2545601e0 3.1355978e0 1.9276634e1 1.9276634e1
1.2884401e0 3.1355978e0 1.9283029e1 1.9283029e1
1.3223201e0 3.1355978e0 1.9289954e1 1.9289954e1
1.3562001e0 3.1355978e0 1.9297327e1 1.9297327e1
1.3900801e0 3.1355978e0 1.9305159e1 1.9305159e1
1.4239601e0 3.1355978e0 1.9313373e1 1.9313373e1
1.4578401e0 3.1355978e0 1.9321967e1 1.9321967e1
1.4917201e0 3.1355978e0 1.933086e1 1.933086e1
1.5256001e0 3.1355978e0 1.9340118e1 1.9340118e1
1.5594801e0 3.1355978e0 1.9349612e1 1.9349612e1
1.5933601e0 3.1355978e0 1.9359418e1 1.9359418e1
1.6272401e0 3.1355978e0 1.9369421e1 1.9369421e1
1.6611201e0 3.1355978e0 1.9379697e1 1.9379697e1
1.6950002e0 3.1355978e0 1.9390105e1 1.9390105e1
1.7288802e0 3.1355978e0 1.9400737e1 1.9400737e1
1.7627602e0 3.1355978e0 1.9411555e1 1.9411555e1
1.7966402e0 3.1355978e0 1.9422487e1 1.9422487e1
1.8305202e0 3.1355978e0 1.9433646e1 1.9433646e1
1.8644002e0 3.1355978e0 1.944484e1 1.944484e1
1.8982802e0 3.1355978e0 1.9456288e1 1.9456288e1
1.9321602e0 3.1355978e0 1.946771e1 1.946771e1
1.9660402e0 3.1355978e0 1.9479338e1 1.9479338e1
1.9999202e0 3.1355978e0 1.9490979e1 1.9490979e1

1.0e-3 3.2076318e0 4.5179468e1 4.5179468e1
3.4880005e-2 3.2076318e0 2.6952196e1 2.6952196e1
6.876001e-2 3.2076318e0 2.4904527e1 2.4904527e1
1.0264001e-1 3.2076318e0 2.3912303e1 2.3912303e1
1.3652002e-1 3.2076318e0 2.3303581e1 2.3303581e1
1.7040002e-1 3.2076318e0 2.2886844e1 2.2886844e1
2.0428003e-1 3.2076318e0 2.2582295e1 2.2582295e1
2.3816003e-1 3.2076318e0 2.235033e1 2.235033e1
2.7204004e-1 3.2076318e0 2.2168369e1 2.2168369e1
3.0592004e-1 3.2076318e0 2.2022435e1 2.2022435e1
3.3980005e-1 3.2076318e0 2.1903622e1 2.1903622e1
3.7368005e-1 3.2076318e0 2.1805522e1 2.1805522e1
4.0756006e-1 3.2076318e0 2.1723787e1 2.1723787e1
4.4144006e-1 3.2076318e0 2.1655319e1 2.1655319e1
4.7532007e-1 3.2076318e0 2.1597574e1 2.1597574e1
5.0920007e-1 3.2076318e0 2.1548734e1 2.1548734e1
5.4308008e-1 3.2076318e0 2.1507347e1 2.1507347e1
5.7696008e-1 3.2076318e0 2.147224e1 2.147224e1
6.1084009e-1 3.2076318e0 2.1442471e1 2.1442471e1
6.447201e-1 3.2076318e0 2.1417291e1 2.1417291e1
6.786001e-1 3.2076318e0 2.1396156e1 2.1396156e1
7.124801e-1 3.2076318e0 2.1378459e1 2.1378459e1
7.463601e-1 3.2076318e0 2.136377e1 2.136377e1
7.8024011e-1 3.2076318e0 2.1351808e1 2.1351808e1
8.1412012e-1 3.2076318e0 2.1342111e1 2.1342111e1
8.4800012e-1 3.2076318e0 2.1334558e1 2.1334558e1
8.8188013e-1 3.2076318e0 2.1328865e1 2.1328865e1
9.1576013e-1 3.2076318e0 2.1324837e1 2.1324837e1
9.4964014e-1 3.2076318e0 2.1322298e1 2.1322298e1
9.8352014e-1 3.2076318e0 2.13211e1 2.13211e1
1.0174e0 3.2076318e0 2.132111e1 2.132111e1
1.05128e0 3.2076318e0 2.132221e1 2.132221e1
1.08516e0 3.2076318e0 2.1324298e1 2.1324298e1
1.11904e0 3.2076318e0 2.1327283e1 2.1327283e1
1.15292e0 3.2076318e0 2.1331082e1 2.1331082e1
1.1868001e0 3.2076318e0 2.1335625e1 2.1335625e1
1.2206801e0 3.2076318e0 2.1340836e1 2.1340836e1
1.2545601e0 3.2076318e0 2.1346672e1 2.1346672e1
1.2884401e0 3.2076318e0 2.1353067e1 2.1353067e1
1.3223201e0 3.2076318e0 2.1359991e1 2.1359991e1
1.3562001e0 3.2076318e0 2.1367365e1 2.1367365e1
1.3900801e0 3.2076318e0 2.1375197e1 2.1375197e1
1.4239601e0 3.2076318e0 2.138341e1 2.138341e1
1.4578401e0 3.2076318e0 2.1392004e1 2.1392004e1
1.4917201e0 3.2076318e0 2.1400897e1 2.1400897e1
1.5256001e0 3.2076318e0 2.1410156e1 2.1410156e1
1.5594801e0 3.2076318e0 2.141965e1 2.141965e1
1.5933601e0 3.2076318e0 2.1429456e1 2.1429456e1
1.6272401e0 3.2076318e0 2.1439459e1 2.1439459e1
1.6611201e0 3.2076318e0 2.1449734e1 2.1449734e1
1.6950002e0 3.2076318e0 2.1460143e1 2.1460143e1
1.7288802e0 3.2076318e0 2.1470775e1 2.1470775e1
1.7627602e0 3.2076318e0 2.1481593e1 2.1481593e1
1.7966402e0 3.2076318e0 2.1492525e1 2.1492525e1
1.8305202e0 3.2076318e0 2.1503683e1 2.1503683e1
1.8644002e0 3.2076318e0 2.1514877e1 2.1514877e1
1.8982802e0 3.2076318e0 2.1526326e1 2.1526326e1
1.9321602e0 3.2076318e0 2.1537747e1 2.1537747e1
1.9660402e0 3.2076318e0 2.1549376e1 2.1549376e1
1.9999202e0 3.2076318e0 2.1561017e1 2.1561017e1

1.0e-3 3.2796658e0 4.7404416e1 4.7404416e1
3.4880005e-2 3.2796658e0 2.9177144e1 2.9177144e1
6.876001e-2 3.2796658e0 2.7129475e1 2.7129475e1
1.0264001e-1 3.2796658e0 2.6137251e1 2.6137251e1
1.3652002e-1 3.2796658e0 2.552853e1 2.552853e1
1.7040002e-1 3.2796658e0 2.5111792e1 2.5111792e1
2.0428003e-1 3.2796658e0 2.4807243e1 2.4807243e1
2.3816003e-1 3.2796658e0 2.4575278e1 2.4575278e1
2.7204004e-1 3.2796658e0 2.4393317e1 2.4393317e1
3.0592004e-1 3.2796658e0 2.4247383e1 2.4247383e1
3.3980005e-1 3.2796658e0 2.412857e1 2.412857e1
3.7368005e-1 3.2796658e0 2.403047e1 2.403047e1
4.0756006e-1 3.2796658e0 2.3948735e1 2.3948735e1
4.4144006e-1 3.2796658e0 2.3880267e1 2.3880267e1
4.7532007e-1 3.2796658e0 2.3822522e1 2.3822522e1
5.0920007e-1 3.2796658e0 2.3773682e1 2.3773682e1
5.4308008e-1 3.2796658e0 2.3732295e1 2.3732295e1
5.7696008e-1 3.2796658e0 2.3697188e1 2.3697188e1
6.1084009e-1 3.2796658e0 2.366742e1 2.366742e1
6.447201e-1 3.2796658e0 2.364224e1 2.364224e1
6.786001e-1 3.2796658e0 2.3621104e1 2.3621104e1
7.124801e-1 3.2796658e0 2.3603407e1 2.3603407e1
7.463601e-1 3.2796658e0 2.3588718e1 2.3588718e1
7.8024011e-1 3.2796658e0 2.3576756e1 2.3576756e1
8.1412012e-1 3.2796658e0 2.356706e1 2.356706e1
8.4800012e-1 3.2796658e0 2.3559506e1 2.3559506e1
8.8188013e-1 3.2796658e0 2.3553813e1 2.3553813e1
9.1576013e-1 3.2796658e0 2.3549785e1 2.3549785e1
9.4964014e-1 3.2796658e0 2.3547246e1 2.3547246e1
9.8352014e-1 3.2796658e0 2.3546048e1 2.3546048e1
1.0174e0 3.2796658e0 2.3546059e1 2.3546059e1
1.05128e0 3.2796658e0 2.3547159e1 2.3547159e1
1.08516e0 3.2796658e0 2.3549246e1 2.3549246e1
1.11904e0 3.2796658e0 2.3552231e1 2.3552231e1
1.15292e0 3.2796658e0 2.355603e1 2.355603e1
1.1868001e0 3.2796658e0 2.3560573e1 2.3560573e1
1.2206801e0 3.2796658e0 2.3565784e1 2.3565784e1
1.2545601e0 3.2796658e0 2.357162e1 2.357162e1
1.2884401e0 3.2796658e0 2.3578015e1 2.3578015e1
1.3223201e0 3.2796658e0 2.358494e1 2.358494e1
1.3562001e0 3.2796658e0 2.3592313e1 2.3592313e1
1.3900801e0 3.2796658e0 2.3600145e1 2.3600145e1
1.4239601e0 3.2796658e0 2.3608359e1 2.3608359e1
1.4578401e0 3.2796658e0 2.3616953e1 2.3616953e1
1.4917201e0 3.2796658e0 2.3625845e1 2.3625845e1
1.5256001e0 3.2796658e0 2.3635104e1 2.3635104e1
1.5594801e0 3.2796658e0 2.3644598e1 2.3644598e1
1.5933601e0 3.2796658e0 2.3654404e1 2.3654404e1
1.6272401e0 3.2796658e0 2.3664407e1 2.3664407e1
1.6611201e0 3.2796658e0 2.3674683e1 2.3674683e1
1.6950002e0 3.2796658e0 2.368509e1 2.368509e1
1.7288802e0 3.2796658e0 2.3695723e1 2.3695723e1
1.7627602e0 3.2796658e0 2.3706541e1 2.3706541e1
1.7966402e0 3.2796658e0 2.3717473e1 2.3717473e1
1.8305202e0 3.2796658e0 2.3728632e1 2.3728632e1
1.8644002e0 3.2796658e0 2.3739825e1 2.3739825e1
1.8982802e0 3.2796658e0 2.3751274e1 2.3751274e1
1.9321602e0 3.2796658e0 2.3762695e1 2.3762695e1
1.9660402e0 3.2796658e0 2.3774324e1 2.3774324e1
1.9999202e0 3.2796658e0 2.3785965e1 2.3785965e1

1.0e-3 3.3516998e0 4.9791615e1 4.9791615e1
3.4880005e-2 3.3516998e0 3.1564343e1 3.1564343e1
6.876001e-2 3.3516998e0 2.9516675e1 2.9516675e1
1.0264001e-1 3.3516998e0 2.852445e1 2.852445e1
1.3652002e-1 3.3516998e0 2.7915729e1 2.7915729e1
1.7040002e-1 3.3516998e0 2.7498991e1 2.7498991e1
2.0428003e-1 3.3516998e0 2.7194443e1 2.7194443e1
2.3816003e-1 3.3516998e0 2.6962477e1 2.6962477e1
2.7204004e-1 3.3516998e0 2.6780516e1 2.6780516e1
3.0592004e-1 3.3516998e0 2.6634583e1 2.6634583e1
3.3980005e-1 3.3516998e0 2.651577e1 2.651577e1
3.7368005e-1 3.3516998e0 2.641767e1 2.641767e1
4.0756006e-1 3.3516998e0 2.6335934e1 2.6335934e1
4.4144006e-1 3.3516998e0 2.6267467e1 2.6267467e1
4.7532007e-1 3.3516998e0 2.6209721e1 2.6209721e1
5.0920007e-1 3.3516998e0 2.6160881e1 2.6160881e1
5.4308008e-1 3.3516998e0 2.6119495e1 2.6119495e1
5.7696008e-1 3.3516998e0 2.6084387e1 2.6084387e1
6.1084009e-1 3.3516998e0 2.6054619e1 2.6054619e1
6.447201e-1 3.3516998e0 2.6029439e1 2.6029439e1
6.786001e-1 3.3516998e0 2.6008304e1 2.6008304e1
7.124801e-1 3.3516998e0 2.5990607e1 2.5990607e1
7.463601e-1 3.3516998e0 2.5975917e1 2.5975917e1
7.8024011e-1 3.3516998e0 2.5963956e1 2.5963956e1
8.1412012e-1 3.3516998e0 2.5954259e1 2.5954259e1
8.4800012e-1 3.3516998e0 2.5946706e1 2.5946706e1
8.8188013e-1 3.3516998e0 2.5941013e1 2.5941013e1
9.1576013e-1 3.3516998e0 2.5936984e1 2.5936984e1
9.4964014e-1 3.3516998e0 2.5934445e1 2.5934445e1
9.8352014e-1 3.3516998e0 2.5933247e1 2.5933247e1
1.0174e0 3.3516998e0 2.5933258e1 2.5933258e1
1.05128e0 3.3516998e0 2.5934358e1 2.5934358e1
1.08516e0 3.3516998e0 2.5936446e1 2.5936446e1
1.11904e0 3.3516998e0 2.593943e1 2.593943e1
1.15292e0 3.3516998e0 2.594323e1 2.594323e1
1.1868001e0 3.3516998e0 2.5947772e1 2.5947772e1
1.2206801e0 3.3516998e0 2.5952983e1 2.5952983e1
1.2545601e0 3.3516998e0 2.595882e1 2.595882e1
1.2884401e0 3.3516998e0 2.5965215e1 2.5965215e1
1.3223201e0 3.3516998e0 2.5972139e1 2.5972139e1
1.3562001e0 3.3516998e0 2.5979512e1 2.5979512e1
1.3900801e0 3.3516998e0 2.5987344e1 2.5987344e1
1.4239601e0 3.3516998e0 2.5995558e1 2.5995558e1
1.4578401e0 3.3516998e0 2.6004152e1 2.6004152e1
1.4917201e0 3.3516998e0 2.6013045e1 2.6013045e1
1.5256001e0 3.3516998e0 2.6022304e1 2.6022304e1
1.5594801e0 3.3516998e0 2.6031798e1 2.6031798e1
1.5933601e0 3.3516998e0 2.6041603e1 2.6041603e1
1.6272401e0 3.3516998e0 2.6051607e1 2.6051607e1
1.6611201e0 3.3516998e0 2.6061882e1 2.6061882e1
1.6950002e0 3.3516998e0 2.607229e1 2.607229e1
1.7288802e0 3.3516998e0 2.6082922e1 2.6082922e1
1.7627602e0 3.3516998e0 2.6093741e1 2.6093741e1
1.7966402e0 3.3516998e0 2.6104672e1 2.6104672e1
1.8305202e0 3.3516998e0 2.6115831e1 2.6115831e1
1.8644002e0 3.3516998e0 2.6127025e1 2.6127025e1
1.8982802e0 3.3516998e0 2.6138474e1 2.6138474e1
1.9321602e0 3.3516998e0 2.6149895e1 2.6149895e1
1.9660402e0 3.3516998e0 2.6161523e1 2.6161523e1
1.9999202e0 3.3516998e0 2.6173164e1 2.6173164e1

1.0e-3 3.4237338e0 5.2348581e1 5.2348581e1
3.4880005e-2 3.4237338e0 3.4121309e1 3.4121309e1
6.876001e-2 3.4237338e0 3.207364e1 3.207364e1
1.0264001e-1 3.4237338e0 3.1081416e1 3.1081416e1
1.3652002e-1 3.4237338e0 3.0472694e1 3.0472694e1
1.7040002e-1 3.4237338e0 3.0055957e1 3.0055957e1
2.0428003e-1 3.4237338e0 2.9751408e1 2.9751408e1
2.3816003e-1 3.4237338e0 2.9519443e1 2.9519443e1
2.7204004e-1 3.4237338e0 2.9337482e1 2.9337482e1
3.0592004e-1 3.4237338e0 2.9191548e1 2.9191548e1
3.3980005e-1 3.4237338e0 2.9072736e1 2.9072736e1
3.7368005e-1 3.4237338e0 2.8974635e1 2.8974635e1
4.0756006e-1 3.4237338e0 2.88929e1 2.88929e1
4.4144006e-1 3.4237338e0 2.8824432e1 2.8824432e1
4.7532007e-1 3.4237338e0 2.8766687e1 2.8766687e1
5.0920007e-1 3.4237338e0 2.8717847e1 2.8717847e1
5.4308008e-1 3.4237338e0 2.867646e1 2.867646e1
5.7696008e-1 3.4237338e0 2.8641353e1 2.8641353e1
6.1084009e-1 3.4237338e0 2.8611584e1 2.8611584e1
6.447201e-1 3.4237338e0 2.8586404e1 2.8586404e1
6.786001e-1 3.4237338e0 2.856527e1 2.856527e1
7.124801e-1 3.4237338e0 2.8547572e1 2.8547572e1
7.463601e-1 3.4237338e0 2.8532883e1 2.8532883e1
7.8024011e-1 3.4237338e0 2.8520921e1 2.8520921e1
8.1412012e-1 3.4237338e0 2.8511224e1 2.8511224e1
8.4800012e-1 3.4237338e0 2.8503671e1 2.8503671e1
8.8188013e-1 3.4237338e0 2.8497978e1 2.8497978e1
9.1576013e-1 3.4237338e0 2.849395e1 2.849395e1
9.4964014e-1 3.4237338e0 2.8491411e1 2.8491411e1
9.8352014e-1 3.4237338e0 2.8490213e1 2.8490213e1
1.0174e0 3.4237338e0 2.8490224e1 2.8490224e1
1.05128e0 3.4237338e0 2.8491324e1 2.8491324e1
1.08516e0 3.4237338e0 2.8493411e1 2.8493411e1
1.11904e0 3.4237338e0 2.8496396e1 2.8496396e1
1.15292e0 3.4237338e0 2.8500195e1 2.8500195e1
1.1868001e0 3.4237338e0 2.8504738e1 2.8504738e1
1.2206801e0 3.4237338e0 2.8509949e1 2.8509949e1
1.2545601e0 3.4237338e0 2.8515785e1 2.8515785e1
1.2884401e0 3.4237338e0 2.852218e1 2.852218e1
1.3223201e0 3.4237338e0 2.8529105e1 2.8529105e1
1.3562001e0 3.4237338e0 2.8536478e1 2.8536478e1
1.3900801e0 3.4237338e0 2.854431e1 2.854431e1
1.4239601e0 3.4237338e0 2.8552524e1 2.8552524e1
1.4578401e0 3.4237338e0 2.8561118e1 2.8561118e1
1.4917201e0 3.4237338e0 2.857001e1 2.857001e1
1.5256001e0 3.4237338e0 2.857927e1 2.857927e1
1.5594801e0 3.4237338e0 2.8588763e1 2.8588763e1
1.5933601e0 3.4237338e0 2.8598569e1 2.8598569e1
1.6272401e0 3.4237338e0 2.8608572e1 2.8608572e1
1.6611201e0 3.4237338e0 2.8618848e1 2.8618848e1
1.6950002e0 3.4237338e0 2.8629256e1 2.8629256e1
1.7288802e0 3.4237338e0 2.8639888e1 2.8639888e1
1.7627602e0 3.4237338e0 2.8650706e1 2.8650706e1
1.7966402e0 3.4237338e0 2.8661638e1 2.8661638e1
1.8305202e0 3.4237338e0 2.8672797e1 2.8672797e1
1.8644002e0 3.4237338e0 2.868399e1 2.868399e1
1.8982802e0 3.4237338e0 2.8695439e1 2.8695439e1
1.9321602e0 3.4237338e0 2.870686e1 2.870686e1
1.9660402e0 3.4237338e0 2.8718489e1 2.8718489e1
1.9999202e0 3.4237338e0 2.873013e1 2.873013e1

1.0e-3 3.4957678e0 5.5082751e1 5.5082751e1
3.4880005e-2 3.4957678e0 3.685548e1 3.685548e1
6.876001e-2 3.4957678e0 3.4807811e1 3.4807811e1
1.0264001e-1 3.4957678e0 3.3815587e1 3.3815587e1
1.3652002e-1 3.4957678e0 3.3206865e1 3.3206865e1
1.7040002e-1 3.4957678e0 3.2790128e1 3.2790128e1
2.0428003e-1 3.4957678e0 3.2485579e1 3.2485579e1
2.3816003e-1 3.4957678e0 3.2253613e1 3.2253613e1
2.7204004e-1 3.4957678e0 3.2071652e1 3.2071652e1
3.0592004e-1 3.4957678e0 3.1925719e1 3.1925719e1
3.3980005e-1 3.4957678e0 3.1806906e1 3.1806906e1
3.7368005e-1 3.4957678e0 3.1708806e1 3.1708806e1
4.0756006e-1 3.4957678e0 3.162707e1 3.162707e1
4.4144006e-1 3.4957678e0 3.1558603e1 3.1558603e1
4.7532007e-1 3.4957678e0 3.1500858e1 3.1500858e1
5.0920007e-1 3.4957678e0 3.1452017e1 3.1452017e1
5.4308008e-1 3.4957678e0 3.1410631e1 3.1410631e1
5.7696008e-1 3.4957678e0 3.1375523e1 3.1375523e1
6.1084009e-1 3.4957678e0 3.1345755e1 3.1345755e1
6.447201e-1 3.4957678e0 3.1320575e1 3.1320575e1
6.786001e-1 3.4957678e0 3.129944e1 3.129944e1
7.124801e-1 3.4957678e0 3.1281743e1 3.1281743e1
7.463601e-1 3.4957678e0 3.1267053e1 3.1267053e1
7.8024011e-1 3.4957678e0 3.1255092e1 3.1255092e1
8.1412012e-1 3.4957678e0 3.1245395e1 3.1245395e1
8.4800012e-1 3.4957678e0 3.1237842e1 3.1237842e1
8.8188013e-1 3.4957678e0 3.1232149e1 3.1232149e1
9.1576013e-1 3.4957678e0 3.122812e1 3.122812e1
9.4964014e-1 3.4957678e0 3.1225581e1 3.1225581e1
9.8352014e-1 3.4957678e0 3.1224384e1 3.1224384e1
1.0174e0 3.4957678e0 3.1224394e1 3.1224394e1
1.05128e0 3.4957678e0 3.1225494e1 3.1225494e1
1.08516e0 3.4957678e0 3.1227582e1 3.1227582e1
1.11904e0 3.4957678e0 3.1230566e1 3.1230566e1
1.15292e0 3.4957678e0 3.1234366e1 3.1234366e1
1.1868001e0 3.4957678e0 3.1238908e1 3.1238908e1
1.2206801e0 3.4957678e0 3.124412e1 3.124412e1
1.2545601e0 3.4957678e0 3.1249956e1 3.1249956e1
1.2884401e0 3.4957678e0 3.125635e1 3.125635e1
1.3223201e0 3.4957678e0 3.1263275e1 3.1263275e1
1.3562001e0 3.4957678e0 3.1270648e1 3.1270648e1
1.3900801e0 3.4957678e0 3.127848e1 3.127848e1
1.4239601e0 3.4957678e0 3.1286694e1 3.1286694e1
1.4578401e0 3.4957678e0 3.1295288e1 3.1295288e1
1.4917201e0 3.4957678e0 3.1304181e1 3.1304181e1
1.5256001e0 3.4957678e0 3.131344e1 3.131344e1
1.5594801e0 3.4957678e0 3.1322934e1 3.1322934e1
1.5933601e0 3.4957678e0 3.133274e1 3.133274e1
1.6272401e0 3.4957678e0 3.1342743e1 3.1342743e1
1.6611201e0 3.4957678e0 3.1353018e1 3.1353018e1
1.6950002e0 3.4957678e0 3.1363426e1 3.1363426e1
1.7288802e0 3.4957678e0 3.1374059e1 3.1374059e1
1.7627602e0 3.4957678e0 3.1384877e1 3.1384877e1
1.7966402e0 3.4957678e0 3.1395808e1 3.1395808e1
1.8305202e0 3.4957678e0 3.1406967e1 3.1406967e1
1.8644002e0 3.4957678e0 3.1418161e1 3.1418161e1
1.8982802e0 3.4957678e0 3.142961e1 3.142961e1
1.9321602e0 3.4957678e0 3.1441031e1 3.1441031e1
1.9660402e0 3.4957678e0 3.145266e1 3.145266e1
1.9999202e0 3.4957678e0 3.14643e1 3.14643e1

1.0e-3 3.5678018e0 5.8002141e1 5.8002141e1
3.4880005e-2 3.5678018e0 3.9774869e1 3.9774869e1
6.876001e-2 3.5678018e0 3.77272e1 3.77272e1
1.0264001e-1 3.5678018e0 3.6734976e1 3.6734976e1
1.3652002e-1 3.5678018e0 3.6126254e1 3.6126254e1
1.7040002e-1 3.5678018e0 3.5709517e1 3.5709517e1
2.0428003e-1 3.5678018e0 3.5404968e1 3.5404968e1
2.3816003e-1 3.5678018e0 3.5173003e1 3.5173003e1
2.7204004e-1 3.5678018e0 3.4991042e1 3.4991042e1
3.0592004e-1 3.5678018e0 3.4845108e1 3.4845108e1
3.3980005e-1 3.5678018e0 3.4726295e1 3.4726295e1
3.7368005e-1 3.5678018e0 3.4628195e1 3.4628195e1
4.0756006e-1 3.5678018e0 3.454646e1 3.454646e1
4.4144006e-1 3.5678018e0 3.4477992e1 3.4477992e1
4.7532007e-1 3.5678018e0 3.4420247e1 3.4420247e1
5.0920007e-1 3.5678018e0 3.4371407e1 3.4371407e1
5.4308008e-1 3.5678018e0 3.433002e1 3.433002e1
5.7696008e-1 3.5678018e0 3.4294913e1 3.4294913e1
6.1084009e-1 3.5678018e0 3.4265144e1 3.4265144e1
6.447201e-1 3.5678018e0 3.4239964e1 3.4239964e1
6.786001e-1 3.5678018e0 3.421883e1 3.421883e1
7.124801e-1 3.5678018e0 3.4201132e1 3.4201132e1
7.463601e-1 3.5678018e0 3.4186443e1 3.4186443e1
7.8024011e-1 3.5678018e0 3.4174481e1 3.4174481e1
8.1412012e-1 3.5678018e0 3.4164784e1 3.4164784e1
8.4800012e-1 3.5678018e0 3.4157231e1 3.4157231e1
8.8188013e-1 3.5678018e0 3.4151538e1 3.4151538e1
9.1576013e-1 3.5678018e0 3.414751e1 3.414751e1
9.4964014e-1 3.5678018e0 3.414497e1 3.414497e1
9.8352014e-1 3.5678018e0 3.4143773e1 3.4143773e1
1.0174e0 3.5678018e0 3.4143784e1 3.4143784e1
1.05128e0 3.5678018e0 3.4144884e1 3.4144884e1
1.08516e0 3.5678018e0 3.4146971e1 3.4146971e1
1.11904e0 3.5678018e0 3.4149956e1 3.4149956e1
1.15292e0 3.5678018e0 3.4153755e1 3.4153755e1
1.1868001e0 3.5678018e0 3.4158298e1 3.4158298e1
1.2206801e0 3.5678018e0 3.4163509e1 3.4163509e1
1.2545601e0 3.5678018e0 3.4169345e1 3.4169345e1
1.2884401e0 3.5678018e0 3.417574e1 3.417574e1
1.3223201e0 3.5678018e0 3.4182664e1 3.4182664e1
1.3562001e0 3.5678018e0 3.4190038e1 3.4190038e1
1.3900801e0 3.5678018e0 3.419787e1 3.419787e1
1.4239601e0 3.5678018e0 3.4206084e1 3.4206084e1
1.4578401e0 3.5678018e0 3.4214677e1 3.4214677e1
1.4917201e0 3.5678018e0 3.422357e1 3.422357e1
1.5256001e0 3.5678018e0 3.423283e1 3.423283e1
1.5594801e0 3.5678018e0 3.4242323e1 3.4242323e1
1.5933601e0 3.5678018e0 3.4252129e1 3.4252129e1
1.6272401e0 3.5678018e0 3.4262132e1 3.4262132e1
1.6611201e0 3.5678018e0 3.4272408e1 3.4272408e1
1.6950002e0 3.5678018e0 3.4282816e1 3.4282816e1
1.7288802e0 3.5678018e0 3.4293448e1 3.4293448e1
1.7627602e0 3.5678018e0 3.4304266e1 3.4304266e1
1.7966402e0 3.5678018e0 3.4315198e1 3.4315198e1
1.8305202e0 3.5678018e0 3.4326357e1 3.4326357e1
1.8644002e0 3.5678018e0 3.433755e1 3.433755e1
1.8982802e0 3.5678018e0 3.4348999e1 3.4348999e1
1.9321602e0 3.5678018e0 3.436042e1 3.436042e1
1.9660402e0 3.5678018e0 3.4372049e1 3.4372049e1
1.9999202e0 3.5678018e0 3.438369e1 3.438369e1

1.0e-3 3.6398358e0 6.111441e1 6.111441e1
3.4880005e-2 3.6398358e0 4.2887138e1 4.2887138e1
6.876001e-2 3.6398358e0 4.083947e1 4.083947e1
1.0264001e-1 3.6398358e0 3.9847246e1 3.9847246e1
1.3652002e-1 3.6398358e0 3.9238524e1 3.9238524e1
1.7040002e-1 3.6398358e0 3.8821786e1 3.8821786e1
2.0428003e-1 3.6398358e0 3.8517238e1 3.8517238e1
2.3816003e-1 3.6398358e0 3.8285272e1 3.8285272e1
2.7204004e-1 3.6398358e0 3.8103311e1 3.8103311e1
3.0592004e-1 3.6398358e0 3.7957378e1 3.7957378e1
3.3980005e-1 3.6398358e0 3.7838565e1 3.7838565e1
3.7368005e-1 3.6398358e0 3.7740465e1 3.7740465e1
4.0756006e-1 3.6398358e0 3.765873e1 3.765873e1
4.4144006e-1 3.6398358e0 3.7590262e1 3.7590262e1
4.7532007e-1 3.6398358e0 3.7532516e1 3.7532516e1
5.0920007e-1 3.6398358e0 3.7483676e1 3.7483676e1
5.4308008e-1 3.6398358e0 3.744229e1 3.744229e1
5.7696008e-1 3.6398358e0 3.7407182e1 3.7407182e1
6.1084009e-1 3.6398358e0 3.7377414e1 3.7377414e1
6.447201e-1 3.6398358e0 3.7352234e1 3.7352234e1
6.786001e-1 3.6398358e0 3.7331099e1 3.7331099e1
7.124801e-1 3.6398358e0 3.7313402e1 3.7313402e1
7.463601e-1 3.6398358e0 3.7298712e1 3.7298712e1
7.8024011e-1 3.6398358e0 3.7286751e1 3.7286751e1
8.1412012e-1 3.6398358e0 3.7277054e1 3.7277054e1
8.4800012e-1 3.6398358e0 3.72695e1 3.72695e1
8.8188013e-1 3.6398358e0 3.7263808e1 3.7263808e1
9.1576013e-1 3.6398358e0 3.725978e1 3.725978e1
9.4964014e-1 3.6398358e0 3.725724e1 3.725724e1
9.8352014e-1 3.6398358e0 3.7256042e1 3.7256042e1
1.0174e0 3.6398358e0 3.7256053e1 3.7256053e1
1.05128e0 3.6398358e0 3.7257153e1 3.7257153e1
1.08516e0 3.6398358e0 3.725924e1 3.725924e1
1.11904e0 3.6398358e0 3.7262225e1 3.7262225e1
1.15292e0 3.6398358e0 3.7266025e1 3.7266025e1
1.1868001e0 3.6398358e0 3.7270567e1 3.7270567e1
1.2206801e0 3.6398358e0 3.7275778e1 3.7275778e1
1.2545601e0 3.6398358e0 3.7281615e1 3.7281615e1
1.2884401e0 3.6398358e0 3.728801e1 3.728801e1
1.3223201e0 3.6398358e0 3.7294934e1 3.7294934e1
1.3562001e0 3.6398358e0 3.7302307e1 3.7302307e1
1.3900801e0 3.6398358e0 3.731014e1 3.731014e1
1.4239601e0 3.6398358e0 3.7318353e1 3.7318353e1
1.4578401e0 3.6398358e0 3.7326947e1 3.7326947e1
1.4917201e0 3.6398358e0 3.733584e1 3.733584e1
1.5256001e0 3.6398358e0 3.7345099e1 3.7345099e1
1.5594801e0 3.6398358e0 3.7354593e1 3.7354593e1
1.5933601e0 3.6398358e0 3.7364398e1 3.7364398e1
1.6272401e0 3.6398358e0 3.7374402e1 3.7374402e1
1.6611201e0 3.6398358e0 3.7384677e1 3.7384677e1
1.6950002e0 3.6398358e0 3.7395085e1 3.7395085e1
1.7288802e0 3.6398358e0 3.7405717e1 3.7405717e1
1.7627602e0 3.6398358e0 3.7416536e1 3.7416536e1
1.7966402e0 3.6398358e0 3.7427467e1 3.7427467e1
1.8305202e0 3.6398358e0 3.7438626e1 3.7438626e1
1.8644002e0 3.6398358e0 3.744982e1 3.744982e1
1.8982802e0 3.6398358e0 3.7461269e1 3.7461269e1
1.9321602e0 3.6398358e0 3.747269e1 3.747269e1
1.9660402e0 3.6398358e0 3.7484319e1 3.7484319e1
1.9999202e0 3.6398358e0 3.749596e1 3.749596e1

1.0e-3 3.7118698e0 6.4427728e1 6.4427728e1
3.4880005e-2 3.7118698e0 4.6200456e1 4.6200456e1
6.876001e-2 3.7118698e0 4.4152788e1 4.4152788e1
1.0264001e-1 3.7118698e0 4.3160564e1 4.3160564e1
1.3652002e-1 3.7118698e0 4.2551842e1 4.2551842e1
1.7040002e-1 3.7118698e0 4.2135104e1 4.2135104e1
2.0428003e-1 3.7118698e0 4.1830556e1 4.1830556e1
2.3816003e-1 3.7118698e0 4.159859e1 4.159859e1
2.7204004e-1 3.7118698e0 4.1416629e1 4.1416629e1
3.0592004e-1 3.7118698e0 4.1270695e1 4.1270695e1
3.3980005e-1 3.7118698e0 4.1151883e1 4.1151883e1
3.7368005e-1 3.7118698e0 4.1053783e1 4.1053783e1
4.0756006e-1 3.7118698e0 4.0972047e1 4.0972047e1
4.4144006e-1 3.7118698e0 4.090358e1 4.090358e1
4.7532007e-1 3.7118698e0 4.0845834e1 4.0845834e1
5.0920007e-1 3.7118698e0 4.0796994e1 4.0796994e1
5.4308008e-1 3.7118698e0 4.0755608e1 4.0755608e1
5.7696008e-1 3.7118698e0 4.07205e1 4.07205e1
6.1084009e-1 3.7118698e0 4.0690732e1 4.0690732e1
6.447201e-1 3.7118698e0 4.0665552e1 4.0665552e1
6.786001e-1 3.7118698e0 4.0644417e1 4.0644417e1
7.124801e-1 3.7118698e0 4.062672e1 4.062672e1
7.463601e-1 3.7118698e0 4.061203e1 4.061203e1
7.8024011e-1 3.7118698e0 4.0600069e1 4.0600069e1
8.1412012e-1 3.7118698e0 4.0590372e1 4.0590372e1
8.4800012e-1 3.7118698e0 4.0582819e1 4.0582819e1
8.8188013e-1 3.7118698e0 4.0577126e1 4.0577126e1
9.1576013e-1 3.7118698e0 4.0573097e1 4.0573097e1
9.4964014e-1 3.7118698e0 4.0570558e1 4.0570558e1
9.8352014e-1 3.7118698e0 4.056936e1 4.056936e1
1.0174e0 3.7118698e0 4.0569371e1 4.0569371e1
1.05128e0 3.7118698e0 4.0570471e1 4.0570471e1
1.08516e0 3.7118698e0 4.0572559e1 4.0572559e1
1.11904e0 3.7118698e0 4.0575543e1 4.0575543e1
1.15292e0 3.7118698e0 4.0579343e1 4.0579343e1
1.1868001e0 3.7118698e0 4.0583885e1 4.0583885e1
1.2206801e0 3.7118698e0 4.0589096e1 4.0589096e1
1.2545601e0 3.7118698e0 4.0594933e1 4.0594933e1
1.2884401e0 3.7118698e0 4.0601328e1 4.0601328e1
1.3223201e0 3.7118698e0 4.0608252e1 4.0608252e1
1.3562001e0 3.7118698e0 4.0615625e1 4.0615625e1
1.3900801e0 3.7118698e0 4.0623457e1 4.0623457e1
1.4239601e0 3.7118698e0 4.0631671e1 4.0631671e1
1.4578401e0 3.7118698e0 4.0640265e1 4.0640265e1
1.4917201e0 3.7118698e0 4.0649158e1 4.0649158e1
1.5256001e0 3.7118698e0 4.0658417e1 4.0658417e1
1.5594801e0 3.7118698e0 4.0667911e1 4.0667911e1
1.5933601e0 3.7118698e0 4.0677716e1 4.0677716e1
1.6272401e0 3.7118698e0 4.068772e1 4.068772e1
1.6611201e0 3.7118698e0 4.0697995e1 4.0697995e1
1.6950002e0 3.7118698e0 4.0708403e1 4.0708403e1
1.7288802e0 3.7118698e0 4.0719035e1 4.0719035e1
1.7627602e0 3.7118698e0 4.0729854e1 4.0729854e1
1.7966402e0 3.7118698e0 4.0740785e1 4.0740785e1
1.8305202e0 3.7118698e0 4.0751944e1 4.0751944e1
1.8644002e0 3.7118698e0 4.0763138e1 4.0763138e1
1.8982802e0 3.7118698e0 4.0774586e1 4.0774586e1
1.9321602e0 3.7118698e0 4.0786008e1 4.0786008e1
1.9660402e0 3.7118698e0 4.0797636e1 4.0797636e1
1.9999202e0 3.7118698e0 4.0809277e1 4.0809277e1

1.0e-3 3.7839038e0 6.7950334e1 6.7950334e1
3.4880005e-2 3.7839038e0 4.9723062e1 4.9723062e1
6.876001e-2 3.7839038e0 4.7675394e1 4.7675394e1
1.0264001e-1 3.7839038e0 4.668317e1 4.668317e1
1.3652002e-1 3.7839038e0 4.6074448e1 4.6074448e1
1.7040002e-1 3.7839038e0 4.565771e1 4.565771e1
2.0428003e-1 3.7839038e0 4.5353162e1 4.5353162e1
2.3816003e-1 3.7839038e0 4.5121196e1 4.5121196e1
2.7204004e-1 3.7839038e0 4.4939235e1 4.4939235e1
3.0592004e-1 3.7839038e0 4.4793301e1 4.4793301e1
3.3980005e-1 3.7839038e0 4.4674489e1 4.4674489e1
3.7368005e-1 3.7839038e0 4.4576389e1 4.4576389e1
4.0756006e-1 3.7839038e0 4.4494653e1 4.4494653e1
4.4144006e-1 3.7839038e0 4.4426186e1 4.4426186e1
4.7532007e-1 3.7839038e0 4.436844e1 4.436844e1
5.0920007e-1 3.7839038e0 4.43196e1 4.43196e1
5.4308008e-1 3.7839038e0 4.4278214e1 4.4278214e1
5.7696008e-1 3.7839038e0 4.4243106e1 4.4243106e1
6.1084009e-1 3.7839038e0 4.4213338e1 4.4213338e1
6.447201e-1 3.7839038e0 4.4188158e1 4.4188158e1
6.786001e-1 3.7839038e0 4.4167023e1 4.4167023e1
7.124801e-1 3.7839038e0 4.4149326e1 4.4149326e1
7.463601e-1 3.7839038e0 4.4134636e1 4.4134636e1
7.8024011e-1 3.7839038e0 4.4122675e1 4.4122675e1
8.1412012e-1 3.7839038e0 4.4112978e1 4.4112978e1
8.4800012e-1 3.7839038e0 4.4105424e1 4.4105424e1
8.8188013e-1 3.7839038e0 4.4099731e1 4.4099731e1
9.1576013e-1 3.7839038e0 4.4095703e1 4.4095703e1
9.4964014e-1 3.7839038e0 4.4093164e1 4.4093164e1
9.8352014e-1 3.7839038e0 4.4091966e1 4.4091966e1
1.0174e0 3.7839038e0 4.4091977e1 4.4091977e1
1.05128e0 3.7839038e0 4.4093077e1 4.4093077e1
1.08516e0 3.7839038e0 4.4095164e1 4.4095164e1
1.11904e0 3.7839038e0 4.4098149e1 4.4098149e1
1.15292e0 3.7839038e0 4.4101949e1 4.4101949e1
1.1868001e0 3.7839038e0 4.4106491e1 4.4106491e1
1.2206801e0 3.7839038e0 4.4111702e1 4.4111702e1
1.2545601e0 3.7839038e0 4.4117538e1 4.4117538e1
1.2884401e0 3.7839038e0 4.4123933e1 4.4123933e1
1.3223201e0 3.7839038e0 4.4130858e1 4.4130858e1
1.3562001e0 3.7839038e0 4.4138231e1 4.4138231e1
1.3900801e0 3.7839038e0 4.4146063e1 4.4146063e1
1.4239601e0 3.7839038e0 4.4154277e1 4.4154277e1
1.4578401e0 3.7839038e0 4.4162871e1 4.4162871e1
1.4917201e0 3.7839038e0 4.4171764e1 4.4171764e1
1.5256001e0 3.7839038e0 4.4181023e1 4.4181023e1
1.5594801e0 3.7839038e0 4.4190517e1 4.4190517e1
1.5933601e0 3.7839038e0 4.4200322e1 4.4200322e1
1.6272401e0 3.7839038e0 4.4210326e1 4.4210326e1
1.6611201e0 3.7839038e0 4.4220601e1 4.4220601e1
1.6950002e0 3.7839038e0 4.4231009e1 4.4231009e1
1.7288802e0 3.7839038e0 4.4241641e1 4.4241641e1
1.7627602e0 3.7839038e0 4.425246e1 4.425246e1
1.7966402e0 3.7839038e0 4.4263391e1 4.4263391e1
1.8305202e0 3.7839038e0 4.427455e1 4.427455e1
1.8644002e0 3.7839038e0 4.4285744e1 4.4285744e1
1.8982802e0 3.7839038e0 4.4297192e1 4.4297192e1
1.9321602e0 3.7839038e0 4.4308614e1 4.4308614e1
1.9660402e0 3.7839038e0 4.4320242e1 4.4320242e1
1.9999202e0 3.7839038e0 4.4331883e1 4.4331883e1

1.0e-3 3.8559378e0 7.1690634e1 7.1690634e1
3.4880005e-2 3.8559378e0 5.3463362e1 5.3463362e1
6.876001e-2 3.8559378e0 5.1415694e1 5.1415694e1
1.0264001e-1 3.8559378e0 5.042347e1 5.042347e1
1.3652002e-1 3.8559378e0 4.9814748e1 4.9814748e1
1.7040002e-1 3.8559378e0 4.939801e1 4.939801e1
2.0428003e-1 3.8559378e0 4.9093462e1 4.9093462e1
2.3816003e-1 3.8559378e0 4.8861496e1 4.8861496e1
2.7204004e-1 3.8559378e0 4.8679535e1 4.8679535e1
3.0592004e-1 3.8559378e0 4.8533601e1 4.8533601e1
3.3980005e-1 3.8559378e0 4.8414789e1 4.8414789e1
3.7368005e-1 3.8559378e0 4.8316689e1 4.8316689e1
4.0756006e-1 3.8559378e0 4.8234953e1 4.8234953e1
4.4144006e-1 3.8559378e0 4.8166486e1 4.8166486e1
4.7532007e-1 3.8559378e0 4.810874e1 4.810874e1
5.0920007e-1 3.8559378e0 4.80599e1 4.80599e1
5.4308008e-1 3.8559378e0 4.8018513e1 4.8018513e1
5.7696008e-1 3.8559378e0 4.7983406e1 4.7983406e1
6.1084009e-1 3.8559378e0 4.7953638e1 4.7953638e1
6.447201e-1 3.8559378e0 4.7928458e1 4.7928458e1
6.786001e-1 3.8559378e0 4.7907323e1 4.7907323e1
7.124801e-1 3.8559378e0 4.7889626e1 4.7889626e1
7.463601e-1 3.8559378e0 4.7874936e1 4.7874936e1
7.8024011e-1 3.8559378e0 4.7862975e1 4.7862975e1
8.1412012e-1 3.8559378e0 4.7853278e1 4.7853278e1
8.4800012e-1 3.8559378e0 4.7845724e1 4.7845724e1
8.8188013e-1 3.8559378e0 4.7840031e1 4.7840031e1
9.1576013e-1 3.8559378e0 4.7836003e1 4.7836003e1
9.4964014e-1 3.8559378e0 4.7833464e1 4.7833464e1
9.8352014e-1 3.8559378e0 4.7832266e1 4.7832266e1
1.0174e0 3.8559378e0 4.7832277e1 4.7832277e1
1.05128e0 3.8559378e0 4.7833377e1 4.7833377e1
1.08516e0 3.8559378e0 4.7835464e1 4.7835464e1
1.11904e0 3.8559378e0 4.7838449e1 4.7838449e1
1.15292e0 3.8559378e0 4.7842249e1 4.7842249e1
1.1868001e0 3.8559378e0 4.7846791e1 4.7846791e1
1.2206801e0 3.8559378e0 4.7852002e1 4.7852002e1
1.2545601e0 3.8559378e0 4.7857838e1 4.7857838e1
1.2884401e0 3.8559378e0 4.7864233e1 4.7864233e1
1.3223201e0 3.8559378e0 4.7871158e1 4.7871158e1
1.3562001e0 3.8559378e0 4.7878531e1 4.7878531e1
1.3900801e0 3.8559378e0 4.7886363e1 4.7886363e1
1.4239601e0 3.8559378e0 4.7894577e1 4.7894577e1
1.4578401e0 3.8559378e0 4.7903171e1 4.7903171e1
1.4917201e0 3.8559378e0 4.7912064e1 4.7912064e1
1.5256001e0 3.8559378e0 4.7921323e1 4.7921323e1
1.5594801e0 3.8559378e0 4.7930817e1 4.7930817e1
1.5933601e0 3.8559378e0 4.7940622e1 4.7940622e1
1.6272401e0 3.8559378e0 4.7950626e1 4.7950626e1
1.6611201e0 3.8559378e0 4.7960901e1 4.7960901e1
1.6950002e0 3.8559378e0 4.7971309e1 4.7971309e1
1.7288802e0 3.8559378e0 4.7981941e1 4.7981941e1
1.7627602e0 3.8559378e0 4.799276e1 4.799276e1
1.7966402e0 3.8559378e0 4.8003691e1 4.8003691e1
1.8305202e0 3.8559378e0 4.801485e1 4.801485e1
1.8644002e0 3.8559378e0 4.8026044e1 4.8026044e1
1.8982802e0 3.8559378e0 4.8037492e1 4.8037492e1
1.9321602e0 3.8559378e0 4.8048914e1 4.8048914e1
1.9660402e0 3.8559378e0 4.8060542e1 4.8060542e1
1.9999202e0 3.8559378e0 4.8072183e1 4.8072183e1

1.0e-3 3.9279718e0 7.5657301e1 7.5657301e1
3.4880005e-2 3.9279718e0 5.743003e1 5.743003e1
6.876001e-2 3.9279718e0 5.5382361e1 5.5382361e1
1.0264001e-1 3.9279718e0 5.4390137e1 5.4390137e1
1.3652002e-1 3.9279718e0 5.3781415e1 5.3781415e1
1.7040002e-1 3.9279718e0 5.3364677e1 5.3364677e1
2.0428003e-1 3.9279718e0 5.3060129e1 5.3060129e1
2.3816003e-1 3.9279718e0 5.2828163e1 5.2828163e1
2.7204004e-1 3.9279718e0 5.2646202e1 5.2646202e1
3.0592004e-1 3.9279718e0 5.2500269e1 5.2500269e1
3.3980005e-1 3.9279718e0 5.2381456e1 5.2381456e1
3.7368005e-1 3.9279718e0 5.2283356e1 5.2283356e1
4.0756006e-1 3.9279718e0 5.220162e1 5.220162e1
4.4144006e-1 3.9279718e0 5.2133153e1 5.2133153e1
4.7532007e-1 3.9279718e0 5.2075407e1 5.2075407e1
5.0920007e-1 3.9279718e0 5.2026567e1 5.2026567e1
5.4308008e-1 3.9279718e0 5.198518e1 5.198518e1
5.7696008e-1 3.9279718e0 5.1950073e1 5.1950073e1
6.1084009e-1 3.9279718e0 5.1920305e1 5.1920305e1
6.447201e-1 3.9279718e0 5.1895125e1 5.1895125e1
6.786001e-1 3.9279718e0 5.187399e1 5.187399e1
7.124801e-1 3.9279718e0 5.1856293e1 5.1856293e1
7.463601e-1 3.9279718e0 5.1841603e1 5.1841603e1
7.8024011e-1 3.9279718e0 5.1829642e1 5.1829642e1
8.1412012e-1 3.9279718e0 5.1819945e1 5.1819945e1
8.4800012e-1 3.9279718e0 5.1812392e1 5.1812392e1
8.8188013e-1 3.9279718e0 5.1806699e1 5.1806699e1
9.1576013e-1 3.9279718e0 5.180267e1 5.180267e1
9.4964014e-1 3.9279718e0 5.1800131e1 5.1800131e1
9.8352014e-1 3.9279718e0 5.1798933e1 5.1798933e1
1.0174e0 3.9279718e0 5.1798944e1 5.1798944e1
1.05128e0 3.9279718e0 5.1800044e1 5.1800044e1
1.08516e0 3.9279718e0 5.1802132e1 5.1802132e1
1.11904e0 3.9279718e0 5.1805116e1 5.1805116e1
1.15292e0 3.9279718e0 5.1808916e1 5.1808916e1
1.1868001e0 3.9279718e0 5.1813458e1 5.1813458e1
1.2206801e0 3.9279718e0 5.1818669e1 5.1818669e1
1.2545601e0 3.9279718e0 5.1824506e1 5.1824506e1
1.2884401e0 3.9279718e0 5.18309e1 5.18309e1
1.3223201e0 3.9279718e0 5.1837825e1 5.1837825e1
1.3562001e0 3.9279718e0 5.1845198e1 5.1845198e1
1.3900801e0 3.9279718e0 5.185303e1 5.185303e1
1.4239601e0 3.9279718e0 5.1861244e1 5.1861244e1
1.4578401e0 3.9279718e0 5.1869838e1 5.1869838e1
1.4917201e0 3.9279718e0 5.1878731e1 5.1878731e1
1.5256001e0 3.9279718e0 5.188799e1 5.188799e1
1.5594801e0 3.9279718e0 5.1897484e1 5.1897484e1
1.5933601e0 3.9279718e0 5.1907289e1 5.1907289e1
1.6272401e0 3.9279718e0 5.1917293e1 5.1917293e1
1.6611201e0 3.9279718e0 5.1927568e1 5.1927568e1
1.6950002e0 3.9279718e0 5.1937976e1 5.1937976e1
1.7288802e0 3.9279718e0 5.1948608e1 5.1948608e1
1.7627602e0 3.9279718e0 5.1959427e1 5.1959427e1
1.7966402e0 3.9279718e0 5.1970358e1 5.1970358e1
1.8305202e0 3.9279718e0 5.1981517e1 5.1981517e1
1.8644002e0 3.9279718e0 5.1992711e1 5.1992711e1
1.8982802e0 3.9279718e0 5.200416e1 5.200416e1
1.9321602e0 3.9279718e0 5.201558e1 5.201558e1
1.9660402e0 3.9279718e0 5.202721e1 5.202721e1
1.9999202e0 3.9279718e0 5.203885e1 5.203885e1

1.0e-3 4.0000058e0 7.9858849e1 7.9858849e1
3.4880005e-2 4.0000058e0 6.1631577e1 6.1631577e1
6.876001e-2 4.0000058e0 5.9583908e1 5.9583908e1
1.0264001e-1 4.0000058e0 5.8591684e1 5.8591684e1
1.3652002e-1 4.0000058e0 5.7982962e1 5.7982962e1
1.7040002e-1 4.0000058e0 5.7566225e1 5.7566225e1
2.0428003e-1 4.0000058e0 5.7261676e1 5.7261676e1
2.3816003e-1 4.0000058e0 5.702971e1 5.702971e1
2.7204004e-1 4.0000058e0 5.684775e1 5.684775e1
3.0592004e-1 4.0000058e0 5.6701816e1 5.6701816e1
3.3980005e-1 4.0000058e0 5.6583003e1 5.6583003e1
3.7368005e-1 4.0000058e0 5.6484903e1 5.6484903e1
4.0756006e-1 4.0000058e0 5.6403168e1 5.6403168e1
4.4144006e-1 4.0000058e0 5.63347e1 5.63347e1
4.7532007e-1 4.0000058e0 5.6276955e1 5.6276955e1
5.0920007e-1 4.0000058e0 5.6228114e1 5.6228114e1
5.4308008e-1 4.0000058e0 5.6186728e1 5.6186728e1
5.7696008e-1 4.0000058e0 5.615162e1 5.615162e1
6.1084009e-1 4.0000058e0 5.6121852e1 5.6121852e1
6.447201e-1 4.0000058e0 5.6096672e1 5.6096672e1
6.786001e-1 4.0000058e0 5.6075537e1 5.6075537e1
7.124801e-1 4.0000058e0 5.605784e1 5.605784e1
7.463601e-1 4.0000058e0 5.604315e1 5.604315e1
7.8024011e-1 4.0000058e0 5.6031189e1 5.6031189e1
8.1412012e-1 4.0000058e0 5.6021492e1 5.6021492e1
8.4800012e-1 4.0000058e0 5.6013939e1 5.6013939e1
8.8188013e-1 4.0000058e0 5.6008246e1 5.6008246e1
9.1576013e-1 4.0000058e0 5.6004218e1 5.6004218e1
9.4964014e-1 4.0000058e0 5.6001678e1 5.6001678e1
9.8352014e-1 4.0000058e0 5.600048e1 5.600048e1
1.0174e0 4.0000058e0 5.6000491e1 5.6000491e1
1.05128e0 4.0000058e0 5.6001591e1 5.6001591e1
1.08516e0 4.0000058e0 5.6003679e1 5.6003679e1
1.11904e0 4.0000058e0 5.6006664e1 5.6006664e1
1.15292e0 4.0000058e0 5.6010463e1 5.6010463e1
1.1868001e0 4.0000058e0 5.6015005e1 5.6015005e1
1.2206801e0 4.0000058e0 5.6020216e1 5.6020216e1
1.2545601e0 4.0000058e0 5.6026053e1 5.6026053e1
1.2884401e0 4.0000058e0 5.6032448e1 5.6032448e1
1.3223201e0 4.0000058e0 5.6039372e1 5.6039372e1
1.3562001e0 4.0000058e0 5.6046745e1 5.6046745e1
1.3900801e0 4.0000058e0 5.6054578e1 5.6054578e1
1.4239601e0 4.0000058e0 5.6062791e1 5.6062791e1
1.4578401e0 4.0000058e0 5.6071385e1 5.6071385e1
1.4917201e0 4.0000058e0 5.6080278e1 5.6080278e1
1.5256001e0 4.0000058e0 5.6089537e1 5.6089537e1
1.5594801e0 4.0000058e0 5.6099031e1 5.6099031e1
1.5933601e0 4.0000058e0 5.6108836e1 5.6108836e1
1.6272401e0 4.0000058e0 5.611884e1 5.611884e1
1.6611201e0 4.0000058e0 5.6129115e1 5.6129115e1
1.6950002e0 4.0000058e0 5.6139523e1 5.6139523e1
1.7288802e0 4.0000058e0 5.6150156e1 5.6150156e1
1.7627602e0 4.0000058e0 5.6160974e1 5.6160974e1
1.7966402e0 4.0000058e0 5.6171906e1 5.6171906e1
1.8305202e0 4.0000058e0 5.6183064e1 5.6183064e1
1.8644002e0 4.0000058e0 5.6194258e1 5.6194258e1
1.8982802e0 4.0000058e0 5.6205707e1 5.6205707e1
1.9321602e0 4.0000058e0 5.6217128e1 5.6217128e1
1.9660402e0 4.0000058e0 5.6228757e1 5.6228757e1
1.9999202e0 4.0000058e0 5.6240398e1 5.6240398e1
