1.0e-3 0.0e0 1.9999985e-6 1.9999985e-6
2.6304001e-2 0.0e0 1.3833227e-3 1.3833227e-3
5.1608002e-2 0.0e0 5.3196812e-3 5.3196812e-3
7.6912003e-2 0.0e0 1.17959163e-2 1.17959163e-2
1.02216e-1 0.0e0 2.078708e-2 2.078708e-2
1.2752e-1 0.0e0 3.2258273e-2 3.2258273e-2
1.52824e-1 0.0e0 4.6164864e-2 4.6164864e-2
1.78128e-1 0.0e0 6.2452444e-2 6.2452444e-2
2.03432e-1 0.0e0 8.1056468e-2 8.1056468e-2
2.2873601e-1 0.0e0 1.01902853e-1 1.01902853e-1
2.5404001e-1 0.0e0 1.24907736e-1 1.24907736e-1
2.7934401e-1 0.0e0 1.49976971e-1 1.49976971e-1
3.0464801e-1 0.0e0 1.7700705e-1 1.7700705e-1
3.2995201e-1 0.0e0 2.0588419e-1 2.0588419e-1
3.5525601e-1 0.0e0 2.3648544e-1 2.3648544e-1
3.8056001e-1 0.0e0 2.6867726e-1 2.6867726e-1
4.0586401e-1 0.0e0 3.0231636e-1 3.0231636e-1
4.3116801e-1 0.0e0 3.372509e-1 3.372509e-1
4.5647202e-1 0.0e0 3.7331677e-1 3.7331677e-1
4.8177602e-1 0.0e0 4.1034225e-1 4.1034225e-1
5.0708002e-1 0.0e0 4.4814453e-1 4.4814453e-1
5.3238402e-1 0.0e0 4.8653117e-1 4.8653117e-1
5.5768802e-1 0.0e0 5.2530113e-1 5.2530113e-1
5.8299202e-1 0.0e0 5.6424106e-1 5.6424106e-1
6.0829602e-1 0.0e0 6.0313037e-1 6.0313037e-1
6.3360002e-1 0.0e0 6.4173642e-1 6.4173642e-1
6.5890402e-1 0.0e0 6.7981897e-1 6.7981897e-1
6.8420802e-1 0.0e0 7.1712549e-1 7.1712549e-1
7.0951202e-1 0.0e0 7.5339568e-1 7.5339568e-1
7.3481602e-1 0.0e0 7.8835783e-1 7.8835783e-1
7.6012003e-1 0.0e0 8.217321e-1 8.217321e-1
7.8542403e-1 0.0e0 8.53227e-1 8.53227e-1
8.1072803e-1 0.0e0 8.8254277e-1 8.8254277e-1
8.3603203e-1 0.0e0 9.0936841e-1 9.0936841e-1
8.6133603e-1 0.0e0 9.3338374e-1 9.3338374e-1
8.8664003e-1 0.0e0 9.5426044e-1 9.5426044e-1
9.1194403e-1 0.0e0 9.7165527e-1 9.7165527e-1
9.3724803e-1 0.0e0 9.8522102e-1 9.8522102e-1
9.6255203e-1 0.0e0 9.9459895e-1 9.9459895e-1
9.8785603e-1 0.0e0 9.9941753e-1 9.9941753e-1
1.01316e0 0.0e0 9.9929799e-1 9.9929799e-1
1.0384639e0 0.0e0 9.9385205e-1 9.9385205e-1
1.063768e0 0.0e0 9.8268079e-1 9.8268079e-1
1.089072e0 0.0e0 9.6537558e-1 9.6537558e-1
1.1143759e0 0.0e0 9.4151729e-1 9.4151729e-1
1.13968e0 0.0e0 9.1067621e-1 9.1067621e-1
1.164984e0 0.0e0 8.7241643e-1 8.7241643e-1
1.190288e0 0.0e0 8.2629053e-1 8.2629053e-1
1.2155919e0 0.0e0 7.7183838e-1 7.7183838e-1
1.240896e0 0.0e0 7.0859013e-1 7.0859013e-1
1.2662e0 0.0e0 6.3607455e-1 6.3607455e-1
1.2915039e0 0.0e0 5.537994e-1 5.537994e-1
1.316808e0 0.0e0 4.6126917e-1 4.6126917e-1
1.342112e0 0.0e0 3.5797202e-1 3.5797202e-1
1.367416e0 0.0e0 2.4340051e-1 2.4340051e-1
1.39272e0 0.0e0 1.17023476e-1 1.17023476e-1
1.418024e0 0.0e0 -2.1698445e-2 -2.1698445e-2
1.443328e0 0.0e0 -1.73309239e-1 -1.73309239e-1
1.4686319e0 0.0e0 -3.3837529e-1 -3.3837529e-1
1.493936e0 0.0e0 -5.1744232e-1 -5.1744232e-1
1.51924e0 0.0e0 -7.11096e-1 -7.11096e-1
1.5445439e0 0.0e0 -9.199262e-1 -9.199262e-1
1.569848e0 0.0e0 -1.14453804e0 -1.14453804e0
1.595152e0 0.0e0 -1.3855155e0 -1.3855155e0
1.620456e0 0.0e0 -1.64347725e0 -1.64347725e0
1.64576e0 0.0e0 -1.91905795e0 -1.91905795e0
1.671064e0 0.0e0 -2.21290417e0 -2.21290417e0
1.696368e0 0.0e0 -2.52562851e0 -2.52562851e0
1.7216719e0 0.0e0 -2.85790114e0 -2.85790114e0
1.746976e0 0.0e0 -3.2103926e0 -3.2103926e0
1.77228e0 0.0e0 -3.5837714e0 -3.5837714e0
1.7975839e0 0.0e0 -3.978742e0 -3.978742e0
1.822888e0 0.0e0 -4.3959654e0 -4.3959654e0
1.848192e0 0.0e0 -4.8361508e0 -4.8361508e0
1.873496e0 0.0e0 -5.3000264e0 -5.3000264e0
1.8987999e0 0.0e0 -5.7883401e0 -5.7883401e0
1.924104e0 0.0e0 -6.3017628e0 -6.3017628e0
1.949408e0 0.0e0 -6.8410681e0 -6.8410681e0
1.9747119e0 0.0e0 -7.4070177e0 -7.4070177e0
2.000016e0 0.0e0 -8.0003662e0 -8.0003662e0

1.0e-3 5.0632004e-2 1.9897446e-6 1.9897446e-6
2.6304001e-2 5.0632004e-2 1.37622696e-3 1.37622696e-3
5.1608002e-2 5.0632004e-2 5.2923671e-3 5.2923671e-3
7.6912003e-2 5.0632004e-2 1.17352599e-2 1.17352599e-2
1.02216e-1 5.0632004e-2 2.067993e-2 2.067993e-2
1.2752e-1 5.0632004e-2 3.2091531e-2 3.2091531e-2
1.52824e-1 5.0632004e-2 4.5925383e-2 4.5925383e-2
1.78128e-1 5.0632004e-2 6.2127045e-2 6.2127045e-2
2.03432e-1 5.0632004e-2 8.0632114e-2 8.0632114e-2
2.2873601e-1 5.0632004e-2 1.01366368e-1 1.01366368e-1
2.5404001e-1 5.0632004e-2 1.24245987e-1 1.24245987e-1
2.7934401e-1 5.0632004e-2 1.49176826e-1 1.49176826e-1
3.0464801e-1 5.0632004e-2 1.7605538e-1 1.7605538e-1
3.2995201e-1 5.0632004e-2 2.0476787e-1 2.0476787e-1
3.5525601e-1 5.0632004e-2 2.3519133e-1 2.3519133e-1
3.8056001e-1 5.0632004e-2 2.6719223e-1 2.6719223e-1
4.0586401e-1 5.0632004e-2 3.0062729e-1 3.0062729e-1
4.3116801e-1 5.0632004e-2 3.3534435e-1 3.3534435e-1
4.5647202e-1 5.0632004e-2 3.711802e-1 3.711802e-1
4.8177602e-1 5.0632004e-2 4.0796188e-1 4.0796188e-1
5.0708002e-1 5.0632004e-2 4.4550793e-1 4.4550793e-1
5.3238402e-1 5.0632004e-2 4.836249e-1 4.836249e-1
5.5768802e-1 5.0632004e-2 5.2211153e-1 5.2211153e-1
5.8299202e-1 5.0632004e-2 5.6075597e-1 5.6075597e-1
6.0829602e-1 5.0632004e-2 5.9933618e-1 5.9933618e-1
6.3360002e-1 5.0632004e-2 6.3762e-1 6.3762e-1
6.5890402e-1 5.0632004e-2 6.7536653e-1 6.7536653e-1
6.8420802e-1 5.0632004e-2 7.1232521e-1 7.1232521e-1
7.0951202e-1 5.0632004e-2 7.4823378e-1 7.4823378e-1
7.3481602e-1 5.0632004e-2 7.8282118e-1 7.8282118e-1
7.6012003e-1 5.0632004e-2 8.1580757e-1 8.1580757e-1
7.8542403e-1 5.0632004e-2 8.4690147e-1 8.4690147e-1
8.1072803e-1 5.0632004e-2 8.7580309e-1 8.7580309e-1
8.3603203e-1 5.0632004e-2 9.0220145e-1 9.0220145e-1
8.6133603e-1 5.0632004e-2 9.2577638e-1 9.2577638e-1
8.8664003e-1 5.0632004e-2 9.4619833e-1 9.4619833e-1
9.1194403e-1 5.0632004e-2 9.6312769e-1 9.6312769e-1
9.3724803e-1 5.0632004e-2 9.7621365e-1 9.7621365e-1
9.6255203e-1 5.0632004e-2 9.8509865e-1 9.8509865e-1
9.8785603e-1 5.0632004e-2 9.8941115e-1 9.8941115e-1
1.01316e0 5.0632004e-2 9.8877193e-1 9.8877193e-1
1.0384639e0 5.0632004e-2 9.8279366e-1 9.8279366e-1
1.063768e0 5.0632004e-2 9.7107692e-1 9.7107692e-1
1.089072e0 5.0632004e-2 9.5321294e-1 9.5321294e-1
1.1143759e0 5.0632004e-2 9.287831e-1 9.287831e-1
1.13968e0 5.0632004e-2 8.9735712e-1 8.9735712e-1
1.164984e0 5.0632004e-2 8.5849933e-1 8.5849933e-1
1.190288e0 5.0632004e-2 8.1176231e-1 8.1176231e-1
1.2155919e0 5.0632004e-2 7.5668565e-1 7.5668565e-1
1.240896e0 5.0632004e-2 6.9280022e-1 6.9280022e-1
1.2662e0 5.0632004e-2 6.1963412e-1 6.1963412e-1
1.2915039e0 5.0632004e-2 5.366953e-1 5.366953e-1
1.316808e0 5.0632004e-2 4.4348828e-1 4.4348828e-1
1.342112e0 5.0632004e-2 3.3950117e-1 3.3950117e-1
1.367416e0 5.0632004e-2 2.2422662e-1 2.2422662e-1
1.39272e0 5.0632004e-2 9.7133351e-2 9.7133351e-2
1.418024e0 5.0632004e-2 -4.2317891e-2 -4.2317891e-2
1.443328e0 5.0632004e-2 -1.94671132e-1 -1.94671132e-1
1.4686319e0 5.0632004e-2 -3.6049274e-1 -3.6049274e-1
1.493936e0 5.0632004e-2 -5.4032848e-1 -5.4032848e-1
1.51924e0 5.0632004e-2 -7.3476398e-1 -7.3476398e-1
1.5445439e0 5.0632004e-2 -9.4438914e-1 -9.4438914e-1
1.569848e0 5.0632004e-2 -1.16980914e0 -1.16980914e0
1.595152e0 5.0632004e-2 -1.41160785e0 -1.41160785e0
1.620456e0 5.0632004e-2 -1.67040395e0 -1.67040395e0
1.64576e0 5.0632004e-2 -1.94683217e0 -1.94683217e0
1.671064e0 5.0632004e-2 -2.24153905e0 -2.24153905e0
1.696368e0 5.0632004e-2 -2.55513715e0 -2.55513715e0
1.7216719e0 5.0632004e-2 -2.88829665e0 -2.88829665e0
1.746976e0 5.0632004e-2 -3.2416867e0 -3.2416867e0
1.77228e0 5.0632004e-2 -3.6159787e0 -3.6159787e0
1.7975839e0 5.0632004e-2 -4.0118756e0 -4.0118756e0
1.822888e0 5.0632004e-2 -4.4300383e0 -4.4300383e0
1.848192e0 5.0632004e-2 -4.8711763e0 -4.8711763e0
1.873496e0 5.0632004e-2 -5.3360175e0 -5.3360175e0
1.8987999e0 5.0632004e-2 -5.82531e0 -5.82531e0
1.924104e0 5.0632004e-2 -6.3397246e0 -6.3397246e0
1.949408e0 5.0632004e-2 -6.880035e0 -6.880035e0
1.9747119e0 5.0632004e-2 -7.4470027e0 -7.4470027e0
2.000016e0 5.0632004e-2 -8.0413824e0 -8.0413824e0

1.0e-3 1.01264008e-1 1.9589813e-6 1.9589813e-6
2.6304001e-2 1.01264008e-1 1.35494186e-3 1.35494186e-3
5.1608002e-2 1.01264008e-1 5.2104327e-3 5.2104327e-3
7.6912003e-2 1.01264008e-1 1.15532813e-2 1.15532813e-2
1.02216e-1 1.01264008e-1 2.0358528e-2 2.0358528e-2
1.2752e-1 1.01264008e-1 3.159128e-2 3.159128e-2
1.52824e-1 1.01264008e-1 4.5206902e-2 4.5206902e-2
1.78128e-1 1.01264008e-1 6.1150938e-2 6.1150938e-2
2.03432e-1 1.01264008e-1 7.935899e-2 7.935899e-2
2.2873601e-1 1.01264008e-1 9.975683e-2 9.975683e-2
2.5404001e-1 1.01264008e-1 1.22260638e-1 1.22260638e-1
2.7934401e-1 1.01264008e-1 1.46776276e-1 1.46776276e-1
3.0464801e-1 1.01264008e-1 1.7320009e-1 1.7320009e-1
3.2995201e-1 1.01264008e-1 2.0141873e-1 2.0141873e-1
3.5525601e-1 1.01264008e-1 2.313088e-1 2.313088e-1
3.8056001e-1 1.01264008e-1 2.6273692e-1 2.6273692e-1
4.0586401e-1 1.01264008e-1 2.955598e-1 2.955598e-1
4.3116801e-1 1.01264008e-1 3.2962529e-1 3.2962529e-1
4.5647202e-1 1.01264008e-1 3.6477017e-1 3.6477017e-1
4.8177602e-1 1.01264008e-1 4.0082147e-1 4.0082147e-1
5.0708002e-1 1.01264008e-1 4.3759778e-1 4.3759778e-1
5.3238402e-1 1.01264008e-1 4.7490558e-1 4.7490558e-1
5.5768802e-1 1.01264008e-1 5.1254367e-1 5.1254367e-1
5.8299202e-1 1.01264008e-1 5.5030016e-1 5.5030016e-1
6.0829602e-1 1.01264008e-1 5.8795303e-1 5.8795303e-1
6.3360002e-1 1.01264008e-1 6.2527013e-1 6.2527013e-1
6.5890402e-1 1.01264008e-1 6.6201053e-1 6.6201053e-1
6.8420802e-1 1.01264008e-1 6.9792368e-1 6.9792368e-1
7.0951202e-1 1.01264008e-1 7.3274734e-1 7.3274734e-1
7.3481602e-1 1.01264008e-1 7.6621043e-1 7.6621043e-1
7.6012003e-1 1.01264008e-1 7.9803311e-1 7.9803311e-1
7.8542403e-1 1.01264008e-1 8.279239e-1 8.279239e-1
8.1072803e-1 1.01264008e-1 8.5558302e-1 8.5558302e-1
8.3603203e-1 1.01264008e-1 8.8069948e-1 8.8069948e-1
8.6133603e-1 1.01264008e-1 9.0295313e-1 9.0295313e-1
8.8664003e-1 1.01264008e-1 9.220144e-1 9.220144e-1
9.1194403e-1 1.01264008e-1 9.3754369e-1 9.3754369e-1
9.3724803e-1 1.01264008e-1 9.4919017e-1 9.4919017e-1
9.6255203e-1 1.01264008e-1 9.565949e-1 9.565949e-1
9.8785603e-1 1.01264008e-1 9.59389812e-1 9.59389812e-1
1.01316e0 1.01264008e-1 9.5719345e-1 9.5719345e-1
1.0384639e0 1.01264008e-1 9.496183e-1 9.496183e-1
1.063768e0 1.01264008e-1 9.3626515e-1 9.3626515e-1
1.089072e0 1.01264008e-1 9.1672539e-1 9.1672539e-1
1.1143759e0 1.01264008e-1 8.905803e-1 8.905803e-1
1.13968e0 1.01264008e-1 8.5739963e-1 8.5739963e-1
1.164984e0 1.01264008e-1 8.167478e-1 8.167478e-1
1.190288e0 1.01264008e-1 7.6817741e-1 7.6817741e-1
1.2155919e0 1.01264008e-1 7.112282e-1 7.112282e-1
1.240896e0 1.01264008e-1 6.4543024e-1 6.4543024e-1
1.2662e0 1.01264008e-1 5.7031256e-1 5.7031256e-1
1.2915039e0 1.01264008e-1 4.8538274e-1 4.8538274e-1
1.316808e0 1.01264008e-1 3.9014534e-1 3.9014534e-1
1.342112e0 1.01264008e-1 2.8408838e-1 2.8408838e-1
1.367416e0 1.01264008e-1 1.66704561e-1 1.66704561e-1
1.39272e0 1.01264008e-1 3.7462862e-2 3.7462862e-2
1.418024e0 1.01264008e-1 -1.04176346e-1 -1.04176346e-1
1.443328e0 1.01264008e-1 -2.587568e-1 -2.587568e-1
1.4686319e0 1.01264008e-1 -4.2684543e-1 -4.2684543e-1
1.493936e0 1.01264008e-1 -6.0898727e-1 -6.0898727e-1
1.51924e0 1.01264008e-1 -8.0576828e-1 -8.0576828e-1
1.5445439e0 1.01264008e-1 -1.01777837e0 -1.01777837e0
1.569848e0 1.01264008e-1 -1.24562282e0 -1.24562282e0
1.595152e0 1.01264008e-1 -1.48988527e0 -1.48988527e0
1.620456e0 1.01264008e-1 -1.75118446e0 -1.75118446e0
1.64576e0 1.01264008e-1 -2.03015518e0 -2.03015518e0
1.671064e0 1.01264008e-1 -2.3274441e0 -2.3274441e0
1.696368e0 1.01264008e-1 -2.64366348e0 -2.64366348e0
1.7216719e0 1.01264008e-1 -2.9794823e0 -2.9794823e0
1.746976e0 1.01264008e-1 -3.3355737e0 -3.3355737e0
1.77228e0 1.01264008e-1 -3.7126053e0 -3.7126053e0
1.7975839e0 1.01264008e-1 -4.1112811e0 -4.1112811e0
1.822888e0 1.01264008e-1 -4.5322621e0 -4.5322621e0
1.848192e0 1.01264008e-1 -4.9762578e0 -4.9762578e0
1.873496e0 1.01264008e-1 -5.443996e0 -5.443996e0
1.8987999e0 1.01264008e-1 -5.9362251e0 -5.9362251e0
1.924104e0 1.01264008e-1 -6.4536156e0 -6.4536156e0
1.949408e0 1.01264008e-1 -6.996941e0 -6.996941e0
1.9747119e0 1.01264008e-1 -7.5669635e0 -7.5669635e0
2.000016e0 1.01264008e-1 -8.1644373e0 -8.1644373e0

1.0e-3 1.51896011e-1 1.9077087e-6 1.9077087e-6
2.6304001e-2 1.51896011e-1 1.31946739e-3 1.31946739e-3
5.1608002e-2 1.51896011e-1 5.073878e-3 5.073878e-3
7.6912003e-2 1.51896011e-1 1.12499805e-2 1.12499805e-2
1.02216e-1 1.51896011e-1 1.9822827e-2 1.9822827e-2
1.2752e-1 1.51896011e-1 3.0757518e-2 3.0757518e-2
1.52824e-1 1.51896011e-1 4.4009422e-2 4.4009422e-2
1.78128e-1 1.51896011e-1 5.9524129e-2 5.9524129e-2
2.03432e-1 1.51896011e-1 7.7237096e-2 7.7237096e-2
2.2873601e-1 1.51896011e-1 9.7074321e-2 9.7074321e-2
2.5404001e-1 1.51896011e-1 1.18951791e-1 1.18951791e-1
2.7934401e-1 1.51896011e-1 1.42775319e-1 1.42775319e-1
3.0464801e-1 1.51896011e-1 1.68441603e-1 1.68441603e-1
3.2995201e-1 1.51896011e-1 1.9583676e-1 1.9583676e-1
3.5525601e-1 1.51896011e-1 2.2483786e-1 2.2483786e-1
3.8056001e-1 1.51896011e-1 2.5531133e-1 2.5531133e-1
4.0586401e-1 1.51896011e-1 2.8711415e-1 2.8711415e-1
4.3116801e-1 1.51896011e-1 3.2009369e-1 3.2009369e-1
4.5647202e-1 1.51896011e-1 3.5408667e-1 3.5408667e-1
4.8177602e-1 1.51896011e-1 3.8892105e-1 3.8892105e-1
5.0708002e-1 1.51896011e-1 4.2441405e-1 4.2441405e-1
5.3238402e-1 1.51896011e-1 4.6037367e-1 4.6037367e-1
5.5768802e-1 1.51896011e-1 4.9659755e-1 4.9659755e-1
5.8299202e-1 1.51896011e-1 5.3287416e-1 5.3287416e-1
6.0829602e-1 1.51896011e-1 5.6898094e-1 5.6898094e-1
6.3360002e-1 1.51896011e-1 6.046868e-1 6.046868e-1
6.5890402e-1 1.51896011e-1 6.3975098e-1 6.3975098e-1
6.8420802e-1 1.51896011e-1 6.739209e-1 6.739209e-1
7.0951202e-1 1.51896011e-1 7.0693634e-1 7.0693634e-1
7.3481602e-1 1.51896011e-1 7.385264e-1 7.385264e-1
7.6012003e-1 1.51896011e-1 7.6840869e-1 7.6840869e-1
7.8542403e-1 1.51896011e-1 7.9629431e-1 7.9629431e-1
8.1072803e-1 1.51896011e-1 8.2188258e-1 8.2188258e-1
8.3603203e-1 1.51896011e-1 8.4486253e-1 8.4486253e-1
8.6133603e-1 1.51896011e-1 8.6491515e-1 8.6491515e-1
8.8664003e-1 1.51896011e-1 8.8170866e-1 8.8170866e-1
9.1194403e-1 1.51896011e-1 8.9490326e-1 8.9490326e-1
9.3724803e-1 1.51896011e-1 9.0415193e-1 9.0415193e-1
9.6255203e-1 1.51896011e-1 9.090918e-1 9.090918e-1
9.8785603e-1 1.51896011e-1 9.09355577e-1 9.09355577e-1
1.01316e0 1.51896011e-1 9.04563e-1 9.04563e-1
1.0384639e0 1.51896011e-1 8.9432616e-1 8.9432616e-1
1.063768e0 1.51896011e-1 8.7824548e-1 8.7824548e-1
1.089072e0 1.51896011e-1 8.5591292e-1 8.5591292e-1
1.1143759e0 1.51896011e-1 8.2690895e-1 8.2690895e-1
1.13968e0 1.51896011e-1 7.9080396e-1 7.9080396e-1
1.164984e0 1.51896011e-1 7.4716208e-1 7.4716208e-1
1.190288e0 1.51896011e-1 6.9553586e-1 6.9553586e-1
1.2155919e0 1.51896011e-1 6.3546529e-1 6.3546529e-1
1.240896e0 1.51896011e-1 5.6648042e-1 5.6648042e-1
1.2662e0 1.51896011e-1 4.8811015e-1 4.8811015e-1
1.2915039e0 1.51896011e-1 3.9986174e-1 3.9986174e-1
1.316808e0 1.51896011e-1 3.0124062e-1 3.0124062e-1
1.342112e0 1.51896011e-1 1.9173361e-1 1.9173361e-1
1.367416e0 1.51896011e-1 7.0834715e-2 7.0834715e-2
1.39272e0 1.51896011e-1 -6.1987874e-2 -6.1987874e-2
1.418024e0 1.51896011e-1 -2.0727353e-1 -2.0727353e-1
1.443328e0 1.51896011e-1 -3.6556659e-1 -3.6556659e-1
1.4686319e0 1.51896011e-1 -5.37433e-1 -5.37433e-1
1.493936e0 1.51896011e-1 -7.2341872e-1 -7.2341872e-1
1.51924e0 1.51896011e-1 -9.2410889e-1 -9.2410889e-1
1.5445439e0 1.51896011e-1 -1.1400935e0 -1.1400935e0
1.569848e0 1.51896011e-1 -1.3719787e0 -1.3719787e0
1.595152e0 1.51896011e-1 -1.6203474e0 -1.6203474e0
1.620456e0 1.51896011e-1 -1.88581877e0 -1.88581877e0
1.64576e0 1.51896011e-1 -2.16902702e0 -2.16902702e0
1.671064e0 1.51896011e-1 -2.47061934e0 -2.47061934e0
1.696368e0 1.51896011e-1 -2.79120752e0 -2.79120752e0
1.7216719e0 1.51896011e-1 -3.1314621e0 -3.1314621e0
1.746976e0 1.51896011e-1 -3.4920538e0 -3.4920538e0
1.77228e0 1.51896011e-1 -3.8736511e0 -3.8736511e0
1.7975839e0 1.51896011e-1 -4.2769588e0 -4.2769588e0
1.822888e0 1.51896011e-1 -4.702637e0 -4.702637e0
1.848192e0 1.51896011e-1 -5.1513953e0 -5.1513953e0
1.873496e0 1.51896011e-1 -5.623962e0 -5.623962e0
1.8987999e0 1.51896011e-1 -6.1210857e0 -6.1210857e0
1.924104e0 1.51896011e-1 -6.6434358e0 -6.6434358e0
1.949408e0 1.51896011e-1 -7.1917867e0 -7.1917867e0
1.9747119e0 1.51896011e-1 -7.7669002e0 -7.7669002e0
2.000016e0 1.51896011e-1 -8.3695306e0 -8.3695306e0

1.0e-3 2.02528015e-1 1.8359283e-6 1.8359283e-6
2.6304001e-2 2.02528015e-1 1.26980144e-3 1.26980144e-3
5.1608002e-2 2.02528015e-1 4.882695e-3 4.882695e-3
7.6912003e-2 2.02528015e-1 1.08253668e-2 1.08253668e-2
1.02216e-1 2.02528015e-1 1.9072856e-2 1.9072856e-2
1.2752e-1 2.02528015e-1 2.9590271e-2 2.9590271e-2
1.52824e-1 2.02528015e-1 4.2332979e-2 4.2332979e-2
1.78128e-1 2.02528015e-1 5.7246565e-2 5.7246565e-2
2.03432e-1 2.02528015e-1 7.4266495e-2 7.4266495e-2
2.2873601e-1 2.02528015e-1 9.3318681e-2 9.3318681e-2
2.5404001e-1 2.02528015e-1 1.14319247e-1 1.14319247e-1
2.7934401e-1 2.02528015e-1 1.37174074e-1 1.37174074e-1
3.0464801e-1 2.02528015e-1 1.61779636e-1 1.61779636e-1
3.2995201e-1 2.02528015e-1 1.8802216e-1 1.8802216e-1
3.5525601e-1 2.02528015e-1 2.1577867e-1 2.1577867e-1
3.8056001e-1 2.02528015e-1 2.4491566e-1 2.4491566e-1
4.0586401e-1 2.02528015e-1 2.7528984e-1 2.7528984e-1
4.3116801e-1 2.02528015e-1 3.0674928e-1 3.0674928e-1
4.5647202e-1 2.02528015e-1 3.3913002e-1 3.3913002e-1
4.8177602e-1 2.02528015e-1 3.7225987e-1 3.7225987e-1
5.0708002e-1 2.02528015e-1 4.0595714e-1 4.0595714e-1
5.3238402e-1 2.02528015e-1 4.4002834e-1 4.4002834e-1
5.5768802e-1 2.02528015e-1 4.7427223e-1 4.7427223e-1
5.8299202e-1 2.02528015e-1 5.0847694e-1 5.0847694e-1
6.0829602e-1 2.02528015e-1 5.4242047e-1 5.4242047e-1
6.3360002e-1 2.02528015e-1 5.7587064e-1 5.7587064e-1
6.5890402e-1 2.02528015e-1 6.0858655e-1 6.0858655e-1
6.8420802e-1 2.02528015e-1 6.4031757e-1 6.4031757e-1
7.0951202e-1 2.02528015e-1 6.7080157e-1 6.7080157e-1
7.3481602e-1 2.02528015e-1 6.9976741e-1 6.9976741e-1
7.6012003e-1 2.02528015e-1 7.2693524e-1 7.2693524e-1
7.8542403e-1 2.02528015e-1 7.5201364e-1 7.5201364e-1
8.1072803e-1 2.02528015e-1 7.7470279e-1 7.7470279e-1
8.3603203e-1 2.02528015e-1 7.9469164e-1 7.9469164e-1
8.6133603e-1 2.02528015e-1 8.1166014e-1 8.1166014e-1
8.8664003e-1 2.02528015e-1 8.252787e-1 8.252787e-1
9.1194403e-1 2.02528015e-1 8.3520769e-1 8.3520769e-1
9.3724803e-1 2.02528015e-1 8.41096658e-1 8.41096658e-1
9.6255203e-1 2.02528015e-1 8.42586383e-1 8.42586383e-1
9.8785603e-1 2.02528015e-1 8.39307558e-1 8.39307558e-1
1.01316e0 2.02528015e-1 8.308803e-1 8.308803e-1
1.0384639e0 2.02528015e-1 8.1691705e-1 8.1691705e-1
1.063768e0 2.02528015e-1 7.970181e-1 7.970181e-1
1.089072e0 2.02528015e-1 7.7077534e-1 7.7077534e-1
1.1143759e0 2.02528015e-1 7.377692e-1 7.377692e-1
1.13968e0 2.02528015e-1 6.975699e-1 6.975699e-1
1.164984e0 2.02528015e-1 6.4974193e-1 6.4974193e-1
1.190288e0 2.02528015e-1 5.9383784e-1 5.9383784e-1
1.2155919e0 2.02528015e-1 5.293974e-1 5.293974e-1
1.240896e0 2.02528015e-1 4.5595056e-1 4.5595056e-1
1.2662e0 2.02528015e-1 3.7302661e-1 3.7302661e-1
1.2915039e0 2.02528015e-1 2.8013252e-1 2.8013252e-1
1.316808e0 2.02528015e-1 1.7677385e-1 1.7677385e-1
1.342112e0 2.02528015e-1 6.2437317e-2 6.2437317e-2
1.367416e0 2.02528015e-1 -6.3383023e-2 -6.3383023e-2
1.39272e0 2.02528015e-1 -2.0121896e-1 -2.0121896e-1
1.418024e0 2.02528015e-1 -3.5160983e-1 -3.5160983e-1
1.443328e0 2.02528015e-1 -5.1510002e-1 -5.1510002e-1
1.4686319e0 2.02528015e-1 -6.9225581e-1 -6.9225581e-1
1.493936e0 2.02528015e-1 -8.8362212e-1 -8.8362212e-1
1.51924e0 2.02528015e-1 -1.08978546e0 -1.08978546e0
1.5445439e0 2.02528015e-1 -1.31133492e0 -1.31133492e0
1.569848e0 2.02528015e-1 -1.54887717e0 -1.54887717e0
1.595152e0 2.02528015e-1 -1.8029946e0 -1.8029946e0
1.620456e0 2.02528015e-1 -2.07430609e0 -2.07430609e0
1.64576e0 2.02528015e-1 -2.36344727e0 -2.36344727e0
1.671064e0 2.02528015e-1 -2.6710639e0 -2.6710639e0
1.696368e0 2.02528015e-1 -2.9977675e0 -2.9977675e0
1.7216719e0 2.02528015e-1 -3.3442302e0 -3.3442302e0
1.746976e0 2.02528015e-1 -3.7111221e0 -3.7111221e0
1.77228e0 2.02528015e-1 -4.0991115e0 -4.0991115e0
1.7975839e0 2.02528015e-1 -4.5089034e0 -4.5089034e0
1.822888e0 2.02528015e-1 -4.9411575e0 -4.9411575e0
1.848192e0 2.02528015e-1 -5.3965837e0 -5.3965837e0
1.873496e0 2.02528015e-1 -5.8759102e0 -5.8759102e0
1.8987999e0 2.02528015e-1 -6.3798859e0 -6.3798859e0
1.924104e0 2.02528015e-1 -6.9091795e0 -6.9091795e0
1.949408e0 2.02528015e-1 -7.4645659e0 -7.4645659e0
1.9747119e0 2.02528015e-1 -8.0468068e0 -8.0468068e0
2.000016e0 2.02528015e-1 -8.6566566e0 -8.6566566e0

1.0e-3 2.53160019e-1 1.7436386e-6 1.7436386e-6
2.6304001e-2 2.53160019e-1 1.20594719e-3 1.20594719e-3
5.1608002e-2 2.53160019e-1 4.6368918e-3 4.6368918e-3
7.6912003e-2 2.53160019e-1 1.0279431e-2 1.0279431e-2
1.02216e-1 2.53160019e-1 1.8108601e-2 1.8108601e-2
1.2752e-1 2.53160019e-1 2.8089516e-2 2.8089516e-2
1.52824e-1 2.53160019e-1 4.0177538e-2 4.0177538e-2
1.78128e-1 2.53160019e-1 5.431825e-2 5.431825e-2
2.03432e-1 2.53160019e-1 7.0447122e-2 7.0447122e-2
2.2873601e-1 2.53160019e-1 8.8490068e-2 8.8490068e-2
2.5404001e-1 2.53160019e-1 1.08363203e-1 1.08363203e-1
2.7934401e-1 2.53160019e-1 1.29972421e-1 1.29972421e-1
3.0464801e-1 2.53160019e-1 1.53214189e-1 1.53214189e-1
3.2995201e-1 2.53160019e-1 1.7797473e-1 1.7797473e-1
3.5525601e-1 2.53160019e-1 2.0413109e-1 2.0413109e-1
3.8056001e-1 2.53160019e-1 2.3154973e-1 2.3154973e-1
4.0586401e-1 2.53160019e-1 2.6008736e-1 2.6008736e-1
4.3116801e-1 2.53160019e-1 2.8959209e-1 2.8959209e-1
4.5647202e-1 2.53160019e-1 3.1989992e-1 3.1989992e-1
4.8177602e-1 2.53160019e-1 3.5083868e-1 3.5083868e-1
5.0708002e-1 2.53160019e-1 3.8222665e-1 3.8222665e-1
5.3238402e-1 2.53160019e-1 4.1387039e-1 4.1387039e-1
5.5768802e-1 2.53160019e-1 4.4556866e-1 4.4556866e-1
5.8299202e-1 2.53160019e-1 4.7710953e-1 4.7710953e-1
6.0829602e-1 2.53160019e-1 5.0827104e-1 5.0827104e-1
6.3360002e-1 2.53160019e-1 5.3882101e-1 5.3882101e-1
6.5890402e-1 2.53160019e-1 5.6851855e-1 5.6851855e-1
6.8420802e-1 2.53160019e-1 5.9711299e-1 5.9711299e-1
7.0951202e-1 2.53160019e-1 6.2434224e-1 6.2434224e-1
7.3481602e-1 2.53160019e-1 6.4993517e-1 6.4993517e-1
7.6012003e-1 2.53160019e-1 6.7361183e-1 6.7361183e-1
7.8542403e-1 2.53160019e-1 6.9508095e-1 6.9508095e-1
8.1072803e-1 2.53160019e-1 7.140426e-1 7.140426e-1
8.3603203e-1 2.53160019e-1 7.3018575e-1 7.3018575e-1
8.6133603e-1 2.53160019e-1 7.431904e-1 7.431904e-1
8.8664003e-1 2.53160019e-1 7.52727412e-1 7.52727412e-1
9.1194403e-1 2.53160019e-1 7.58455814e-1 7.58455814e-1
9.3724803e-1 2.53160019e-1 7.60026353e-1 7.60026353e-1
9.6255203e-1 2.53160019e-1 7.570795e-1 7.570795e-1
9.8785603e-1 2.53160019e-1 7.49245905e-1 7.49245905e-1
1.01316e0 2.53160019e-1 7.3614546e-1 7.3614546e-1
1.0384639e0 2.53160019e-1 7.1739114e-1 7.1739114e-1
1.063768e0 2.53160019e-1 6.9258298e-1 6.9258298e-1
1.089072e0 2.53160019e-1 6.6131285e-1 6.6131285e-1
1.1143759e0 2.53160019e-1 6.2316104e-1 6.2316104e-1
1.13968e0 2.53160019e-1 5.7769766e-1 5.7769766e-1
1.164984e0 2.53160019e-1 5.2448738e-1 5.2448738e-1
1.190288e0 2.53160019e-1 4.6308337e-1 4.6308337e-1
1.2155919e0 2.53160019e-1 3.9302454e-1 3.9302454e-1
1.240896e0 2.53160019e-1 3.1384085e-1 3.1384085e-1
1.2662e0 2.53160019e-1 2.250622e-1 2.250622e-1
1.2915039e0 2.53160019e-1 1.26195207e-1 1.26195207e-1
1.316808e0 2.53160019e-1 1.67452296e-2 1.67452296e-2
1.342112e0 2.53160019e-1 -1.03800867e-1 -1.03800867e-1
1.367416e0 2.53160019e-1 -2.359487e-1 -2.359487e-1
1.39272e0 2.53160019e-1 -3.8023015e-1 -3.8023015e-1
1.418024e0 2.53160019e-1 -5.371852e-1 -5.371852e-1
1.443328e0 2.53160019e-1 -7.0735713e-1 -7.0735713e-1
1.4686319e0 2.53160019e-1 -8.9131352e-1 -8.9131352e-1
1.493936e0 2.53160019e-1 -1.08959851e0 -1.08959851e0
1.51924e0 2.53160019e-1 -1.302798e0 -1.302798e0
1.5445439e0 2.53160019e-1 -1.53150223e0 -1.53150223e0
1.569848e0 2.53160019e-1 -1.77631784e0 -1.77631784e0
1.595152e0 2.53160019e-1 -2.03782649e0 -2.03782649e0
1.620456e0 2.53160019e-1 -2.31664761e0 -2.31664761e0
1.64576e0 2.53160019e-1 -2.61341591e0 -2.61341591e0
1.671064e0 2.53160019e-1 -2.928778e0 -2.928778e0
1.696368e0 2.53160019e-1 -3.2633464e0 -3.2633464e0
1.7216719e0 2.53160019e-1 -3.6177911e0 -3.6177911e0
1.746976e0 2.53160019e-1 -3.9927834e0 -3.9927834e0
1.77228e0 2.53160019e-1 -4.3889912e0 -4.3889912e0
1.7975839e0 2.53160019e-1 -4.80712e0 -4.80712e0
1.822888e0 2.53160019e-1 -5.2478291e0 -5.2478291e0
1.848192e0 2.53160019e-1 -5.7118282e0 -5.7118282e0
1.873496e0 2.53160019e-1 -6.1998457e0 -6.1998457e0
1.8987999e0 2.53160019e-1 -6.7126314e0 -6.7126314e0
1.924104e0 2.53160019e-1 -7.2508525e0 -7.2508525e0
1.949408e0 2.53160019e-1 -7.8152844e0 -7.8152844e0
1.9747119e0 2.53160019e-1 -8.4066893e0 -8.4066893e0
2.000016e0 2.53160019e-1 -9.0258212e0 -9.0258212e0

1.0e-3 3.03792023e-1 1.630841e-6 1.630841e-6
2.6304001e-2 3.03792023e-1 1.12790146e-3 1.12790146e-3
5.1608002e-2 3.03792023e-1 4.3364684e-3 4.3364684e-3
7.6912003e-2 3.03792023e-1 9.612182e-3 9.612182e-3
1.02216e-1 3.03792023e-1 1.6930064e-2 1.6930064e-2
1.2752e-1 3.03792023e-1 2.625525e-2 2.625525e-2
1.52824e-1 3.03792023e-1 3.7543097e-2 3.7543097e-2
1.78128e-1 3.03792023e-1 5.073918e-2 5.073918e-2
2.03432e-1 3.03792023e-1 6.5779042e-2 6.5779042e-2
2.2873601e-1 3.03792023e-1 8.2588484e-2 8.2588484e-2
2.5404001e-1 3.03792023e-1 1.01083661e-1 1.01083661e-1
2.7934401e-1 3.03792023e-1 1.2117048e-1 1.2117048e-1
3.0464801e-1 3.03792023e-1 1.42745264e-1 1.42745264e-1
3.2995201e-1 3.03792023e-1 1.6569467e-1 1.6569467e-1
3.5525601e-1 3.03792023e-1 1.8989526e-1 1.8989526e-1
3.8056001e-1 3.03792023e-1 2.152135e-1 2.152135e-1
4.0586401e-1 3.03792023e-1 2.4150673e-1 2.4150673e-1
4.3116801e-1 3.03792023e-1 2.6862207e-1 2.6862207e-1
4.5647202e-1 3.03792023e-1 2.9639635e-1 2.9639635e-1
4.8177602e-1 3.03792023e-1 3.2465746e-1 3.2465746e-1
5.0708002e-1 3.03792023e-1 3.5322298e-1 3.5322298e-1
5.3238402e-1 3.03792023e-1 3.8189987e-1 3.8189987e-1
5.5768802e-1 3.03792023e-1 4.1048682e-1 4.1048682e-1
5.8299202e-1 3.03792023e-1 4.3877193e-1 4.3877193e-1
6.0829602e-1 3.03792023e-1 4.6653267e-1 4.6653267e-1
6.3360002e-1 3.03792023e-1 4.9353856e-1 4.9353856e-1
6.5890402e-1 3.03792023e-1 5.1954701e-1 5.1954701e-1
6.8420802e-1 3.03792023e-1 5.4430786e-1 5.4430786e-1
7.0951202e-1 3.03792023e-1 5.6755836e-1 5.6755836e-1
7.3481602e-1 3.03792023e-1 5.8902962e-1 5.8902962e-1
7.6012003e-1 3.03792023e-1 6.0843938e-1 6.0843938e-1
7.8542403e-1 3.03792023e-1 6.2549718e-1 6.2549718e-1
8.1072803e-1 3.03792023e-1 6.3990266e-1 6.3990266e-1
8.3603203e-1 3.03792023e-1 6.5134573e-1 6.5134573e-1
8.6133603e-1 3.03792023e-1 6.59505922e-1 6.59505922e-1
8.8664003e-1 3.03792023e-1 6.64053339e-1 6.64053339e-1
9.1194403e-1 3.03792023e-1 6.64648148e-1 6.64648148e-1
9.3724803e-1 3.03792023e-1 6.60940617e-1 6.60940617e-1
9.6255203e-1 3.03792023e-1 6.52571292e-1 6.52571292e-1
9.8785603e-1 3.03792023e-1 6.39170766e-1 6.39170766e-1
1.01316e0 3.03792023e-1 6.2035884e-1 6.2035884e-1
1.0384639e0 3.03792023e-1 5.9574863e-1 5.9574863e-1
1.063768e0 3.03792023e-1 5.6494048e-1 5.6494048e-1
1.089072e0 3.03792023e-1 5.275258e-1 5.275258e-1
1.1143759e0 3.03792023e-1 4.8308487e-1 4.8308487e-1
1.13968e0 3.03792023e-1 4.3118742e-1 4.3118742e-1
1.164984e0 3.03792023e-1 3.7139923e-1 3.7139923e-1
1.190288e0 3.03792023e-1 3.0327289e-1 3.0327289e-1
1.2155919e0 3.03792023e-1 2.2634714e-1 2.2634714e-1
1.240896e0 3.03792023e-1 1.40151537e-1 1.40151537e-1
1.2662e0 3.03792023e-1 4.4217169e-2 4.4217169e-2
1.2915039e0 3.03792023e-1 -6.1950038e-2 -6.1950038e-2
1.316808e0 3.03792023e-1 -1.7884476e-1 -1.7884476e-1
1.342112e0 3.03792023e-1 -3.0698021e-1 -3.0698021e-1
1.367416e0 3.03792023e-1 -4.468615e-1 -4.468615e-1
1.39272e0 3.03792023e-1 -5.9902086e-1 -5.9902086e-1
1.418024e0 3.03792023e-1 -7.6399841e-1 -7.6399841e-1
1.443328e0 3.03792023e-1 -9.4233725e-1 -9.4233725e-1
1.4686319e0 3.03792023e-1 -1.1346058e0 -1.1346058e0
1.493936e0 3.03792023e-1 -1.34134618e0 -1.34134618e0
1.51924e0 3.03792023e-1 -1.5631458e0 -1.5631458e0
1.5445439e0 3.03792023e-1 -1.8005951e0 -1.8005951e0
1.569848e0 3.03792023e-1 -2.05430034e0 -2.05430034e0
1.595152e0 3.03792023e-1 -2.32484268e0 -2.32484268e0
1.620456e0 3.03792023e-1 -2.61284134e0 -2.61284134e0
1.64576e0 3.03792023e-1 -2.9189342e0 -2.9189342e0
1.671064e0 3.03792023e-1 -3.2437648e0 -3.2437648e0
1.696368e0 3.03792023e-1 -3.5879445e0 -3.5879445e0
1.7216719e0 3.03792023e-1 -3.9521405e0 -3.9521405e0
1.746976e0 3.03792023e-1 -4.337033e0 -4.337033e0
1.77228e0 3.03792023e-1 -4.7432903e0 -4.7432903e0
1.7975839e0 3.03792023e-1 -5.1716089e0 -5.1716089e0
1.822888e0 3.03792023e-1 -5.6226517e0 -5.6226517e0
1.848192e0 3.03792023e-1 -6.0971286e0 -6.0971286e0
1.873496e0 3.03792023e-1 -6.5957635e0 -6.5957635e0
1.8987999e0 3.03792023e-1 -7.1193166e0 -7.1193166e0
1.924104e0 3.03792023e-1 -7.668449e0 -7.668449e0
1.949408e0 3.03792023e-1 -8.2439366e0 -8.2439366e0
1.9747119e0 3.03792023e-1 -8.8465477e0 -8.8465477e0
2.000016e0 3.03792023e-1 -9.4770183e0 -9.4770183e0

1.0e-3 3.54424026e-1 1.4975342e-6 1.4975342e-6
2.6304001e-2 3.54424026e-1 1.03566635e-3 1.03566635e-3
5.1608002e-2 3.54424026e-1 3.9814206e-3 3.9814206e-3
7.6912003e-2 3.54424026e-1 8.8236111e-3 8.8236111e-3
1.02216e-1 3.54424026e-1 1.5537257e-2 1.5537257e-2
1.2752e-1 3.54424026e-1 2.40875e-2 2.40875e-2
1.52824e-1 3.54424026e-1 3.4429692e-2 3.4429692e-2
1.78128e-1 3.54424026e-1 4.6509406e-2 4.6509406e-2
2.03432e-1 3.54424026e-1 6.0262193e-2 6.0262193e-2
2.2873601e-1 3.54424026e-1 7.5613849e-2 7.5613849e-2
2.5404001e-1 3.54424026e-1 9.2480519e-2 9.2480519e-2
2.7934401e-1 3.54424026e-1 1.10768134e-1 1.10768134e-1
3.0464801e-1 3.54424026e-1 1.30372998e-1 1.30372998e-1
3.2995201e-1 3.54424026e-1 1.5118161e-1 1.5118161e-1
3.5525601e-1 3.54424026e-1 1.7307103e-1 1.7307103e-1
3.8056001e-1 3.54424026e-1 1.9590721e-1 1.9590721e-1
4.0586401e-1 3.54424026e-1 2.1954768e-1 2.1954768e-1
4.3116801e-1 3.54424026e-1 2.4383952e-1 2.4383952e-1
4.5647202e-1 3.54424026e-1 2.6861963e-1 2.6861963e-1
4.8177602e-1 3.54424026e-1 2.9371584e-1 2.9371584e-1
5.0708002e-1 3.54424026e-1 3.1894536e-1 3.1894536e-1
5.3238402e-1 3.54424026e-1 3.4411633e-1 3.4411633e-1
5.5768802e-1 3.54424026e-1 3.6902626e-1 3.6902626e-1
5.8299202e-1 3.54424026e-1 3.9346361e-1 3.9346361e-1
6.0829602e-1 3.54424026e-1 4.172059e-1 4.172059e-1
6.3360002e-1 3.54424026e-1 4.4002264e-1 4.4002264e-1
6.5890402e-1 3.54424026e-1 4.6167123e-1 4.6167123e-1
6.8420802e-1 3.54424026e-1 4.8190149e-1 4.8190149e-1
7.0951202e-1 3.54424026e-1 5.00451028e-1 5.00451028e-1
7.3481602e-1 3.54424026e-1 5.17049799e-1 5.17049799e-1
7.6012003e-1 3.54424026e-1 5.31416809e-1 5.31416809e-1
7.8542403e-1 3.54424026e-1 5.43261192e-1 5.43261192e-1
8.1072803e-1 3.54424026e-1 5.52282634e-1 5.52282634e-1
8.3603203e-1 3.54424026e-1 5.58170811e-1 5.58170811e-1
8.6133603e-1 3.54424026e-1 5.60605449e-1 5.60605449e-1
8.8664003e-1 3.54424026e-1 5.59256607e-1 5.59256607e-1
9.1194403e-1 3.54424026e-1 5.53784436e-1 5.53784436e-1
9.3724803e-1 3.54424026e-1 5.43839185e-1 5.43839185e-1
9.6255203e-1 3.54424026e-1 5.29061476e-1 5.29061476e-1
9.8785603e-1 3.54424026e-1 5.09081844e-1 5.09081844e-1
1.01316e0 3.54424026e-1 4.8351978e-1 4.8351978e-1
1.0384639e0 3.54424026e-1 4.5198914e-1 4.5198914e-1
1.063768e0 3.54424026e-1 4.140899e-1 4.140899e-1
1.089072e0 3.54424026e-1 3.6941348e-1 3.6941348e-1
1.1143759e0 3.54424026e-1 3.1753993e-1 3.1753993e-1
1.13968e0 3.54424026e-1 2.5803879e-1 2.5803879e-1
1.164984e0 3.54424026e-1 1.9047647e-1 1.9047647e-1
1.190288e0 3.54424026e-1 1.14405492e-1 1.14405492e-1
1.2155919e0 3.54424026e-1 2.9364238e-2 2.9364238e-2
1.240896e0 3.54424026e-1 -6.511778e-2 -6.511778e-2
1.2662e0 3.54424026e-1 -1.6950897e-1 -1.6950897e-1
1.2915039e0 3.54424026e-1 -2.8430376e-1 -2.8430376e-1
1.316808e0 3.54424026e-1 -4.0999687e-1 -4.0999687e-1
1.342112e0 3.54424026e-1 -5.471017e-1 -5.471017e-1
1.367416e0 3.54424026e-1 -6.9612262e-1 -6.9612262e-1
1.39272e0 3.54424026e-1 -8.5759229e-1 -8.5759229e-1
1.418024e0 3.54424026e-1 -1.032051e0 -1.032051e0
1.443328e0 3.54424026e-1 -1.22004166e0 -1.22004166e0
1.4686319e0 3.54424026e-1 -1.42213332e0 -1.42213332e0
1.493936e0 3.54424026e-1 -1.63886684e0 -1.63886684e0
1.51924e0 3.54424026e-1 -1.87083026e0 -1.87083026e0
1.5445439e0 3.54424026e-1 -2.11861423e0 -2.11861423e0
1.569848e0 3.54424026e-1 -2.38282542e0 -2.38282542e0
1.595152e0 3.54424026e-1 -2.6640454e0 -2.6640454e0
1.620456e0 3.54424026e-1 -2.9628908e0 -2.9628908e0
1.64576e0 3.54424026e-1 -3.2799992e0 -3.2799992e0
1.671064e0 3.54424026e-1 -3.6160185e0 -3.6160185e0
1.696368e0 3.54424026e-1 -3.9715572e0 -3.9715572e0
1.7216719e0 3.54424026e-1 -4.3472871e0 -4.3472871e0
1.746976e0 3.54424026e-1 -4.7438802e0 -4.7438802e0
1.77228e0 3.54424026e-1 -5.1620038e0 -5.1620038e0
1.7975839e0 3.54424026e-1 -5.6023647e0 -5.6023647e0
1.822888e0 3.54424026e-1 -6.06562e0 -6.06562e0
1.848192e0 3.54424026e-1 -6.55248e0 -6.55248e0
1.873496e0 3.54424026e-1 -7.063674e0 -7.063674e0
1.8987999e0 3.54424026e-1 -7.5999527e0 -7.5999527e0
1.924104e0 3.54424026e-1 -8.1619804e0 -8.1619804e0
1.949408e0 3.54424026e-1 -8.750534e0 -8.750534e0
1.9747119e0 3.54424026e-1 -9.366376e0 -9.366376e0
2.000016e0 3.54424026e-1 -1.00102602e1 -1.00102602e1

1.0e-3 4.0505603e-1 1.343718e-6 1.343718e-6
2.6304001e-2 4.0505603e-1 9.2924083e-4 9.2924083e-4
5.1608002e-2 4.0505603e-1 3.5717485e-3 3.5717485e-3
7.6912003e-2 4.0505603e-1 7.9137181e-3 7.9137181e-3
1.02216e-1 4.0505603e-1 1.3930167e-2 1.3930167e-2
1.2752e-1 4.0505603e-1 2.158624e-2 2.158624e-2
1.52824e-1 4.0505603e-1 3.083729e-2 3.083729e-2
1.78128e-1 4.0505603e-1 4.1628879e-2 4.1628879e-2
2.03432e-1 4.0505603e-1 5.389651e-2 5.389651e-2
2.2873601e-1 4.0505603e-1 6.7566162e-2 6.7566162e-2
2.5404001e-1 4.0505603e-1 8.255378e-2 8.255378e-2
2.7934401e-1 4.0505603e-1 9.8765381e-2 9.8765381e-2
3.0464801e-1 4.0505603e-1 1.16097255e-1 1.16097255e-1
3.2995201e-1 4.0505603e-1 1.3443591e-1 1.3443591e-1
3.5525601e-1 4.0505603e-1 1.5365817e-1 1.5365817e-1
3.8056001e-1 4.0505603e-1 1.7363063e-1 1.7363063e-1
4.0586401e-1 4.0505603e-1 1.9421024e-1 1.9421024e-1
4.3116801e-1 4.0505603e-1 2.1524419e-1 2.1524419e-1
4.5647202e-1 4.0505603e-1 2.3656944e-1 2.3656944e-1
4.8177602e-1 4.0505603e-1 2.5801384e-1 2.5801384e-1
5.0708002e-1 4.0505603e-1 2.7939455e-1 2.7939455e-1
5.3238402e-1 4.0505603e-1 3.0051978e-1 3.0051978e-1
5.5768802e-1 4.0505603e-1 3.2118697e-1 3.2118697e-1
5.8299202e-1 4.0505603e-1 3.4118459e-1 3.4118459e-1
6.0829602e-1 4.0505603e-1 3.6029031e-1 3.6029031e-1
6.3360002e-1 4.0505603e-1 3.78273038e-1 3.78273038e-1
6.5890402e-1 4.0505603e-1 3.94891132e-1 3.94891132e-1
6.8420802e-1 4.0505603e-1 4.09893498e-1 4.09893498e-1
7.0951202e-1 4.0505603e-1 4.23018668e-1 4.23018668e-1
7.3481602e-1 4.0505603e-1 4.33995866e-1 4.33995866e-1
7.6012003e-1 4.0505603e-1 4.42544296e-1 4.42544296e-1
7.8542403e-1 4.0505603e-1 4.48373181e-1 4.48373181e-1
8.1072803e-1 4.0505603e-1 4.51182135e-1 4.51182135e-1
8.3603203e-1 4.0505603e-1 4.5066079e-1 4.5066079e-1
8.6133603e-1 4.0505603e-1 4.46488986e-1 4.46488986e-1
8.8664003e-1 4.0505603e-1 4.3833674e-1 4.3833674e-1
9.1194403e-1 4.0505603e-1 4.25864175e-1 4.25864175e-1
9.3724803e-1 4.0505603e-1 4.08721518e-1 4.08721518e-1
9.6255203e-1 4.0505603e-1 3.86549486e-1 3.86549486e-1
9.8785603e-1 4.0505603e-1 3.58978543e-1 3.58978543e-1
1.01316e0 4.0505603e-1 3.2562782e-1 3.2562782e-1
1.0384639e0 4.0505603e-1 2.8611205e-1 2.8611205e-1
1.063768e0 4.0505603e-1 2.4003073e-1 2.4003073e-1
1.089072e0 4.0505603e-1 1.8697533e-1 1.8697533e-1
1.1143759e0 4.0505603e-1 1.2652565e-1 1.2652565e-1
1.13968e0 4.0505603e-1 5.8251054e-2 5.8251054e-2
1.164984e0 4.0505603e-1 -1.8281516e-2 -1.8281516e-2
1.190288e0 4.0505603e-1 -1.03519406e-1 -1.03519406e-1
1.2155919e0 4.0505603e-1 -1.9792462e-1 -1.9792462e-1
1.240896e0 4.0505603e-1 -3.0196817e-1 -3.0196817e-1
1.2662e0 4.0505603e-1 -4.1611722e-1 -4.1611722e-1
1.2915039e0 4.0505603e-1 -5.4086703e-1 -5.4086703e-1
1.316808e0 4.0505603e-1 -6.767121e-1 -6.767121e-1
1.342112e0 4.0505603e-1 -8.2416626e-1 -8.2416626e-1
1.367416e0 4.0505603e-1 -9.8373297e-1 -9.8373297e-1
1.39272e0 4.0505603e-1 -1.15594533e0 -1.15594533e0
1.418024e0 4.0505603e-1 -1.34134389e0 -1.34134389e0
1.443328e0 4.0505603e-1 -1.54047133e0 -1.54047133e0
1.4686319e0 4.0505603e-1 -1.75389737e0 -1.75389737e0
1.493936e0 4.0505603e-1 -1.9821615e0 -1.9821615e0
1.51924e0 4.0505603e-1 -2.22585245e0 -2.22585245e0
1.5445439e0 4.0505603e-1 -2.4855618e0 -2.4855618e0
1.569848e0 4.0505603e-1 -2.7618953e0 -2.7618953e0
1.595152e0 4.0505603e-1 -3.0554326e0 -3.0554326e0
1.620456e0 4.0505603e-1 -3.3667934e0 -3.3667934e0
1.64576e0 4.0505603e-1 -3.6966142e0 -3.6966142e0
1.671064e0 4.0505603e-1 -4.0455438e0 -4.0455438e0
1.696368e0 4.0505603e-1 -4.4141888e0 -4.4141888e0
1.7216719e0 4.0505603e-1 -4.8032222e0 -4.8032222e0
1.746976e0 4.0505603e-1 -5.2133156e0 -5.2133156e0
1.77228e0 4.0505603e-1 -5.6451366e0 -5.6451366e0
1.7975839e0 4.0505603e-1 -6.0993924e0 -6.0993924e0
1.822888e0 4.0505603e-1 -6.5767392e0 -6.5767392e0
1.848192e0 4.0505603e-1 -7.0778874e0 -7.0778874e0
1.873496e0 4.0505603e-1 -7.6035667e0 -7.6035667e0
1.8987999e0 4.0505603e-1 -8.1545285e0 -8.1545285e0
1.924104e0 4.0505603e-1 -8.7314354e0 -8.7314354e0
1.949408e0 4.0505603e-1 -9.335065e0 -9.335065e0
1.9747119e0 4.0505603e-1 -9.9661803e0 -9.9661803e0
2.000016e0 4.0505603e-1 -1.06255344e1 -1.06255344e1

1.0e-3 4.55688034e-1 1.1693924e-6 1.1693924e-6
2.6304001e-2 4.55688034e-1 8.0862595e-4 8.0862595e-4
5.1608002e-2 4.55688034e-1 3.1074562e-3 3.1074562e-3
7.6912003e-2 4.55688034e-1 6.8825029e-3 6.8825029e-3
1.02216e-1 4.55688034e-1 1.2108809e-2 1.2108809e-2
1.2752e-1 4.55688034e-1 1.8751495e-2 1.8751495e-2
1.52824e-1 4.55688034e-1 2.6765923e-2 2.6765923e-2
1.78128e-1 4.55688034e-1 3.6097647e-2 3.6097647e-2
2.03432e-1 4.55688034e-1 4.6682182e-2 4.6682182e-2
2.2873601e-1 4.55688034e-1 5.8445424e-2 5.8445424e-2
2.5404001e-1 4.55688034e-1 7.1303442e-2 7.1303442e-2
2.7934401e-1 4.55688034e-1 8.516222e-2 8.516222e-2
3.0464801e-1 4.55688034e-1 9.9918172e-2 9.9918172e-2
3.2995201e-1 4.55688034e-1 1.1545755e-1 1.1545755e-1
3.5525601e-1 4.55688034e-1 1.316573e-1 1.316573e-1
3.8056001e-1 4.55688034e-1 1.48384e-1 1.48384e-1
4.0586401e-1 4.55688034e-1 1.6549437e-1 1.6549437e-1
4.3116801e-1 4.55688034e-1 1.82836237e-1 1.82836237e-1
4.5647202e-1 4.55688034e-1 2.0024607e-1 2.0024607e-1
4.8177602e-1 4.55688034e-1 2.1755167e-1 2.1755167e-1
5.0708002e-1 4.55688034e-1 2.34570604e-1 2.34570604e-1
5.3238402e-1 4.55688034e-1 2.51110422e-1 2.51110422e-1
5.5768802e-1 4.55688034e-1 2.66969229e-1 2.66969229e-1
5.8299202e-1 4.55688034e-1 2.81935074e-1 2.81935074e-1
6.0829602e-1 4.55688034e-1 2.95786102e-1 2.95786102e-1
6.3360002e-1 4.55688034e-1 3.0829071e-1 3.0829071e-1
6.5890402e-1 4.55688034e-1 3.1920746e-1 3.1920746e-1
6.8420802e-1 4.55688034e-1 3.28285176e-1 3.28285176e-1
7.0951202e-1 4.55688034e-1 3.35262524e-1 3.35262524e-1
7.3481602e-1 4.55688034e-1 3.3986865e-1 3.3986865e-1
7.6012003e-1 4.55688034e-1 3.41822726e-1 3.41822726e-1
7.8542403e-1 4.55688034e-1 3.40834087e-1 3.40834087e-1
8.1072803e-1 4.55688034e-1 3.36602264e-1 3.36602264e-1
8.3603203e-1 4.55688034e-1 3.28816838e-1 3.28816838e-1
8.6133603e-1 4.55688034e-1 3.17157779e-1 3.17157779e-1
8.8664003e-1 4.55688034e-1 3.01295055e-1 3.01295055e-1
9.1194403e-1 4.55688034e-1 2.80888759e-1 2.80888759e-1
9.3724803e-1 4.55688034e-1 2.55589091e-1 2.55589091e-1
9.6255203e-1 4.55688034e-1 2.25036877e-1 2.25036877e-1
9.8785603e-1 4.55688034e-1 1.888625e-1 1.888625e-1
1.01316e0 4.55688034e-1 1.4668471e-1 1.4668471e-1
1.0384639e0 4.55688034e-1 9.8119157e-2 9.8119157e-2
1.063768e0 4.55688034e-1 4.2764873e-2 4.2764873e-2
1.089072e0 4.55688034e-1 -1.9786694e-2 -1.9786694e-2
1.1143759e0 4.55688034e-1 -8.9955922e-2 -8.9955922e-2
1.13968e0 4.55688034e-1 -1.681738e-1 -1.681738e-1
1.164984e0 4.55688034e-1 -2.548725e-1 -2.548725e-1
1.190288e0 4.55688034e-1 -3.504994e-1 -3.504994e-1
1.2155919e0 4.55688034e-1 -4.555172e-1 -4.555172e-1
1.240896e0 4.55688034e-1 -5.7039696e-1 -5.7039696e-1
1.2662e0 4.55688034e-1 -6.9560487e-1 -6.9560487e-1
1.2915039e0 4.55688034e-1 -8.3163698e-1 -8.3163698e-1
1.316808e0 4.55688034e-1 -9.7898752e-1 -9.7898752e-1
1.342112e0 4.55688034e-1 -1.13817085e0 -1.13817085e0
1.367416e0 4.55688034e-1 -1.30968938e0 -1.30968938e0
1.39272e0 4.55688034e-1 -1.49407672e0 -1.49407672e0
1.418024e0 4.55688034e-1 -1.69187372e0 -1.69187372e0
1.443328e0 4.55688034e-1 -1.90362274e0 -1.90362274e0
1.4686319e0 4.55688034e-1 -2.12989435e0 -2.12989435e0
1.493936e0 4.55688034e-1 -2.3712263e0 -2.3712263e0
1.51924e0 4.55688034e-1 -2.6282085e0 -2.6282085e0
1.5445439e0 4.55688034e-1 -2.9014316e0 -2.9014316e0
1.569848e0 4.55688034e-1 -3.1915036e0 -3.1915036e0
1.595152e0 4.55688034e-1 -3.499002e0 -3.499002e0
1.620456e0 4.55688034e-1 -3.824547e0 -3.824547e0
1.64576e0 4.55688034e-1 -4.1687753e0 -4.1687753e0
1.671064e0 4.55688034e-1 -4.5323363e0 -4.5323363e0
1.696368e0 4.55688034e-1 -4.9158351e0 -4.9158351e0
1.7216719e0 4.55688034e-1 -5.3199454e0 -5.3199454e0
1.746976e0 4.55688034e-1 -5.7453394e0 -5.7453394e0
1.77228e0 4.55688034e-1 -6.1926839e0 -6.1926839e0
1.7975839e0 4.55688034e-1 -6.6626874e0 -6.6626874e0
1.822888e0 4.55688034e-1 -7.1560043e0 -7.1560043e0
1.848192e0 4.55688034e-1 -7.6733456e0 -7.6733456e0
1.873496e0 4.55688034e-1 -8.2154416e0 -8.2154416e0
1.8987999e0 4.55688034e-1 -8.7830441e0 -8.7830441e0
1.924104e0 4.55688034e-1 -9.3768138e0 -9.3768138e0
1.949408e0 4.55688034e-1 -9.9975296e0 -9.9975296e0
1.9747119e0 4.55688034e-1 -1.06459543e1 -1.06459543e1
2.000016e0 4.55688034e-1 -1.13228412e1 -1.13228412e1

1.0e-3 5.0632004e-1 9.7455902e-7 9.7455902e-7
2.6304001e-2 5.0632004e-1 6.73819809e-4 6.73819809e-4
5.1608002e-2 5.0632004e-1 2.58853648e-3 2.58853648e-3
7.6912003e-2 5.0632004e-1 5.72997392e-3 5.72997392e-3
1.02216e-1 5.0632004e-1 1.00731572e-2 1.00731572e-2
1.2752e-1 5.0632004e-1 1.5583232e-2 1.5583232e-2
1.52824e-1 5.0632004e-1 2.22155444e-2 2.22155444e-2
1.78128e-1 5.0632004e-1 2.9915629e-2 2.9915629e-2
2.03432e-1 5.0632004e-1 3.86190724e-2 3.86190724e-2
2.2873601e-1 5.0632004e-1 4.82517216e-2 4.82517216e-2
2.5404001e-1 5.0632004e-1 5.87296155e-2 5.87296155e-2
2.7934401e-1 5.0632004e-1 6.99587599e-2 6.99587599e-2
3.0464801e-1 5.0632004e-1 8.18355254e-2 8.18355254e-2
3.2995201e-1 5.0632004e-1 9.4246342e-2 9.4246342e-2
3.5525601e-1 5.0632004e-1 1.07067946e-1 1.07067946e-1
3.8056001e-1 5.0632004e-1 1.20166975e-1 1.20166975e-1
4.0586401e-1 5.0632004e-1 1.33400378e-1 1.33400378e-1
4.3116801e-1 5.0632004e-1 1.46615446e-1 1.46615446e-1
4.5647202e-1 5.0632004e-1 1.59649155e-1 1.59649155e-1
4.8177602e-1 5.0632004e-1 1.72329112e-1 1.72329112e-1
5.0708002e-1 5.0632004e-1 1.84472888e-1 1.84472888e-1
5.3238402e-1 5.0632004e-1 1.95888086e-1 1.95888086e-1
5.5768802e-1 5.0632004e-1 2.06372755e-1 2.06372755e-1
5.8299202e-1 5.0632004e-1 2.15714946e-1 2.15714946e-1
6.0829602e-1 5.0632004e-1 2.2369283e-1 2.2369283e-1
6.3360002e-1 5.0632004e-1 2.30074808e-1 2.30074808e-1
6.5890402e-1 5.0632004e-1 2.34619437e-1 2.34619437e-1
6.8420802e-1 5.0632004e-1 2.37075456e-1 2.37075456e-1
7.0951202e-1 5.0632004e-1 2.37181676e-1 2.37181676e-1
7.3481602e-1 5.0632004e-1 2.34667157e-1 2.34667157e-1
7.6012003e-1 5.0632004e-1 2.29251042e-1 2.29251042e-1
7.8542403e-1 5.0632004e-1 2.20642781e-1 2.20642781e-1
8.1072803e-1 5.0632004e-1 2.08541818e-1 2.08541818e-1
8.3603203e-1 5.0632004e-1 1.92637675e-1 1.92637675e-1
8.6133603e-1 5.0632004e-1 1.72610472e-1 1.72610472e-1
8.8664003e-1 5.0632004e-1 1.48130112e-1 1.48130112e-1
9.1194403e-1 5.0632004e-1 1.18856664e-1 1.18856664e-1
9.3724803e-1 5.0632004e-1 8.44403519e-2 8.44403519e-2
9.6255203e-1 5.0632004e-1 4.45219691e-2 4.45219691e-2
9.8785603e-1 5.0632004e-1 -1.26803198e-3 -1.26803198e-3
1.01316e0 5.0632004e-1 -5.3311644e-2 -5.3311644e-2
1.0384639e0 5.0632004e-1 -1.1199153e-1 -1.1199153e-1
1.063768e0 5.0632004e-1 -1.777099e-1 -1.777099e-1
1.089072e0 5.0632004e-1 -2.508748e-1 -2.508748e-1
1.1143759e0 5.0632004e-1 -3.3190714e-1 -3.3190714e-1
1.13968e0 5.0632004e-1 -4.2123798e-1 -4.2123798e-1
1.164984e0 5.0632004e-1 -5.1929893e-1 -5.1929893e-1
1.190288e0 5.0632004e-1 -6.2653743e-1 -6.2653743e-1
1.2155919e0 5.0632004e-1 -7.4341632e-1 -7.4341632e-1
1.240896e0 5.0632004e-1 -8.7040698e-1 -8.7040698e-1
1.2662e0 5.0632004e-1 -1.00797485e0 -1.00797485e0
1.2915039e0 5.0632004e-1 -1.15661691e0 -1.15661691e0
1.316808e0 5.0632004e-1 -1.3168263e0 -1.3168263e0
1.342112e0 5.0632004e-1 -1.48911905e0 -1.48911905e0
1.367416e0 5.0632004e-1 -1.67399556e0 -1.67399556e0
1.39272e0 5.0632004e-1 -1.87199031e0 -1.87199031e0
1.418024e0 5.0632004e-1 -2.0836429e0 -2.0836429e0
1.443328e0 5.0632004e-1 -2.3094984e0 -2.3094984e0
1.4686319e0 5.0632004e-1 -2.5501268e0 -2.5501268e0
1.493936e0 5.0632004e-1 -2.8060643e0 -2.8060643e0
1.51924e0 5.0632004e-1 -3.0779012e0 -3.0779012e0
1.5445439e0 5.0632004e-1 -3.3662288e0 -3.3662288e0
1.569848e0 5.0632004e-1 -3.6716557e0 -3.6716557e0
1.595152e0 5.0632004e-1 -3.9947578e0 -3.9947578e0
1.620456e0 5.0632004e-1 -4.3361554e0 -4.3361554e0
1.64576e0 5.0632004e-1 -4.6964864e0 -4.6964864e0
1.671064e0 5.0632004e-1 -5.0764003e0 -5.0764003e0
1.696368e0 5.0632004e-1 -5.4765004e0 -5.4765004e0
1.7216719e0 5.0632004e-1 -5.8974615e0 -5.8974615e0
1.746976e0 5.0632004e-1 -6.339956e0 -6.339956e0
1.77228e0 5.0632004e-1 -6.8046506e0 -6.8046506e0
1.7975839e0 5.0632004e-1 -7.2922543e0 -7.2922543e0
1.822888e0 5.0632004e-1 -7.8034204e0 -7.8034204e0
1.848192e0 5.0632004e-1 -8.3388599e0 -8.3388599e0
1.873496e0 5.0632004e-1 -8.8993039e0 -8.8993039e0
1.8987999e0 5.0632004e-1 -9.4855049e0 -9.4855049e0
1.924104e0 5.0632004e-1 -1.00981216e1 -1.00981216e1
1.949408e0 5.0632004e-1 -1.07379337e1 -1.07379337e1
1.9747119e0 5.0632004e-1 -1.14057043e1 -1.14057043e1
2.000016e0 5.0632004e-1 -1.21021866e1 -1.21021866e1

1.0e-3 5.5695204e-1 7.5921661e-7 7.5921661e-7
2.6304001e-2 5.5695204e-1 5.24824294e-4 5.24824294e-4
5.1608002e-2 5.5695204e-1 2.01499643e-3 2.01499643e-3
7.6912003e-2 5.5695204e-1 4.45612546e-3 4.45612546e-3
1.02216e-1 5.5695204e-1 7.823234e-3 7.823234e-3
1.2752e-1 5.5695204e-1 1.20814732e-2 1.20814732e-2
1.52824e-1 5.5695204e-1 1.71861873e-2 1.71861873e-2
1.78128e-1 5.5695204e-1 2.30829007e-2 2.30829007e-2
2.03432e-1 5.5695204e-1 2.97072168e-2 2.97072168e-2
2.2873601e-1 5.5695204e-1 3.69849757e-2 3.69849757e-2
2.5404001e-1 5.5695204e-1 4.48322e-2 4.48322e-2
2.7934401e-1 5.5695204e-1 5.31549283e-2 5.31549283e-2
3.0464801e-1 5.5695204e-1 6.18495117e-2 6.18495117e-2
3.2995201e-1 5.5695204e-1 7.080239e-2 7.080239e-2
3.5525601e-1 5.5695204e-1 7.9890266e-2 7.9890266e-2
3.8056001e-1 5.5695204e-1 8.8979819e-2 8.8979819e-2
4.0586401e-1 5.5695204e-1 9.7927994e-2 9.7927994e-2
4.3116801e-1 5.5695204e-1 1.06582019e-1 1.06582019e-1
4.5647202e-1 5.5695204e-1 1.14778969e-1 1.14778969e-1
4.8177602e-1 5.5695204e-1 1.22346384e-1 1.22346384e-1
5.0708002e-1 5.5695204e-1 1.29101834e-1 1.29101834e-1
5.3238402e-1 5.5695204e-1 1.3485299e-1 1.3485299e-1
5.5768802e-1 5.5695204e-1 1.39397836e-1 1.39397836e-1
5.8299202e-1 5.5695204e-1 1.4252442e-1 1.4252442e-1
6.0829602e-1 5.5695204e-1 1.44010948e-1 1.44010948e-1
6.3360002e-1 5.5695204e-1 1.4362582e-1 1.4362582e-1
6.5890402e-1 5.5695204e-1 1.41127591e-1 1.41127591e-1
6.8420802e-1 5.5695204e-1 1.36264906e-1 1.36264906e-1
7.0951202e-1 5.5695204e-1 1.2877674e-1 1.2877674e-1
7.3481602e-1 5.5695204e-1 1.18392049e-1 1.18392049e-1
7.6012003e-1 5.5695204e-1 1.04829947e-1 1.04829947e-1
7.8542403e-1 5.5695204e-1 8.7800017e-2 8.7800017e-2
8.1072803e-1 5.5695204e-1 6.70016e-2 6.70016e-2
8.3603203e-1 5.5695204e-1 4.21241678e-2 4.21241678e-2
8.6133603e-1 5.5695204e-1 1.28480017e-2 1.28480017e-2
8.8664003e-1 5.5695204e-1 -2.11571263e-2 -2.11571263e-2
9.1194403e-1 5.5695204e-1 -6.02310794e-2 -6.02310794e-2
9.3724803e-1 5.5695204e-1 -1.04723792e-1 -1.04723792e-1
9.6255203e-1 5.5695204e-1 -1.54994151e-1 -1.54994151e-1
9.8785603e-1 5.5695204e-1 -2.11411975e-1 -2.11411975e-1
1.01316e0 5.5695204e-1 -2.743596e-1 -2.743596e-1
1.0384639e0 5.5695204e-1 -3.4421869e-1 -3.4421869e-1
1.063768e0 5.5695204e-1 -4.2139189e-1 -4.2139189e-1
1.089072e0 5.5695204e-1 -5.0628734e-1 -5.0628734e-1
1.1143759e0 5.5695204e-1 -5.9932622e-1 -5.9932622e-1
1.13968e0 5.5695204e-1 -7.0093996e-1 -7.0093996e-1
1.164984e0 5.5695204e-1 -8.1155916e-1 -8.1155916e-1
1.190288e0 5.5695204e-1 -9.3163126e-1 -9.3163126e-1
1.2155919e0 5.5695204e-1 -1.06161975e0 -1.06161975e0
1.240896e0 5.5695204e-1 -1.20199637e0 -1.20199637e0
1.2662e0 5.5695204e-1 -1.35322522e0 -1.35322522e0
1.2915039e0 5.5695204e-1 -1.51580428e0 -1.51580428e0
1.316808e0 5.5695204e-1 -1.69022633e0 -1.69022633e0
1.342112e0 5.5695204e-1 -1.8770073e0 -1.8770073e0
1.367416e0 5.5695204e-1 -2.0766478e0 -2.0766478e0
1.39272e0 5.5695204e-1 -2.2896822e0 -2.2896822e0
1.418024e0 5.5695204e-1 -2.516652e0 -2.516652e0
1.443328e0 5.5695204e-1 -2.758099e0 -2.758099e0
1.4686319e0 5.5695204e-1 -3.0145956e0 -3.0145956e0
1.493936e0 5.5695204e-1 -3.2866759e0 -3.2866759e0
1.51924e0 5.5695204e-1 -3.5749312e0 -3.5749312e0
1.5445439e0 5.5695204e-1 -3.8799535e0 -3.8799535e0
1.569848e0 5.5695204e-1 -4.2023515e0 -4.2023515e0
1.595152e0 5.5695204e-1 -4.5426997e0 -4.5426997e0
1.620456e0 5.5695204e-1 -4.901619e0 -4.901619e0
1.64576e0 5.5695204e-1 -5.2797475e0 -5.2797475e0
1.671064e0 5.5695204e-1 -5.6777356e0 -5.6777356e0
1.696368e0 5.5695204e-1 -6.0961847e0 -6.0961847e0
1.7216719e0 5.5695204e-1 -6.5357706e0 -6.5357706e0
1.746976e0 5.5695204e-1 -6.9971657e0 -6.9971657e0
1.77228e0 5.5695204e-1 -7.4810365e0 -7.4810365e0
1.7975839e0 5.5695204e-1 -7.9880933e0 -7.9880933e0
1.822888e0 5.5695204e-1 -8.5189874e0 -8.5189874e0
1.848192e0 5.5695204e-1 -9.0744302e0 -9.0744302e0
1.873496e0 5.5695204e-1 -9.6551537e0 -9.6551537e0
1.8987999e0 5.5695204e-1 -1.02619112e1 -1.02619112e1
1.924104e0 5.5695204e-1 -1.08953586e1 -1.08953586e1
1.949408e0 5.5695204e-1 -1.1556277e1 -1.1556277e1
1.9747119e0 5.5695204e-1 -1.22454301e1 -1.22454301e1
2.000016e0 5.5695204e-1 -1.29635706e1 -1.29635706e1

1.0e-3 6.0758405e-1 5.2336517e-7 5.2336517e-7
2.6304001e-2 6.0758405e-1 3.61638568e-4 3.61638568e-4
5.1608002e-2 6.0758405e-1 1.38683287e-3 1.38683287e-3
7.6912003e-2 6.0758405e-1 3.06095673e-3 3.06095673e-3
1.02216e-1 6.0758405e-1 5.3590297e-3 5.3590297e-3
1.2752e-1 6.0758405e-1 8.2462099e-3 8.2462099e-3
1.52824e-1 6.0758405e-1 1.16778383e-2 1.16778383e-2
1.78128e-1 6.0758405e-1 1.5599429e-2 1.5599429e-2
2.03432e-1 6.0758405e-1 1.99466034e-2 1.99466034e-2
2.2873601e-1 6.0758405e-1 2.46451942e-2 2.46451942e-2
2.5404001e-1 6.0758405e-1 2.9611206e-2 2.9611206e-2
2.7934401e-1 6.0758405e-1 3.47507138e-2 3.47507138e-2
3.0464801e-1 6.0758405e-1 3.99600465e-2 3.99600465e-2
3.2995201e-1 6.0758405e-1 4.5125655e-2 4.5125655e-2
3.5525601e-1 6.0758405e-1 5.0124207e-2 5.0124207e-2
3.8056001e-1 6.0758405e-1 5.4822423e-2 5.4822423e-2
4.0586401e-1 6.0758405e-1 5.9077249e-2 5.9077249e-2
4.3116801e-1 6.0758405e-1 6.2735841e-2 6.2735841e-2
4.5647202e-1 6.0758405e-1 6.5635382e-2 6.5635382e-2
4.8177602e-1 6.0758405e-1 6.760334e-2 6.760334e-2
5.0708002e-1 6.0758405e-1 6.8457288e-2 6.8457288e-2
5.3238402e-1 6.0758405e-1 6.8004964e-2 6.8004964e-2
5.5768802e-1 6.0758405e-1 6.6044281e-2 6.6044281e-2
5.8299202e-1 6.0758405e-1 6.2363289e-2 6.2363289e-2
6.0829602e-1 6.0758405e-1 5.6740228e-2 5.6740228e-2
6.3360002e-1 6.0758405e-1 4.89435e-2 4.89435e-2
6.5890402e-1 6.0758405e-1 3.87316484e-2 3.87316484e-2
6.8420802e-1 6.0758405e-1 2.58532596e-2 2.58532596e-2
7.0951202e-1 6.0758405e-1 1.0047406e-2 1.0047406e-2
7.3481602e-1 6.0758405e-1 -8.9569785e-3 -8.9569785e-3
7.6012003e-1 6.0758405e-1 -3.14409087e-2 -3.14409087e-2
7.8542403e-1 6.0758405e-1 -5.76945923e-2 -5.76945923e-2
8.1072803e-1 6.0758405e-1 -8.8018788e-2 -8.8018788e-2
8.3603203e-1 6.0758405e-1 -1.22724144e-1 -1.22724144e-1
8.6133603e-1 6.0758405e-1 -1.62130185e-1 -1.62130185e-1
8.8664003e-1 6.0758405e-1 -2.06567142e-1 -2.06567142e-1
9.1194403e-1 6.0758405e-1 -2.56375018e-1 -2.56375018e-1
9.3724803e-1 6.0758405e-1 -3.11903712e-1 -3.11903712e-1
9.6255203e-1 6.0758405e-1 -3.73512009e-1 -3.73512009e-1
9.8785603e-1 6.0758405e-1 -4.41569815e-1 -4.41569815e-1
1.01316e0 6.0758405e-1 -5.1646e-1 -5.1646e-1
1.0384639e0 6.0758405e-1 -5.9856296e-1 -5.9856296e-1
1.063768e0 6.0758405e-1 -6.8828197e-1 -6.8828197e-1
1.089072e0 6.0758405e-1 -7.8602515e-1 -7.8602515e-1
1.1143759e0 6.0758405e-1 -8.9221408e-1 -8.9221408e-1
1.13968e0 6.0758405e-1 -1.00728052e0 -1.00728052e0
1.164984e0 6.0758405e-1 -1.13165399e0 -1.13165399e0
1.190288e0 6.0758405e-1 -1.26578195e0 -1.26578195e0
1.2155919e0 6.0758405e-1 -1.41012863e0 -1.41012863e0
1.240896e0 6.0758405e-1 -1.5651665e0 -1.5651665e0
1.2662e0 6.0758405e-1 -1.7313574e0 -1.7313574e0
1.2915039e0 6.0758405e-1 -1.9092006e0 -1.9092006e0
1.316808e0 6.0758405e-1 -2.0991891e0 -2.0991891e0
1.342112e0 6.0758405e-1 -2.3018396e0 -2.3018396e0
1.367416e0 6.0758405e-1 -2.5176503e0 -2.5176503e0
1.39272e0 6.0758405e-1 -2.747157e0 -2.747157e0
1.418024e0 6.0758405e-1 -2.9909012e0 -2.9909012e0
1.443328e0 6.0758405e-1 -3.2494246e0 -3.2494246e0
1.4686319e0 6.0758405e-1 -3.5233006e0 -3.5233006e0
1.493936e0 6.0758405e-1 -3.813061e0 -3.813061e0
1.51924e0 6.0758405e-1 -4.1192987e0 -4.1192987e0
1.5445439e0 6.0758405e-1 -4.4426054e0 -4.4426054e0
1.569848e0 6.0758405e-1 -4.783591e0 -4.783591e0
1.595152e0 6.0758405e-1 -5.142828e0 -5.142828e0
1.620456e0 6.0758405e-1 -5.5209375e0 -5.5209375e0
1.64576e0 6.0758405e-1 -5.9185587e0 -5.9185587e0
1.671064e0 6.0758405e-1 -6.3363425e0 -6.3363425e0
1.696368e0 6.0758405e-1 -6.7748882e0 -6.7748882e0
1.7216719e0 6.0758405e-1 -7.2348724e0 -7.2348724e0
1.746976e0 6.0758405e-1 -7.7169682e0 -7.7169682e0
1.77228e0 6.0758405e-1 -8.2218417e0 -8.2218417e0
1.7975839e0 6.0758405e-1 -8.7502042e0 -8.7502042e0
1.822888e0 6.0758405e-1 -9.3027054e0 -9.3027054e0
1.848192e0 6.0758405e-1 -9.8800568e0 -9.8800568e0
1.873496e0 6.0758405e-1 -1.04829909e1 -1.04829909e1
1.8987999e0 6.0758405e-1 -1.11122626e1 -1.11122626e1
1.924104e0 6.0758405e-1 -1.17685246e1 -1.17685246e1
1.949408e0 6.0758405e-1 -1.24525598e1 -1.24525598e1
1.9747119e0 6.0758405e-1 -1.31651318e1 -1.31651318e1
2.000016e0 6.0758405e-1 -1.39069931e1 -1.39069931e1

1.0e-3 6.5821605e-1 2.6700531e-7 2.6700531e-7
2.6304001e-2 6.5821605e-1 1.84263055e-4 1.84263055e-4
5.1608002e-2 6.5821605e-1 7.0404747e-4 7.0404747e-4
7.6912003e-2 6.5821605e-1 1.54447133e-3 1.54447133e-3
1.02216e-1 6.5821605e-1 2.6805511e-3 2.6805511e-3
1.2752e-1 6.5821605e-1 4.0774516e-3 4.0774516e-3
1.52824e-1 6.5821605e-1 5.6905118e-3 5.6905118e-3
1.78128e-1 6.5821605e-1 7.4652335e-3 7.4652335e-3
2.03432e-1 6.5821605e-1 9.3372574e-3 9.3372574e-3
2.2873601e-1 6.5821605e-1 1.1232409e-2 1.1232409e-2
2.5404001e-1 6.5821605e-1 1.30666733e-2 1.30666733e-2
2.7934401e-1 6.5821605e-1 1.47461638e-2 1.47461638e-2
3.0464801e-1 6.5821605e-1 1.61671866e-2 1.61671866e-2
3.2995201e-1 6.5821605e-1 1.7216205e-2 1.7216205e-2
3.5525601e-1 6.5821605e-1 1.7769844e-2 1.7769844e-2
3.8056001e-1 6.5821605e-1 1.7694875e-2 1.7694875e-2
4.0586401e-1 6.5821605e-1 1.6848244e-2 1.6848244e-2
4.3116801e-1 6.5821605e-1 1.50770245e-2 1.50770245e-2
4.5647202e-1 6.5821605e-1 1.2218518e-2 1.2218518e-2
4.8177602e-1 6.5821605e-1 8.1001091e-3 8.1001091e-3
5.0708002e-1 6.5821605e-1 2.53941849e-3 2.53941849e-3
5.3238402e-1 6.5821605e-1 -4.6558078e-3 -4.6558078e-3
5.5768802e-1 6.5821605e-1 -1.36877191e-2 -1.36877191e-2
5.8299202e-1 6.5821605e-1 -2.47682292e-2 -2.47682292e-2
6.0829602e-1 6.5821605e-1 -3.81191e-2 -3.81191e-2
6.3360002e-1 6.5821605e-1 -5.3971902e-2 -5.3971902e-2
6.5890402e-1 6.5821605e-1 -7.256809e-2 -7.256809e-2
6.8420802e-1 6.5821605e-1 -9.4159244e-2 -9.4159244e-2
7.0951202e-1 6.5821605e-1 -1.19006017e-1 -1.19006017e-1
7.3481602e-1 6.5821605e-1 -1.47379672e-1 -1.47379672e-1
7.6012003e-1 6.5821605e-1 -1.79561174e-1 -1.79561174e-1
7.8542403e-1 6.5821605e-1 -2.15840642e-1 -2.15840642e-1
8.1072803e-1 6.5821605e-1 -2.56518953e-1 -2.56518953e-1
8.3603203e-1 6.5821605e-1 -3.01906804e-1 -3.01906804e-1
8.6133603e-1 6.5821605e-1 -3.52323535e-1 -3.52323535e-1
8.8664003e-1 6.5821605e-1 -4.08099455e-1 -4.08099455e-1
9.1194403e-1 6.5821605e-1 -4.69574608e-1 -4.69574608e-1
9.3724803e-1 6.5821605e-1 -5.3709893e-1 -5.3709893e-1
9.6255203e-1 6.5821605e-1 -6.11031049e-1 -6.11031049e-1
9.8785603e-1 6.5821605e-1 -6.91740991e-1 -6.91740991e-1
1.01316e0 6.5821605e-1 -7.7961223e-1 -7.7961223e-1
1.0384639e0 6.5821605e-1 -8.750237e-1 -8.750237e-1
1.063768e0 6.5821605e-1 -9.7837943e-1 -9.7837943e-1
1.089072e0 6.5821605e-1 -1.09008752e0 -1.09008752e0
1.1143759e0 6.5821605e-1 -1.21056996e0 -1.21056996e0
1.13968e0 6.5821605e-1 -1.3402592e0 -1.3402592e0
1.164984e0 6.5821605e-1 -1.479583e0 -1.479583e0
1.190288e0 6.5821605e-1 -1.6289888e0 -1.6289888e0
1.2155919e0 6.5821605e-1 -1.7889421e0 -1.7889421e0
1.240896e0 6.5821605e-1 -1.9599155e0 -1.9599155e0
1.2662e0 6.5821605e-1 -2.1423695e0 -2.1423695e0
1.2915039e0 6.5821605e-1 -2.3368044e0 -2.3368044e0
1.316808e0 6.5821605e-1 -2.5437128e0 -2.5437128e0
1.342112e0 6.5821605e-1 -2.763612e0 -2.763612e0
1.367416e0 6.5821605e-1 -2.996999e0 -2.996999e0
1.39272e0 6.5821605e-1 -3.2444101e0 -3.2444101e0
1.418024e0 6.5821605e-1 -3.5063873e0 -3.5063873e0
1.443328e0 6.5821605e-1 -3.783472e0 -3.783472e0
1.4686319e0 6.5821605e-1 -4.0762384e0 -4.0762384e0
1.493936e0 6.5821605e-1 -4.3852165e0 -4.3852165e0
1.51924e0 6.5821605e-1 -4.7109999e0 -4.7109999e0
1.5445439e0 6.5821605e-1 -5.054181e0 -5.054181e0
1.569848e0 6.5821605e-1 -5.4153703e0 -5.4153703e0
1.595152e0 6.5821605e-1 -5.7951387e0 -5.7951387e0
1.620456e0 6.5821605e-1 -6.1941072e0 -6.1941072e0
1.64576e0 6.5821605e-1 -6.6129158e0 -6.6129158e0
1.671064e0 6.5821605e-1 -7.0522165e0 -7.0522165e0
1.696368e0 6.5821605e-1 -7.512606e0 -7.512606e0
1.7216719e0 6.5821605e-1 -7.9947624e0 -7.9947624e0
1.746976e0 6.5821605e-1 -8.499359e0 -8.499359e0
1.77228e0 6.5821605e-1 -9.0270615e0 -9.0270615e0
1.7975839e0 6.5821605e-1 -9.5785823e0 -9.5785823e0
1.822888e0 6.5821605e-1 -1.01545691e1 -1.01545691e1
1.848192e0 6.5821605e-1 -1.0755734e1 -1.0755734e1
1.873496e0 6.5821605e-1 -1.13828102e1 -1.13828102e1
1.8987999e0 6.5821605e-1 -1.20365538e1 -1.20365538e1
1.924104e0 6.5821605e-1 -1.27176143e1 -1.27176143e1
1.949408e0 6.5821605e-1 -1.34267761e1 -1.34267761e1
1.9747119e0 6.5821605e-1 -1.41648035e1 -1.41648035e1
2.000016e0 6.5821605e-1 -1.49324483e1 -1.49324483e1

1.0e-3 7.0884805e-1 -9.8636002e-9 -9.8636002e-9
2.6304001e-2 7.0884805e-1 -7.3026666e-6 -7.3026666e-6
5.1608002e-2 7.0884805e-1 -3.3361581e-5 -3.3361581e-5
7.6912003e-2 7.0884805e-1 -9.3334058e-5 -9.3334058e-5
1.02216e-1 7.0884805e-1 -2.1220862e-4 -2.1220862e-4
1.2752e-1 7.0884805e-1 -4.2481145e-4 -4.2481145e-4
1.52824e-1 7.0884805e-1 -7.7580724e-4 -7.7580724e-4
1.78128e-1 7.0884805e-1 -1.319707e-3 -1.319707e-3
2.03432e-1 7.0884805e-1 -2.12084807e-3 -2.12084807e-3
2.2873601e-1 7.0884805e-1 -3.2534131e-3 -3.2534131e-3
2.5404001e-1 7.0884805e-1 -4.8014409e-3 -4.8014409e-3
2.7934401e-1 7.0884805e-1 -6.85877275e-3 -6.85877275e-3
3.0464801e-1 7.0884805e-1 -9.5291248e-3 -9.5291248e-3
3.2995201e-1 7.0884805e-1 -1.2926028e-2 -1.2926028e-2
3.5525601e-1 7.0884805e-1 -1.7172896e-2 -1.7172896e-2
3.8056001e-1 7.0884805e-1 -2.240291e-2 -2.240291e-2
4.0586401e-1 7.0884805e-1 -2.8759122e-2 -2.8759122e-2
4.3116801e-1 7.0884805e-1 -3.6394537e-2 -3.6394537e-2
4.5647202e-1 7.0884805e-1 -4.5471733e-2 -4.5471733e-2
4.8177602e-1 7.0884805e-1 -5.61634e-2 -5.61634e-2
5.0708002e-1 7.0884805e-1 -6.8651971e-2 -6.8651971e-2
5.3238402e-1 7.0884805e-1 -8.3129538e-2 -8.3129538e-2
5.5768802e-1 7.0884805e-1 -9.9798355e-2 -9.9798355e-2
5.8299202e-1 7.0884805e-1 -1.18870374e-1 -1.18870374e-1
6.0829602e-1 7.0884805e-1 -1.40567267e-1 -1.40567267e-1
6.3360002e-1 7.0884805e-1 -1.65120638e-1 -1.65120638e-1
6.5890402e-1 7.0884805e-1 -1.92771927e-1 -1.92771927e-1
6.8420802e-1 7.0884805e-1 -2.23772847e-1 -2.23772847e-1
7.0951202e-1 7.0884805e-1 -2.58383836e-1 -2.58383836e-1
7.3481602e-1 7.0884805e-1 -2.96876286e-1 -2.96876286e-1
7.6012003e-1 7.0884805e-1 -3.39531203e-1 -3.39531203e-1
7.8542403e-1 7.0884805e-1 -3.86638535e-1 -3.86638535e-1
8.1072803e-1 7.0884805e-1 -4.3849929e-1 -4.3849929e-1
8.3603203e-1 7.0884805e-1 -4.95424246e-1 -4.95424246e-1
8.6133603e-1 7.0884805e-1 -5.57732533e-1 -5.57732533e-1
8.8664003e-1 7.0884805e-1 -6.25754546e-1 -6.25754546e-1
9.1194403e-1 7.0884805e-1 -6.99830368e-1 -6.99830368e-1
9.3724803e-1 7.0884805e-1 -7.80309981e-1 -7.80309981e-1
9.6255203e-1 7.0884805e-1 -8.67551839e-1 -8.67551839e-1
9.8785603e-1 7.0884805e-1 -9.61926099e-1 -9.61926099e-1
1.01316e0 7.0884805e-1 -1.0638173e0 -1.0638173e0
1.0384639e0 7.0884805e-1 -1.1736021e0 -1.1736021e0
1.063768e0 7.0884805e-1 -1.2916853e0 -1.2916853e0
1.089072e0 7.0884805e-1 -1.4184756e0 -1.4184756e0
1.1143759e0 7.0884805e-1 -1.5543951e0 -1.5543951e0
1.13968e0 7.0884805e-1 -1.6998766e0 -1.6998766e0
1.164984e0 7.0884805e-1 -1.8553467e0 -1.8553467e0
1.190288e0 7.0884805e-1 -2.0212529e0 -2.0212529e0
1.2155919e0 7.0884805e-1 -2.1980615e0 -2.1980615e0
1.240896e0 7.0884805e-1 -2.3862453e0 -2.3862453e0
1.2662e0 7.0884805e-1 -2.5862634e0 -2.5862634e0
1.2915039e0 7.0884805e-1 -2.7986172e0 -2.7986172e0
1.316808e0 7.0884805e-1 -3.0237991e0 -3.0237991e0
1.342112e0 7.0884805e-1 -3.2623273e0 -3.2623273e0
1.367416e0 7.0884805e-1 -3.5146965e0 -3.5146965e0
1.39272e0 7.0884805e-1 -3.7814444e0 -3.7814444e0
1.418024e0 7.0884805e-1 -4.0631104e0 -4.0631104e0
1.443328e0 7.0884805e-1 -4.3602441e0 -4.3602441e0
1.4686319e0 7.0884805e-1 -4.6734093e0 -4.6734093e0
1.493936e0 7.0884805e-1 -5.0031458e0 -5.0031458e0
1.51924e0 7.0884805e-1 -5.3500386e0 -5.3500386e0
1.5445439e0 7.0884805e-1 -5.7146805e0 -5.7146805e0
1.569848e0 7.0884805e-1 -6.0976935e0 -6.0976935e0
1.595152e0 7.0884805e-1 -6.4996355e0 -6.4996355e0
1.620456e0 7.0884805e-1 -6.9211317e0 -6.9211317e0
1.64576e0 7.0884805e-1 -7.362823e0 -7.362823e0
1.671064e0 7.0884805e-1 -7.8253621e0 -7.8253621e0
1.696368e0 7.0884805e-1 -8.3093387e0 -8.3093387e0
1.7216719e0 7.0884805e-1 -8.8154454e0 -8.8154454e0
1.746976e0 7.0884805e-1 -9.3443428e0 -9.3443428e0
1.77228e0 7.0884805e-1 -9.8967006e0 -9.8967006e0
1.7975839e0 7.0884805e-1 -1.04732324e1 -1.04732324e1
1.822888e0 7.0884805e-1 -1.10745837e1 -1.10745837e1
1.848192e0 7.0884805e-1 -1.17014673e1 -1.17014673e1
1.873496e0 7.0884805e-1 -1.2354617e1 -1.2354617e1
1.8987999e0 7.0884805e-1 -1.30347903e1 -1.30347903e1
1.924104e0 7.0884805e-1 -1.37426332e1 -1.37426332e1
1.949408e0 7.0884805e-1 -1.44789319e1 -1.44789319e1
1.9747119e0 7.0884805e-1 -1.5244451e1 -1.5244451e1
2.000016e0 7.0884805e-1 -1.60399419e1 -1.60399419e1

1.0e-3 7.5948006e-1 -3.072409e-7 -3.072409e-7
2.6304001e-2 7.5948006e-1 -2.13058177e-4 -2.13058177e-4
5.1608002e-2 7.5948006e-1 -8.2539217e-4 -8.2539217e-4
7.6912003e-2 7.5948006e-1 -1.85245667e-3 -1.85245667e-3
1.02216e-1 7.5948006e-1 -3.3192422e-3 -3.3192422e-3
1.2752e-1 7.5948006e-1 -5.2605682e-3 -5.2605682e-3
1.52824e-1 7.5948006e-1 -7.7211024e-3 -7.7211024e-3
1.78128e-1 7.5948006e-1 -1.07553687e-2 -1.07553687e-2
2.03432e-1 7.5948006e-1 -1.44276823e-2 -1.44276823e-2
2.2873601e-1 7.5948006e-1 -1.88122359e-2 -1.88122359e-2
2.5404001e-1 7.5948006e-1 -2.3993088e-2 -2.3993088e-2
2.7934401e-1 7.5948006e-1 -3.00640376e-2 -3.00640376e-2
3.0464801e-1 7.5948006e-1 -3.7128831e-2 -3.7128831e-2
3.2995201e-1 7.5948006e-1 -4.5300978e-2 -4.5300978e-2
3.5525601e-1 7.5948006e-1 -5.4703941e-2 -5.4703941e-2
3.8056001e-1 7.5948006e-1 -6.5470847e-2 -6.5470847e-2
4.0586401e-1 7.5948006e-1 -7.7744746e-2 -7.7744746e-2
4.3116801e-1 7.5948006e-1 -9.167874e-2 -9.167874e-2
4.5647202e-1 7.5948006e-1 -1.07435263e-1 -1.07435263e-1
4.8177602e-1 7.5948006e-1 -1.25187102e-1 -1.25187102e-1
5.0708002e-1 7.5948006e-1 -1.45116684e-1 -1.45116684e-1
5.3238402e-1 7.5948006e-1 -1.67416016e-1 -1.67416016e-1
5.5768802e-1 7.5948006e-1 -1.92287439e-1 -1.92287439e-1
5.8299202e-1 7.5948006e-1 -2.19942905e-1 -2.19942905e-1
6.0829602e-1 7.5948006e-1 -2.50604044e-1 -2.50604044e-1
6.3360002e-1 7.5948006e-1 -2.84502458e-1 -2.84502458e-1
6.5890402e-1 7.5948006e-1 -3.21879587e-1 -3.21879587e-1
6.8420802e-1 7.5948006e-1 -3.62987279e-1 -3.62987279e-1
7.0951202e-1 7.5948006e-1 -4.08085747e-1 -4.08085747e-1
7.3481602e-1 7.5948006e-1 -4.57446516e-1 -4.57446516e-1
7.6012003e-1 7.5948006e-1 -5.11350642e-1 -5.11350642e-1
7.8542403e-1 7.5948006e-1 -5.70087888e-1 -5.70087888e-1
8.1072803e-1 7.5948006e-1 -6.339594e-1 -6.339594e-1
8.3603203e-1 7.5948006e-1 -7.0327551e-1 -7.0327551e-1
8.6133603e-1 7.5948006e-1 -7.7835638e-1 -7.7835638e-1
8.8664003e-1 7.5948006e-1 -8.5953157e-1 -8.5953157e-1
9.1194403e-1 7.5948006e-1 -9.4714229e-1 -9.4714229e-1
9.3724803e-1 7.5948006e-1 -1.04153592e0 -1.04153592e0
9.6255203e-1 7.5948006e-1 -1.1430738e0 -1.1430738e0
9.8785603e-1 7.5948006e-1 -1.25212454e0 -1.25212454e0
1.01316e0 7.5948006e-1 -1.3690733e0 -1.3690733e0
1.0384639e0 7.5948006e-1 -1.4942961e0 -1.4942961e0
1.063768e0 7.5948006e-1 -1.628198e0 -1.628198e0
1.089072e0 7.5948006e-1 -1.7711874e0 -1.7711874e0
1.1143759e0 7.5948006e-1 -1.9236874e0 -1.9236874e0
1.13968e0 7.5948006e-1 -2.0861308e0 -2.0861308e0
1.164984e0 7.5948006e-1 -2.2589433e0 -2.2589433e0
1.190288e0 7.5948006e-1 -2.442572e0 -2.442572e0
1.2155919e0 7.5948006e-1 -2.6374844e0 -2.6374844e0
1.240896e0 7.5948006e-1 -2.8441536e0 -2.8441536e0
1.2662e0 7.5948006e-1 -3.0630368e0 -3.0630368e0
1.2915039e0 7.5948006e-1 -3.294637e0 -3.294637e0
1.316808e0 7.5948006e-1 -3.5394458e0 -3.5394458e0
1.342112e0 7.5948006e-1 -3.7979825e0 -3.7979825e0
1.367416e0 7.5948006e-1 -4.0707402e0 -4.0707402e0
1.39272e0 7.5948006e-1 -4.3582571e0 -4.3582571e0
1.418024e0 7.5948006e-1 -4.6610765e0 -4.6610765e0
1.443328e0 7.5948006e-1 -4.9797382e0 -4.9797382e0
1.4686319e0 7.5948006e-1 -5.3148196e0 -5.3148196e0
1.493936e0 7.5948006e-1 -5.6668452e0 -5.6668452e0
1.51924e0 7.5948006e-1 -6.0364111e0 -6.0364111e0
1.5445439e0 7.5948006e-1 -6.4241109e0 -6.4241109e0
1.569848e0 7.5948006e-1 -6.8305566e0 -6.8305566e0
1.595152e0 7.5948006e-1 -7.2563147e0 -7.2563147e0
1.620456e0 7.5948006e-1 -7.7020073e0 -7.7020073e0
1.64576e0 7.5948006e-1 -8.168276e0 -8.168276e0
1.671064e0 7.5948006e-1 -8.6557747e0 -8.6557747e0
1.696368e0 7.5948006e-1 -9.1650948e0 -9.1650948e0
1.7216719e0 7.5948006e-1 -9.6969168e0 -9.6969168e0
1.746976e0 7.5948006e-1 -1.0251915e1 -1.0251915e1
1.77228e0 7.5948006e-1 -1.08307542e1 -1.08307542e1
1.7975839e0 7.5948006e-1 -1.14341496e1 -1.14341496e1
1.822888e0 7.5948006e-1 -1.20627443e1 -1.20627443e1
1.848192e0 7.5948006e-1 -1.27172514e1 -1.27172514e1
1.873496e0 7.5948006e-1 -1.3398406e1 -1.3398406e1
1.8987999e0 7.5948006e-1 -1.41069666e1 -1.41069666e1
1.924104e0 7.5948006e-1 -1.48435757e1 -1.48435757e1
1.949408e0 7.5948006e-1 -1.56090213e1 -1.56090213e1
1.9747119e0 7.5948006e-1 -1.64040685e1 -1.64040685e1
2.000016e0 7.5948006e-1 -1.72294681e1 -1.72294681e1

1.0e-3 8.1011206e-1 -6.2512665e-7 -6.2512665e-7
2.6304001e-2 8.1011206e-1 -4.33003474e-4 -4.33003474e-4
5.1608002e-2 8.1011206e-1 -1.67204477e-3 -1.67204477e-3
7.6912003e-2 8.1011206e-1 -3.73289566e-3 -3.73289566e-3
1.02216e-1 8.1011206e-1 -6.6405505e-3 -6.6405505e-3
1.2752e-1 8.1011206e-1 -1.04298204e-2 -1.04298204e-2
1.52824e-1 8.1011206e-1 -1.51453758e-2 -1.51453758e-2
1.78128e-1 8.1011206e-1 -2.08417557e-2 -2.08417557e-2
2.03432e-1 8.1011206e-1 -2.7583251e-2 -2.7583251e-2
2.2873601e-1 8.1011206e-1 -3.54440639e-2 -3.54440639e-2
2.5404001e-1 8.1011206e-1 -4.45082773e-2 -4.45082773e-2
2.7934401e-1 8.1011206e-1 -5.48696414e-2 -5.48696414e-2
3.0464801e-1 8.1011206e-1 -6.6631932e-2 -6.6631932e-2
3.2995201e-1 8.1011206e-1 -7.9908644e-2 -7.9908644e-2
3.5525601e-1 8.1011206e-1 -9.482329e-2 -9.482329e-2
3.8056001e-1 8.1011206e-1 -1.11508936e-1 -1.11508936e-1
4.0586401e-1 8.1011206e-1 -1.30108633e-1 -1.30108633e-1
4.3116801e-1 8.1011206e-1 -1.50775578e-1 -1.50775578e-1
4.5647202e-1 8.1011206e-1 -1.73672066e-1 -1.73672066e-1
4.8177602e-1 8.1011206e-1 -1.98970975e-1 -1.98970975e-1
5.0708002e-1 8.1011206e-1 -2.26854735e-1 -2.26854735e-1
5.3238402e-1 8.1011206e-1 -2.57515253e-1 -2.57515253e-1
5.5768802e-1 8.1011206e-1 -2.9115497e-1 -2.9115497e-1
5.8299202e-1 8.1011206e-1 -3.27985835e-1 -3.27985835e-1
6.0829602e-1 8.1011206e-1 -3.68229433e-1 -3.68229433e-1
6.3360002e-1 8.1011206e-1 -4.1211736e-1 -4.1211736e-1
6.5890402e-1 8.1011206e-1 -4.5989119e-1 -4.5989119e-1
6.8420802e-1 8.1011206e-1 -5.1180246e-1 -5.1180246e-1
7.0951202e-1 8.1011206e-1 -5.6811143e-1 -5.6811143e-1
7.3481602e-1 8.1011206e-1 -6.2909036e-1 -6.2909036e-1
7.6012003e-1 8.1011206e-1 -6.9501949e-1 -6.9501949e-1
7.8542403e-1 8.1011206e-1 -7.6618869e-1 -7.6618869e-1
8.1072803e-1 8.1011206e-1 -8.4289897e-1 -8.4289897e-1
8.3603203e-1 8.1011206e-1 -9.2546208e-1 -9.2546208e-1
8.6133603e-1 8.1011206e-1 -1.01419623e0 -1.01419623e0
8.8664003e-1 8.1011206e-1 -1.10943173e0 -1.10943173e0
9.1194403e-1 8.1011206e-1 -1.21150862e0 -1.21150862e0
9.3724803e-1 8.1011206e-1 -1.32077809e0 -1.32077809e0
9.6255203e-1 8.1011206e-1 -1.43759753e0 -1.43759753e0
9.8785603e-1 8.1011206e-1 -1.56233691e0 -1.56233691e0
1.01316e0 8.1011206e-1 -1.6953807e0 -1.6953807e0
1.0384639e0 8.1011206e-1 -1.8371059e0 -1.8371059e0
1.063768e0 8.1011206e-1 -1.987919e0 -1.987919e0
1.089072e0 8.1011206e-1 -2.1482231e0 -2.1482231e0
1.1143759e0 8.1011206e-1 -2.3184488e0 -2.3184488e0
1.13968e0 8.1011206e-1 -2.4990222e0 -2.4990222e0
1.164984e0 8.1011206e-1 -2.690373e0 -2.690373e0
1.190288e0 8.1011206e-1 -2.8929486e0 -2.8929486e0
1.2155919e0 8.1011206e-1 -3.1072108e0 -3.1072108e0
1.240896e0 8.1011206e-1 -3.3336403e0 -3.3336403e0
1.2662e0 8.1011206e-1 -3.5726895e0 -3.5726895e0
1.2915039e0 8.1011206e-1 -3.8248657e0 -3.8248657e0
1.316808e0 8.1011206e-1 -4.0906526e0 -4.0906526e0
1.342112e0 8.1011206e-1 -4.3705806e0 -4.3705806e0
1.367416e0 8.1011206e-1 -4.6651328e0 -4.6651328e0
1.39272e0 8.1011206e-1 -4.9748512e0 -4.9748512e0
1.418024e0 8.1011206e-1 -5.3002763e0 -5.3002763e0
1.443328e0 8.1011206e-1 -5.6419539e0 -5.6419539e0
1.4686319e0 8.1011206e-1 -6.0004596e0 -6.0004596e0
1.493936e0 8.1011206e-1 -6.3763148e0 -6.3763148e0
1.51924e0 8.1011206e-1 -6.7701175e0 -6.7701175e0
1.5445439e0 8.1011206e-1 -7.1824614e0 -7.1824614e0
1.569848e0 8.1011206e-1 -7.6139597e0 -7.6139597e0
1.595152e0 8.1011206e-1 -8.0651762e0 -8.0651762e0
1.620456e0 8.1011206e-1 -8.5367339e0 -8.5367339e0
1.64576e0 8.1011206e-1 -9.0292752e0 -9.0292752e0
1.671064e0 8.1011206e-1 -9.5434546e0 -9.5434546e0
1.696368e0 8.1011206e-1 -1.0079861e1 -1.0079861e1
1.7216719e0 8.1011206e-1 -1.06391763e1 -1.06391763e1
1.746976e0 8.1011206e-1 -1.12220753e1 -1.12220753e1
1.77228e0 8.1011206e-1 -1.18292223e1 -1.18292223e1
1.7975839e0 8.1011206e-1 -1.24613338e1 -1.24613338e1
1.822888e0 8.1011206e-1 -1.31190508e1 -1.31190508e1
1.848192e0 8.1011206e-1 -1.38030865e1 -1.38030865e1
1.873496e0 8.1011206e-1 -1.45141771e1 -1.45141771e1
1.8987999e0 8.1011206e-1 -1.52530826e1 -1.52530826e1
1.924104e0 8.1011206e-1 -1.60204417e1 -1.60204417e1
1.949408e0 8.1011206e-1 -1.68170442e1 -1.68170442e1
1.9747119e0 8.1011206e-1 -1.76436559e1 -1.76436559e1
2.000016e0 8.1011206e-1 -1.85010269e1 -1.85010269e1

1.0e-3 8.6074406e-1 -9.6352203e-7 -9.6352203e-7
2.6304001e-2 8.6074406e-1 -6.67139406e-4 -6.67139406e-4
5.1608002e-2 8.6074406e-1 -2.57332248e-3 -2.57332248e-3
7.6912003e-2 8.6074406e-1 -5.73465855e-3 -5.73465855e-3
1.02216e-1 8.6074406e-1 -1.01761462e-2 -1.01761462e-2
1.2752e-1 8.6074406e-1 -1.59325871e-2 -1.59325871e-2
1.52824e-1 8.6074406e-1 -2.30486555e-2 -2.30486555e-2
1.78128e-1 8.6074406e-1 -3.15789056e-2 -3.15789056e-2
2.03432e-1 8.6074406e-1 -4.1587602e-2 -4.1587602e-2
2.2873601e-1 8.6074406e-1 -5.3148982e-2 -5.3148982e-2
2.5404001e-1 8.6074406e-1 -6.6347113e-2 -6.6347113e-2
2.7934401e-1 8.6074406e-1 -8.1275687e-2 -8.1275687e-2
3.0464801e-1 8.6074406e-1 -9.8038484e-2 -9.8038484e-2
3.2995201e-1 8.6074406e-1 -1.1674913e-1 -1.1674913e-1
3.5525601e-1 8.6074406e-1 -1.3753107e-1 -1.3753107e-1
3.8056001e-1 8.6074406e-1 -1.6051727e-1 -1.6051727e-1
4.0586401e-1 8.6074406e-1 -1.8585104e-1 -1.8585104e-1
4.3116801e-1 8.6074406e-1 -2.1368513e-1 -2.1368513e-1
4.5647202e-1 8.6074406e-1 -2.4418227e-1 -2.4418227e-1
4.8177602e-1 8.6074406e-1 -2.7751544e-1 -2.7751544e-1
5.0708002e-1 8.6074406e-1 -3.138664e-1 -3.138664e-1
5.3238402e-1 8.6074406e-1 -3.5342772e-1 -3.5342772e-1
5.5768802e-1 8.6074406e-1 -3.964015e-1 -3.964015e-1
5.8299202e-1 8.6074406e-1 -4.4299968e-1 -4.4299968e-1
6.0829602e-1 8.6074406e-1 -4.9344377e-1 -4.9344377e-1
6.3360002e-1 8.6074406e-1 -5.4796596e-1 -5.4796596e-1
6.5890402e-1 8.6074406e-1 -6.0680716e-1 -6.0680716e-1
6.8420802e-1 8.6074406e-1 -6.7021925e-1 -6.7021925e-1
7.0951202e-1 8.6074406e-1 -7.384623e-1 -7.384623e-1
7.3481602e-1 8.6074406e-1 -8.1180864e-1 -8.1180864e-1
7.6012003e-1 8.6074406e-1 -8.9053862e-1 -8.9053862e-1
7.8542403e-1 8.6074406e-1 -9.7494191e-1 -9.7494191e-1
8.1072803e-1 8.6074406e-1 -1.06531963e0 -1.06531963e0
8.3603203e-1 8.6074406e-1 -1.16198367e0 -1.16198367e0
8.6133603e-1 8.6074406e-1 -1.26525195e0 -1.26525195e0
8.8664003e-1 8.6074406e-1 -1.37545491e0 -1.37545491e0
9.1194403e-1 8.6074406e-1 -1.49293263e0 -1.49293263e0
9.3724803e-1 8.6074406e-1 -1.61803638e0 -1.61803638e0
9.6255203e-1 8.6074406e-1 -1.75112187e0 -1.75112187e0
9.8785603e-1 8.6074406e-1 -1.89256203e0 -1.89256203e0
1.01316e0 8.6074406e-1 -2.0427423e0 -2.0427423e0
1.0384639e0 8.6074406e-1 -2.2020348e0 -2.2020348e0
1.063768e0 8.6074406e-1 -2.3708466e0 -2.3708466e0
1.089072e0 8.6074406e-1 -2.5495863e0 -2.5495863e0
1.1143759e0 8.6074406e-1 -2.7386775e0 -2.7386775e0
1.13968e0 8.6074406e-1 -2.9385545e0 -2.9385545e0
1.164984e0 8.6074406e-1 -3.1496396e0 -3.1496396e0
1.190288e0 8.6074406e-1 -3.3723802e0 -3.3723802e0
1.2155919e0 8.6074406e-1 -3.6072456e0 -3.6072456e0
1.240896e0 8.6074406e-1 -3.85471e0 -3.85471e0
1.2662e0 8.6074406e-1 -4.1152266e0 -4.1152266e0
1.2915039e0 8.6074406e-1 -4.3893013e0 -4.3893013e0
1.316808e0 8.6074406e-1 -4.6774251e0 -4.6774251e0
1.342112e0 8.6074406e-1 -4.9801186e0 -4.9801186e0
1.367416e0 8.6074406e-1 -5.2978714e0 -5.2978714e0
1.39272e0 8.6074406e-1 -5.6312238e0 -5.6312238e0
1.418024e0 8.6074406e-1 -5.9807195e0 -5.9807195e0
1.443328e0 8.6074406e-1 -6.3468977e0 -6.3468977e0
1.4686319e0 8.6074406e-1 -6.730339e0 -6.730339e0
1.493936e0 8.6074406e-1 -7.1315616e0 -7.1315616e0
1.51924e0 8.6074406e-1 -7.5511649e0 -7.5511649e0
1.5445439e0 8.6074406e-1 -7.9897429e0 -7.9897429e0
1.569848e0 8.6074406e-1 -8.4479102e0 -8.4479102e0
1.595152e0 8.6074406e-1 -8.926228e0 -8.926228e0
1.620456e0 8.6074406e-1 -9.4253195e0 -9.4253195e0
1.64576e0 8.6074406e-1 -9.9458284e0 -9.9458284e0
1.671064e0 8.6074406e-1 -1.04884102e1 -1.04884102e1
1.696368e0 8.6074406e-1 -1.10536507e1 -1.10536507e1
1.7216719e0 8.6074406e-1 -1.16422333e1 -1.16422333e1
1.746976e0 8.6074406e-1 -1.22548332e1 -1.22548332e1
1.77228e0 8.6074406e-1 -1.28921146e1 -1.28921146e1
1.7975839e0 8.6074406e-1 -1.3554795e1 -1.3554795e1
1.822888e0 8.6074406e-1 -1.42435132e1 -1.42435132e1
1.848192e0 8.6074406e-1 -1.49589828e1 -1.49589828e1
1.873496e0 8.6074406e-1 -1.5701941e1 -1.5701941e1
1.8987999e0 8.6074406e-1 -1.64731494e1 -1.64731494e1
1.924104e0 8.6074406e-1 -1.72732426e1 -1.72732426e1
1.949408e0 8.6074406e-1 -1.81030124e1 -1.81030124e1
1.9747119e0 8.6074406e-1 -1.8963225e1 -1.8963225e1
2.000016e0 8.6074406e-1 -1.98546303e1 -1.98546303e1

1.0e-3 9.1137607e-1 -1.3224258e-6 -1.3224258e-6
2.6304001e-2 9.1137607e-1 -9.1546533e-4 -9.1546533e-4
5.1608002e-2 9.1137607e-1 -3.5292229e-3 -3.5292229e-3
7.6912003e-2 9.1137607e-1 -7.8577371e-3 -7.8577371e-3
1.02216e-1 9.1137607e-1 -1.3926022e-2 -1.3926022e-2
1.2752e-1 9.1137607e-1 -2.1768839e-2 -2.1768839e-2
1.52824e-1 9.1137607e-1 -3.1430898e-2 -3.1430898e-2
1.78128e-1 9.1137607e-1 -4.2966794e-2 -4.2966794e-2
2.03432e-1 9.1137607e-1 -5.6440674e-2 -5.6440674e-2
2.2873601e-1 9.1137607e-1 -7.1926866e-2 -7.1926866e-2
2.5404001e-1 9.1137607e-1 -8.9509439e-2 -8.9509439e-2
2.7934401e-1 9.1137607e-1 -1.09282033e-1 -1.09282033e-1
3.0464801e-1 9.1137607e-1 -1.31348601e-1 -1.31348601e-1
3.2995201e-1 9.1137607e-1 -1.5582234e-1 -1.5582234e-1
3.5525601e-1 9.1137607e-1 -1.8282713e-1 -1.8282713e-1
3.8056001e-1 9.1137607e-1 -2.124958e-1 -2.124958e-1
4.0586401e-1 9.1137607e-1 -2.449716e-1 -2.449716e-1
4.3116801e-1 9.1137607e-1 -2.804077e-1 -2.804077e-1
4.5647202e-1 9.1137607e-1 -3.1896611e-1 -3.1896611e-1
4.8177602e-1 9.1137607e-1 -3.6081987e-1 -3.6081987e-1
5.0708002e-1 9.1137607e-1 -4.0615135e-1 -4.0615135e-1
5.3238402e-1 9.1137607e-1 -4.5515273e-1 -4.5515273e-1
5.5768802e-1 9.1137607e-1 -5.0802621e-1 -5.0802621e-1
5.8299202e-1 9.1137607e-1 -5.6498372e-1 -5.6498372e-1
6.0829602e-1 9.1137607e-1 -6.2624672e-1 -6.2624672e-1
6.3360002e-1 9.1137607e-1 -6.9204741e-1 -6.9204741e-1
6.5890402e-1 9.1137607e-1 -7.6262668e-1 -7.6262668e-1
6.8420802e-1 9.1137607e-1 -8.382366e-1 -8.382366e-1
7.0951202e-1 9.1137607e-1 -9.1913693e-1 -9.1913693e-1
7.3481602e-1 9.1137607e-1 -1.00560022e0 -1.00560022e0
7.6012003e-1 9.1137607e-1 -1.09790681e0 -1.09790681e0
7.8542403e-1 9.1137607e-1 -1.1963462e0 -1.1963462e0
8.1072803e-1 9.1137607e-1 -1.30121967e0 -1.30121967e0
8.3603203e-1 9.1137607e-1 -1.41283917e0 -1.41283917e0
8.6133603e-1 9.1137607e-1 -1.53152242e0 -1.53152242e0
8.8664003e-1 9.1137607e-1 -1.65759991e0 -1.65759991e0
9.1194403e-1 9.1137607e-1 -1.7914118e0 -1.7914118e0
9.3724803e-1 9.1137607e-1 -1.9333094e0 -1.9333094e0
9.6255203e-1 9.1137607e-1 -2.08364966e0 -2.08364966e0
9.8785603e-1 9.1137607e-1 -2.24280287e0 -2.24280287e0
1.01316e0 9.1137607e-1 -2.4111551e0 -2.4111551e0
1.0384639e0 9.1137607e-1 -2.5890796e0 -2.5890796e0
1.063768e0 9.1137607e-1 -2.7769844e0 -2.7769844e0
1.089072e0 9.1137607e-1 -2.9752733e0 -2.9752733e0
1.1143759e0 9.1137607e-1 -3.1843753e0 -3.1843753e0
1.13968e0 9.1137607e-1 -3.4047238e0 -3.4047238e0
1.164984e0 9.1137607e-1 -3.6367393e0 -3.6367393e0
1.190288e0 9.1137607e-1 -3.8808691e0 -3.8808691e0
1.2155919e0 9.1137607e-1 -4.1375839e0 -4.1375839e0
1.240896e0 9.1137607e-1 -4.4073582e0 -4.4073582e0
1.2662e0 9.1137607e-1 -4.6906432e0 -4.6906432e0
1.2915039e0 9.1137607e-1 -4.9879486e0 -4.9879486e0
1.316808e0 9.1137607e-1 -5.2997575e0 -5.2997575e0
1.342112e0 9.1137607e-1 -5.6266022e0 -5.6266022e0
1.367416e0 9.1137607e-1 -5.968959e0 -5.968959e0
1.39272e0 9.1137607e-1 -6.3273804e0 -6.3273804e0
1.418024e0 9.1137607e-1 -6.7023993e0 -6.7023993e0
1.443328e0 9.1137607e-1 -7.0945634e0 -7.0945634e0
1.4686319e0 9.1137607e-1 -7.5044514e0 -7.5044514e0
1.493936e0 9.1137607e-1 -7.9325787e0 -7.9325787e0
1.51924e0 9.1137607e-1 -8.3795459e0 -8.3795459e0
1.5445439e0 9.1137607e-1 -8.8459482e0 -8.8459482e0
1.569848e0 9.1137607e-1 -9.3324007e0 -9.3324007e0
1.595152e0 9.1137607e-1 -9.839462e0 -9.839462e0
1.620456e0 9.1137607e-1 -1.0367756e1 -1.0367756e1
1.64576e0 9.1137607e-1 -1.09179276e1 -1.09179276e1
1.671064e0 9.1137607e-1 -1.14906331e1 -1.14906331e1
1.696368e0 9.1137607e-1 -1.2086455e1 -1.2086455e1
1.7216719e0 9.1137607e-1 -1.27060786e1 -1.27060786e1
1.746976e0 9.1137607e-1 -1.33501796e1 -1.33501796e1
1.77228e0 9.1137607e-1 -1.40194212e1 -1.40194212e1
1.7975839e0 9.1137607e-1 -1.47145233e1 -1.47145233e1
1.822888e0 9.1137607e-1 -1.54361214e1 -1.54361214e1
1.848192e0 9.1137607e-1 -1.618493e1 -1.618493e1
1.873496e0 9.1137607e-1 -1.6961687e1 -1.6961687e1
1.8987999e0 9.1137607e-1 -1.7767156e1 -1.7767156e1
1.924104e0 9.1137607e-1 -1.86019672e1 -1.86019672e1
1.949408e0 9.1137607e-1 -1.94669142e1 -1.94669142e1
1.9747119e0 9.1137607e-1 -2.03627641e1 -2.03627641e1
2.000016e0 9.1137607e-1 -2.12902661e1 -2.12902661e1

1.0e-3 9.6200807e-1 -1.7018387e-6 -1.7018387e-6
2.6304001e-2 9.6200807e-1 -1.17798126e-3 -1.17798126e-3
5.1608002e-2 9.6200807e-1 -4.5397458e-3 -4.5397458e-3
7.6912003e-2 9.6200807e-1 -1.0102137e-2 -1.0102137e-2
1.02216e-1 9.6200807e-1 -1.7890173e-2 -1.7890173e-2
1.2752e-1 9.6200807e-1 -2.7938603e-2 -2.7938603e-2
1.52824e-1 9.6200807e-1 -4.0292146e-2 -4.0292146e-2
1.78128e-1 9.6200807e-1 -5.5005411e-2 -5.5005411e-2
2.03432e-1 9.6200807e-1 -7.2142516e-2 -7.2142516e-2
2.2873601e-1 9.6200807e-1 -9.17778e-2 -9.17778e-2
2.5404001e-1 9.6200807e-1 -1.13995364e-1 -1.13995364e-1
2.7934401e-1 9.6200807e-1 -1.38888786e-1 -1.38888786e-1
3.0464801e-1 9.6200807e-1 -1.66562056e-1 -1.66562056e-1
3.2995201e-1 9.6200807e-1 -1.9712834e-1 -1.9712834e-1
3.5525601e-1 9.6200807e-1 -2.3071162e-1 -2.3071162e-1
3.8056001e-1 9.6200807e-1 -2.6744482e-1 -2.6744482e-1
4.0586401e-1 9.6200807e-1 -3.0747058e-1 -3.0747058e-1
4.3116801e-1 9.6200807e-1 -3.509428e-1 -3.509428e-1
4.5647202e-1 9.6200807e-1 -3.9802312e-1 -3.9802312e-1
4.8177602e-1 9.6200807e-1 -4.4888469e-1 -4.4888469e-1
5.0708002e-1 9.6200807e-1 -5.0370987e-1 -5.0370987e-1
5.3238402e-1 9.6200807e-1 -5.6269077e-1 -5.6269077e-1
5.5768802e-1 9.6200807e-1 -6.2602965e-1 -6.2602965e-1
5.8299202e-1 9.6200807e-1 -6.9393846e-1 -6.9393846e-1
6.0829602e-1 9.6200807e-1 -7.6663861e-1 -7.6663861e-1
6.3360002e-1 9.6200807e-1 -8.443623e-1 -8.443623e-1
6.5890402e-1 9.6200807e-1 -9.2735042e-1 -9.2735042e-1
6.8420802e-1 9.6200807e-1 -1.01585521e0 -1.01585521e0
7.0951202e-1 9.6200807e-1 -1.11013612e0 -1.11013612e0
7.3481602e-1 9.6200807e-1 -1.2104659e0 -1.2104659e0
7.6012003e-1 9.6200807e-1 -1.31712495e0 -1.31712495e0
7.8542403e-1 9.6200807e-1 -1.43040251e0 -1.43040251e0
8.1072803e-1 9.6200807e-1 -1.55060007e0 -1.55060007e0
8.3603203e-1 9.6200807e-1 -1.67802968e0 -1.67802968e0
8.6133603e-1 9.6200807e-1 -1.81300874e0 -1.81300874e0
8.8664003e-1 9.6200807e-1 -1.95586794e0 -1.95586794e0
9.1194403e-1 9.6200807e-1 -2.1069474e0 -2.1069474e0
9.3724803e-1 9.6200807e-1 -2.26659854e0 -2.26659854e0
9.6255203e-1 9.6200807e-1 -2.43517807e0 -2.43517807e0
9.8785603e-1 9.6200807e-1 -2.61305644e0 -2.61305644e0
1.01316e0 9.6200807e-1 -2.8006221e0 -2.8006221e0
1.0384639e0 9.6200807e-1 -2.9982417e0 -2.9982417e0
1.063768e0 9.6200807e-1 -3.2063289e0 -3.2063289e0
1.089072e0 9.6200807e-1 -3.4252876e0 -3.4252876e0
1.1143759e0 9.6200807e-1 -3.6555443e0 -3.6555443e0
1.13968e0 9.6200807e-1 -3.897532e0 -3.897532e0
1.164984e0 9.6200807e-1 -4.151674e0 -4.151674e0
1.190288e0 9.6200807e-1 -4.4184177e0 -4.4184177e0
1.2155919e0 9.6200807e-1 -4.6982303e0 -4.6982303e0
1.240896e0 9.6200807e-1 -4.9915872e0 -4.9915872e0
1.2662e0 9.6200807e-1 -5.2989415e0 -5.2989415e0
1.2915039e0 9.6200807e-1 -5.6208e0 -5.6208e0
1.316808e0 9.6200807e-1 -5.9576529e0 -5.9576529e0
1.342112e0 9.6200807e-1 -6.310023e0 -6.310023e0
1.367416e0 9.6200807e-1 -6.6783983e0 -6.6783983e0
1.39272e0 9.6200807e-1 -7.0633154e0 -7.0633154e0
1.418024e0 9.6200807e-1 -7.4653194e0 -7.4653194e0
1.443328e0 9.6200807e-1 -7.8849539e0 -7.8849539e0
1.4686319e0 9.6200807e-1 -8.3228001e0 -8.3228001e0
1.493936e0 9.6200807e-1 -8.7793694e0 -8.7793694e0
1.51924e0 9.6200807e-1 -9.2552644e0 -9.2552644e0
1.5445439e0 9.6200807e-1 -9.7510808e0 -9.7510808e0
1.569848e0 9.6200807e-1 -1.02674348e1 -1.02674348e1
1.595152e0 9.6200807e-1 -1.08048824e1 -1.08048824e1
1.620456e0 9.6200807e-1 -1.13640477e1 -1.13640477e1
1.64576e0 9.6200807e-1 -1.19455766e1 -1.19455766e1
1.671064e0 9.6200807e-1 -1.25501274e1 -1.25501274e1
1.696368e0 9.6200807e-1 -1.31782784e1 -1.31782784e1
1.7216719e0 9.6200807e-1 -1.38307167e1 -1.38307167e1
1.746976e0 9.6200807e-1 -1.45081187e1 -1.45081187e1
1.77228e0 9.6200807e-1 -1.52111473e1 -1.52111473e1
1.7975839e0 9.6200807e-1 -1.59405237e1 -1.59405237e1
1.822888e0 9.6200807e-1 -1.66968806e1 -1.66968806e1
1.848192e0 9.6200807e-1 -1.74809332e1 -1.74809332e1
1.873496e0 9.6200807e-1 -1.82934206e1 -1.82934206e1
1.8987999e0 9.6200807e-1 -1.91351079e1 -1.91351079e1
1.924104e0 9.6200807e-1 -2.00066208e1 -2.00066208e1
1.949408e0 9.6200807e-1 -2.09087553e1 -2.09087553e1
1.9747119e0 9.6200807e-1 -2.1842279e1 -2.1842279e1
2.000016e0 9.6200807e-1 -2.28079407e1 -2.28079407e1

1.0e-3 1.01264008e0 -2.1017654e-6 -2.1017654e-6
2.6304001e-2 1.01264008e0 -1.45468971e-3 -1.45468971e-3
5.1608002e-2 1.01264008e0 -5.6049013e-3 -5.6049013e-3
7.6912003e-2 1.01264008e0 -1.24678859e-2 -1.24678859e-2
1.02216e-1 1.01264008e0 -2.206864e-2 -2.206864e-2
1.2752e-1 1.01264008e0 -3.4441954e-2 -3.4441954e-2
1.52824e-1 1.01264008e0 -4.9632501e-2 -4.9632501e-2
1.78128e-1 1.01264008e0 -6.7694878e-2 -6.7694878e-2
2.03432e-1 1.01264008e0 -8.8693318e-2 -8.8693318e-2
2.2873601e-1 1.01264008e0 -1.12701947e-1 -1.12701947e-1
2.5404001e-1 1.01264008e0 -1.39805083e-1 -1.39805083e-1
2.7934401e-1 1.01264008e0 -1.70096304e-1 -1.70096304e-1
3.0464801e-1 1.01264008e0 -2.03679276e-1 -2.03679276e-1
3.2995201e-1 1.01264008e0 -2.4066768e-1 -2.4066768e-1
3.5525601e-1 1.01264008e0 -2.811851e-1 -2.811851e-1
3.8056001e-1 1.01264008e0 -3.2536435e-1 -3.2536435e-1
4.0586401e-1 1.01264008e0 -3.7334845e-1 -3.7334845e-1
4.3116801e-1 1.01264008e0 -4.2529126e-1 -4.2529126e-1
4.5647202e-1 1.01264008e0 -4.8135422e-1 -4.8135422e-1
4.8177602e-1 1.01264008e0 -5.4171059e-1 -5.4171059e-1
5.0708002e-1 1.01264008e0 -6.0654315e-1 -6.0654315e-1
5.3238402e-1 1.01264008e0 -6.760431e-1 -6.760431e-1
5.5768802e-1 1.01264008e0 -7.5041277e-1 -7.5041277e-1
5.8299202e-1 1.01264008e0 -8.2986546e-1 -8.2986546e-1
6.0829602e-1 1.01264008e0 -9.1462115e-1 -9.1462115e-1
6.3360002e-1 1.01264008e0 -1.00491249e0 -1.00491249e0
6.5890402e-1 1.01264008e0 -1.10097969e0 -1.10097969e0
6.8420802e-1 1.01264008e0 -1.20307721e0 -1.20307721e0
7.0951202e-1 1.01264008e0 -1.31146216e0 -1.31146216e0
7.3481602e-1 1.01264008e0 -1.42640816e0 -1.42640816e0
7.6012003e-1 1.01264008e0 -1.54819568e0 -1.54819568e0
7.8542403e-1 1.01264008e0 -1.67711368e0 -1.67711368e0
8.1072803e-1 1.01264008e0 -1.81346385e0 -1.81346385e0
8.3603203e-1 1.01264008e0 -1.95755838e0 -1.95755838e0
8.6133603e-1 1.01264008e0 -2.10971436e0 -2.10971436e0
8.8664003e-1 1.01264008e0 -2.27026137e0 -2.27026137e0
9.1194403e-1 1.01264008e0 -2.43954323e0 -2.43954323e0
9.3724803e-1 1.01264008e0 -2.61790646e0 -2.61790646e0
9.6255203e-1 1.01264008e0 -2.80571133e0 -2.80571133e0
9.8785603e-1 1.01264008e0 -3.00332724e0 -3.00332724e0
1.01316e0 1.01264008e0 -3.2111435e0 -3.2111435e0
1.0384639e0 1.01264008e0 -3.4295262e0 -3.4295262e0
1.063768e0 1.01264008e0 -3.6588853e0 -3.6588853e0
1.089072e0 1.01264008e0 -3.8996295e0 -3.8996295e0
1.1143759e0 1.01264008e0 -4.1521841e0 -4.1521841e0
1.13968e0 1.01264008e0 -4.4169853e0 -4.4169853e0
1.164984e0 1.01264008e0 -4.6944499e0 -4.6944499e0
1.190288e0 1.01264008e0 -4.9850256e0 -4.9850256e0
1.2155919e0 1.01264008e0 -5.2891849e0 -5.2891849e0
1.240896e0 1.01264008e0 -5.607404e0 -5.607404e0
1.2662e0 1.01264008e0 -5.940129e0 -5.940129e0
1.2915039e0 1.01264008e0 -6.287871e0 -6.287871e0
1.316808e0 1.01264008e0 -6.6511191e0 -6.6511191e0
1.342112e0 1.01264008e0 -7.0303978e0 -7.0303978e0
1.367416e0 1.01264008e0 -7.4261894e0 -7.4261894e0
1.39272e0 1.01264008e0 -7.8390378e0 -7.8390378e0
1.418024e0 1.01264008e0 -8.2694884e0 -8.2694884e0
1.443328e0 1.01264008e0 -8.7180789e0 -8.7180789e0
1.4686319e0 1.01264008e0 -9.1853947e0 -9.1853947e0
1.493936e0 1.01264008e0 -9.671944e0 -9.671944e0
1.51924e0 1.01264008e0 -1.01783308e1 -1.01783308e1
1.5445439e0 1.01264008e0 -1.07051517e1 -1.07051517e1
1.569848e0 1.01264008e0 -1.1253024e1 -1.1253024e1
1.595152e0 1.01264008e0 -1.18225005e1 -1.18225005e1
1.620456e0 1.01264008e0 -1.24142062e1 -1.24142062e1
1.64576e0 1.01264008e0 -1.30287883e1 -1.30287883e1
1.671064e0 1.01264008e0 -1.36669058e1 -1.36669058e1
1.696368e0 1.01264008e0 -1.43291338e1 -1.43291338e1
1.7216719e0 1.01264008e0 -1.50161612e1 -1.50161612e1
1.746976e0 1.01264008e0 -1.57286649e1 -1.57286649e1
1.77228e0 1.01264008e0 -1.6467307e1 -1.6467307e1
1.7975839e0 1.01264008e0 -1.72328108e1 -1.72328108e1
1.822888e0 1.01264008e0 -1.8025806e1 -1.8025806e1
1.848192e0 1.01264008e0 -1.8847008e1 -1.8847008e1
1.873496e0 1.01264008e0 -1.96971576e1 -1.96971576e1
1.8987999e0 1.01264008e0 -2.05770216e1 -2.05770216e1
1.924104e0 1.01264008e0 -2.14872206e1 -2.14872206e1
1.949408e0 1.01264008e0 -2.24285533e1 -2.24285533e1
1.9747119e0 1.01264008e0 -2.34017877e1 -2.34017877e1
2.000016e0 1.01264008e0 -2.44076721e1 -2.44076721e1

1.0e-3 1.06327208e0 -2.5221939e-6 -2.5221939e-6
2.6304001e-2 1.06327208e0 -1.74558438e-3 -1.74558438e-3
5.1608002e-2 1.06327208e0 -6.7246649e-3 -6.7246649e-3
7.6912003e-2 1.06327208e0 -1.4954912e-2 -1.4954912e-2
1.02216e-1 1.06327208e0 -2.6461327e-2 -2.6461327e-2
1.2752e-1 1.06327208e0 -4.127869e-2 -4.127869e-2
1.52824e-1 1.06327208e0 -5.9451677e-2 -5.9451677e-2
1.78128e-1 1.06327208e0 -8.1034904e-2 -8.1034904e-2
2.03432e-1 1.06327208e0 -1.06092575e-1 -1.06092575e-1
2.2873601e-1 1.06327208e0 -1.34698904e-1 -1.34698904e-1
2.5404001e-1 1.06327208e0 -1.66938106e-1 -1.66938106e-1
2.7934401e-1 1.06327208e0 -2.02903632e-1 -2.02903632e-1
3.0464801e-1 1.06327208e0 -2.42699406e-1 -2.42699406e-1
3.2995201e-1 1.06327208e0 -2.86439e-1 -2.86439e-1
3.5525601e-1 1.06327208e0 -3.3424605e-1 -3.3424605e-1
3.8056001e-1 1.06327208e0 -3.8625328e-1 -3.8625328e-1
4.0586401e-1 1.06327208e0 -4.4260399e-1 -4.4260399e-1
4.3116801e-1 1.06327208e0 -5.034514e-1 -5.034514e-1
4.5647202e-1 1.06327208e0 -5.689575e-1 -5.689575e-1
4.8177602e-1 1.06327208e0 -6.3929547e-1 -6.3929547e-1
5.0708002e-1 1.06327208e0 -7.1464804e-1 -7.1464804e-1
5.3238402e-1 1.06327208e0 -7.9520631e-1 -7.9520631e-1
5.5768802e-1 1.06327208e0 -8.8117271e-1 -8.8117271e-1
5.8299202e-1 1.06327208e0 -9.7276059e-1 -9.7276059e-1
6.0829602e-1 1.06327208e0 -1.07018982e0 -1.07018982e0
6.3360002e-1 1.06327208e0 -1.17369307e0 -1.17369307e0
6.5890402e-1 1.06327208e0 -1.28351054e0 -1.28351054e0
6.8420802e-1 1.06327208e0 -1.39989688e0 -1.39989688e0
7.0951202e-1 1.06327208e0 -1.52310892e0 -1.52310892e0
7.3481602e-1 1.06327208e0 -1.65342041e0 -1.65342041e0
7.6012003e-1 1.06327208e0 -1.79111192e0 -1.79111192e0
7.8542403e-1 1.06327208e0 -1.93647217e0 -1.93647217e0
8.1072803e-1 1.06327208e0 -2.089803e0 -2.089803e0
8.3603203e-1 1.06327208e0 -2.25141675e0 -2.25141675e0
8.6133603e-1 1.06327208e0 -2.42163019e0 -2.42163019e0
8.8664003e-1 1.06327208e0 -2.60077301e0 -2.60077301e0
9.1194403e-1 1.06327208e0 -2.78918913e0 -2.78918913e0
9.3724803e-1 1.06327208e0 -2.98722646e0 -2.98722646e0
9.6255203e-1 1.06327208e0 -3.19524098e0 -3.19524098e0
9.8785603e-1 1.06327208e0 -3.4136063e0 -3.4136063e0
1.01316e0 1.06327208e0 -3.6427115e0 -3.6427115e0
1.0384639e0 1.06327208e0 -3.8829199e0 -3.8829199e0
1.063768e0 1.06327208e0 -4.1346432e0 -4.1346432e0
1.089072e0 1.06327208e0 -4.3982898e0 -4.3982898e0
1.1143759e0 1.06327208e0 -4.6742857e0 -4.6742857e0
1.13968e0 1.06327208e0 -4.9630676e0 -4.9630676e0
1.164984e0 1.06327208e0 -5.2650507e0 -5.2650507e0
1.190288e0 1.06327208e0 -5.5806822e0 -5.5806822e0
1.2155919e0 1.06327208e0 -5.9104364e0 -5.9104364e0
1.240896e0 1.06327208e0 -6.2547897e0 -6.2547897e0
1.2662e0 1.06327208e0 -6.6141861e0 -6.6141861e0
1.2915039e0 1.06327208e0 -6.9891382e0 -6.9891382e0
1.316808e0 1.06327208e0 -7.3801347e0 -7.3801347e0
1.342112e0 1.06327208e0 -7.7877014e0 -7.7877014e0
1.367416e0 1.06327208e0 -8.2123181e0 -8.2123181e0
1.39272e0 1.06327208e0 -8.6545294e0 -8.6545294e0
1.418024e0 1.06327208e0 -9.1148822e0 -9.1148822e0
1.443328e0 1.06327208e0 -9.593913e0 -9.593913e0
1.4686319e0 1.06327208e0 -1.00922093e1 -1.00922093e1
1.493936e0 1.06327208e0 -1.06102751e1 -1.06102751e1
1.51924e0 1.06327208e0 -1.1148717e1 -1.1148717e1
1.5445439e0 1.06327208e0 -1.17081317e1 -1.17081317e1
1.569848e0 1.06327208e0 -1.2289138e1 -1.2289138e1
1.595152e0 1.06327208e0 -1.28922856e1 -1.28922856e1
1.620456e0 1.06327208e0 -1.35181999e1 -1.35181999e1
1.64576e0 1.06327208e0 -1.41675294e1 -1.41675294e1
1.671064e0 1.06327208e0 -1.48409344e1 -1.48409344e1
1.696368e0 1.06327208e0 -1.55389864e1 -1.55389864e1
1.7216719e0 1.06327208e0 -1.6262376e1 -1.6262376e1
1.746976e0 1.06327208e0 -1.70117807e1 -1.70117807e1
1.77228e0 1.06327208e0 -1.77878621e1 -1.77878621e1
1.7975839e0 1.06327208e0 -1.85913454e1 -1.85913454e1
1.822888e0 1.06327208e0 -1.94228569e1 -1.94228569e1
1.848192e0 1.06327208e0 -2.0283113e1 -2.0283113e1
1.873496e0 1.06327208e0 -2.11728554e1 -2.11728554e1
1.8987999e0 1.06327208e0 -2.20928531e1 -2.20928531e1
1.924104e0 1.06327208e0 -2.30437213e1 -2.30437213e1
1.949408e0 1.06327208e0 -2.40262616e1 -2.40262616e1
1.9747119e0 1.06327208e0 -2.50412425e1 -2.50412425e1
2.000016e0 1.06327208e0 -2.60894116e1 -2.60894116e1

1.0e-3 1.11390408e0 -2.9631302e-6 -2.9631302e-6
2.6304001e-2 1.11390408e0 -2.0506684e-3 -2.0506684e-3
5.1608002e-2 1.11390408e0 -7.8990486e-3 -7.8990486e-3
7.6912003e-2 1.11390408e0 -1.75632509e-2 -1.75632509e-2
1.02216e-1 1.11390408e0 -3.1068282e-2 -3.1068282e-2
1.2752e-1 1.11390408e0 -4.8448909e-2 -4.8448909e-2
1.52824e-1 1.11390408e0 -6.9749815e-2 -6.9749815e-2
1.78128e-1 1.11390408e0 -9.5025636e-2 -9.5025636e-2
2.03432e-1 1.11390408e0 -1.24340538e-1 -1.24340538e-1
2.2873601e-1 1.11390408e0 -1.57768755e-1 -1.57768755e-1
2.5404001e-1 1.11390408e0 -1.95394528e-1 -1.95394528e-1
2.7934401e-1 1.11390408e0 -2.37311249e-1 -2.37311249e-1
3.0464801e-1 1.11390408e0 -2.83622878e-1 -2.83622878e-1
3.2995201e-1 1.11390408e0 -3.3444295e-1 -3.3444295e-1
3.5525601e-1 1.11390408e0 -3.8989522e-1 -3.8989522e-1
3.8056001e-1 1.11390408e0 -4.5011227e-1 -4.5011227e-1
4.0586401e-1 1.11390408e0 -5.1523744e-1 -5.1523744e-1
4.3116801e-1 1.11390408e0 -5.8542406e-1 -5.8542406e-1
4.5647202e-1 1.11390408e0 -6.6083395e-1 -6.6083395e-1
4.8177602e-1 1.11390408e0 -7.4164037e-1 -7.4164037e-1
5.0708002e-1 1.11390408e0 -8.2802611e-1 -8.2802611e-1
5.3238402e-1 1.11390408e0 -9.2018167e-1 -9.2018167e-1
5.5768802e-1 1.11390408e0 -1.01831093e0 -1.01831093e0
5.8299202e-1 1.11390408e0 -1.12262592e0 -1.12262592e0
6.0829602e-1 1.11390408e0 -1.23334688e0 -1.23334688e0
6.3360002e-1 1.11390408e0 -1.35070648e0 -1.35070648e0
6.5890402e-1 1.11390408e0 -1.47494496e0 -1.47494496e0
6.8420802e-1 1.11390408e0 -1.60631711e0 -1.60631711e0
7.0951202e-1 1.11390408e0 -1.74507945e0 -1.74507945e0
7.3481602e-1 1.11390408e0 -1.89150595e0 -1.89150595e0
7.6012003e-1 1.11390408e0 -2.04587723e0 -2.04587723e0
7.8542403e-1 1.11390408e0 -2.20848174e0 -2.20848174e0
8.1072803e-1 1.11390408e0 -2.3796215e0 -2.3796215e0
8.3603203e-1 1.11390408e0 -2.55960905e0 -2.55960905e0
8.6133603e-1 1.11390408e0 -2.74875963e0 -2.74875963e0
8.8664003e-1 1.11390408e0 -2.94740768e0 -2.94740768e0
9.1194403e-1 1.11390408e0 -3.1558902e0 -3.1558902e0
9.3724803e-1 1.11390408e0 -3.37455988e0 -3.37455988e0
9.6255203e-1 1.11390408e0 -3.60377124e0 -3.60377124e0
9.8785603e-1 1.11390408e0 -3.8438981e0 -3.8438981e0
1.01316e0 1.11390408e0 -4.0953305e0 -4.0953305e0
1.0384639e0 1.11390408e0 -4.3584296e0 -4.3584296e0
1.063768e0 1.11390408e0 -4.6336078e0 -4.6336078e0
1.089072e0 1.11390408e0 -4.921274e0 -4.921274e0
1.1143759e0 1.11390408e0 -5.2218544e0 -5.2218544e0
1.13968e0 1.11390408e0 -5.5357869e0 -5.5357869e0
1.164984e0 1.11390408e0 -5.8634842e0 -5.8634842e0
1.190288e0 1.11390408e0 -6.205394e0 -6.205394e0
1.2155919e0 1.11390408e0 -6.5619914e0 -6.5619914e0
1.240896e0 1.11390408e0 -6.933754e0 -6.933754e0
1.2662e0 1.11390408e0 -7.3211226e0 -7.3211226e0
1.2915039e0 1.11390408e0 -7.7246121e0 -7.7246121e0
1.316808e0 1.11390408e0 -8.1447107e0 -8.1447107e0
1.342112e0 1.11390408e0 -8.5819452e0 -8.5819452e0
1.367416e0 1.11390408e0 -9.0367928e0 -9.0367928e0
1.39272e0 1.11390408e0 -9.5097997e0 -9.5097997e0
1.418024e0 1.11390408e0 -1.00015129e1 -1.00015129e1
1.443328e0 1.11390408e0 -1.05124689e1 -1.05124689e1
1.4686319e0 1.11390408e0 -1.10432567e1 -1.10432567e1
1.493936e0 1.11390408e0 -1.15943767e1 -1.15943767e1
1.51924e0 1.11390408e0 -1.2166437e1 -1.2166437e1
1.5445439e0 1.11390408e0 -1.27600354e1 -1.27600354e1
1.569848e0 1.11390408e0 -1.33757921e1 -1.33757921e1
1.595152e0 1.11390408e0 -1.4014253e1 -1.4014253e1
1.620456e0 1.11390408e0 -1.46760445e1 -1.46760445e1
1.64576e0 1.11390408e0 -1.53618164e1 -1.53618164e1
1.671064e0 1.11390408e0 -1.60722304e1 -1.60722304e1
1.696368e0 1.11390408e0 -1.68078535e1 -1.68078535e1
1.7216719e0 1.11390408e0 -1.7569379e1 -1.7569379e1
1.746976e0 1.11390408e0 -1.83574847e1 -1.83574847e1
1.77228e0 1.11390408e0 -1.91728316e1 -1.91728316e1
1.7975839e0 1.11390408e0 -2.00161469e1 -2.00161469e1
1.822888e0 1.11390408e0 -2.08880536e1 -2.08880536e1
1.848192e0 1.11390408e0 -2.17892686e1 -2.17892686e1
1.873496e0 1.11390408e0 -2.27205353e1 -2.27205353e1
1.8987999e0 1.11390408e0 -2.36826242e1 -2.36826242e1
1.924104e0 1.11390408e0 -2.46761456e1 -2.46761456e1
1.949408e0 1.11390408e0 -2.57019037e1 -2.57019037e1
1.9747119e0 1.11390408e0 -2.67606673e1 -2.67606673e1
2.000016e0 1.11390408e0 -2.78531837e1 -2.78531837e1

1.0e-3 1.16453609e0 -3.4245743e-6 -3.4245743e-6
2.6304001e-2 1.16453609e0 -2.36994179e-3 -2.36994179e-3
5.1608002e-2 1.16453609e0 -9.1280525e-3 -9.1280525e-3
7.6912003e-2 1.16453609e0 -2.0292903e-2 -2.0292903e-2
1.02216e-1 1.16453609e0 -3.5889505e-2 -3.5889505e-2
1.2752e-1 1.16453609e0 -5.5952615e-2 -5.5952615e-2
1.52824e-1 1.16453609e0 -8.0526918e-2 -8.0526918e-2
1.78128e-1 1.16453609e0 -1.09667072e-1 -1.09667072e-1
2.03432e-1 1.16453609e0 -1.43437209e-1 -1.43437209e-1
2.2873601e-1 1.16453609e0 -1.81911577e-1 -1.81911577e-1
2.5404001e-1 1.16453609e0 -2.25174353e-1 -2.25174353e-1
2.7934401e-1 1.16453609e0 -2.73319153e-1 -2.73319153e-1
3.0464801e-1 1.16453609e0 -3.26449686e-1 -3.26449686e-1
3.2995201e-1 1.16453609e0 -3.8467957e-1 -3.8467957e-1
3.5525601e-1 1.16453609e0 -4.481326e-1 -4.481326e-1
3.8056001e-1 1.16453609e0 -5.1694133e-1 -5.1694133e-1
4.0586401e-1 1.16453609e0 -5.912488e-1 -5.912488e-1
4.3116801e-1 1.16453609e0 -6.7120924e-1 -6.7120924e-1
4.5647202e-1 1.16453609e0 -7.5698354e-1 -7.5698354e-1
4.8177602e-1 1.16453609e0 -8.487453e-1 -8.487453e-1
5.0708002e-1 1.16453609e0 -9.4667737e-1 -9.4667737e-1
5.3238402e-1 1.16453609e0 -1.05097005e0 -1.05097005e0
5.5768802e-1 1.16453609e0 -1.1618274e0 -1.1618274e0
5.8299202e-1 1.16453609e0 -1.27946143e0 -1.27946143e0
6.0829602e-1 1.16453609e0 -1.40409232e0 -1.40409232e0
6.3360002e-1 1.16453609e0 -1.53595274e0 -1.53595274e0
6.5890402e-1 1.16453609e0 -1.67528291e0 -1.67528291e0
6.8420802e-1 1.16453609e0 -1.82233788e0 -1.82233788e0
7.0951202e-1 1.16453609e0 -1.97737376e0 -1.97737376e0
7.3481602e-1 1.16453609e0 -2.14066478e0 -2.14066478e0
7.6012003e-1 1.16453609e0 -2.3124916e0 -2.3124916e0
7.8542403e-1 1.16453609e0 -2.49314238e0 -2.49314238e0
8.1072803e-1 1.16453609e0 -2.6829194e0 -2.6829194e0
8.3603203e-1 1.16453609e0 -2.88213527e0 -2.88213527e0
8.6133603e-1 1.16453609e0 -3.09110493e0 -3.09110493e0
8.8664003e-1 1.16453609e0 -3.31016296e0 -3.31016296e0
9.1194403e-1 1.16453609e0 -3.53964641e0 -3.53964641e0
9.3724803e-1 1.16453609e0 -3.77990671e0 -3.77990671e0
9.6255203e-1 1.16453609e0 -4.03130211e0 -4.03130211e0
9.8785603e-1 1.16453609e0 -4.29420264e0 -4.29420264e0
1.01316e0 1.16453609e0 -4.5690007e0 -4.5690007e0
1.0384639e0 1.16453609e0 -4.856055e0 -4.856055e0
1.063768e0 1.16453609e0 -5.1557791e0 -5.1557791e0
1.089072e0 1.16453609e0 -5.4685818e0 -5.4685818e0
1.1143759e0 1.16453609e0 -5.7948904e0 -5.7948904e0
1.13968e0 1.16453609e0 -6.1351431e0 -6.1351431e0
1.164984e0 1.16453609e0 -6.4897508e0 -6.4897508e0
1.190288e0 1.16453609e0 -6.8591609e0 -6.8591609e0
1.2155919e0 1.16453609e0 -7.2438501e0 -7.2438501e0
1.240896e0 1.16453609e0 -7.6442966e0 -7.6442966e0
1.2662e0 1.16453609e0 -8.0609386e0 -8.0609386e0
1.2915039e0 1.16453609e0 -8.4942929e0 -8.4942929e0
1.316808e0 1.16453609e0 -8.9448468e0 -8.9448468e0
1.342112e0 1.16453609e0 -9.413129e0 -9.413129e0
1.367416e0 1.16453609e0 -9.8996135e0 -9.8996135e0
1.39272e0 1.16453609e0 -1.0404848e1 -1.0404848e1
1.418024e0 1.16453609e0 -1.09293805e1 -1.09293805e1
1.443328e0 1.16453609e0 -1.14737463e1 -1.14737463e1
1.4686319e0 1.16453609e0 -1.2038537e1 -1.2038537e1
1.493936e0 1.16453609e0 -1.26242484e1 -1.26242484e1
1.51924e0 1.16453609e0 -1.3231491e1 -1.3231491e1
1.5445439e0 1.16453609e0 -1.38608629e1 -1.38608629e1
1.569848e0 1.16453609e0 -1.4512986e1 -1.4512986e1
1.595152e0 1.16453609e0 -1.51884027e1 -1.51884027e1
1.620456e0 1.16453609e0 -1.588774e1 -1.588774e1
1.64576e0 1.16453609e0 -1.66116493e1 -1.66116493e1
1.671064e0 1.16453609e0 -1.73607935e1 -1.73607935e1
1.696368e0 1.16453609e0 -1.81357355e1 -1.81357355e1
1.7216719e0 1.16453609e0 -1.89371704e1 -1.89371704e1
1.746976e0 1.16453609e0 -1.97657771e1 -1.97657771e1
1.77228e0 1.16453609e0 -2.06222157e1 -2.06222157e1
1.7975839e0 1.16453609e0 -2.15072156e1 -2.15072156e1
1.822888e0 1.16453609e0 -2.24213962e1 -2.24213962e1
1.848192e0 1.16453609e0 -2.33654753e1 -2.33654753e1
1.873496e0 1.16453609e0 -2.43401973e1 -2.43401973e1
1.8987999e0 1.16453609e0 -2.53463353e1 -2.53463353e1
1.924104e0 1.16453609e0 -2.63844936e1 -2.63844936e1
1.949408e0 1.16453609e0 -2.74554791e1 -2.74554791e1
1.9747119e0 1.16453609e0 -2.8560062e1 -2.8560062e1
2.000016e0 1.16453609e0 -2.96989882e1 -2.96989882e1

1.0e-3 1.21516809e0 -3.9065445e-6 -3.9065445e-6
2.6304001e-2 1.21516809e0 -2.70341722e-3 -2.70341722e-3
5.1608002e-2 1.21516809e0 -1.04117256e-2 -1.04117256e-2
7.6912003e-2 1.21516809e0 -2.31439763e-2 -2.31439763e-2
1.02216e-1 1.21516809e0 -4.0925188e-2 -4.0925188e-2
1.2752e-1 1.21516809e0 -6.3790102e-2 -6.3790102e-2
1.52824e-1 1.21516809e0 -9.1783412e-2 -9.1783412e-2
1.78128e-1 1.21516809e0 -1.24959793e-1 -1.24959793e-1
2.03432e-1 1.21516809e0 -1.63383345e-1 -1.63383345e-1
2.2873601e-1 1.21516809e0 -2.07128247e-1 -2.07128247e-1
2.5404001e-1 1.21516809e0 -2.56279056e-1 -2.56279056e-1
2.7934401e-1 1.21516809e0 -3.10928773e-1 -3.10928773e-1
3.0464801e-1 1.21516809e0 -3.7118153e-1 -3.7118153e-1
3.2995201e-1 1.21516809e0 -4.3715082e-1 -4.3715082e-1
3.5525601e-1 1.21516809e0 -5.0896053e-1 -5.0896053e-1
3.8056001e-1 1.21516809e0 -5.867431e-1 -5.867431e-1
4.0586401e-1 1.21516809e0 -6.7064183e-1 -6.7064183e-1
4.3116801e-1 1.21516809e0 -7.6081036e-1 -7.6081036e-1
4.5647202e-1 1.21516809e0 -8.5741008e-1 -8.5741008e-1
4.8177602e-1 1.21516809e0 -9.6061452e-1 -9.6061452e-1
5.0708002e-1 1.21516809e0 -1.07060649e0 -1.07060649e0
5.3238402e-1 1.21516809e0 -1.1875762e0 -1.1875762e0
5.5768802e-1 1.21516809e0 -1.31172781e0 -1.31172781e0
5.8299202e-1 1.21516809e0 -1.44327335e0 -1.44327335e0
6.0829602e-1 1.21516809e0 -1.5824329e0 -1.5824329e0
6.3360002e-1 1.21516809e0 -1.72943918e0 -1.72943918e0
6.5890402e-1 1.21516809e0 -1.8845324e0 -1.8845324e0
6.8420802e-1 1.21516809e0 -2.04796776e0 -2.04796776e0
7.0951202e-1 1.21516809e0 -2.22000108e0 -2.22000108e0
7.3481602e-1 1.21516809e0 -2.40090678e0 -2.40090678e0
7.6012003e-1 1.21516809e0 -2.59096559e0 -2.59096559e0
7.8542403e-1 1.21516809e0 -2.7904654e0 -2.7904654e0
8.1072803e-1 1.21516809e0 -2.9997087e0 -2.9997087e0
8.3603203e-1 1.21516809e0 -3.21900822e0 -3.21900822e0
8.6133603e-1 1.21516809e0 -3.44867857e0 -3.44867857e0
8.8664003e-1 1.21516809e0 -3.68905446e0 -3.68905446e0
9.1194403e-1 1.21516809e0 -3.940473e0 -3.940473e0
9.3724803e-1 1.21516809e0 -4.20328706e0 -4.20328706e0
9.6255203e-1 1.21516809e0 -4.47785059e0 -4.47785059e0
9.8785603e-1 1.21516809e0 -4.7645378e0 -4.7645378e0
1.01316e0 1.21516809e0 -5.0637408e0 -5.0637408e0
1.0384639e0 1.21516809e0 -5.3758159e0 -5.3758159e0
1.063768e0 1.21516809e0 -5.7011778e0 -5.7011778e0
1.089072e0 1.21516809e0 -6.0402353e0 -6.0402353e0
1.1143759e0 1.21516809e0 -6.3934164e0 -6.3934164e0
1.13968e0 1.21516809e0 -6.7611601e0 -6.7611601e0
1.164984e0 1.21516809e0 -7.1438751e0 -7.1438751e0
1.190288e0 1.21516809e0 -7.542009e0 -7.542009e0
1.2155919e0 1.21516809e0 -7.9560396e0 -7.9560396e0
1.240896e0 1.21516809e0 -8.3864459e0 -8.3864459e0
1.2662e0 1.21516809e0 -8.8336632e0 -8.8336632e0
1.2915039e0 1.21516809e0 -9.2982108e0 -9.2982108e0
1.316808e0 1.21516809e0 -9.780575e0 -9.780575e0
1.342112e0 1.21516809e0 -1.02812857e1 -1.02812857e1
1.367416e0 1.21516809e0 -1.08008145e1 -1.08008145e1
1.39272e0 1.21516809e0 -1.13397104e1 -1.13397104e1
1.418024e0 1.21516809e0 -1.18985219e1 -1.18985219e1
1.443328e0 1.21516809e0 -1.24777838e1 -1.24777838e1
1.4686319e0 1.21516809e0 -1.30780898e1 -1.30780898e1
1.493936e0 1.21516809e0 -1.36999312e1 -1.36999312e1
1.51924e0 1.21516809e0 -1.43439209e1 -1.43439209e1
1.5445439e0 1.21516809e0 -1.50106578e1 -1.50106578e1
1.569848e0 1.21516809e0 -1.5700765e1 -1.5700765e1
1.595152e0 1.21516809e0 -1.64147815e1 -1.64147815e1
1.620456e0 1.21516809e0 -1.71533348e1 -1.71533348e1
1.64576e0 1.21516809e0 -1.79170776e1 -1.79170776e1
1.671064e0 1.21516809e0 -1.87066748e1 -1.87066748e1
1.696368e0 1.21516809e0 -1.95226846e1 -1.95226846e1
1.7216719e0 1.21516809e0 -2.03658043e1 -2.03658043e1
1.746976e0 1.21516809e0 -2.12367136e1 -2.12367136e1
1.77228e0 1.21516809e0 -2.21360718e1 -2.21360718e1
1.7975839e0 1.21516809e0 -2.30646104e1 -2.30646104e1
1.822888e0 1.21516809e0 -2.40229456e1 -2.40229456e1
1.848192e0 1.21516809e0 -2.50117952e1 -2.50117952e1
1.873496e0 1.21516809e0 -2.60319057e1 -2.60319057e1
1.8987999e0 1.21516809e0 -2.7084052e1 -2.7084052e1
1.924104e0 1.21516809e0 -2.81688329e1 -2.81688329e1
1.949408e0 1.21516809e0 -2.9287058e1 -2.9287058e1
1.9747119e0 1.21516809e0 -3.0439498e1 -3.0439498e1
2.000016e0 1.21516809e0 -3.16268985e1 -3.16268985e1

1.0e-3 1.2658001e0 -4.4090042e-6 -4.4090042e-6
2.6304001e-2 1.2658001e0 -3.05106934e-3 -3.05106934e-3
5.1608002e-2 1.2658001e0 -1.174997e-2 -1.174997e-2
7.6912003e-2 1.2658001e0 -2.61162546e-2 -2.61162546e-2
1.02216e-1 1.2658001e0 -4.6174948e-2 -4.6174948e-2
1.2752e-1 1.2658001e0 -7.1960777e-2 -7.1960777e-2
1.52824e-1 1.2658001e0 -1.0351844e-1 -1.0351844e-1
1.78128e-1 1.2658001e0 -1.40902638e-1 -1.40902638e-1
2.03432e-1 1.2658001e0 -1.8417743e-1 -1.8417743e-1
2.2873601e-1 1.2658001e0 -2.33417093e-1 -2.33417093e-1
2.5404001e-1 1.2658001e0 -2.88705977e-1 -2.88705977e-1
2.7934401e-1 1.2658001e0 -3.50137253e-1 -3.50137253e-1
3.0464801e-1 1.2658001e0 -4.17815015e-1 -4.17815015e-1
3.2995201e-1 1.2658001e0 -4.9185274e-1 -4.9185274e-1
3.5525601e-1 1.2658001e0 -5.7237437e-1 -5.7237437e-1
3.8056001e-1 1.2658001e0 -6.5951228e-1 -6.5951228e-1
4.0586401e-1 1.2658001e0 -7.5340976e-1 -7.5340976e-1
4.3116801e-1 1.2658001e0 -8.542206e-1 -8.542206e-1
4.5647202e-1 1.2658001e0 -9.6210594e-1 -9.6210594e-1
4.8177602e-1 1.2658001e0 -1.07723952e0 -1.07723952e0
5.0708002e-1 1.2658001e0 -1.19980411e0 -1.19980411e0
5.3238402e-1 1.2658001e0 -1.32999019e0 -1.32999019e0
5.5768802e-1 1.2658001e0 -1.46800078e0 -1.46800078e0
5.8299202e-1 1.2658001e0 -1.61404922e0 -1.61404922e0
6.0829602e-1 1.2658001e0 -1.76835512e0 -1.76835512e0
6.3360002e-1 1.2658001e0 -1.93115112e0 -1.93115112e0
6.5890402e-1 1.2658001e0 -2.10267746e0 -2.10267746e0
6.8420802e-1 1.2658001e0 -2.28318962e0 -2.28318962e0
7.0951202e-1 1.2658001e0 -2.47294298e0 -2.47294298e0
7.3481602e-1 1.2658001e0 -2.67221219e0 -2.67221219e0
7.6012003e-1 1.2658001e0 -2.88127808e0 -2.88127808e0
7.8542403e-1 1.2658001e0 -3.1004282e0 -3.1004282e0
8.1072803e-1 1.2658001e0 -3.32996532e0 -3.32996532e0
8.3603203e-1 1.2658001e0 -3.57020232e0 -3.57020232e0
8.6133603e-1 1.2658001e0 -3.8214545e0 -3.8214545e0
8.8664003e-1 1.2658001e0 -4.08405219e0 -4.08405219e0
9.1194403e-1 1.2658001e0 -4.35833954e0 -4.35833954e0
9.3724803e-1 1.2658001e0 -4.64466476e0 -4.64466476e0
9.6255203e-1 1.2658001e0 -4.94338269e0 -4.94338269e0
9.8785603e-1 1.2658001e0 -5.25486781e0 -5.25486781e0
1.01316e0 1.2658001e0 -5.5795134e0 -5.5795134e0
1.0384639e0 1.2658001e0 -5.9176729e0 -5.9176729e0
1.063768e0 1.2658001e0 -6.2697624e0 -6.2697624e0
1.089072e0 1.2658001e0 -6.636191e0 -6.636191e0
1.1143759e0 1.2658001e0 -7.0173871e0 -7.0173871e0
1.13968e0 1.2658001e0 -7.4137904e0 -7.4137904e0
1.164984e0 1.2658001e0 -7.8258076e0 -7.8258076e0
1.190288e0 1.2658001e0 -8.2538861e0 -8.2538861e0
1.2155919e0 1.2658001e0 -8.6985056e0 -8.6985056e0
1.240896e0 1.2658001e0 -9.1601454e0 -9.1601454e0
1.2662e0 1.2658001e0 -9.639238e0 -9.639238e0
1.2915039e0 1.2658001e0 -1.01363048e1 -1.01363048e1
1.316808e0 1.2658001e0 -1.06518315e1 -1.06518315e1
1.342112e0 1.2658001e0 -1.11863496e1 -1.11863496e1
1.367416e0 1.2658001e0 -1.17403275e1 -1.17403275e1
1.39272e0 1.2658001e0 -1.23143155e1 -1.23143155e1
1.418024e0 1.2658001e0 -1.29088634e1 -1.29088634e1
1.443328e0 1.2658001e0 -1.35245049e1 -1.35245049e1
1.4686319e0 1.2658001e0 -1.4161836e1 -1.4161836e1
1.493936e0 1.2658001e0 -1.48213434e1 -1.48213434e1
1.51924e0 1.2658001e0 -1.55036426e1 -1.55036426e1
1.5445439e0 1.2658001e0 -1.62093327e1 -1.62093327e1
1.569848e0 1.2658001e0 -1.69390388e1 -1.69390388e1
1.595152e0 1.2658001e0 -1.76932959e1 -1.76932959e1
1.620456e0 1.2658001e0 -1.84727324e1 -1.84727324e1
1.64576e0 1.2658001e0 -1.92780025e1 -1.92780025e1
1.671064e0 1.2658001e0 -2.01097722e1 -2.01097722e1
1.696368e0 1.2658001e0 -2.09685957e1 -2.09685957e1
1.7216719e0 1.2658001e0 -2.18551724e1 -2.18551724e1
1.746976e0 1.2658001e0 -2.27701825e1 -2.27701825e1
1.77228e0 1.2658001e0 -2.3714285e1 -2.3714285e1
1.7975839e0 1.2658001e0 -2.46882133e1 -2.46882133e1
1.822888e0 1.2658001e0 -2.56925798e1 -2.56925798e1
1.848192e0 1.2658001e0 -2.67281035e1 -2.67281035e1
1.873496e0 1.2658001e0 -2.77955319e1 -2.77955319e1
1.8987999e0 1.2658001e0 -2.88956425e1 -2.88956425e1
1.924104e0 1.2658001e0 -3.00290279e1 -3.00290279e1
1.949408e0 1.2658001e0 -3.11965007e1 -3.11965007e1
1.9747119e0 1.2658001e0 -3.23988326e1 -3.23988326e1
2.000016e0 1.2658001e0 -3.3636768e1 -3.3636768e1

1.0e-3 1.3164321e0 -4.9319778e-6 -4.9319778e-6
2.6304001e-2 1.3164321e0 -3.41291504e-3 -3.41291504e-3
5.1608002e-2 1.3164321e0 -1.3142851e-2 -1.3142851e-2
7.6912003e-2 1.3164321e0 -2.92098819e-2 -2.92098819e-2
1.02216e-1 1.3164321e0 -5.163904e-2 -5.163904e-2
1.2752e-1 1.3164321e0 -8.0465036e-2 -8.0465036e-2
1.52824e-1 1.3164321e0 -1.15732574e-1 -1.15732574e-1
1.78128e-1 1.3164321e0 -1.57496382e-1 -1.57496382e-1
2.03432e-1 1.3164321e0 -2.05820476e-1 -2.05820476e-1
2.2873601e-1 1.3164321e0 -2.6077907e-1 -2.6077907e-1
2.5404001e-1 1.3164321e0 -3.22456694e-1 -3.22456694e-1
2.7934401e-1 1.3164321e0 -3.90946498e-1 -3.90946498e-1
3.0464801e-1 1.3164321e0 -4.66352405e-1 -4.66352405e-1
3.2995201e-1 1.3164321e0 -5.4878796e-1 -5.4878796e-1
3.5525601e-1 1.3164321e0 -6.3837721e-1 -6.3837721e-1
3.8056001e-1 1.3164321e0 -7.3525241e-1 -7.3525241e-1
4.0586401e-1 1.3164321e0 -8.395566e-1 -8.395566e-1
4.3116801e-1 1.3164321e0 -9.5144449e-1 -9.5144449e-1
4.5647202e-1 1.3164321e0 -1.07107623e0 -1.07107623e0
4.8177602e-1 1.3164321e0 -1.19862596e0 -1.19862596e0
5.0708002e-1 1.3164321e0 -1.33427646e0 -1.33427646e0
5.3238402e-1 1.3164321e0 -1.47821805e0 -1.47821805e0
5.5768802e-1 1.3164321e0 -1.63065392e0 -1.63065392e0
5.8299202e-1 1.3164321e0 -1.79179738e0 -1.79179738e0
6.0829602e-1 1.3164321e0 -1.96186798e0 -1.96186798e0
6.3360002e-1 1.3164321e0 -2.14109836e0 -2.14109836e0
6.5890402e-1 1.3164321e0 -2.32972874e0 -2.32972874e0
6.8420802e-1 1.3164321e0 -2.52801486e0 -2.52801486e0
7.0951202e-1 1.3164321e0 -2.73621172e0 -2.73621172e0
7.3481602e-1 1.3164321e0 -2.95459416e0 -2.95459416e0
7.6012003e-1 1.3164321e0 -3.18344313e0 -3.18344313e0
7.8542403e-1 1.3164321e0 -3.42304587e0 -3.42304587e0
8.1072803e-1 1.3164321e0 -3.67370534e0 -3.67370534e0
8.3603203e-1 1.3164321e0 -3.9357346e0 -3.9357346e0
8.6133603e-1 1.3164321e0 -4.20944858e0 -4.20944858e0
8.8664003e-1 1.3164321e0 -4.49517772e0 -4.49517772e0
9.1194403e-1 1.3164321e0 -4.7932663e0 -4.7932663e0
9.3724803e-1 1.3164321e0 -5.10406123e0 -5.10406123e0
9.6255203e-1 1.3164321e0 -5.42792108e0 -5.42792108e0
9.8785603e-1 1.3164321e0 -5.76521654e0 -5.76521654e0
1.01316e0 1.3164321e0 -6.1163435e0 -6.1163435e0
1.0384639e0 1.3164321e0 -6.4816522e0 -6.4816522e0
1.063768e0 1.3164321e0 -6.8615607e0 -6.8615607e0
1.089072e0 1.3164321e0 -7.2564775e0 -7.2564775e0
1.1143759e0 1.3164321e0 -7.6668324e0 -7.6668324e0
1.13968e0 1.3164321e0 -8.0930656e0 -8.0930656e0
1.164984e0 1.3164321e0 -8.5355815e0 -8.5355815e0
1.190288e0 1.3164321e0 -8.9948271e0 -8.9948271e0
1.2155919e0 1.3164321e0 -9.471284e0 -9.471284e0
1.240896e0 1.3164321e0 -9.9654327e0 -9.9654327e0
1.2662e0 1.3164321e0 -1.04777019e1 -1.04777019e1
1.2915039e0 1.3164321e0 -1.10086156e1 -1.10086156e1
1.316808e0 1.3164321e0 -1.15586588e1 -1.15586588e1
1.342112e0 1.3164321e0 -1.21283644e1 -1.21283644e1
1.367416e0 1.3164321e0 -1.27181978e1 -1.27181978e1
1.39272e0 1.3164321e0 -1.3328711e1 -1.3328711e1
1.418024e0 1.3164321e0 -1.39604541e1 -1.39604541e1
1.443328e0 1.3164321e0 -1.46139604e1 -1.46139604e1
1.4686319e0 1.3164321e0 -1.52898282e1 -1.52898282e1
1.493936e0 1.3164321e0 -1.59885396e1 -1.59885396e1
1.51924e0 1.3164321e0 -1.6710712e1 -1.6710712e1
1.5445439e0 1.3164321e0 -1.7456946e1 -1.7456946e1
1.569848e0 1.3164321e0 -1.82278677e1 -1.82278677e1
1.595152e0 1.3164321e0 -1.90240083e1 -1.90240083e1
1.620456e0 1.3164321e0 -1.9845997e1 -1.9845997e1
1.64576e0 1.3164321e0 -2.06944896e1 -2.06944896e1
1.671064e0 1.3164321e0 -2.1570154e1 -2.1570154e1
1.696368e0 1.3164321e0 -2.2473539e1 -2.2473539e1
1.7216719e0 1.3164321e0 -2.34053468e1 -2.34053468e1
1.746976e0 1.3164321e0 -2.43662584e1 -2.43662584e1
1.77228e0 1.3164321e0 -2.53569318e1 -2.53569318e1
1.7975839e0 1.3164321e0 -2.6378103e1 -2.6378103e1
1.822888e0 1.3164321e0 -2.74303802e1 -2.74303802e1
1.848192e0 1.3164321e0 -2.85144835e1 -2.85144835e1
1.873496e0 1.3164321e0 -2.96311617e1 -2.96311617e1
1.8987999e0 1.3164321e0 -3.07811949e1 -3.07811949e1
1.924104e0 1.3164321e0 -3.1965169e1 -3.1965169e1
1.949408e0 1.3164321e0 -3.31839003e1 -3.31839003e1
1.9747119e0 1.3164321e0 -3.44381607e1 -3.44381607e1
2.000016e0 1.3164321e0 -3.57286945e1 -3.57286945e1

1.0e-3 1.3670641e0 -5.4754593e-6 -5.4754593e-6
2.6304001e-2 1.3670641e0 -3.78895012e-3 -3.78895012e-3
5.1608002e-2 1.3670641e0 -1.45903522e-2 -1.45903522e-2
7.6912003e-2 1.3670641e0 -3.24248222e-2 -3.24248222e-2
1.02216e-1 1.3670641e0 -5.7317398e-2 -5.7317398e-2
1.2752e-1 1.3670641e0 -8.9302779e-2 -8.9302779e-2
1.52824e-1 1.3670641e0 -1.28425673e-1 -1.28425673e-1
1.78128e-1 1.3670641e0 -1.74740831e-1 -1.74740831e-1
2.03432e-1 1.3670641e0 -2.2831223e-1 -2.2831223e-1
2.2873601e-1 1.3670641e0 -2.89214177e-1 -2.89214177e-1
2.5404001e-1 1.3670641e0 -3.5753101e-1 -3.5753101e-1
2.7934401e-1 1.3670641e0 -4.33356029e-1 -4.33356029e-1
3.0464801e-1 1.3670641e0 -5.16793132e-1 -5.16793132e-1
3.2995201e-1 1.3670641e0 -6.0795584e-1 -6.0795584e-1
3.5525601e-1 1.3670641e0 -7.0696828e-1 -7.0696828e-1
3.8056001e-1 1.3670641e0 -8.139626e-1 -8.139626e-1
4.0586401e-1 1.3670641e0 -9.2908209e-1 -9.2908209e-1
4.3116801e-1 1.3670641e0 -1.0524809e0 -1.0524809e0
4.5647202e-1 1.3670641e0 -1.18431967e0 -1.18431967e0
4.8177602e-1 1.3670641e0 -1.32477245e0 -1.32477245e0
5.0708002e-1 1.3670641e0 -1.474022e0 -1.474022e0
5.3238402e-1 1.3670641e0 -1.63225807e0 -1.63225807e0
5.5768802e-1 1.3670641e0 -1.7996853e0 -1.7996853e0
5.8299202e-1 1.3670641e0 -1.97651573e0 -1.97651573e0
6.0829602e-1 1.3670641e0 -2.16296921e0 -2.16296921e0
6.3360002e-1 1.3670641e0 -2.35927843e0 -2.35927843e0
6.5890402e-1 1.3670641e0 -2.56568358e0 -2.56568358e0
6.8420802e-1 1.3670641e0 -2.78244066e0 -2.78244066e0
7.0951202e-1 1.3670641e0 -3.00980423e0 -3.00980423e0
7.3481602e-1 1.3670641e0 -3.24804944e0 -3.24804944e0
7.6012003e-1 1.3670641e0 -3.49745726e0 -3.49745726e0
7.8542403e-1 1.3670641e0 -3.7583146e0 -3.7583146e0
8.1072803e-1 1.3670641e0 -4.03092471e0 -4.03092471e0
8.3603203e-1 1.3670641e0 -4.31560081e0 -4.31560081e0
8.6133603e-1 1.3670641e0 -4.61265627e0 -4.61265627e0
8.8664003e-1 1.3670641e0 -4.92242627e0 -4.92242627e0
9.1194403e-1 1.3670641e0 -5.2452482e0 -5.2452482e0
9.3724803e-1 1.3670641e0 -5.58147516e0 -5.58147516e0
9.6255203e-1 1.3670641e0 -5.9314601e0 -5.9314601e0
9.8785603e-1 1.3670641e0 -6.295578e0 -6.295578e0
1.01316e0 1.3670641e0 -6.6742247e0 -6.6742247e0
1.0384639e0 1.3670641e0 -7.0677473e0 -7.0677473e0
1.063768e0 1.3670641e0 -7.4765657e0 -7.4765657e0
1.089072e0 1.3670641e0 -7.9010881e0 -7.9010881e0
1.1143759e0 1.3670641e0 -8.341745e0 -8.341745e0
1.13968e0 1.3670641e0 -8.7989778e0 -8.7989778e0
1.164984e0 1.3670641e0 -9.2731882e0 -9.2731882e0
1.190288e0 1.3670641e0 -9.7648233e0 -9.7648233e0
1.2155919e0 1.3670641e0 -1.02743663e1 -1.02743663e1
1.240896e0 1.3670641e0 -1.08022984e1 -1.08022984e1
1.2662e0 1.3670641e0 -1.13490453e1 -1.13490453e1
1.2915039e0 1.3670641e0 -1.1915133e1 -1.1915133e1
1.316808e0 1.3670641e0 -1.25010463e1 -1.25010463e1
1.342112e0 1.3670641e0 -1.31073193e1 -1.31073193e1
1.367416e0 1.3670641e0 -1.37344142e1 -1.37344142e1
1.39272e0 1.3670641e0 -1.43828847e1 -1.43828847e1
1.418024e0 1.3670641e0 -1.50532817e1 -1.50532817e1
1.443328e0 1.3670641e0 -1.57461377e1 -1.57461377e1
1.4686319e0 1.3670641e0 -1.64620534e1 -1.64620534e1
1.493936e0 1.3670641e0 -1.7201506e1 -1.7201506e1
1.51924e0 1.3670641e0 -1.79651154e1 -1.79651154e1
1.5445439e0 1.3670641e0 -1.8753483e1 -1.8753483e1
1.569848e0 1.3670641e0 -1.95672365e1 -1.95672365e1
1.595152e0 1.3670641e0 -2.0406903e1 -2.0406903e1
1.620456e0 1.3670641e0 -2.12731126e1 -2.12731126e1
1.64576e0 1.3670641e0 -2.21665228e1 -2.21665228e1
1.671064e0 1.3670641e0 -2.30878027e1 -2.30878027e1
1.696368e0 1.3670641e0 -2.4037497e1 -2.4037497e1
1.7216719e0 1.3670641e0 -2.50163095e1 -2.50163095e1
1.746976e0 1.3670641e0 -2.60249225e1 -2.60249225e1
1.77228e0 1.3670641e0 -2.7063993e1 -2.7063993e1
1.7975839e0 1.3670641e0 -2.81342598e1 -2.81342598e1
1.822888e0 1.3670641e0 -2.92363266e1 -2.92363266e1
1.848192e0 1.3670641e0 -3.03709143e1 -3.03709143e1
1.873496e0 1.3670641e0 -3.15387737e1 -3.15387737e1
1.8987999e0 1.3670641e0 -3.2740687e1 -3.2740687e1
1.924104e0 1.3670641e0 -3.39772337e1 -3.39772337e1
1.949408e0 1.3670641e0 -3.52492334e1 -3.52492334e1
1.9747119e0 1.3670641e0 -3.6557459e1 -3.6557459e1
2.000016e0 1.3670641e0 -3.79026535e1 -3.79026535e1

1.0e-3 1.4176961e0 -6.0394424e-6 -6.0394424e-6
2.6304001e-2 1.4176961e0 -4.17917033e-3 -4.17917033e-3
5.1608002e-2 1.4176961e0 -1.60924573e-2 -1.60924573e-2
7.6912003e-2 1.4176961e0 -3.57610396e-2 -3.57610396e-2
1.02216e-1 1.4176961e0 -6.3209962e-2 -6.3209962e-2
1.2752e-1 1.4176961e0 -9.8473907e-2 -9.8473907e-2
1.52824e-1 1.4176961e0 -1.41597592e-1 -1.41597592e-1
1.78128e-1 1.4176961e0 -1.9263579e-1 -1.9263579e-1
2.03432e-1 1.4176961e0 -2.51652437e-1 -2.51652437e-1
2.2873601e-1 1.4176961e0 -3.18721777e-1 -3.18721777e-1
2.5404001e-1 1.4176961e0 -3.9392843e-1 -3.9392843e-1
2.7934401e-1 1.4176961e0 -4.77365372e-1 -4.77365372e-1
3.0464801e-1 1.4176961e0 -5.6913663e-1 -5.6913663e-1
3.2995201e-1 1.4176961e0 -6.693557e-1 -6.693557e-1
3.5525601e-1 1.4176961e0 -7.7814679e-1 -7.7814679e-1
3.8056001e-1 1.4176961e0 -8.9564197e-1 -8.9564197e-1
4.0586401e-1 1.4176961e0 -1.02198425e0 -1.02198425e0
4.3116801e-1 1.4176961e0 -1.1573287e0 -1.1573287e0
4.5647202e-1 1.4176961e0 -1.30183498e0 -1.30183498e0
4.8177602e-1 1.4176961e0 -1.45567754e0 -1.45567754e0
5.0708002e-1 1.4176961e0 -1.61903914e0 -1.61903914e0
5.3238402e-1 1.4176961e0 -1.79210982e0 -1.79210982e0
5.5768802e-1 1.4176961e0 -1.97509305e0 -1.97509305e0
5.8299202e-1 1.4176961e0 -2.16820218e0 -2.16820218e0
6.0829602e-1 1.4176961e0 -2.37165657e0 -2.37165657e0
6.3360002e-1 1.4176961e0 -2.58568887e0 -2.58568887e0
6.5890402e-1 1.4176961e0 -2.81053932e0 -2.81053932e0
6.8420802e-1 1.4176961e0 -3.04646414e0 -3.04646414e0
7.0951202e-1 1.4176961e0 -3.29371747e0 -3.29371747e0
7.3481602e-1 1.4176961e0 -3.55257469e0 -3.55257469e0
7.6012003e-1 1.4176961e0 -3.8233169e0 -3.8233169e0
7.8542403e-1 1.4176961e0 -4.10623067e0 -4.10623067e0
8.1072803e-1 1.4176961e0 -4.40161946e0 -4.40161946e0
8.3603203e-1 1.4176961e0 -4.70979669e0 -4.70979669e0
8.6133603e-1 1.4176961e0 -5.03107642e0 -5.03107642e0
8.8664003e-1 1.4176961e0 -5.36578944e0 -5.36578944e0
9.1194403e-1 1.4176961e0 -5.7142802e0 -5.7142802e0
9.3724803e-1 1.4176961e0 -6.07689578e0 -6.07689578e0
9.6255203e-1 1.4176961e0 -6.45399406e0 -6.45399406e0
9.8785603e-1 1.4176961e0 -6.84594626e0 -6.84594626e0
1.01316e0 1.4176961e0 -7.2531508e0 -7.2531508e0
1.0384639e0 1.4176961e0 -7.6759518e0 -7.6759518e0
1.063768e0 1.4176961e0 -8.1147704e0 -8.1147704e0
1.089072e0 1.4176961e0 -8.5700151e0 -8.5700151e0
1.1143759e0 1.4176961e0 -9.0421173e0 -9.0421173e0
1.13968e0 1.4176961e0 -9.5315192e0 -9.5315192e0
1.164984e0 1.4176961e0 -1.00386195e1 -1.00386195e1
1.190288e0 1.4176961e0 -1.0563866e1 -1.0563866e1
1.2155919e0 1.4176961e0 -1.11077432e1 -1.11077432e1
1.240896e0 1.4176961e0 -1.16707332e1 -1.16707332e1
1.2662e0 1.4176961e0 -1.2253258e1 -1.2253258e1
1.2915039e0 1.4176961e0 -1.28558472e1 -1.28558472e1
1.316808e0 1.4176961e0 -1.34789835e1 -1.34789835e1
1.342112e0 1.4176961e0 -1.41232033e1 -1.41232033e1
1.367416e0 1.4176961e0 -1.47889653e1 -1.47889653e1
1.39272e0 1.4176961e0 -1.5476825e1 -1.5476825e1
1.418024e0 1.4176961e0 -1.6187334e1 -1.6187334e1
1.443328e0 1.4176961e0 -1.69210239e1 -1.69210239e1
1.4686319e0 1.4176961e0 -1.76784984e1 -1.76784984e1
1.493936e0 1.4176961e0 -1.8460229e1 -1.8460229e1
1.51924e0 1.4176961e0 -1.92668385e1 -1.92668385e1
1.5445439e0 1.4176961e0 -2.0098929e1 -2.0098929e1
1.569848e0 1.4176961e0 -2.09571301e1 -2.09571301e1
1.595152e0 1.4176961e0 -2.18419646e1 -2.18419646e1
1.620456e0 1.4176961e0 -2.27540633e1 -2.27540633e1
1.64576e0 1.4176961e0 -2.36940852e1 -2.36940852e1
1.671064e0 1.4176961e0 -2.46627019e1 -2.46627019e1
1.696368e0 1.4176961e0 -2.5660452e1 -2.5660452e1
1.7216719e0 1.4176961e0 -2.66880424e1 -2.66880424e1
1.746976e0 1.4176961e0 -2.77461563e1 -2.77461563e1
1.77228e0 1.4176961e0 -2.88354497e1 -2.88354497e1
1.7975839e0 1.4176961e0 -2.9956664e1 -2.9956664e1
1.822888e0 1.4176961e0 -3.11103986e1 -3.11103986e1
1.848192e0 1.4176961e0 -3.2297375e1 -3.2297375e1
1.873496e0 1.4176961e0 -3.35183463e1 -3.35183463e1
1.8987999e0 1.4176961e0 -3.47740968e1 -3.47740968e1
1.924104e0 1.4176961e0 -3.60651994e1 -3.60651994e1
1.949408e0 1.4176961e0 -3.7392477e1 -3.7392477e1
1.9747119e0 1.4176961e0 -3.87567032e1 -3.87567032e1
2.000016e0 1.4176961e0 -4.0158632e1 -4.0158632e1

1.0e-3 1.46832811e0 -6.6239578e-6 -6.6239578e-6
2.6304001e-2 1.46832811e0 -4.5835968e-3 -4.5835968e-3
5.1608002e-2 1.46832811e0 -1.76492476e-2 -1.76492476e-2
7.6912003e-2 1.46832811e0 -3.92187143e-2 -3.92187143e-2
1.02216e-1 1.46832811e0 -6.9317049e-2 -6.9317049e-2
1.2752e-1 1.46832811e0 -1.07978918e-1 -1.07978918e-1
1.52824e-1 1.46832811e0 -1.55249045e-1 -1.55249045e-1
1.78128e-1 1.46832811e0 -2.11182228e-1 -2.11182228e-1
2.03432e-1 1.46832811e0 -2.75842361e-1 -2.75842361e-1
2.2873601e-1 1.46832811e0 -3.49303786e-1 -3.49303786e-1
2.5404001e-1 1.46832811e0 -4.31651025e-1 -4.31651025e-1
2.7934401e-1 1.46832811e0 -5.22976909e-1 -5.22976909e-1
3.0464801e-1 1.46832811e0 -6.23385733e-1 -6.23385733e-1
3.2995201e-1 1.46832811e0 -7.3299088e-1 -7.3299088e-1
3.5525601e-1 1.46832811e0 -8.5191661e-1 -8.5191661e-1
3.8056001e-1 1.46832811e0 -9.8029492e-1 -9.8029492e-1
4.0586401e-1 1.46832811e0 -1.11826909e0 -1.11826909e0
4.3116801e-1 1.46832811e0 -1.26599356e0 -1.26599356e0
4.5647202e-1 1.46832811e0 -1.42362852e0 -1.42362852e0
4.8177602e-1 1.46832811e0 -1.59134831e0 -1.59134831e0
5.0708002e-1 1.46832811e0 -1.76933575e0 -1.76933575e0
5.3238402e-1 1.46832811e0 -1.9577802e0 -1.9577802e0
5.5768802e-1 1.46832811e0 -2.15688664e0 -2.15688664e0
5.8299202e-1 1.46832811e0 -2.36686713e0 -2.36686713e0
6.0829602e-1 1.46832811e0 -2.58794136e0 -2.58794136e0
6.3360002e-1 1.46832811e0 -2.82034198e0 -2.82034198e0
6.5890402e-1 1.46832811e0 -3.06430923e0 -3.06430923e0
6.8420802e-1 1.46832811e0 -3.32009958e0 -3.32009958e0
7.0951202e-1 1.46832811e0 -3.58796677e0 -3.58796677e0
7.3481602e-1 1.46832811e0 -3.86818642e0 -3.86818642e0
7.6012003e-1 1.46832811e0 -4.16103972e0 -4.16103972e0
7.8542403e-1 1.46832811e0 -4.46681287e0 -4.46681287e0
8.1072803e-1 1.46832811e0 -4.78580963e0 -4.78580963e0
8.3603203e-1 1.46832811e0 -5.11834357e0 -5.11834357e0
8.6133603e-1 1.46832811e0 -5.4647283e0 -5.4647283e0
8.8664003e-1 1.46832811e0 -5.82529483e0 -5.82529483e0
9.1194403e-1 1.46832811e0 -6.20038765e0 -6.20038765e0
9.3724803e-1 1.46832811e0 -6.5903553e0 -6.5903553e0
9.6255203e-1 1.46832811e0 -6.99555128e0 -6.99555128e0
9.8785603e-1 1.46832811e0 -7.41635107e0 -7.41635107e0
1.01316e0 1.46832811e0 -7.853153e0 -7.853153e0
1.0384639e0 1.46832811e0 -8.3062984e0 -8.3062984e0
1.063768e0 1.46832811e0 -8.7762094e0 -8.7762094e0
1.089072e0 1.46832811e0 -9.263295e0 -9.263295e0
1.1143759e0 1.46832811e0 -9.7679872e0 -9.7679872e0
1.13968e0 1.46832811e0 -1.02907292e1 -1.02907292e1
1.164984e0 1.46832811e0 -1.08319171e1 -1.08319171e1
1.190288e0 1.46832811e0 -1.13919984e1 -1.13919984e1
1.2155919e0 1.46832811e0 -1.19714598e1 -1.19714598e1
1.240896e0 1.46832811e0 -1.25707838e1 -1.25707838e1
1.2662e0 1.46832811e0 -1.31903896e1 -1.31903896e1
1.2915039e0 1.46832811e0 -1.38308086e1 -1.38308086e1
1.316808e0 1.46832811e0 -1.4492523e1 -1.4492523e1
1.342112e0 1.46832811e0 -1.51760713e1 -1.51760713e1
1.367416e0 1.46832811e0 -1.58819081e1 -1.58819081e1
1.39272e0 1.46832811e0 -1.66105908e1 -1.66105908e1
1.418024e0 1.46832811e0 -1.73626723e1 -1.73626723e1
1.443328e0 1.46832811e0 -1.81386829e1 -1.81386829e1
1.4686319e0 1.46832811e0 -1.89392288e1 -1.89392288e1
1.493936e0 1.46832811e0 -1.97647768e1 -1.97647768e1
1.51924e0 1.46832811e0 -2.06159518e1 -2.06159518e1
1.5445439e0 1.46832811e0 -2.14933571e1 -2.14933571e1
1.569848e0 1.46832811e0 -2.2397624e1 -2.2397624e1
1.595152e0 1.46832811e0 -2.33292706e1 -2.33292706e1
1.620456e0 1.46832811e0 -2.4288929e1 -2.4288929e1
1.64576e0 1.46832811e0 -2.52772598e1 -2.52772598e1
1.671064e0 1.46832811e0 -2.62949362e1 -2.62949362e1
1.696368e0 1.46832811e0 -2.73424918e1 -2.73424918e1
1.7216719e0 1.46832811e0 -2.84206361e1 -2.84206361e1
1.746976e0 1.46832811e0 -2.9530053e1 -2.9530053e1
1.77228e0 1.46832811e0 -3.06713976e1 -3.06713976e1
1.7975839e0 1.46832811e0 -3.1845414e1 -3.1845414e1
1.822888e0 1.46832811e0 -3.30526974e1 -3.30526974e1
1.848192e0 1.46832811e0 -3.4293954e1 -3.4293954e1
1.873496e0 1.46832811e0 -3.5569986e1 -3.5569986e1
1.8987999e0 1.46832811e0 -3.6881534e1 -3.6881534e1
1.924104e0 1.46832811e0 -3.822915e1 -3.822915e1
1.949408e0 1.46832811e0 -3.9613753e1 -3.9613753e1
1.9747119e0 1.46832811e0 -4.1035994e1 -4.1035994e1
2.000016e0 1.46832811e0 -4.249674e1 -4.249674e1

1.0e-3 1.51896011e0 -7.2289688e-6 -7.2289688e-6
2.6304001e-2 1.51896011e0 -5.0022042e-3 -5.0022042e-3
5.1608002e-2 1.51896011e0 -1.92606258e-2 -1.92606258e-2
7.6912003e-2 1.51896011e0 -4.279763e-2 -4.279763e-2
1.02216e-1 1.51896011e0 -7.5638277e-2 -7.5638277e-2
1.2752e-1 1.51896011e0 -1.17817215e-1 -1.17817215e-1
1.52824e-1 1.51896011e0 -1.69379175e-1 -1.69379175e-1
1.78128e-1 1.51896011e0 -2.30378984e-1 -2.30378984e-1
2.03432e-1 1.51896011e0 -3.00880489e-1 -3.00880489e-1
2.2873601e-1 1.51896011e0 -3.80958049e-1 -3.80958049e-1
2.5404001e-1 1.51896011e0 -4.70696233e-1 -4.70696233e-1
2.7934401e-1 1.51896011e0 -5.70187779e-1 -5.70187779e-1
3.0464801e-1 1.51896011e0 -6.7953704e-1 -6.7953704e-1
3.2995201e-1 1.51896011e0 -7.9885736e-1 -7.9885736e-1
3.5525601e-1 1.51896011e0 -9.2827313e-1 -9.2827313e-1
3.8056001e-1 1.51896011e0 -1.06791618e0 -1.06791618e0
4.0586401e-1 1.51896011e0 -1.21792981e0 -1.21792981e0
4.3116801e-1 1.51896011e0 -1.37846869e0 -1.37846869e0
4.5647202e-1 1.51896011e0 -1.54969266e0 -1.54969266e0
4.8177602e-1 1.51896011e0 -1.7317763e0 -1.7317763e0
5.0708002e-1 1.51896011e0 -1.92490239e0 -1.92490239e0
5.3238402e-1 1.51896011e0 -2.12926013e0 -2.12926013e0
5.5768802e-1 1.51896011e0 -2.3450547e0 -2.3450547e0
5.8299202e-1 1.51896011e0 -2.57249812e0 -2.57249812e0
6.0829602e-1 1.51896011e0 -2.81181001e0 -2.81181001e0
6.3360002e-1 1.51896011e0 -3.06322302e0 -3.06322302e0
6.5890402e-1 1.51896011e0 -3.32697739e0 -3.32697739e0
6.8420802e-1 1.51896011e0 -3.60332986e0 -3.60332986e0
7.0951202e-1 1.51896011e0 -3.8925337e0 -3.8925337e0
7.3481602e-1 1.51896011e0 -4.19486484e0 -4.19486484e0
7.6012003e-1 1.51896011e0 -4.51060454e0 -4.51060454e0
7.8542403e-1 1.51896011e0 -4.84003862e0 -4.84003862e0
8.1072803e-1 1.51896011e0 -5.18347113e0 -5.18347113e0
8.3603203e-1 1.51896011e0 -5.54121584e0 -5.54121584e0
8.6133603e-1 1.51896011e0 -5.91358588e0 -5.91358588e0
8.8664003e-1 1.51896011e0 -6.30091243e0 -6.30091243e0
9.1194403e-1 1.51896011e0 -6.7035401e0 -6.7035401e0
9.3724803e-1 1.51896011e0 -7.12181752e0 -7.12181752e0
9.6255203e-1 1.51896011e0 -7.5560978e0 -7.5560978e0
9.8785603e-1 1.51896011e0 -8.00675671e0 -8.00675671e0
1.01316e0 1.51896011e0 -8.474194e0 -8.474194e0
1.0384639e0 1.51896011e0 -8.9587476e0 -8.9587476e0
1.063768e0 1.51896011e0 -9.4608414e0 -9.4608414e0
1.089072e0 1.51896011e0 -9.9808842e0 -9.9808842e0
1.1143759e0 1.51896011e0 -1.05193092e1 -1.05193092e1
1.13968e0 1.51896011e0 -1.10765602e1 -1.10765602e1
1.164984e0 1.51896011e0 -1.1653031e1 -1.1653031e1
1.190288e0 1.51896011e0 -1.22491687e1 -1.22491687e1
1.2155919e0 1.51896011e0 -1.28654619e1 -1.28654619e1
1.240896e0 1.51896011e0 -1.35023943e1 -1.35023943e1
1.2662e0 1.51896011e0 -1.4160381e1 -1.4160381e1
1.2915039e0 1.51896011e0 -1.48399564e1 -1.48399564e1
1.316808e0 1.51896011e0 -1.55416017e1 -1.55416017e1
1.342112e0 1.51896011e0 -1.62658572e1 -1.62658572e1
1.367416e0 1.51896011e0 -1.70131741e1 -1.70131741e1
1.39272e0 1.51896011e0 -1.77841115e1 -1.77841115e1
1.418024e0 1.51896011e0 -1.85792229e1 -1.85792229e1
1.443328e0 1.51896011e0 -1.93990381e1 -1.93990381e1
1.4686319e0 1.51896011e0 -2.0244166e1 -2.0244166e1
1.493936e0 1.51896011e0 -2.11150676e1 -2.11150676e1
1.51924e0 1.51896011e0 -2.20123709e1 -2.20123709e1
1.5445439e0 1.51896011e0 -2.29366798e1 -2.29366798e1
1.569848e0 1.51896011e0 -2.38886276e1 -2.38886276e1
1.595152e0 1.51896011e0 -2.4868728e1 -2.4868728e1
1.620456e0 1.51896011e0 -2.58776137e1 -2.58776137e1
1.64576e0 1.51896011e0 -2.69159473e1 -2.69159473e1
1.671064e0 1.51896011e0 -2.79844e1 -2.79844e1
1.696368e0 1.51896011e0 -2.9083498e1 -2.9083498e1
1.7216719e0 1.51896011e0 -3.0213963e1 -3.0213963e1
1.746976e0 1.51896011e0 -3.1376477e1 -3.1376477e1
1.77228e0 1.51896011e0 -3.2571696e1 -3.2571696e1
1.7975839e0 1.51896011e0 -3.3800406e1 -3.3800406e1
1.822888e0 1.51896011e0 -3.5063121e1 -3.5063121e1
1.848192e0 1.51896011e0 -3.6360558e1 -3.6360558e1
1.873496e0 1.51896011e0 -3.7693565e1 -3.7693565e1
1.8987999e0 1.51896011e0 -3.9062868e1 -3.9062868e1
1.924104e0 1.51896011e0 -4.0469008e1 -4.0469008e1
1.949408e0 1.51896011e0 -4.1912909e1 -4.1912909e1
1.9747119e0 1.51896011e0 -4.3395226e1 -4.3395226e1
2.000016e0 1.51896011e0 -4.4916823e1 -4.4916823e1

1.0e-3 1.56959212e0 -7.8544815e-6 -7.8544815e-6
2.6304001e-2 1.56959212e0 -5.43499673e-3 -5.43499673e-3
5.1608002e-2 1.56959212e0 -2.09266078e-2 -2.09266078e-2
7.6912003e-2 1.56959212e0 -4.64978226e-2 -4.64978226e-2
1.02216e-1 1.56959212e0 -8.2173708e-2 -8.2173708e-2
1.2752e-1 1.56959212e0 -1.27988898e-1 -1.27988898e-1
1.52824e-1 1.56959212e0 -1.83988126e-1 -1.83988126e-1
1.78128e-1 1.56959212e0 -2.50226251e-1 -2.50226251e-1
2.03432e-1 1.56959212e0 -3.2676707e-1 -3.2676707e-1
2.2873601e-1 1.56959212e0 -4.13684962e-1 -4.13684962e-1
2.5404001e-1 1.56959212e0 -5.11064546e-1 -5.11064546e-1
2.7934401e-1 1.56959212e0 -6.18998462e-1 -6.18998462e-1
3.0464801e-1 1.56959212e0 -7.37591121e-1 -7.37591121e-1
3.2995201e-1 1.56959212e0 -8.6695584e-1 -8.6695584e-1
3.5525601e-1 1.56959212e0 -1.0072171e0 -1.0072171e0
3.8056001e-1 1.56959212e0 -1.15850662e0 -1.15850662e0
4.0586401e-1 1.56959212e0 -1.3209677e0 -1.3209677e0
4.3116801e-1 1.56959212e0 -1.4947552e0 -1.4947552e0
4.5647202e-1 1.56959212e0 -1.68002867e0 -1.68002867e0
4.8177602e-1 1.56959212e0 -1.87696289e0 -1.87696289e0
5.0708002e-1 1.56959212e0 -2.08574065e0 -2.08574065e0
5.3238402e-1 1.56959212e0 -2.30655136e0 -2.30655136e0
5.5768802e-1 1.56959212e0 -2.5395991e0 -2.5395991e0
5.8299202e-1 1.56959212e0 -2.78509723e0 -2.78509723e0
6.0829602e-1 1.56959212e0 -3.04326479e0 -3.04326479e0
6.3360002e-1 1.56959212e0 -3.31433446e0 -3.31433446e0
6.5890402e-1 1.56959212e0 -3.59854645e0 -3.59854645e0
6.8420802e-1 1.56959212e0 -3.89615782e0 -3.89615782e0
7.0951202e-1 1.56959212e0 -4.20742136e0 -4.20742136e0
7.3481602e-1 1.56959212e0 -4.53261325e0 -4.53261325e0
7.6012003e-1 1.56959212e0 -4.87201488e0 -4.87201488e0
7.8542403e-1 1.56959212e0 -5.2259117e0 -5.2259117e0
8.1072803e-1 1.56959212e0 -5.594608e0 -5.594608e0
8.3603203e-1 1.56959212e0 -5.97841777e0 -5.97841777e0
8.6133603e-1 1.56959212e0 -6.37765367e0 -6.37765367e0
8.8664003e-1 1.56959212e0 -6.79264705e0 -6.79264705e0
9.1194403e-1 1.56959212e0 -7.22374263e0 -7.22374263e0
9.3724803e-1 1.56959212e0 -7.67128912e0 -7.67128912e0
9.6255203e-1 1.56959212e0 -8.13563928e0 -8.13563928e0
9.8785603e-1 1.56959212e0 -8.61716914e0 -8.61716914e0
1.01316e0 1.56959212e0 -9.1162799e0 -9.1162799e0
1.0384639e0 1.56959212e0 -9.633306e0 -9.633306e0
1.063768e0 1.56959212e0 -1.01686731e1 -1.01686731e1
1.089072e0 1.56959212e0 -1.072279e1 -1.072279e1
1.1143759e0 1.56959212e0 -1.12960909e1 -1.12960909e1
1.13968e0 1.56959212e0 -1.18890205e1 -1.18890205e1
1.164984e0 1.56959212e0 -1.25019696e1 -1.25019696e1
1.190288e0 1.56959212e0 -1.31353856e1 -1.31353856e1
1.2155919e0 1.56959212e0 -1.37897586e1 -1.37897586e1
1.240896e0 1.56959212e0 -1.44655737e1 -1.44655737e1
1.2662e0 1.56959212e0 -1.51632419e1 -1.51632419e1
1.2915039e0 1.56959212e0 -1.58833005e1 -1.58833005e1
1.316808e0 1.56959212e0 -1.662623e1 -1.662623e1
1.342112e0 1.56959212e0 -1.73925723e1 -1.73925723e1
1.367416e0 1.56959212e0 -1.81827748e1 -1.81827748e1
1.39272e0 1.56959212e0 -1.89973985e1 -1.89973985e1
1.418024e0 1.56959212e0 -1.98369981e1 -1.98369981e1
1.443328e0 1.56959212e0 -2.07021024e1 -2.07021024e1
1.4686319e0 1.56959212e0 -2.1593335e1 -2.1593335e1
1.493936e0 1.56959212e0 -2.2511101e1 -2.2511101e1
1.51924e0 1.56959212e0 -2.3456105e1 -2.3456105e1
1.5445439e0 1.56959212e0 -2.4428918e1 -2.4428918e1
1.569848e0 1.56959212e0 -2.5430167e1 -2.5430167e1
1.595152e0 1.56959212e0 -2.646034e1 -2.646034e1
1.620456e0 1.56959212e0 -2.7520145e1 -2.7520145e1
1.64576e0 1.56959212e0 -2.861016e1 -2.861016e1
1.671064e0 1.56959212e0 -2.9731134e1 -2.9731134e1
1.696368e0 1.56959212e0 -3.0883531e1 -3.0883531e1
1.7216719e0 1.56959212e0 -3.2068097e1 -3.2068097e1
1.746976e0 1.56959212e0 -3.3285512e1 -3.3285512e1
1.77228e0 1.56959212e0 -3.4536435e1 -3.4536435e1
1.7975839e0 1.56959212e0 -3.5821602e1 -3.5821602e1
1.822888e0 1.56959212e0 -3.714162e1 -3.714162e1
1.848192e0 1.56959212e0 -3.8497214e1 -3.8497214e1
1.873496e0 1.56959212e0 -3.9889128e1 -3.9889128e1
1.8987999e0 1.56959212e0 -4.1318141e1 -4.1318141e1
1.924104e0 1.56959212e0 -4.278479e1 -4.278479e1
1.949408e0 1.56959212e0 -4.4289941e1 -4.4289941e1
1.9747119e0 1.56959212e0 -4.5834427e1 -4.5834427e1
2.000016e0 1.56959212e0 -4.7418875e1 -4.7418875e1

1.0e-3 1.62022412e0 -8.500502e-6 -8.500502e-6
2.6304001e-2 1.62022412e0 -5.88197969e-3 -5.88197969e-3
5.1608002e-2 1.62022412e0 -2.26472142e-2 -2.26472142e-2
7.6912003e-2 1.62022412e0 -5.03193282e-2 -5.03193282e-2
1.02216e-1 1.62022412e0 -8.8923424e-2 -8.8923424e-2
1.2752e-1 1.62022412e0 -1.38494064e-1 -1.38494064e-1
1.52824e-1 1.62022412e0 -1.9907604e-1 -1.9907604e-1
1.78128e-1 1.62022412e0 -2.70724272e-1 -2.70724272e-1
2.03432e-1 1.62022412e0 -3.53502359e-1 -3.53502359e-1
2.2873601e-1 1.62022412e0 -4.4748485e-1 -4.4748485e-1
2.5404001e-1 1.62022412e0 -5.5275636e-1 -5.5275636e-1
2.7934401e-1 1.62022412e0 -6.69409433e-1 -6.69409433e-1
3.0464801e-1 1.62022412e0 -7.97548682e-1 -7.97548682e-1
3.2995201e-1 1.62022412e0 -9.3728697e-1 -9.3728697e-1
3.5525601e-1 1.62022412e0 -1.08874928e0 -1.08874928e0
3.8056001e-1 1.62022412e0 -1.25206734e0 -1.25206734e0
4.0586401e-1 1.62022412e0 -1.42738376e0 -1.42738376e0
4.3116801e-1 1.62022412e0 -1.61485452e0 -1.61485452e0
4.5647202e-1 1.62022412e0 -1.81463815e0 -1.81463815e0
4.8177602e-1 1.62022412e0 -2.02690988e0 -2.02690988e0
5.0708002e-1 1.62022412e0 -2.25185208e0 -2.25185208e0
5.3238402e-1 1.62022412e0 -2.48965474e0 -2.48965474e0
5.5768802e-1 1.62022412e0 -2.74052225e0 -2.74052225e0
5.8299202e-1 1.62022412e0 -3.00466652e0 -3.00466652e0
6.0829602e-1 1.62022412e0 -3.28230795e0 -3.28230795e0
6.3360002e-1 1.62022412e0 -3.57367873e0 -3.57367873e0
6.5890402e-1 1.62022412e0 -3.87901973e0 -3.87901973e0
6.8420802e-1 1.62022412e0 -4.19858633e0 -4.19858633e0
7.0951202e-1 1.62022412e0 -4.53263278e0 -4.53263278e0
7.3481602e-1 1.62022412e0 -4.88143495e0 -4.88143495e0
7.6012003e-1 1.62022412e0 -5.24527428e0 -5.24527428e0
7.8542403e-1 1.62022412e0 -5.62443585e0 -5.62443585e0
8.1072803e-1 1.62022412e0 -6.01922424e0 -6.01922424e0
8.3603203e-1 1.62022412e0 -6.42995363e0 -6.42995363e0
8.6133603e-1 1.62022412e0 -6.8569362e0 -6.8569362e0
8.8664003e-1 1.62022412e0 -7.3005047e0 -7.3005047e0
9.1194403e-1 1.62022412e0 -7.76100032e0 -7.76100032e0
9.3724803e-1 1.62022412e0 -8.2387755e0 -8.2387755e0
9.6255203e-1 1.62022412e0 -8.7341828e0 -8.7341828e0
9.8785603e-1 1.62022412e0 -9.2475958e0 -9.2475958e0
1.01316e0 1.62022412e0 -9.7794185e0 -9.7794185e0
1.0384639e0 1.62022412e0 -1.03299802e1 -1.03299802e1
1.063768e0 1.62022412e0 -1.08997133e1 -1.08997133e1
1.089072e0 1.62022412e0 -1.14890215e1 -1.14890215e1
1.1143759e0 1.62022412e0 -1.20983417e1 -1.20983417e1
1.13968e0 1.62022412e0 -1.27281177e1 -1.27281177e1
1.164984e0 1.62022412e0 -1.33787411e1 -1.33787411e1
1.190288e0 1.62022412e0 -1.40506596e1 -1.40506596e1
1.2155919e0 1.62022412e0 -1.47443613e1 -1.47443613e1
1.240896e0 1.62022412e0 -1.5460338e1 -1.5460338e1
1.2662e0 1.62022412e0 -1.6198976e1 -1.6198976e1
1.2915039e0 1.62022412e0 -1.6960858e1 -1.6960858e1
1.316808e0 1.62022412e0 -1.7746416e1 -1.7746416e1
1.342112e0 1.62022412e0 -1.8556238e1 -1.8556238e1
1.367416e0 1.62022412e0 -1.9390727e1 -1.9390727e1
1.39272e0 1.62022412e0 -2.0250467e1 -2.0250467e1
1.418024e0 1.62022412e0 -2.1136009e1 -2.1136009e1
1.443328e0 1.62022412e0 -2.2047888e1 -2.2047888e1
1.4686319e0 1.62022412e0 -2.2986705e1 -2.2986705e1
1.493936e0 1.62022412e0 -2.3952933e1 -2.3952933e1
1.51924e0 1.62022412e0 -2.4947192e1 -2.4947192e1
1.5445439e0 1.62022412e0 -2.5970052e1 -2.5970052e1
1.569848e0 1.62022412e0 -2.7022212e1 -2.7022212e1
1.595152e0 1.62022412e0 -2.8104163e1 -2.8104163e1
1.620456e0 1.62022412e0 -2.9216492e1 -2.9216492e1
1.64576e0 1.62022412e0 -3.0359938e1 -3.0359938e1
1.671064e0 1.62022412e0 -3.1535092e1 -3.1535092e1
1.696368e0 1.62022412e0 -3.2742535e1 -3.2742535e1
1.7216719e0 1.62022412e0 -3.3982974e1 -3.3982974e1
1.746976e0 1.62022412e0 -3.5257137e1 -3.5257137e1
1.77228e0 1.62022412e0 -3.6565588e1 -3.6565588e1
1.7975839e0 1.62022412e0 -3.7909114e1 -3.7909114e1
1.822888e0 1.62022412e0 -3.9288316e1 -3.9288316e1
1.848192e0 1.62022412e0 -4.0703867e1 -4.0703867e1
1.873496e0 1.62022412e0 -4.2156618e1 -4.2156618e1
1.8987999e0 1.62022412e0 -4.3647299e1 -4.3647299e1
1.924104e0 1.62022412e0 -4.5176495e1 -4.5176495e1
1.949408e0 1.62022412e0 -4.6744966e1 -4.6744966e1
1.9747119e0 1.62022412e0 -4.835354e1 -4.835354e1
2.000016e0 1.62022412e0 -5.0003021e1 -5.0003021e1

1.0e-3 1.67085612e0 -9.1670364e-6 -9.1670364e-6
2.6304001e-2 1.67085612e0 -6.34315518e-3 -6.34315518e-3
5.1608002e-2 1.67085612e0 -2.4422453e-2 -2.4422453e-2
7.6912003e-2 1.67085612e0 -5.4262183e-2 -5.4262183e-2
1.02216e-1 1.67085612e0 -9.5887456e-2 -9.5887456e-2
1.2752e-1 1.67085612e0 -1.49332816e-1 -1.49332816e-1
1.52824e-1 1.67085612e0 -2.14643062e-1 -2.14643062e-1
1.78128e-1 1.67085612e0 -2.91873141e-1 -2.91873141e-1
2.03432e-1 1.67085612e0 -3.81086609e-1 -3.81086609e-1
2.2873601e-1 1.67085612e0 -4.82358028e-1 -4.82358028e-1
2.5404001e-1 1.67085612e0 -5.95772066e-1 -5.95772066e-1
2.7934401e-1 1.67085612e0 -7.21421169e-1 -7.21421169e-1
3.0464801e-1 1.67085612e0 -8.59410004e-1 -8.59410004e-1
3.2995201e-1 1.67085612e0 -1.00985141e0 -1.00985141e0
3.5525601e-1 1.67085612e0 -1.17287048e0 -1.17287048e0
3.8056001e-1 1.67085612e0 -1.34859879e0 -1.34859879e0
4.0586401e-1 1.67085612e0 -1.53717897e0 -1.53717897e0
4.3116801e-1 1.67085612e0 -1.73876721e0 -1.73876721e0
4.5647202e-1 1.67085612e0 -1.95352173e0 -1.95352173e0
4.8177602e-1 1.67085612e0 -2.18161795e0 -2.18161795e0
5.0708002e-1 1.67085612e0 -2.42323827e0 -2.42323827e0
5.3238402e-1 1.67085612e0 -2.67857243e0 -2.67857243e0
5.5768802e-1 1.67085612e0 -2.94782507e0 -2.94782507e0
5.8299202e-1 1.67085612e0 -3.23120808e0 -3.23120808e0
6.0829602e-1 1.67085612e0 -3.52894176e0 -3.52894176e0
6.3360002e-1 1.67085612e0 -3.84125829e0 -3.84125829e0
6.5890402e-1 1.67085612e0 -4.16839856e0 -4.16839856e0
6.8420802e-1 1.67085612e0 -4.51061823e0 -4.51061823e0
7.0951202e-1 1.67085612e0 -4.86817107e0 -4.86817107e0
7.3481602e-1 1.67085612e0 -5.24133324e0 -5.24133324e0
7.6012003e-1 1.67085612e0 -5.63038628e0 -5.63038628e0
7.8542403e-1 1.67085612e0 -6.03561485e0 -6.03561485e0
8.1072803e-1 1.67085612e0 -6.45732387e0 -6.45732387e0
8.3603203e-1 1.67085612e0 -6.8958277e0 -6.8958277e0
8.6133603e-1 1.67085612e0 -7.351438e0 -7.351438e0
8.8664003e-1 1.67085612e0 -7.82448775e0 -7.82448775e0
9.1194403e-1 1.67085612e0 -8.31531824e0 -8.31531824e0
9.3724803e-1 1.67085612e0 -8.8242833e0 -8.8242833e0
9.6255203e-1 1.67085612e0 -9.3517255e0 -9.3517255e0
9.8785603e-1 1.67085612e0 -9.8980426e0 -9.8980426e0
1.01316e0 1.67085612e0 -1.0463608e1 -1.0463608e1
1.0384639e0 1.67085612e0 -1.104877e1 -1.104877e1
1.063768e0 1.67085612e0 -1.1653972e1 -1.1653972e1
1.089072e0 1.67085612e0 -1.2279588e1 -1.2279588e1
1.1143759e0 1.67085612e0 -1.2926073e1 -1.2926073e1
1.13968e0 1.67085612e0 -1.3593867e1 -1.3593867e1
1.164984e0 1.67085612e0 -1.4283344e1 -1.4283344e1
1.190288e0 1.67085612e0 -1.4994987e1 -1.4994987e1
1.2155919e0 1.67085612e0 -1.5729274e1 -1.5729274e1
1.240896e0 1.67085612e0 -1.6486684e1 -1.6486684e1
1.2662e0 1.67085612e0 -1.7267606e1 -1.7267606e1
1.2915039e0 1.67085612e0 -1.8072626e1 -1.8072626e1
1.316808e0 1.67085612e0 -1.8902174e1 -1.8902174e1
1.342112e0 1.67085612e0 -1.9756844e1 -1.9756844e1
1.367416e0 1.67085612e0 -2.0637032e1 -2.0637032e1
1.39272e0 1.67085612e0 -2.1543323e1 -2.1543323e1
1.418024e0 1.67085612e0 -2.2476271e1 -2.2476271e1
1.443328e0 1.67085612e0 -2.3436407e1 -2.3436407e1
1.4686319e0 1.67085612e0 -2.4424341e1 -2.4424341e1
1.493936e0 1.67085612e0 -2.5440533e1 -2.5440533e1
1.51924e0 1.67085612e0 -2.6485612e1 -2.6485612e1
1.5445439e0 1.67085612e0 -2.7560146e1 -2.7560146e1
1.569848e0 1.67085612e0 -2.8664836e1 -2.8664836e1
1.595152e0 1.67085612e0 -2.9800166e1 -2.9800166e1
1.620456e0 1.67085612e0 -3.0966728e1 -3.0966728e1
1.64576e0 1.67085612e0 -3.2165263e1 -3.2165263e1
1.671064e0 1.67085612e0 -3.3396362e1 -3.3396362e1
1.696368e0 1.67085612e0 -3.4660599e1 -3.4660599e1
1.7216719e0 1.67085612e0 -3.5958685e1 -3.5958685e1
1.746976e0 1.67085612e0 -3.729135e1 -3.729135e1
1.77228e0 1.67085612e0 -3.8659157e1 -3.8659157e1
1.7975839e0 1.67085612e0 -4.0062892e1 -4.0062892e1
1.822888e0 1.67085612e0 -4.1503159e1 -4.1503159e1
1.848192e0 1.67085612e0 -4.2980676e1 -4.2980676e1
1.873496e0 1.67085612e0 -4.4496144e1 -4.4496144e1
1.8987999e0 1.67085612e0 -4.6050452e1 -4.6050452e1
1.924104e0 1.67085612e0 -4.7644124e1 -4.7644124e1
1.949408e0 1.67085612e0 -4.9277924e1 -4.9277924e1
1.9747119e0 1.67085612e0 -5.0952681e1 -5.0952681e1
2.000016e0 1.67085612e0 -5.2669199e1 -5.2669199e1

1.0e-3 1.72148813e0 -9.8540787e-6 -9.8540787e-6
2.6304001e-2 1.72148813e0 -6.81852003e-3 -6.81852003e-3
5.1608002e-2 1.72148813e0 -2.6252312e-2 -2.6252312e-2
7.6912003e-2 1.72148813e0 -5.83263509e-2 -5.83263509e-2
1.02216e-1 1.72148813e0 -1.03065756e-1 -1.03065756e-1
1.2752e-1 1.72148813e0 -1.60505052e-1 -1.60505052e-1
1.52824e-1 1.72148813e0 -2.30689046e-1 -2.30689046e-1
1.78128e-1 1.72148813e0 -3.13672716e-1 -3.13672716e-1
2.03432e-1 1.72148813e0 -4.09519565e-1 -4.09519565e-1
2.2873601e-1 1.72148813e0 -5.18304176e-1 -5.18304176e-1
2.5404001e-1 1.72148813e0 -6.40111273e-1 -6.40111273e-1
2.7934401e-1 1.72148813e0 -7.75033191e-1 -7.75033191e-1
3.0464801e-1 1.72148813e0 -9.23174664e-1 -9.23174664e-1
3.2995201e-1 1.72148813e0 -1.0846485e0 -1.0846485e0
3.5525601e-1 1.72148813e0 -1.2595799e0 -1.2595799e0
3.8056001e-1 1.72148813e0 -1.4481003e0 -1.4481003e0
4.0586401e-1 1.72148813e0 -1.6503516e0 -1.6503516e0
4.3116801e-1 1.72148813e0 -1.8664912e0 -1.8664912e0
4.5647202e-1 1.72148813e0 -2.0966771e0 -2.0966771e0
4.8177602e-1 1.72148813e0 -2.3410849e0 -2.3410849e0
5.0708002e-1 1.72148813e0 -2.5998972e0 -2.5998972e0
5.3238402e-1 1.72148813e0 -2.873303e0 -2.873303e0
5.5768802e-1 1.72148813e0 -3.161508e0 -3.161508e0
5.8299202e-1 1.72148813e0 -3.4647188e0 -3.4647188e0
6.0829602e-1 1.72148813e0 -3.7831656e0 -3.7831656e0
6.3360002e-1 1.72148813e0 -4.1170694e0 -4.1170694e0
6.5890402e-1 1.72148813e0 -4.4666835e0 -4.4666835e0
6.8420802e-1 1.72148813e0 -4.8322513e0 -4.8322513e0
7.0951202e-1 1.72148813e0 -5.2140323e0 -5.2140323e0
7.3481602e-1 1.72148813e0 -5.6123022e0 -5.6123022e0
7.6012003e-1 1.72148813e0 -6.0273438e0 -6.0273438e0
7.8542403e-1 1.72148813e0 -6.459441e0 -6.459441e0
8.1072803e-1 1.72148813e0 -6.9088998e0 -6.9088998e0
8.3603203e-1 1.72148813e0 -7.3760335e0 -7.3760335e0
8.6133603e-1 1.72148813e0 -7.8611545e0 -7.8611545e0
8.8664003e-1 1.72148813e0 -8.3645961e0 -8.3645961e0
9.1194403e-1 1.72148813e0 -8.8866875e0 -8.8866875e0
9.3724803e-1 1.72148813e0 -9.4278046e0 -9.4278046e0
9.6255203e-1 1.72148813e0 -9.9882744e0 -9.9882744e0
9.8785603e-1 1.72148813e0 -1.05684991e1 -1.05684991e1
1.01316e0 1.72148813e0 -1.1168854e1 -1.1168854e1
1.0384639e0 1.72148813e0 -1.1789682e1 -1.1789682e1
1.063768e0 1.72148813e0 -1.243143e1 -1.243143e1
1.089072e0 1.72148813e0 -1.3094473e1 -1.3094473e1
1.1143759e0 1.72148813e0 -1.3779263e1 -1.3779263e1
1.13968e0 1.72148813e0 -1.4486246e1 -1.4486246e1
1.164984e0 1.72148813e0 -1.521581e1 -1.521581e1
1.190288e0 1.72148813e0 -1.5968379e1 -1.5968379e1
1.2155919e0 1.72148813e0 -1.674449e1 -1.674449e1
1.240896e0 1.72148813e0 -1.7544608e1 -1.7544608e1
1.2662e0 1.72148813e0 -1.8369115e1 -1.8369115e1
1.2915039e0 1.72148813e0 -1.92186e1 -1.92186e1
1.316808e0 1.72148813e0 -2.0093494e1 -2.0093494e1
1.342112e0 1.72148813e0 -2.099439e1 -2.099439e1
1.367416e0 1.72148813e0 -2.1921681e1 -2.1921681e1
1.39272e0 1.72148813e0 -2.2875957e1 -2.2875957e1
1.418024e0 1.72148813e0 -2.385777e1 -2.385777e1
1.443328e0 1.72148813e0 -2.486765e1 -2.486765e1
1.4686319e0 1.72148813e0 -2.590621e1 -2.590621e1
1.493936e0 1.72148813e0 -2.6973906e1 -2.6973906e1
1.51924e0 1.72148813e0 -2.8071367e1 -2.8071367e1
1.5445439e0 1.72148813e0 -2.9199164e1 -2.9199164e1
1.569848e0 1.72148813e0 -3.0358e1 -3.0358e1
1.595152e0 1.72148813e0 -3.1548354e1 -3.1548354e1
1.620456e0 1.72148813e0 -3.2770818e1 -3.2770818e1
1.64576e0 1.72148813e0 -3.4026135e1 -3.4026135e1
1.671064e0 1.72148813e0 -3.5314899e1 -3.5314899e1
1.696368e0 1.72148813e0 -3.6637677e1 -3.6637677e1
1.7216719e0 1.72148813e0 -3.7995229e1 -3.7995229e1
1.746976e0 1.72148813e0 -3.938815e1 -3.938815e1
1.77228e0 1.72148813e0 -4.0817139e1 -4.0817139e1
1.7975839e0 1.72148813e0 -4.2282939e1 -4.2282939e1
1.822888e0 1.72148813e0 -4.3786145e1 -4.3786145e1
1.848192e0 1.72148813e0 -4.5327483e1 -4.5327483e1
1.873496e0 1.72148813e0 -4.6907652e1 -4.6907652e1
1.8987999e0 1.72148813e0 -4.8527544e1 -4.8527544e1
1.924104e0 1.72148813e0 -5.0187675e1 -5.0187675e1
1.949408e0 1.72148813e0 -5.1888815e1 -5.1888815e1
1.9747119e0 1.72148813e0 -5.3631853e1 -5.3631853e1
2.000016e0 1.72148813e0 -5.541741e1 -5.541741e1

1.0e-3 1.77212013e0 -1.0561646e-5 -1.0561646e-5
2.6304001e-2 1.77212013e0 -7.3080826e-3 -7.3080826e-3
5.1608002e-2 1.77212013e0 -2.8136856e-2 -2.8136856e-2
7.6912003e-2 1.77212013e0 -6.2511966e-2 -6.2511966e-2
1.02216e-1 1.77212013e0 -1.1045854e-1 -1.1045854e-1
1.2752e-1 1.77212013e0 -1.7201114e-1 -1.7201114e-1
1.52824e-1 1.77212013e0 -2.4721455e-1 -2.4721455e-1
1.78128e-1 1.77212013e0 -3.3612332e-1 -3.3612332e-1
2.03432e-1 1.77212013e0 -4.3880185e-1 -4.3880185e-1
2.2873601e-1 1.77212013e0 -5.5532433e-1 -5.5532433e-1
2.5404001e-1 1.77212013e0 -6.8577565e-1 -6.8577565e-1
2.7934401e-1 1.77212013e0 -8.3024692e-1 -8.3024692e-1
3.0464801e-1 1.77212013e0 -9.8884364e-1 -9.8884364e-1
3.2995201e-1 1.77212013e0 -1.1616805e0 -1.1616805e0
3.5525601e-1 1.77212013e0 -1.3488795e0 -1.3488795e0
3.8056001e-1 1.77212013e0 -1.5505736e0 -1.5505736e0
4.0586401e-1 1.77212013e0 -1.7669081e0 -1.7669081e0
4.3116801e-1 1.77212013e0 -1.9980347e0 -1.9980347e0
4.5647202e-1 1.77212013e0 -2.2441133e0 -2.2441133e0
4.8177602e-1 1.77212013e0 -2.5053201e0 -2.5053201e0
5.0708002e-1 1.77212013e0 -2.7818336e0 -2.7818336e0
5.3238402e-1 1.77212013e0 -3.0738503e0 -3.0738503e0
5.5768802e-1 1.77212013e0 -3.3815721e0 -3.3815721e0
5.8299202e-1 1.77212013e0 -3.7052058e0 -3.7052058e0
6.0829602e-1 1.77212013e0 -4.0449818e0 -4.0449818e0
6.3360002e-1 1.77212013e0 -4.4011208e0 -4.4011208e0
6.5890402e-1 1.77212013e0 -4.773876e0 -4.773876e0
6.8420802e-1 1.77212013e0 -5.1634915e0 -5.1634915e0
7.0951202e-1 1.77212013e0 -5.5702258e0 -5.5702258e0
7.3481602e-1 1.77212013e0 -5.9943553e0 -5.9943553e0
7.6012003e-1 1.77212013e0 -6.4361714e0 -6.4361714e0
7.8542403e-1 1.77212013e0 -6.8959412e0 -6.8959412e0
8.1072803e-1 1.77212013e0 -7.3739682e0 -7.3739682e0
8.3603203e-1 1.77212013e0 -7.8705861e0 -7.8705861e0
8.6133603e-1 1.77212013e0 -8.3860971e0 -8.3860971e0
8.8664003e-1 1.77212013e0 -8.9208348e0 -8.9208348e0
9.1194403e-1 1.77212013e0 -9.475141e0 -9.475141e0
9.3724803e-1 1.77212013e0 -1.0049354e1 -1.0049354e1
9.6255203e-1 1.77212013e0 -1.06438524e1 -1.06438524e1
9.8785603e-1 1.77212013e0 -1.12589835e1 -1.12589835e1
1.01316e0 1.77212013e0 -1.1895166e1 -1.1895166e1
1.0384639e0 1.77212013e0 -1.2552744e1 -1.2552744e1
1.063768e0 1.77212013e0 -1.3232112e1 -1.3232112e1
1.089072e0 1.77212013e0 -1.3933699e1 -1.3933699e1
1.1143759e0 1.77212013e0 -1.465794e1 -1.465794e1
1.13968e0 1.77212013e0 -1.5405283e1 -1.5405283e1
1.164984e0 1.77212013e0 -1.617611e1 -1.617611e1
1.190288e0 1.77212013e0 -1.6970868e1 -1.6970868e1
1.2155919e0 1.77212013e0 -1.7790033e1 -1.7790033e1
1.240896e0 1.77212013e0 -1.8634134e1 -1.8634134e1
1.2662e0 1.77212013e0 -1.9503528e1 -1.9503528e1
1.2915039e0 1.77212013e0 -2.0398807e1 -2.0398807e1
1.316808e0 1.77212013e0 -2.13204e1 -2.13204e1
1.342112e0 1.77212013e0 -2.2268904e1 -2.2268904e1
1.367416e0 1.77212013e0 -2.3244707e1 -2.3244707e1
1.39272e0 1.77212013e0 -2.4248398e1 -2.4248398e1
1.418024e0 1.77212013e0 -2.5280536e1 -2.5280536e1
1.443328e0 1.77212013e0 -2.6341646e1 -2.6341646e1
1.4686319e0 1.77212013e0 -2.7432346e1 -2.7432346e1
1.493936e0 1.77212013e0 -2.8553082e1 -2.8553082e1
1.51924e0 1.77212013e0 -2.970449e1 -2.970449e1
1.5445439e0 1.77212013e0 -3.0887178e1 -3.0887178e1
1.569848e0 1.77212013e0 -3.2101741e1 -3.2101741e1
1.595152e0 1.77212013e0 -3.3348761e1 -3.3348761e1
1.620456e0 1.77212013e0 -3.4628838e1 -3.4628838e1
1.64576e0 1.77212013e0 -3.5942593e1 -3.5942593e1
1.671064e0 1.77212013e0 -3.7290744e1 -3.7290744e1
1.696368e0 1.77212013e0 -3.8673857e1 -3.8673857e1
1.7216719e0 1.77212013e0 -4.0092561e1 -4.0092561e1
1.746976e0 1.77212013e0 -4.1547586e1 -4.1547586e1
1.77228e0 1.77212013e0 -4.3039583e1 -4.3039583e1
1.7975839e0 1.77212013e0 -4.4569301e1 -4.4569301e1
1.822888e0 1.77212013e0 -4.6137329e1 -4.6137329e1
1.848192e0 1.77212013e0 -4.7744394e1 -4.7744394e1
1.873496e0 1.77212013e0 -4.9391196e1 -4.9391196e1
1.8987999e0 1.77212013e0 -5.1078632e1 -5.1078632e1
1.924104e0 1.77212013e0 -5.2807208e1 -5.2807208e1
1.949408e0 1.77212013e0 -5.45777e1 -5.45777e1
1.9747119e0 1.77212013e0 -5.6390993e1 -5.6390993e1
2.000016e0 1.77212013e0 -5.8247714e1 -5.8247714e1

1.0e-3 1.82275214e0 -1.1289703e-5 -1.1289703e-5
2.6304001e-2 1.82275214e0 -7.8118262e-3 -7.8118262e-3
5.1608002e-2 1.82275214e0 -3.0075955e-2 -3.0075955e-2
7.6912003e-2 1.82275214e0 -6.681876e-2 -6.681876e-2
1.02216e-1 1.82275214e0 -1.1806537e-1 -1.1806537e-1
1.2752e-1 1.82275214e0 -1.8385034e-1 -1.8385034e-1
1.52824e-1 1.82275214e0 -2.6421846e-1 -2.6421846e-1
1.78128e-1 1.82275214e0 -3.5922432e-1 -3.5922432e-1
2.03432e-1 1.82275214e0 -4.6893222e-1 -4.6893222e-1
2.2873601e-1 1.82275214e0 -5.9341643e-1 -5.9341643e-1
2.5404001e-1 1.82275214e0 -7.3276086e-1 -7.3276086e-1
2.7934401e-1 1.82275214e0 -8.8705952e-1 -8.8705952e-1
3.0464801e-1 1.82275214e0 -1.0564164e0 -1.0564164e0
3.2995201e-1 1.82275214e0 -1.2409428e0 -1.2409428e0
3.5525601e-1 1.82275214e0 -1.4407654e0 -1.4407654e0
3.8056001e-1 1.82275214e0 -1.6560152e0 -1.6560152e0
4.0586401e-1 1.82275214e0 -1.8868378e0 -1.8868378e0
4.3116801e-1 1.82275214e0 -2.1333849e0 -2.1333849e0
4.5647202e-1 1.82275214e0 -2.3958163e0 -2.3958163e0
4.8177602e-1 1.82275214e0 -2.6743048e0 -2.6743048e0
5.0708002e-1 1.82275214e0 -2.9690393e0 -2.9690393e0
5.3238402e-1 1.82275214e0 -3.2802057e0 -3.2802057e0
5.5768802e-1 1.82275214e0 -3.6080096e0 -3.6080096e0
5.8299202e-1 1.82275214e0 -3.952658e0 -3.952658e0
6.0829602e-1 1.82275214e0 -4.3143808e0 -4.3143808e0
6.3360002e-1 1.82275214e0 -4.6933989e0 -4.6933989e0
6.5890402e-1 1.82275214e0 -5.0899655e0 -5.0899655e0
6.8420802e-1 1.82275214e0 -5.504325e0 -5.504325e0
7.0951202e-1 1.82275214e0 -5.9367355e0 -5.9367355e0
7.3481602e-1 1.82275214e0 -6.3874817e0 -6.3874817e0
7.6012003e-1 1.82275214e0 -6.8568306e0 -6.8568306e0
7.8542403e-1 1.82275214e0 -7.3450734e0 -7.3450734e0
8.1072803e-1 1.82275214e0 -7.852506e0 -7.852506e0
8.3603203e-1 1.82275214e0 -8.379462e0 -8.379462e0
8.6133603e-1 1.82275214e0 -8.9262431e0 -8.9262431e0
8.8664003e-1 1.82275214e0 -9.4931833e0 -9.4931833e0
9.1194403e-1 1.82275214e0 -1.00806244e1 -1.00806244e1
9.3724803e-1 1.82275214e0 -1.06889047e1 -1.06889047e1
9.6255203e-1 1.82275214e0 -1.13184026e1 -1.13184026e1
9.8785603e-1 1.82275214e0 -1.19694655e1 -1.19694655e1
1.01316e0 1.82275214e0 -1.2642514e1 -1.2642514e1
1.0384639e0 1.82275214e0 -1.3337888e1 -1.3337888e1
1.063768e0 1.82275214e0 -1.4055984e1 -1.4055984e1
1.089072e0 1.82275214e0 -1.4797232e1 -1.4797232e1
1.1143759e0 1.82275214e0 -1.5562067e1 -1.5562067e1
1.13968e0 1.82275214e0 -1.6350935e1 -1.6350935e1
1.164984e0 1.82275214e0 -1.7164221e1 -1.7164221e1
1.190288e0 1.82275214e0 -1.800237e1 -1.800237e1
1.2155919e0 1.82275214e0 -1.8865857e1 -1.8865857e1
1.240896e0 1.82275214e0 -1.9755214e1 -1.9755214e1
1.2662e0 1.82275214e0 -2.0670796e1 -2.0670796e1
1.2915039e0 1.82275214e0 -2.1613194e1 -2.1613194e1
1.316808e0 1.82275214e0 -2.258284e1 -2.258284e1
1.342112e0 1.82275214e0 -2.358033e1 -2.358033e1
1.367416e0 1.82275214e0 -2.4606049e1 -2.4606049e1
1.39272e0 1.82275214e0 -2.5660588e1 -2.5660588e1
1.418024e0 1.82275214e0 -2.6744508e1 -2.6744508e1
1.443328e0 1.82275214e0 -2.7858331e1 -2.7858331e1
1.4686319e0 1.82275214e0 -2.900268e1 -2.900268e1
1.493936e0 1.82275214e0 -3.0177994e1 -3.0177994e1
1.51924e0 1.82275214e0 -3.1384912e1 -3.1384912e1
1.5445439e0 1.82275214e0 -3.2624043e1 -3.2624043e1
1.569848e0 1.82275214e0 -3.3895984e1 -3.3895984e1
1.595152e0 1.82275214e0 -3.5201312e1 -3.5201312e1
1.620456e0 1.82275214e0 -3.6540588e1 -3.6540588e1
1.64576e0 1.82275214e0 -3.7914557e1 -3.7914557e1
1.671064e0 1.82275214e0 -3.9323857e1 -3.9323857e1
1.696368e0 1.82275214e0 -4.0768965e1 -4.0768965e1
1.7216719e0 1.82275214e0 -4.2250638e1 -4.2250638e1
1.746976e0 1.82275214e0 -4.3769563e1 -4.3769563e1
1.77228e0 1.82275214e0 -4.5326395e1 -4.5326395e1
1.7975839e0 1.82275214e0 -4.6921881e1 -4.6921881e1
1.822888e0 1.82275214e0 -4.8556609e1 -4.8556609e1
1.848192e0 1.82275214e0 -5.0231303e1 -5.0231303e1
1.873496e0 1.82275214e0 -5.1946669e1 -5.1946669e1
1.8987999e0 1.82275214e0 -5.3703603e1 -5.3703603e1
1.924104e0 1.82275214e0 -5.5502608e1 -5.5502608e1
1.949408e0 1.82275214e0 -5.7344458e1 -5.7344458e1
1.9747119e0 1.82275214e0 -5.9230045e1 -5.9230045e1
2.000016e0 1.82275214e0 -6.115999e1 -6.115999e1

1.0e-3 1.87338414e0 -1.2038269e-5 -1.2038269e-5
2.6304001e-2 1.87338414e0 -8.3297592e-3 -8.3297592e-3
5.1608002e-2 1.87338414e0 -3.2069675e-2 -3.2069675e-2
7.6912003e-2 1.87338414e0 -7.1246867e-2 -7.1246867e-2
1.02216e-1 1.87338414e0 -1.2588647e-1 -1.2588647e-1
1.2752e-1 1.87338414e0 -1.9602304e-1 -1.9602304e-1
1.52824e-1 1.87338414e0 -2.8170134e-1 -2.8170134e-1
1.78128e-1 1.87338414e0 -3.8297649e-1 -3.8297649e-1
2.03432e-1 1.87338414e0 -4.999113e-1 -4.999113e-1
2.2873601e-1 1.87338414e0 -6.3258148e-1 -6.3258148e-1
2.5404001e-1 1.87338414e0 -7.8107057e-1 -7.8107057e-1
2.7934401e-1 1.87338414e0 -9.4547241e-1 -9.4547241e-1
3.0464801e-1 1.87338414e0 -1.12588966e0 -1.12588966e0
3.2995201e-1 1.87338414e0 -1.3224379e0 -1.3224379e0
3.5525601e-1 1.87338414e0 -1.5352396e0 -1.5352396e0
3.8056001e-1 1.87338414e0 -1.7644269e0 -1.7644269e0
4.0586401e-1 1.87338414e0 -2.0101431e0 -2.0101431e0
4.3116801e-1 1.87338414e0 -2.2725476e0 -2.2725476e0
4.5647202e-1 1.87338414e0 -2.5517924e0 -2.5517924e0
4.8177602e-1 1.87338414e0 -2.848053e0 -2.848053e0
5.0708002e-1 1.87338414e0 -3.1615182e0 -3.1615182e0
5.3238402e-1 1.87338414e0 -3.4923738e0 -3.4923738e0
5.5768802e-1 1.87338414e0 -3.8408255e0 -3.8408255e0
5.8299202e-1 1.87338414e0 -4.2070804e0 -4.2070804e0
6.0829602e-1 1.87338414e0 -4.5913681e0 -4.5913681e0
6.3360002e-1 1.87338414e0 -4.9939098e0 -4.9939098e0
6.5890402e-1 1.87338414e0 -5.4149586e0 -5.4149586e0
6.8420802e-1 1.87338414e0 -5.854759e0 -5.854759e0
7.0951202e-1 1.87338414e0 -6.3135689e0 -6.3135689e0
7.3481602e-1 1.87338414e0 -6.7916649e0 -6.7916649e0
7.6012003e-1 1.87338414e0 -7.2893388e0 -7.2893388e0
7.8542403e-1 1.87338414e0 -7.8068567e0 -7.8068567e0
8.1072803e-1 1.87338414e0 -8.344523e0 -8.344523e0
8.3603203e-1 1.87338414e0 -8.9026717e0 -8.9026717e0
8.6133603e-1 1.87338414e0 -9.4816039e0 -9.4816039e0
8.8664003e-1 1.87338414e0 -1.00816536e1 -1.00816536e1
9.1194403e-1 1.87338414e0 -1.07031503e1 -1.07031503e1
9.3724803e-1 1.87338414e0 -1.13464702e1 -1.13464702e1
9.6255203e-1 1.87338414e0 -1.20119534e1 -1.20119534e1
9.8785603e-1 1.87338414e0 -1.26999603e1 -1.26999603e1
1.01316e0 1.87338414e0 -1.3410928e1 -1.3410928e1
1.0384639e0 1.87338414e0 -1.4145146e1 -1.4145146e1
1.063768e0 1.87338414e0 -1.4903064e1 -1.4903064e1
1.089072e0 1.87338414e0 -1.5685088e1 -1.5685088e1
1.1143759e0 1.87338414e0 -1.649166e1 -1.649166e1
1.13968e0 1.87338414e0 -1.7323225e1 -1.7323225e1
1.164984e0 1.87338414e0 -1.8180165e1 -1.8180165e1
1.190288e0 1.87338414e0 -1.9062904e1 -1.9062904e1
1.2155919e0 1.87338414e0 -1.9971985e1 -1.9971985e1
1.240896e0 1.87338414e0 -2.0907874e1 -2.0907874e1
1.2662e0 1.87338414e0 -2.1870943e1 -2.1870943e1
1.2915039e0 1.87338414e0 -2.2861789e1 -2.2861789e1
1.316808e0 1.87338414e0 -2.388084e1 -2.388084e1
1.342112e0 1.87338414e0 -2.4928696e1 -2.4928696e1
1.367416e0 1.87338414e0 -2.6005737e1 -2.6005737e1
1.39272e0 1.87338414e0 -2.7112558e1 -2.7112558e1
1.418024e0 1.87338414e0 -2.8249716e1 -2.8249716e1
1.443328e0 1.87338414e0 -2.941774e1 -2.941774e1
1.4686319e0 1.87338414e0 -3.0617247e1 -3.0617247e1
1.493936e0 1.87338414e0 -3.1848677e1 -3.1848677e1
1.51924e0 1.87338414e0 -3.311267e1 -3.311267e1
1.5445439e0 1.87338414e0 -3.4409831e1 -3.4409831e1
1.569848e0 1.87338414e0 -3.5740767e1 -3.5740767e1
1.595152e0 1.87338414e0 -3.7106047e1 -3.7106047e1
1.620456e0 1.87338414e0 -3.850623e1 -3.850623e1
1.64576e0 1.87338414e0 -3.9942065e1 -3.9942065e1
1.671064e0 1.87338414e0 -4.1414195e1 -4.1414195e1
1.696368e0 1.87338414e0 -4.2923087e1 -4.2923087e1
1.7216719e0 1.87338414e0 -4.4469502e1 -4.4469502e1
1.746976e0 1.87338414e0 -4.6054129e1 -4.6054129e1
1.77228e0 1.87338414e0 -4.767762e1 -4.767762e1
1.7975839e0 1.87338414e0 -4.9340729e1 -4.9340729e1
1.822888e0 1.87338414e0 -5.1044034e1 -5.1044034e1
1.848192e0 1.87338414e0 -5.2788263e1 -5.2788263e1
1.873496e0 1.87338414e0 -5.4574123e1 -5.4574123e1
1.8987999e0 1.87338414e0 -5.6402515e1 -5.6402515e1
1.924104e0 1.87338414e0 -5.827393e1 -5.827393e1
1.949408e0 1.87338414e0 -6.018915e1 -6.018915e1
1.9747119e0 1.87338414e0 -6.2149065e1 -6.2149065e1
2.000016e0 1.87338414e0 -6.4154298e1 -6.4154298e1

1.0e-3 1.92401614e0 -1.2807343e-5 -1.2807343e-5
2.6304001e-2 1.92401614e0 -8.8618921e-3 -8.8618921e-3
5.1608002e-2 1.92401614e0 -3.4118015e-2 -3.4118015e-2
7.6912003e-2 1.92401614e0 -7.5796288e-2 -7.5796288e-2
1.02216e-1 1.92401614e0 -1.3392184e-1 -1.3392184e-1
1.2752e-1 1.92401614e0 -2.085292e-1 -2.085292e-1
1.52824e-1 1.92401614e0 -2.9966318e-1 -2.9966318e-1
1.78128e-1 1.92401614e0 -4.0737888e-1 -4.0737888e-1
2.03432e-1 1.92401614e0 -5.3173972e-1 -5.3173972e-1
2.2873601e-1 1.92401614e0 -6.7281952e-1 -6.7281952e-1
2.5404001e-1 1.92401614e0 -8.3070476e-1 -8.3070476e-1
2.7934401e-1 1.92401614e0 -1.00548558e0 -1.00548558e0
3.0464801e-1 1.92401614e0 -1.19726909e0 -1.19726909e0
3.2995201e-1 1.92401614e0 -1.4061656e0 -1.4061656e0
3.5525601e-1 1.92401614e0 -1.6323038e0 -1.6323038e0
3.8056001e-1 1.92401614e0 -1.8758109e0 -1.8758109e0
4.0586401e-1 1.92401614e0 -2.1368317e0 -2.1368317e0
4.3116801e-1 1.92401614e0 -2.4155229e0 -2.4155229e0
4.5647202e-1 1.92401614e0 -2.7120418e0 -2.7120418e0
4.8177602e-1 1.92401614e0 -3.0265648e0 -3.0265648e0
5.0708002e-1 1.92401614e0 -3.3592743e0 -3.3592743e0
5.3238402e-1 1.92401614e0 -3.7103545e0 -3.7103545e0
5.5768802e-1 1.92401614e0 -4.0800197e0 -4.0800197e0
5.8299202e-1 1.92401614e0 -4.468478e0 -4.468478e0
6.0829602e-1 1.92401614e0 -4.8759439e0 -4.8759439e0
6.3360002e-1 1.92401614e0 -5.3026596e0 -5.3026596e0
6.5890402e-1 1.92401614e0 -5.7488553e0 -5.7488553e0
6.8420802e-1 1.92401614e0 -6.2148009e0 -6.2148009e0
7.0951202e-1 1.92401614e0 -6.7007338e0 -6.7007338e0
7.3481602e-1 1.92401614e0 -7.2069379e0 -7.2069379e0
7.6012003e-1 1.92401614e0 -7.7336961e0 -7.7336961e0
7.8542403e-1 1.92401614e0 -8.281291e0 -8.281291e0
8.1072803e-1 1.92401614e0 -8.8500296e0 -8.8500296e0
8.3603203e-1 1.92401614e0 -9.4402261e0 -9.4402261e0
8.6133603e-1 1.92401614e0 -1.00521907e1 -1.00521907e1
8.8664003e-1 1.92401614e0 -1.06862459e1 -1.06862459e1
9.1194403e-1 1.92401614e0 -1.13427567e1 -1.13427567e1
9.3724803e-1 1.92401614e0 -1.20220505e1 -1.20220505e1
9.6255203e-1 1.92401614e0 -1.27245049e1 -1.27245049e1
9.8785603e-1 1.92401614e0 -1.3450468e1 -1.3450468e1
1.01316e0 1.92401614e0 -1.4200378e1 -1.4200378e1
1.0384639e0 1.92401614e0 -1.4974522e1 -1.4974522e1
1.063768e0 1.92401614e0 -1.5773349e1 -1.5773349e1
1.089072e0 1.92401614e0 -1.6597269e1 -1.6597269e1
1.1143759e0 1.92401614e0 -1.744672e1 -1.744672e1
1.13968e0 1.92401614e0 -1.8322153e1 -1.8322153e1
1.164984e0 1.92401614e0 -1.9223943e1 -1.9223943e1
1.190288e0 1.92401614e0 -2.0152538e1 -2.0152538e1
1.2155919e0 1.92401614e0 -2.1108438e1 -2.1108438e1
1.240896e0 1.92401614e0 -2.2092111e1 -2.2092111e1
1.2662e0 1.92401614e0 -2.3103993e1 -2.3103993e1
1.2915039e0 1.92401614e0 -2.414459e1 -2.414459e1
1.316808e0 1.92401614e0 -2.5214427e1 -2.5214427e1
1.342112e0 1.92401614e0 -2.6314003e1 -2.6314003e1
1.367416e0 1.92401614e0 -2.7443771e1 -2.7443771e1
1.39272e0 1.92401614e0 -2.8604335e1 -2.8604335e1
1.418024e0 1.92401614e0 -2.9796162e1 -2.9796162e1
1.443328e0 1.92401614e0 -3.10199e1 -3.10199e1
1.4686319e0 1.92401614e0 -3.227608e1 -3.227608e1
1.493936e0 1.92401614e0 -3.3565164e1 -3.3565164e1
1.51924e0 1.92401614e0 -3.4887758e1 -3.4887758e1
1.5445439e0 1.92401614e0 -3.6244543e1 -3.6244543e1
1.569848e0 1.92401614e0 -3.7636128e1 -3.7636128e1
1.595152e0 1.92401614e0 -3.9062962e1 -3.9062962e1
1.620456e0 1.92401614e0 -4.0525763e1 -4.0525763e1
1.64576e0 1.92401614e0 -4.202512e1 -4.202512e1
1.671064e0 1.92401614e0 -4.3561801e1 -4.3561801e1
1.696368e0 1.92401614e0 -4.5136223e1 -4.5136223e1
1.7216719e0 1.92401614e0 -4.6749153e1 -4.6749153e1
1.746976e0 1.92401614e0 -4.8401283e1 -4.8401283e1
1.77228e0 1.92401614e0 -5.009326e1 -5.009326e1
1.7975839e0 1.92401614e0 -5.1825844e1 -5.1825844e1
1.822888e0 1.92401614e0 -5.3599605e1 -5.3599605e1
1.848192e0 1.92401614e0 -5.5415274e1 -5.5415274e1
1.873496e0 1.92401614e0 -5.7273613e1 -5.7273613e1
1.8987999e0 1.92401614e0 -5.9175421e1 -5.9175421e1
1.924104e0 1.92401614e0 -6.1121178e1 -6.1121178e1
1.949408e0 1.92401614e0 -6.3111833e1 -6.3111833e1
1.9747119e0 1.92401614e0 -6.5148056e1 -6.5148056e1
2.000016e0 1.92401614e0 -6.723064e1 -6.723064e1

1.0e-3 1.97464815e0 -1.3596924e-5 -1.3596924e-5
2.6304001e-2 1.97464815e0 -9.4082037e-3 -9.4082037e-3
5.1608002e-2 1.97464815e0 -3.6220975e-2 -3.6220975e-2
7.6912003e-2 1.97464815e0 -8.0467021e-2 -8.0467021e-2
1.02216e-1 1.97464815e0 -1.421715e-1 -1.421715e-1
1.2752e-1 1.97464815e0 -2.2136887e-1 -2.2136887e-1
1.52824e-1 1.97464815e0 -3.1810397e-1 -3.1810397e-1
1.78128e-1 1.97464815e0 -4.3243198e-1 -4.3243198e-1
2.03432e-1 1.97464815e0 -5.6441621e-1 -5.6441621e-1
2.2873601e-1 1.97464815e0 -7.1413052e-1 -7.1413052e-1
2.5404001e-1 1.97464815e0 -8.8166147e-1 -8.8166147e-1
2.7934401e-1 1.97464815e0 -1.06709904e0 -1.06709904e0
3.0464801e-1 1.97464815e0 -1.27055045e0 -1.27055045e0
3.2995201e-1 1.97464815e0 -1.492126e0 -1.492126e0
3.5525601e-1 1.97464815e0 -1.7319543e0 -1.7319543e0
3.8056001e-1 1.97464815e0 -1.9901627e0 -1.9901627e0
4.0586401e-1 1.97464815e0 -2.2668958e0 -2.2668958e0
4.3116801e-1 1.97464815e0 -2.5623108e0 -2.5623108e0
4.5647202e-1 1.97464815e0 -2.8765643e0 -2.8765643e0
4.8177602e-1 1.97464815e0 -3.209833e0 -3.209833e0
5.0708002e-1 1.97464815e0 -3.5622995e0 -3.5622995e0
5.3238402e-1 1.97464815e0 -3.9341476e0 -3.9341476e0
5.5768802e-1 1.97464815e0 -4.325592e0 -4.325592e0
5.8299202e-1 1.97464815e0 -4.7368407e0 -4.7368407e0
6.0829602e-1 1.97464815e0 -5.1681079e0 -5.1681079e0
6.3360002e-1 1.97464815e0 -5.6196362e0 -5.6196362e0
6.5890402e-1 1.97464815e0 -6.0916554e0 -6.0916554e0
6.8420802e-1 1.97464815e0 -6.5844289e0 -6.5844289e0
7.0951202e-1 1.97464815e0 -7.0982147e0 -7.0982147e0
7.3481602e-1 1.97464815e0 -7.6332759e0 -7.6332759e0
7.6012003e-1 1.97464815e0 -8.1899025e0 -8.1899025e0
7.8542403e-1 1.97464815e0 -8.7683766e0 -8.7683766e0
8.1072803e-1 1.97464815e0 -9.3690054e0 -9.3690054e0
8.3603203e-1 1.97464815e0 -9.9921037e0 -9.9921037e0
8.6133603e-1 1.97464815e0 -1.0637981e1 -1.0637981e1
8.8664003e-1 1.97464815e0 -1.13069598e1 -1.13069598e1
9.1194403e-1 1.97464815e0 -1.19994055e1 -1.19994055e1
9.3724803e-1 1.97464815e0 -1.2715659e1 -1.2715659e1
9.6255203e-1 1.97464815e0 -1.3456057e1 -1.3456057e1
9.8785603e-1 1.97464815e0 -1.42209882e1 -1.42209882e1
1.01316e0 1.97464815e0 -1.5010881e1 -1.5010881e1
1.0384639e0 1.97464815e0 -1.5826013e1 -1.5826013e1
1.063768e0 1.97464815e0 -1.6666841e1 -1.6666841e1
1.089072e0 1.97464815e0 -1.7533772e1 -1.7533772e1
1.1143759e0 1.97464815e0 -1.8427246e1 -1.8427246e1
1.13968e0 1.97464815e0 -1.9347717e1 -1.9347717e1
1.164984e0 1.97464815e0 -2.0295554e1 -2.0295554e1
1.190288e0 1.97464815e0 -2.1271204e1 -2.1271204e1
1.2155919e0 1.97464815e0 -2.2275172e1 -2.2275172e1
1.240896e0 1.97464815e0 -2.3307928e1 -2.3307928e1
1.2662e0 1.97464815e0 -2.43699e1 -2.43699e1
1.2915039e0 1.97464815e0 -2.5461598e1 -2.5461598e1
1.316808e0 1.97464815e0 -2.6583546e1 -2.6583546e1
1.342112e0 1.97464815e0 -2.7736249e1 -2.7736249e1
1.367416e0 1.97464815e0 -2.8920181e1 -2.8920181e1
1.39272e0 1.97464815e0 -3.0135861e1 -3.0135861e1
1.418024e0 1.97464815e0 -3.1383876e1 -3.1383876e1
1.443328e0 1.97464815e0 -3.2664752e1 -3.2664752e1
1.4686319e0 1.97464815e0 -3.3979114e1 -3.3979114e1
1.493936e0 1.97464815e0 -3.5327386e1 -3.5327386e1
1.51924e0 1.97464815e0 -3.6710182e1 -3.6710182e1
1.5445439e0 1.97464815e0 -3.812818e1 -3.812818e1
1.569848e0 1.97464815e0 -3.9581992e1 -3.9581992e1
1.595152e0 1.97464815e0 -4.1072061e1 -4.1072061e1
1.620456e0 1.97464815e0 -4.2599106e1 -4.2599106e1
1.64576e0 1.97464815e0 -4.416372e1 -4.416372e1
1.671064e0 1.97464815e0 -4.5766673e1 -4.5766673e1
1.696368e0 1.97464815e0 -4.7408374e1 -4.7408374e1
1.7216719e0 1.97464815e0 -4.9089595e1 -4.9089595e1
1.746976e0 1.97464815e0 -5.0811024e1 -5.0811024e1
1.77228e0 1.97464815e0 -5.2573314e1 -5.2573314e1
1.7975839e0 1.97464815e0 -5.4377274e1 -5.4377274e1
1.822888e0 1.97464815e0 -5.6223322e1 -5.6223322e1
1.848192e0 1.97464815e0 -5.8112337e1 -5.8112337e1
1.873496e0 1.97464815e0 -6.0045032e1 -6.0045032e1
1.8987999e0 1.97464815e0 -6.2022214e1 -6.2022214e1
1.924104e0 1.97464815e0 -6.4044347e1 -6.4044347e1
1.949408e0 1.97464815e0 -6.6112393e1 -6.6112393e1
1.9747119e0 1.97464815e0 -6.8227017e1 -6.8227017e1
2.000016e0 1.97464815e0 -7.0389012e1 -7.0389012e1

1.0e-3 2.02528015e0 -1.4407043e-5 -1.4407043e-5
2.6304001e-2 2.02528015e0 -9.9687259e-3 -9.9687259e-3
5.1608002e-2 2.02528015e0 -3.8378636e-2 -3.8378636e-2
7.6912003e-2 2.02528015e0 -8.5259247e-2 -8.5259247e-2
1.02216e-1 2.02528015e0 -1.5063573e-1 -1.5063573e-1
1.2752e-1 2.02528015e0 -2.3454251e-1 -2.3454251e-1
1.52824e-1 2.02528015e0 -3.3702446e-1 -3.3702446e-1
1.78128e-1 2.02528015e0 -4.5813675e-1 -4.5813675e-1
2.03432e-1 2.02528015e0 -5.9794267e-1 -5.9794267e-1
2.2873601e-1 2.02528015e0 -7.565161e-1 -7.565161e-1
2.5404001e-1 2.02528015e0 -9.3394363e-1 -9.3394363e-1
2.7934401e-1 2.02528015e0 -1.13031517e0 -1.13031517e0
3.0464801e-1 2.02528015e0 -1.34573796e0 -1.34573796e0
3.2995201e-1 2.02528015e0 -1.5803223e0 -1.5803223e0
3.5525601e-1 2.02528015e0 -1.834197e0 -1.834197e0
3.8056001e-1 2.02528015e0 -2.107489e0 -2.107489e0
4.0586401e-1 2.02528015e0 -2.4003432e0 -2.4003432e0
4.3116801e-1 2.02528015e0 -2.7129169e0 -2.7129169e0
4.5647202e-1 2.02528015e0 -3.0453662e0 -3.0453662e0
4.8177602e-1 2.02528015e0 -3.3978683e0 -3.3978683e0
5.0708002e-1 2.02528015e0 -3.7706058e0 -3.7706058e0
5.3238402e-1 2.02528015e0 -4.163762e0 -4.163762e0
5.5768802e-1 2.02528015e0 -4.577552e0 -4.577552e0
5.8299202e-1 2.02528015e0 -5.012184e0 -5.012184e0
6.0829602e-1 2.02528015e0 -5.4678717e0 -5.4678717e0
6.3360002e-1 2.02528015e0 -5.944858e0 -5.944858e0
6.5890402e-1 2.02528015e0 -6.4433723e0 -6.4433723e0
6.8420802e-1 2.02528015e0 -6.9636787e0 -6.9636787e0
7.0951202e-1 2.02528015e0 -7.5060349e0 -7.5060349e0
7.3481602e-1 2.02528015e0 -8.0707036e0 -8.0707036e0
7.6012003e-1 2.02528015e0 -8.6579755e0 -8.6579755e0
7.8542403e-1 2.02528015e0 -9.268132e0 -9.268132e0
8.1072803e-1 2.02528015e0 -9.9014807e0 -9.9014807e0
8.3603203e-1 2.02528015e0 -1.05583366e1 -1.05583366e1
8.6133603e-1 2.02528015e0 -1.12390086e1 -1.12390086e1
8.8664003e-1 2.02528015e0 -1.19438196e1 -1.19438196e1
9.1194403e-1 2.02528015e0 -1.26731349e1 -1.26731349e1
9.3724803e-1 2.02528015e0 -1.34272823e1 -1.34272823e1
9.6255203e-1 2.02528015e0 -1.42066379e1 -1.42066379e1
9.8785603e-1 2.02528015e0 -1.5011551e1 -1.5011551e1
1.01316e0 2.02528015e0 -1.5842465e1 -1.5842465e1
1.0384639e0 2.02528015e0 -1.6699654e1 -1.6699654e1
1.063768e0 2.02528015e0 -1.7583574e1 -1.7583574e1
1.089072e0 2.02528015e0 -1.8494635e1 -1.8494635e1
1.1143759e0 2.02528015e0 -1.943328e1 -1.943328e1
1.13968e0 2.02528015e0 -2.0399957e1 -2.0399957e1
1.164984e0 2.02528015e0 -2.1395038e1 -2.1395038e1
1.190288e0 2.02528015e0 -2.241897e1 -2.241897e1
1.2155919e0 2.02528015e0 -2.3472256e1 -2.3472256e1
1.240896e0 2.02528015e0 -2.455537e1 -2.455537e1
1.2662e0 2.02528015e0 -2.5668735e1 -2.5668735e1
1.2915039e0 2.02528015e0 -2.6812863e1 -2.6812863e1
1.316808e0 2.02528015e0 -2.7988281e1 -2.7988281e1
1.342112e0 2.02528015e0 -2.919549e1 -2.919549e1
1.367416e0 2.02528015e0 -3.0434937e1 -3.0434937e1
1.39272e0 2.02528015e0 -3.1707224e1 -3.1707224e1
1.418024e0 2.02528015e0 -3.3012827e1 -3.3012827e1
1.443328e0 2.02528015e0 -3.4352388e1 -3.4352388e1
1.4686319e0 2.02528015e0 -3.5726447e1 -3.5726447e1
1.493936e0 2.02528015e0 -3.7135448e1 -3.7135448e1
1.51924e0 2.02528015e0 -3.858001e1 -3.858001e1
1.5445439e0 2.02528015e0 -4.0060812e1 -4.0060812e1
1.569848e0 2.02528015e0 -4.157847e1 -4.157847e1
1.595152e0 2.02528015e0 -4.313342e1 -4.313342e1
1.620456e0 2.02528015e0 -4.4726381e1 -4.4726381e1
1.64576e0 2.02528015e0 -4.635795e1 -4.635795e1
1.671064e0 2.02528015e0 -4.8028897e1 -4.8028897e1
1.696368e0 2.02528015e0 -4.9739627e1 -4.9739627e1
1.7216719e0 2.02528015e0 -5.1490913e1 -5.1490913e1
1.746976e0 2.02528015e0 -5.3283449e1 -5.3283449e1
1.77228e0 2.02528015e0 -5.5117879e1 -5.5117879e1
1.7975839e0 2.02528015e0 -5.6994972e1 -5.6994972e1
1.822888e0 2.02528015e0 -5.8915286e1 -5.8915286e1
1.848192e0 2.02528015e0 -6.0879553e1 -6.0879553e1
1.873496e0 2.02528015e0 -6.288854e1 -6.288854e1
1.8987999e0 2.02528015e0 -6.4943054e1 -6.4943054e1
1.924104e0 2.02528015e0 -6.7043553e1 -6.7043553e1
1.949408e0 2.02528015e0 -6.9191002e1 -6.9191002e1
1.9747119e0 2.02528015e0 -7.1386067e1 -7.1386067e1
2.000016e0 2.02528015e0 -7.3629541e1 -7.3629541e1

1.0e-3 2.07591216e0 -1.5237656e-5 -1.5237656e-5
2.6304001e-2 2.07591216e0 -1.05434163e-2 -1.05434163e-2
5.1608002e-2 2.07591216e0 -4.0590837e-2 -4.0590837e-2
7.6912003e-2 2.07591216e0 -9.0172607e-2 -9.0172607e-2
1.02216e-1 2.07591216e0 -1.5931406e-1 -1.5931406e-1
1.2752e-1 2.07591216e0 -2.480494e-1 -2.480494e-1
1.52824e-1 2.07591216e0 -3.5642319e-1 -3.5642319e-1
1.78128e-1 2.07591216e0 -4.8449126e-1 -4.8449126e-1
2.03432e-1 2.07591216e0 -6.3231657e-1 -6.3231657e-1
2.2873601e-1 2.07591216e0 -7.9997386e-1 -7.9997386e-1
2.5404001e-1 2.07591216e0 -9.8754735e-1 -9.8754735e-1
2.7934401e-1 2.07591216e0 -1.1951304e0 -1.1951304e0
3.0464801e-1 2.07591216e0 -1.42282599e0 -1.42282599e0
3.2995201e-1 2.07591216e0 -1.6707495e0 -1.6707495e0
3.5525601e-1 2.07591216e0 -1.9390239e0 -1.9390239e0
3.8056001e-1 2.07591216e0 -2.2277809e0 -2.2277809e0
4.0586401e-1 2.07591216e0 -2.5371637e0 -2.5371637e0
4.3116801e-1 2.07591216e0 -2.8673297e0 -2.8673297e0
4.5647202e-1 2.07591216e0 -3.2184349e0 -3.2184349e0
4.8177602e-1 2.07591216e0 -3.5906567e0 -3.5906567e0
5.0708002e-1 2.07591216e0 -3.9841774e0 -3.9841774e0
5.3238402e-1 2.07591216e0 -4.3991847e0 -4.3991847e0
5.5768802e-1 2.07591216e0 -4.8358858e0 -4.8358858e0
5.8299202e-1 2.07591216e0 -5.294487e0 -5.294487e0
6.0829602e-1 2.07591216e0 -5.7752184e0 -5.7752184e0
6.3360002e-1 2.07591216e0 -6.2783002e0 -6.2783002e0
6.5890402e-1 2.07591216e0 -6.8039862e0 -6.8039862e0
6.8420802e-1 2.07591216e0 -7.3525221e0 -7.3525221e0
7.0951202e-1 2.07591216e0 -7.9241634e0 -7.9241634e0
7.3481602e-1 2.07591216e0 -8.5191882e0 -8.5191882e0
7.6012003e-1 2.07591216e0 -9.13788e0 -9.13788e0
7.8542403e-1 2.07591216e0 -9.7805196e0 -9.7805196e0
8.1072803e-1 2.07591216e0 -1.04474153e1 -1.04474153e1
8.3603203e-1 2.07591216e0 -1.11388821e1 -1.11388821e1
8.6133603e-1 2.07591216e0 -1.18552284e1 -1.18552284e1
8.8664003e-1 2.07591216e0 -1.25967891e1 -1.25967891e1
9.1194403e-1 2.07591216e0 -1.3363894e1 -1.3363894e1
9.3724803e-1 2.07591216e0 -1.41569202e1 -1.41569202e1
9.6255203e-1 2.07591216e0 -1.49761913e1 -1.49761913e1
9.8785603e-1 2.07591216e0 -1.58221118e1 -1.58221118e1
1.01316e0 2.07591216e0 -1.6695068e1 -1.6695068e1
1.0384639e0 2.07591216e0 -1.7595377e1 -1.7595377e1
1.063768e0 2.07591216e0 -1.8523497e1 -1.8523497e1
1.089072e0 2.07591216e0 -1.9479805e1 -1.9479805e1
1.1143759e0 2.07591216e0 -2.046476e1 -2.046476e1
1.13968e0 2.07591216e0 -2.1478815e1 -2.1478815e1
1.164984e0 2.07591216e0 -2.2522314e1 -2.2522314e1
1.190288e0 2.07591216e0 -2.3595746e1 -2.3595746e1
1.2155919e0 2.07591216e0 -2.4699599e1 -2.4699599e1
1.240896e0 2.07591216e0 -2.5834366e1 -2.5834366e1
1.2662e0 2.07591216e0 -2.7000398e1 -2.7000398e1
1.2915039e0 2.07591216e0 -2.819831e1 -2.819831e1
1.316808e0 2.07591216e0 -2.9428522e1 -2.9428522e1
1.342112e0 2.07591216e0 -3.0691644e1 -3.0691644e1
1.367416e0 2.07591216e0 -3.1988037e1 -3.1988037e1
1.39272e0 2.07591216e0 -3.3318306e1 -3.3318306e1
1.418024e0 2.07591216e0 -3.4683014e1 -3.4683014e1
1.443328e0 2.07591216e0 -3.6082683e1 -3.6082683e1
1.4686319e0 2.07591216e0 -3.7517946e1 -3.7517946e1
1.493936e0 2.07591216e0 -3.8989212e1 -3.8989212e1
1.51924e0 2.07591216e0 -4.0497136e1 -4.0497136e1
1.5445439e0 2.07591216e0 -4.2042296e1 -4.2042296e1
1.569848e0 2.07591216e0 -4.3625414e1 -4.3625414e1
1.595152e0 2.07591216e0 -4.5246922e1 -4.5246922e1
1.620456e0 2.07591216e0 -4.6907426e1 -4.6907426e1
1.64576e0 2.07591216e0 -4.8607684e1 -4.8607684e1
1.671064e0 2.07591216e0 -5.0348305e1 -5.0348305e1
1.696368e0 2.07591216e0 -5.2129808e1 -5.2129808e1
1.7216719e0 2.07591216e0 -5.3952931e1 -5.3952931e1
1.746976e0 2.07591216e0 -5.5818414e1 -5.5818414e1
1.77228e0 2.07591216e0 -5.7726811e1 -5.7726811e1
1.7975839e0 2.07591216e0 -5.9678937e1 -5.9678937e1
1.822888e0 2.07591216e0 -6.1675345e1 -6.1675345e1
1.848192e0 2.07591216e0 -6.3716716e1 -6.3716716e1
1.873496e0 2.07591216e0 -6.5803923e1 -6.5803923e1
1.8987999e0 2.07591216e0 -6.7937726e1 -6.7937726e1
1.924104e0 2.07591216e0 -7.0118628e1 -7.0118628e1
1.949408e0 2.07591216e0 -7.2347429e1 -7.2347429e1
1.9747119e0 2.07591216e0 -7.4624968e1 -7.4624968e1
2.000016e0 2.07591216e0 -7.695204e1 -7.695204e1

1.0e-3 2.12654416e0 -1.608876e-5 -1.608876e-5
2.6304001e-2 2.12654416e0 -1.11323067e-2 -1.11323067e-2
5.1608002e-2 2.12654416e0 -4.28577e-2 -4.28577e-2
7.6912003e-2 2.12654416e0 -9.520737e-2 -9.520737e-2
1.02216e-1 2.12654416e0 -1.682065e-1 -1.682065e-1
1.2752e-1 2.12654416e0 -2.618895e-1 -2.618895e-1
1.52824e-1 2.12654416e0 -3.7630122e-1 -3.7630122e-1
1.78128e-1 2.12654416e0 -5.1149695e-1 -5.1149695e-1
2.03432e-1 2.12654416e0 -6.675392e-1 -6.675392e-1
2.2873601e-1 2.12654416e0 -8.4450378e-1 -8.4450378e-1
2.5404001e-1 2.12654416e0 -1.04247552e0 -1.04247552e0
2.7934401e-1 2.12654416e0 -1.26154472e0 -1.26154472e0
3.0464801e-1 2.12654416e0 -1.50181877e0 -1.50181877e0
3.2995201e-1 2.12654416e0 -1.7634079e0 -1.7634079e0
3.5525601e-1 2.12654416e0 -2.0464392e0 -2.0464392e0
3.8056001e-1 2.12654416e0 -2.351045e0 -2.351045e0
4.0586401e-1 2.12654416e0 -2.6773648e0 -2.6773648e0
4.3116801e-1 2.12654416e0 -3.025558e0 -3.025558e0
4.5647202e-1 2.12654416e0 -3.39578e0 -3.39578e0
4.8177602e-1 2.12654416e0 -3.7882086e0 -3.7882086e0
5.0708002e-1 2.12654416e0 -4.2030261e0 -4.2030261e0
5.3238402e-1 2.12654416e0 -4.6404158e0 -4.6404158e0
5.5768802e-1 2.12654416e0 -5.1005928e0 -5.1005928e0
5.8299202e-1 2.12654416e0 -5.5837656e0 -5.5837656e0
6.0829602e-1 2.12654416e0 -6.0901476e0 -6.0901476e0
6.3360002e-1 2.12654416e0 -6.6199815e0 -6.6199815e0
6.5890402e-1 2.12654416e0 -7.173497e0 -7.173497e0
6.8420802e-1 2.12654416e0 -7.750959e0 -7.750959e0
7.0951202e-1 2.12654416e0 -8.3526158e0 -8.3526158e0
7.3481602e-1 2.12654416e0 -8.9787543e0 -8.9787543e0
7.6012003e-1 2.12654416e0 -9.6296422e0 -9.6296422e0
7.8542403e-1 2.12654416e0 -1.03055678e1 -1.03055678e1
8.1072803e-1 2.12654416e0 -1.10068393e1 -1.10068393e1
8.3603203e-1 2.12654416e0 -1.17337723e1 -1.17337723e1
8.6133603e-1 2.12654416e0 -1.24866629e1 -1.24866629e1
8.8664003e-1 2.12654416e0 -1.32658685e1 -1.32658685e1
9.1194403e-1 2.12654416e0 -1.4071721e1 -1.4071721e1
9.3724803e-1 2.12654416e0 -1.49045595e1 -1.49045595e1
9.6255203e-1 2.12654416e0 -1.57647594e1 -1.57647594e1
9.8785603e-1 2.12654416e0 -1.66526703e1 -1.66526703e1
1.01316e0 2.12654416e0 -1.756874e1 -1.756874e1
1.0384639e0 2.12654416e0 -1.8513232e1 -1.8513232e1
1.063768e0 2.12654416e0 -1.948661e1 -1.948661e1
1.089072e0 2.12654416e0 -2.048928e1 -2.048928e1
1.1143759e0 2.12654416e0 -2.1521689e1 -2.1521689e1
1.13968e0 2.12654416e0 -2.2584291e1 -2.2584291e1
1.164984e0 2.12654416e0 -2.3677444e1 -2.3677444e1
1.190288e0 2.12654416e0 -2.48016e1 -2.48016e1
1.2155919e0 2.12654416e0 -2.5957245e1 -2.5957245e1
1.240896e0 2.12654416e0 -2.7144917e1 -2.7144917e1
1.2662e0 2.12654416e0 -2.8364967e1 -2.8364967e1
1.2915039e0 2.12654416e0 -2.9617938e1 -2.9617938e1
1.316808e0 2.12654416e0 -3.0904323e1 -3.0904323e1
1.342112e0 2.12654416e0 -3.222471e1 -3.222471e1
1.367416e0 2.12654416e0 -3.3579456e1 -3.3579456e1
1.39272e0 2.12654416e0 -3.4969168e1 -3.4969168e1
1.418024e0 2.12654416e0 -3.6394409e1 -3.6394409e1
1.443328e0 2.12654416e0 -3.7855699e1 -3.7855699e1
1.4686319e0 2.12654416e0 -3.9353711e1 -3.9353711e1
1.493936e0 2.12654416e0 -4.0888745e1 -4.0888745e1
1.51924e0 2.12654416e0 -4.2461562e1 -4.2461562e1
1.5445439e0 2.12654416e0 -4.407274e1 -4.407274e1
1.569848e0 2.12654416e0 -4.5722934e1 -4.5722934e1
1.595152e0 2.12654416e0 -4.7412569e1 -4.7412569e1
1.620456e0 2.12654416e0 -4.9142363e1 -4.9142363e1
1.64576e0 2.12654416e0 -5.0912923e1 -5.0912923e1
1.671064e0 2.12654416e0 -5.2725021e1 -5.2725021e1
1.696368e0 2.12654416e0 -5.4579047e1 -5.4579047e1
1.7216719e0 2.12654416e0 -5.6475781e1 -5.6475781e1
1.746976e0 2.12654416e0 -5.8415921e1 -5.8415921e1
1.77228e0 2.12654416e0 -6.040011e1 -6.040011e1
1.7975839e0 2.12654416e0 -6.242912e1 -6.242912e1
1.822888e0 2.12654416e0 -6.45035e1 -6.45035e1
1.848192e0 2.12654416e0 -6.6623982e1 -6.6623982e1
1.873496e0 2.12654416e0 -6.8791342e1 -6.8791342e1
1.8987999e0 2.12654416e0 -7.100639e1 -7.100639e1
1.924104e0 2.12654416e0 -7.3269568e1 -7.3269568e1
1.949408e0 2.12654416e0 -7.558179e1 -7.558179e1
1.9747119e0 2.12654416e0 -7.7943898e1 -7.7943898e1
2.000016e0 2.12654416e0 -8.0356511e1 -8.0356511e1

1.0e-3 2.17717616e0 -1.6960388e-5 -1.6960388e-5
2.6304001e-2 2.17717616e0 -1.17353758e-2 -1.17353758e-2
5.1608002e-2 2.17717616e0 -4.517914e-2 -4.517914e-2
7.6912003e-2 2.17717616e0 -1.00363354e-1 -1.00363354e-1
1.02216e-1 2.17717616e0 -1.7731322e-1 -1.7731322e-1
1.2752e-1 2.17717616e0 -2.760631e-1 -2.760631e-1
1.52824e-1 2.17717616e0 -3.9665788e-1 -3.9665788e-1
1.78128e-1 2.17717616e0 -5.3915286e-1 -5.3915286e-1
2.03432e-1 2.17717616e0 -7.0361115e-1 -7.0361115e-1
2.2873601e-1 2.17717616e0 -8.9010747e-1 -8.9010747e-1
2.5404001e-1 2.17717616e0 -1.09872623e0 -1.09872623e0
2.7934401e-1 2.17717616e0 -1.32956053e0 -1.32956053e0
3.0464801e-1 2.17717616e0 -1.58271349e0 -1.58271349e0
3.2995201e-1 2.17717616e0 -1.8582988e0 -1.8582988e0
3.5525601e-1 2.17717616e0 -2.1564445e0 -2.1564445e0
3.8056001e-1 2.17717616e0 -2.4772772e0 -2.4772772e0
4.0586401e-1 2.17717616e0 -2.8209416e0 -2.8209416e0
4.3116801e-1 2.17717616e0 -3.187596e0 -3.187596e0
4.5647202e-1 2.17717616e0 -3.577395e0 -3.577395e0
4.8177602e-1 2.17717616e0 -3.990517e0 -3.990517e0
5.0708002e-1 2.17717616e0 -4.4271442e0 -4.4271442e0
5.3238402e-1 2.17717616e0 -4.8874637e0 -4.8874637e0
5.5768802e-1 2.17717616e0 -5.3716782e0 -5.3716782e0
5.8299202e-1 2.17717616e0 -5.880009e0 -5.880009e0
6.0829602e-1 2.17717616e0 -6.4126653e0 -6.4126653e0
6.3360002e-1 2.17717616e0 -6.9698894e0 -6.9698894e0
6.5890402e-1 2.17717616e0 -7.5519115e0 -7.5519115e0
6.8420802e-1 2.17717616e0 -8.1590034e0 -8.1590034e0
7.0951202e-1 2.17717616e0 -8.7913995e0 -8.7913995e0
7.3481602e-1 2.17717616e0 -9.4493854e0 -9.4493854e0
7.6012003e-1 2.17717616e0 -1.01332448e1 -1.01332448e1
7.8542403e-1 2.17717616e0 -1.08432576e1 -1.08432576e1
8.1072803e-1 2.17717616e0 -1.15797325e1 -1.15797325e1
8.3603203e-1 2.17717616e0 -1.23429855e1 -1.23429855e1
8.6133603e-1 2.17717616e0 -1.31333235e1 -1.31333235e1
8.8664003e-1 2.17717616e0 -1.39510698e1 -1.39510698e1
9.1194403e-1 2.17717616e0 -1.47965906e1 -1.47965906e1
9.3724803e-1 2.17717616e0 -1.5670227e1 -1.5670227e1
9.6255203e-1 2.17717616e0 -1.65723138e1 -1.65723138e1
9.8785603e-1 2.17717616e0 -1.75032564e1 -1.75032564e1
1.01316e0 2.17717616e0 -1.8463446e1 -1.8463446e1
1.0384639e0 2.17717616e0 -1.9453188e1 -1.9453188e1
1.063768e0 2.17717616e0 -2.0472928e1 -2.0472928e1
1.089072e0 2.17717616e0 -2.1523079e1 -2.1523079e1
1.1143759e0 2.17717616e0 -2.2604085e1 -2.2604085e1
1.13968e0 2.17717616e0 -2.3716403e1 -2.3716403e1
1.164984e0 2.17717616e0 -2.4860388e1 -2.4860388e1
1.190288e0 2.17717616e0 -2.6036487e1 -2.6036487e1
1.2155919e0 2.17717616e0 -2.7245216e1 -2.7245216e1
1.240896e0 2.17717616e0 -2.8487071e1 -2.8487071e1
1.2662e0 2.17717616e0 -2.9762392e1 -2.9762392e1
1.2915039e0 2.17717616e0 -3.1071797e1 -3.1071797e1
1.316808e0 2.17717616e0 -3.241571e1 -3.241571e1
1.342112e0 2.17717616e0 -3.3794717e1 -3.3794717e1
1.367416e0 2.17717616e0 -3.520925e1 -3.520925e1
1.39272e0 2.17717616e0 -3.6659836e1 -3.6659836e1
1.418024e0 2.17717616e0 -3.814707e1 -3.814707e1
1.443328e0 2.17717616e0 -3.9671469e1 -3.9671469e1
1.4686319e0 2.17717616e0 -4.1233676e1 -4.1233676e1
1.493936e0 2.17717616e0 -4.2834084e1 -4.2834084e1
1.51924e0 2.17717616e0 -4.4473357e1 -4.4473357e1
1.5445439e0 2.17717616e0 -4.615207e1 -4.615207e1
1.569848e0 2.17717616e0 -4.7870956e1 -4.7870956e1
1.595152e0 2.17717616e0 -4.9630435e1 -4.9630435e1
1.620456e0 2.17717616e0 -5.1431111e1 -5.1431111e1
1.64576e0 2.17717616e0 -5.3273708e1 -5.3273708e1
1.671064e0 2.17717616e0 -5.5158961e1 -5.5158961e1
1.696368e0 2.17717616e0 -5.7087256e1 -5.7087256e1
1.7216719e0 2.17717616e0 -5.9059375e1 -5.9059375e1
1.746976e0 2.17717616e0 -6.1076016e1 -6.1076016e1
1.77228e0 2.17717616e0 -6.313787e1 -6.313787e1
1.7975839e0 2.17717616e0 -6.5245619e1 -6.5245619e1
1.822888e0 2.17717616e0 -6.739985e1 -6.739985e1
1.848192e0 2.17717616e0 -6.9601248e1 -6.9601248e1
1.873496e0 2.17717616e0 -7.185069e1 -7.185069e1
1.8987999e0 2.17717616e0 -7.4148941e1 -7.4148941e1
1.924104e0 2.17717616e0 -7.6496489e1 -7.6496489e1
1.949408e0 2.17717616e0 -7.8894142e1 -7.8894142e1
1.9747119e0 2.17717616e0 -8.134274e1 -8.134274e1
2.000016e0 2.17717616e0 -8.3843076e1 -8.3843076e1

1.0e-3 2.22780817e0 -1.7852509e-5 -1.7852509e-5
2.6304001e-2 2.22780817e0 -1.23526343e-2 -1.23526343e-2
5.1608002e-2 2.22780817e0 -4.7555241e-2 -4.7555241e-2
7.6912003e-2 2.22780817e0 -1.05640744e-1 -1.05640744e-1
1.02216e-1 2.22780817e0 -1.8663435e-1 -1.8663435e-1
1.2752e-1 2.22780817e0 -2.9057043e-1 -2.9057043e-1
1.52824e-1 2.22780817e0 -4.1749385e-1 -4.1749385e-1
1.78128e-1 2.22780817e0 -5.6745949e-1 -5.6745949e-1
2.03432e-1 2.22780817e0 -7.4053117e-1 -7.4053117e-1
2.2873601e-1 2.22780817e0 -9.3678334e-1 -9.3678334e-1
2.5404001e-1 2.22780817e0 -1.15630142e0 -1.15630142e0
2.7934401e-1 2.22780817e0 -1.39917543e0 -1.39917543e0
3.0464801e-1 2.22780817e0 -1.66551152e0 -1.66551152e0
3.2995201e-1 2.22780817e0 -1.955424e0 -1.955424e0
3.5525601e-1 2.22780817e0 -2.2690363e0 -2.2690363e0
3.8056001e-1 2.22780817e0 -2.6064793e0 -2.6064793e0
4.0586401e-1 2.22780817e0 -2.967899e0 -2.967899e0
4.3116801e-1 2.22780817e0 -3.3534492e0 -3.3534492e0
4.5647202e-1 2.22780817e0 -3.7632864e0 -3.7632864e0
4.8177602e-1 2.22780817e0 -4.197589e0 -4.197589e0
5.0708002e-1 2.22780817e0 -4.6565353e0 -4.6565353e0
5.3238402e-1 2.22780817e0 -5.1403198e0 -5.1403198e0
5.5768802e-1 2.22780817e0 -5.6491466e0 -5.6491466e0
5.8299202e-1 2.22780817e0 -6.1832227e0 -6.1832227e0
6.0829602e-1 2.22780817e0 -6.742777e0 -6.742777e0
6.3360002e-1 2.22780817e0 -7.3280302e0 -7.3280302e0
6.5890402e-1 2.22780817e0 -7.939236e0 -7.939236e0
6.8420802e-1 2.22780817e0 -8.5766412e0 -8.5766412e0
7.0951202e-1 2.22780817e0 -9.2404994e0 -9.2404994e0
7.3481602e-1 2.22780817e0 -9.9310982e0 -9.9310982e0
7.6012003e-1 2.22780817e0 -1.06487051e1 -1.06487051e1
7.8542403e-1 2.22780817e0 -1.1393608e1 -1.1393608e1
8.1072803e-1 2.22780817e0 -1.21661153e1 -1.21661153e1
8.3603203e-1 2.22780817e0 -1.29665329e1 -1.29665329e1
8.6133603e-1 2.22780817e0 -1.37951874e1 -1.37951874e1
8.8664003e-1 2.22780817e0 -1.46524048e1 -1.46524048e1
9.1194403e-1 2.22780817e0 -1.55385152e1 -1.55385152e1
9.3724803e-1 2.22780817e0 -1.64538959e1 -1.64538959e1
9.6255203e-1 2.22780817e0 -1.73988832e1 -1.73988832e1
9.8785603e-1 2.22780817e0 -1.83738405e1 -1.83738405e1
1.01316e0 2.22780817e0 -1.9379202e1 -1.9379202e1
1.0384639e0 2.22780817e0 -2.0415274e1 -2.0415274e1
1.063768e0 2.22780817e0 -2.1482472e1 -2.1482472e1
1.089072e0 2.22780817e0 -2.258122e1 -2.258122e1
1.1143759e0 2.22780817e0 -2.3711967e1 -2.3711967e1
1.13968e0 2.22780817e0 -2.4875171e1 -2.4875171e1
1.164984e0 2.22780817e0 -2.6071184e1 -2.6071184e1
1.190288e0 2.22780817e0 -2.7300452e1 -2.7300452e1
1.2155919e0 2.22780817e0 -2.8563469e1 -2.8563469e1
1.240896e0 2.22780817e0 -2.9860779e1 -2.9860779e1
1.2662e0 2.22780817e0 -3.1192694e1 -3.1192694e1
1.2915039e0 2.22780817e0 -3.2559839e1 -3.2559839e1
1.316808e0 2.22780817e0 -3.3962631e1 -3.3962631e1
1.342112e0 2.22780817e0 -3.540169e1 -3.540169e1
1.367416e0 2.22780817e0 -3.687736e1 -3.687736e1
1.39272e0 2.22780817e0 -3.8390254e1 -3.8390254e1
1.418024e0 2.22780817e0 -3.9940938e1 -3.9940938e1
1.443328e0 2.22780817e0 -4.1529929e1 -4.1529929e1
1.4686319e0 2.22780817e0 -4.3157874e1 -4.3157874e1
1.493936e0 2.22780817e0 -4.4825159e1 -4.4825159e1
1.51924e0 2.22780817e0 -4.653245e1 -4.653245e1
1.5445439e0 2.22780817e0 -4.8280327e1 -4.8280327e1
1.569848e0 2.22780817e0 -5.0069519e1 -5.0069519e1
1.595152e0 2.22780817e0 -5.1900446e1 -5.1900446e1
1.620456e0 2.22780817e0 -5.377375e1 -5.377375e1
1.64576e0 2.22780817e0 -5.5690079e1 -5.5690079e1
1.671064e0 2.22780817e0 -5.765017e1 -5.765017e1
1.696368e0 2.22780817e0 -5.9654524e1 -5.9654524e1
1.7216719e0 2.22780817e0 -6.1703802e1 -6.1703802e1
1.746976e0 2.22780817e0 -6.3798746e1 -6.3798746e1
1.77228e0 2.22780817e0 -6.5939998e1 -6.5939998e1
1.7975839e0 2.22780817e0 -6.8128336e1 -6.8128336e1
1.822888e0 2.22780817e0 -7.0364297e1 -7.0364297e1
1.848192e0 2.22780817e0 -7.2648616e1 -7.2648616e1
1.873496e0 2.22780817e0 -7.4982019e1 -7.4982019e1
1.8987999e0 2.22780817e0 -7.7365431e1 -7.7365431e1
1.924104e0 2.22780817e0 -7.9799277e1 -7.9799277e1
1.949408e0 2.22780817e0 -8.2284369e1 -8.2284369e1
1.9747119e0 2.22780817e0 -8.482161e1 -8.482161e1
2.000016e0 2.22780817e0 -8.7411612e1 -8.7411612e1

1.0e-3 2.27844017e0 -1.8765182e-5 -1.8765182e-5
2.6304001e-2 2.27844017e0 -1.29841138e-2 -1.29841138e-2
5.1608002e-2 2.27844017e0 -4.9986005e-2 -4.9986005e-2
7.6912003e-2 2.27844017e0 -1.11039536e-1 -1.11039536e-1
1.02216e-1 2.27844017e0 -1.9616992e-1 -1.9616992e-1
1.2752e-1 2.27844017e0 -3.054115e-1 -3.054115e-1
1.52824e-1 2.27844017e0 -4.3880914e-1 -4.3880914e-1
1.78128e-1 2.27844017e0 -5.9641827e-1 -5.9641827e-1
2.03432e-1 2.27844017e0 -7.783018e-1 -7.783018e-1
2.2873601e-1 2.27844017e0 -9.8453377e-1 -9.8453377e-1
2.5404001e-1 2.27844017e0 -1.2152011e0 -1.2152011e0
2.7934401e-1 2.27844017e0 -1.470393e0 -1.470393e0
3.0464801e-1 2.27844017e0 -1.75021715e0 -1.75021715e0
3.2995201e-1 2.27844017e0 -2.0547836e0 -2.0547836e0
3.5525601e-1 2.27844017e0 -2.38422e0 -2.38422e0
3.8056001e-1 2.27844017e0 -2.7386581e0 -2.7386581e0
4.0586401e-1 2.27844017e0 -3.1182373e0 -3.1182373e0
4.3116801e-1 2.27844017e0 -3.5231178e0 -3.5231178e0
4.5647202e-1 2.27844017e0 -3.9534541e0 -3.9534541e0
4.8177602e-1 2.27844017e0 -4.4094244e0 -4.4094244e0
5.0708002e-1 2.27844017e0 -4.8912114e0 -4.8912114e0
5.3238402e-1 2.27844017e0 -5.3990015e0 -5.3990015e0
5.5768802e-1 2.27844017e0 -5.932998e0 -5.932998e0
5.8299202e-1 2.27844017e0 -6.4934221e0 -6.4934221e0
6.0829602e-1 2.27844017e0 -7.0804826e0 -7.0804826e0
6.3360002e-1 2.27844017e0 -7.6944223e0 -7.6944223e0
6.5890402e-1 2.27844017e0 -8.3354707e0 -8.3354707e0
6.8420802e-1 2.27844017e0 -9.003901e0 -9.003901e0
7.0951202e-1 2.27844017e0 -9.6999461e0 -9.6999461e0
7.3481602e-1 2.27844017e0 -1.04238924e1 -1.04238924e1
7.6012003e-1 2.27844017e0 -1.11760236e1 -1.11760236e1
7.8542403e-1 2.27844017e0 -1.19566188e1 -1.19566188e1
8.1072803e-1 2.27844017e0 -1.27659874e1 -1.27659874e1
8.3603203e-1 2.27844017e0 -1.36044461e1 -1.36044461e1
8.6133603e-1 2.27844017e0 -1.44723001e1 -1.44723001e1
8.8664003e-1 2.27844017e0 -1.53698737e1 -1.53698737e1
9.1194403e-1 2.27844017e0 -1.6297533e1 -1.6297533e1
9.3724803e-1 2.27844017e0 -1.72556062e1 -1.72556062e1
9.6255203e-1 2.27844017e0 -1.82444673e1 -1.82444673e1
9.8785603e-1 2.27844017e0 -1.9264467e1 -1.9264467e1
1.01316e0 2.27844017e0 -2.0316058e1 -2.0316058e1
1.0384639e0 2.27844017e0 -2.1399493e1 -2.1399493e1
1.063768e0 2.27844017e0 -2.2515239e1 -2.2515239e1
1.089072e0 2.27844017e0 -2.3663702e1 -2.3663702e1
1.1143759e0 2.27844017e0 -2.4845337e1 -2.4845337e1
1.13968e0 2.27844017e0 -2.6060597e1 -2.6060597e1
1.164984e0 2.27844017e0 -2.7309833e1 -2.7309833e1
1.190288e0 2.27844017e0 -2.8593492e1 -2.8593492e1
1.2155919e0 2.27844017e0 -2.9912094e1 -2.9912094e1
1.240896e0 2.27844017e0 -3.1266113e1 -3.1266113e1
1.2662e0 2.27844017e0 -3.265595e1 -3.265595e1
1.2915039e0 2.27844017e0 -3.4082138e1 -3.4082138e1
1.316808e0 2.27844017e0 -3.5545192e1 -3.5545192e1
1.342112e0 2.27844017e0 -3.7045633e1 -3.7045633e1
1.367416e0 2.27844017e0 -3.8583875e1 -3.8583875e1
1.39272e0 2.27844017e0 -4.0160538e1 -4.0160538e1
1.418024e0 2.27844017e0 -4.1776134e1 -4.1776134e1
1.443328e0 2.27844017e0 -4.3431206e1 -4.3431206e1
1.4686319e0 2.27844017e0 -4.5126404e1 -4.5126404e1
1.493936e0 2.27844017e0 -4.6862105e1 -4.6862105e1
1.51924e0 2.27844017e0 -4.8638947e1 -4.8638947e1
1.5445439e0 2.27844017e0 -5.0457614e1 -5.0457614e1
1.569848e0 2.27844017e0 -5.2318735e1 -5.2318735e1
1.595152e0 2.27844017e0 -5.4222716e1 -5.4222716e1
1.620456e0 2.27844017e0 -5.6170279e1 -5.6170279e1
1.64576e0 2.27844017e0 -5.8162038e1 -5.8162038e1
1.671064e0 2.27844017e0 -6.0198773e1 -6.0198773e1
1.696368e0 2.27844017e0 -6.228085e1 -6.228085e1
1.7216719e0 2.27844017e0 -6.4409064e1 -6.4409064e1
1.746976e0 2.27844017e0 -6.6584111e1 -6.6584111e1
1.77228e0 2.27844017e0 -6.8806635e1 -6.8806635e1
1.7975839e0 2.27844017e0 -7.1077467e1 -7.1077467e1
1.822888e0 2.27844017e0 -7.3396991e1 -7.3396991e1
1.848192e0 2.27844017e0 -7.5766087e1 -7.5766087e1
1.873496e0 2.27844017e0 -7.818549e1 -7.818549e1
1.8987999e0 2.27844017e0 -8.0656027e1 -8.0656027e1
1.924104e0 2.27844017e0 -8.31781e1 -8.31781e1
1.949408e0 2.27844017e0 -8.5752704e1 -8.5752704e1
1.9747119e0 2.27844017e0 -8.838051e1 -8.838051e1
2.000016e0 2.27844017e0 -9.1062302e1 -9.1062302e1

1.0e-3 2.32907217e0 -1.9698318e-5 -1.9698318e-5
2.6304001e-2 2.32907217e0 -1.36297511e-2 -1.36297511e-2
5.1608002e-2 2.32907217e0 -5.2471307e-2 -5.2471307e-2
7.6912003e-2 2.32907217e0 -1.1655946e-1 -1.1655946e-1
1.02216e-1 2.32907217e0 -2.059196e-1 -2.059196e-1
1.2752e-1 2.32907217e0 -3.205858e-1 -3.205858e-1
1.52824e-1 2.32907217e0 -4.6060269e-1 -4.6060269e-1
1.78128e-1 2.32907217e0 -6.2602629e-1 -6.2602629e-1
2.03432e-1 2.32907217e0 -8.1691925e-1 -8.1691925e-1
2.2873601e-1 2.32907217e0 -1.03335638e0 -1.03335638e0
2.5404001e-1 2.32907217e0 -1.27542229e0 -1.27542229e0
2.7934401e-1 2.32907217e0 -1.54320967e0 -1.54320967e0
3.0464801e-1 2.32907217e0 -1.83682187e0 -1.83682187e0
3.2995201e-1 2.32907217e0 -2.1563742e0 -2.1563742e0
3.5525601e-1 2.32907217e0 -2.50199e0 -2.50199e0
3.8056001e-1 2.32907217e0 -2.8738004e0 -2.8738004e0
4.0586401e-1 2.32907217e0 -3.2719485e0 -3.2719485e0
4.3116801e-1 2.32907217e0 -3.6965933e0 -3.6965933e0
4.5647202e-1 2.32907217e0 -4.1478885e0 -4.1478885e0
4.8177602e-1 2.32907217e0 -4.6260129e0 -4.6260129e0
5.0708002e-1 2.32907217e0 -5.1311488e0 -5.1311488e0
5.3238402e-1 2.32907217e0 -5.6634828e0 -5.6634828e0
5.5768802e-1 2.32907217e0 -6.223223e0 -6.223223e0
5.8299202e-1 2.32907217e0 -6.810576e0 -6.810576e0
6.0829602e-1 2.32907217e0 -7.425771e0 -7.425771e0
6.3360002e-1 2.32907217e0 -8.0690288e0 -8.0690288e0
6.5890402e-1 2.32907217e0 -8.7406024e0 -8.7406024e0
6.8420802e-1 2.32907217e0 -9.44074e0 -9.44074e0
7.0951202e-1 2.32907217e0 -1.01696936e1 -1.01696936e1
7.3481602e-1 2.32907217e0 -1.09277432e1 -1.09277432e1
7.6012003e-1 2.32907217e0 -1.17151732e1 -1.17151732e1
7.8542403e-1 2.32907217e0 -1.25322618e1 -1.25322618e1
8.1072803e-1 2.32907217e0 -1.33793188e1 -1.33793188e1
8.3603203e-1 2.32907217e0 -1.42566612e1 -1.42566612e1
8.6133603e-1 2.32907217e0 -1.51645937e1 -1.51645937e1
8.8664003e-1 2.32907217e0 -1.61034523e1 -1.61034523e1
9.1194403e-1 2.32907217e0 -1.7073568e1 -1.7073568e1
9.3724803e-1 2.32907217e0 -1.8075318e1 -1.8075318e1
9.6255203e-1 2.32907217e0 -1.91090237e1 -1.91090237e1
9.8785603e-1 2.32907217e0 -2.01750914e1 -2.01750914e1
1.01316e0 2.32907217e0 -2.1273918e1 -2.1273918e1
1.0384639e0 2.32907217e0 -2.2405795e1 -2.2405795e1
1.063768e0 2.32907217e0 -2.3571194e1 -2.3571194e1
1.089072e0 2.32907217e0 -2.4770491e1 -2.4770491e1
1.1143759e0 2.32907217e0 -2.6004153e1 -2.6004153e1
1.13968e0 2.32907217e0 -2.7272641e1 -2.7272641e1
1.164984e0 2.32907217e0 -2.8576295e1 -2.8576295e1
1.190288e0 2.32907217e0 -2.9915546e1 -2.9915546e1
1.2155919e0 2.32907217e0 -3.1290953e1 -3.1290953e1
1.240896e0 2.32907217e0 -3.2703001e1 -3.2703001e1
1.2662e0 2.32907217e0 -3.4152011e1 -3.4152011e1
1.2915039e0 2.32907217e0 -3.5638617e1 -3.5638617e1
1.316808e0 2.32907217e0 -3.7163234e1 -3.7163234e1
1.342112e0 2.32907217e0 -3.8726486e1 -3.8726486e1
1.367416e0 2.32907217e0 -4.0328706e1 -4.0328706e1
1.39272e0 2.32907217e0 -4.1970512e1 -4.1970512e1
1.418024e0 2.32907217e0 -4.3652475e1 -4.3652475e1
1.443328e0 2.32907217e0 -4.5375108e1 -4.5375108e1
1.4686319e0 2.32907217e0 -4.7139067e1 -4.7139067e1
1.493936e0 2.32907217e0 -4.894472e1 -4.894472e1
1.51924e0 2.32907217e0 -5.0792741e1 -5.0792741e1
1.5445439e0 2.32907217e0 -5.2683716e1 -5.2683716e1
1.569848e0 2.32907217e0 -5.4618378e1 -5.4618378e1
1.595152e0 2.32907217e0 -5.659713e1 -5.659713e1
1.620456e0 2.32907217e0 -5.862058e1 -5.862058e1
1.64576e0 2.32907217e0 -6.0689502e1 -6.0689502e1
1.671064e0 2.32907217e0 -6.2804517e1 -6.2804517e1
1.696368e0 2.32907217e0 -6.4966104e1 -6.4966104e1
1.7216719e0 2.32907217e0 -6.7175069e1 -6.7175069e1
1.746976e0 2.32907217e0 -6.9432019e1 -6.9432019e1
1.77228e0 2.32907217e0 -7.1737639e1 -7.1737639e1
1.7975839e0 2.32907217e0 -7.409272e1 -7.409272e1
1.822888e0 2.32907217e0 -7.649778e1 -7.649778e1
1.848192e0 2.32907217e0 -7.8953505e1 -7.8953505e1
1.873496e0 2.32907217e0 -8.1460785e1 -8.1460785e1
1.8987999e0 2.32907217e0 -8.4020396e1 -8.4020396e1
1.924104e0 2.32907217e0 -8.6632793e1 -8.6632793e1
1.949408e0 2.32907217e0 -8.9298799e1 -8.9298799e1
1.9747119e0 2.32907217e0 -9.201926e1 -9.201926e1
2.000016e0 2.32907217e0 -9.4794963e1 -9.4794963e1

1.0e-3 2.37970418e0 -2.0651978e-5 -2.0651978e-5
2.6304001e-2 2.37970418e0 -1.42895882e-2 -1.42895882e-2
5.1608002e-2 2.37970418e0 -5.501127e-2 -5.501127e-2
7.6912003e-2 2.37970418e0 -1.22200787e-1 -1.22200787e-1
1.02216e-1 2.37970418e0 -2.1588338e-1 -2.1588338e-1
1.2752e-1 2.37970418e0 -3.3609334e-1 -3.3609334e-1
1.52824e-1 2.37970418e0 -4.8287555e-1 -4.8287555e-1
1.78128e-1 2.37970418e0 -6.5628552e-1 -6.5628552e-1
2.03432e-1 2.37970418e0 -8.5638603e-1 -8.5638603e-1
2.2873601e-1 2.37970418e0 -1.08325116e0 -1.08325116e0
2.5404001e-1 2.37970418e0 -1.33696797e0 -1.33696797e0
2.7934401e-1 2.37970418e0 -1.61762662e0 -1.61762662e0
3.0464801e-1 2.37970418e0 -1.92533134e0 -1.92533134e0
3.2995201e-1 2.37970418e0 -2.2601956e0 -2.2601956e0
3.5525601e-1 2.37970418e0 -2.6223483e0 -2.6223483e0
3.8056001e-1 2.37970418e0 -3.011915e0 -3.011915e0
4.0586401e-1 2.37970418e0 -3.4290405e0 -3.4290405e0
4.3116801e-1 2.37970418e0 -3.8738841e0 -3.8738841e0
4.5647202e-1 2.37970418e0 -4.3465993e0 -4.3465993e0
4.8177602e-1 2.37970418e0 -4.847365e0 -4.847365e0
5.0708002e-1 2.37970418e0 -5.3763635e0 -5.3763635e0
5.3238402e-1 2.37970418e0 -5.933781e0 -5.933781e0
5.5768802e-1 2.37970418e0 -6.5198213e0 -6.5198213e0
5.8299202e-1 2.37970418e0 -7.1347055e0 -7.1347055e0
6.0829602e-1 2.37970418e0 -7.7786479e0 -7.7786479e0
6.3360002e-1 2.37970418e0 -8.4518742e0 -8.4518742e0
6.5890402e-1 2.37970418e0 -9.154631e0 -9.154631e0
6.8420802e-1 2.37970418e0 -9.8871867e0 -9.8871867e0
7.0951202e-1 2.37970418e0 -1.06497725e1 -1.06497725e1
7.3481602e-1 2.37970418e0 -1.14426758e1 -1.14426758e1
7.6012003e-1 2.37970418e0 -1.22661809e1 -1.22661809e1
7.8542403e-1 2.37970418e0 -1.31205653e1 -1.31205653e1
8.1072803e-1 2.37970418e0 -1.40061398e1 -1.40061398e1
8.3603203e-1 2.37970418e0 -1.4923221e1 -1.4923221e1
8.6133603e-1 2.37970418e0 -1.58721132e1 -1.58721132e1
8.8664003e-1 2.37970418e0 -1.68531528e1 -1.68531528e1
9.1194403e-1 2.37970418e0 -1.78666707e1 -1.78666707e1
9.3724803e-1 2.37970418e0 -1.89130446e1 -1.89130446e1
9.6255203e-1 2.37970418e0 -1.99925949e1 -1.99925949e1
9.8785603e-1 2.37970418e0 -2.11057285e1 -2.11057285e1
1.01316e0 2.37970418e0 -2.2252844e1 -2.2252844e1
1.0384639e0 2.37970418e0 -2.343423e1 -2.343423e1
1.063768e0 2.37970418e0 -2.465034e1 -2.465034e1
1.089072e0 2.37970418e0 -2.5901585e1 -2.5901585e1
1.1143759e0 2.37970418e0 -2.7188419e1 -2.7188419e1
1.13968e0 2.37970418e0 -2.85113e1 -2.85113e1
1.164984e0 2.37970418e0 -2.987057e1 -2.987057e1
1.190288e0 2.37970418e0 -3.1266675e1 -3.1266675e1
1.2155919e0 2.37970418e0 -3.270014e1 -3.270014e1
1.240896e0 2.37970418e0 -3.4171445e1 -3.4171445e1
1.2662e0 2.37970418e0 -3.5680977e1 -3.5680977e1
1.2915039e0 2.37970418e0 -3.7229305e1 -3.7229305e1
1.316808e0 2.37970418e0 -3.8816862e1 -3.8816862e1
1.342112e0 2.37970418e0 -4.0444281e1 -4.0444281e1
1.367416e0 2.37970418e0 -4.2111884e1 -4.2111884e1
1.39272e0 2.37970418e0 -4.3820294e1 -4.3820294e1
1.418024e0 2.37970418e0 -4.5570085e1 -4.5570085e1
1.443328e0 2.37970418e0 -4.7361765e1 -4.7361765e1
1.4686319e0 2.37970418e0 -4.9195998e1 -4.9195998e1
1.493936e0 2.37970418e0 -5.107314e1 -5.107314e1
1.51924e0 2.37970418e0 -5.2993837e1 -5.2993837e1
1.5445439e0 2.37970418e0 -5.4958778e1 -5.4958778e1
1.569848e0 2.37970418e0 -5.6968599e1 -5.6968599e1
1.595152e0 2.37970418e0 -5.9023726e1 -5.9023726e1
1.620456e0 2.37970418e0 -6.1124773e1 -6.1124773e1
1.64576e0 2.37970418e0 -6.3272511e1 -6.3272511e1
1.671064e0 2.37970418e0 -6.5467569e1 -6.5467569e1
1.696368e0 2.37970418e0 -6.7710416e1 -6.7710416e1
1.7216719e0 2.37970418e0 -7.0001816e1 -7.0001816e1
1.746976e0 2.37970418e0 -7.2342514e1 -7.2342514e1
1.77228e0 2.37970418e0 -7.4733058e1 -7.4733058e1
1.7975839e0 2.37970418e0 -7.7174287e1 -7.7174287e1
1.822888e0 2.37970418e0 -7.9666713e1 -7.9666713e1
1.848192e0 2.37970418e0 -8.2211026e1 -8.2211026e1
1.873496e0 2.37970418e0 -8.4808113e1 -8.4808113e1
1.8987999e0 2.37970418e0 -8.7458762e1 -8.7458762e1
1.924104e0 2.37970418e0 -9.0163408e1 -9.0163408e1
1.949408e0 2.37970418e0 -9.2922885e1 -9.2922885e1
1.9747119e0 2.37970418e0 -9.573804e1 -9.573804e1
2.000016e0 2.37970418e0 -9.8609659e1 -9.8609659e1

1.0e-3 2.43033618e0 -2.1626129e-5 -2.1626129e-5
2.6304001e-2 2.43033618e0 -1.49636041e-2 -1.49636041e-2
5.1608002e-2 2.43033618e0 -5.7605852e-2 -5.7605852e-2
7.6912003e-2 2.43033618e0 -1.2796343e-1 -1.2796343e-1
1.02216e-1 2.43033618e0 -2.260616e-1 -2.260616e-1
1.2752e-1 2.43033618e0 -3.519346e-1 -3.519346e-1
1.52824e-1 2.43033618e0 -5.0562738e-1 -5.0562738e-1
1.78128e-1 2.43033618e0 -6.8719543e-1 -6.8719543e-1
2.03432e-1 2.43033618e0 -8.9670088e-1 -8.9670088e-1
2.2873601e-1 2.43033618e0 -1.13421971e0 -1.13421971e0
2.5404001e-1 2.43033618e0 -1.39983618e0 -1.39983618e0
2.7934401e-1 2.43033618e0 -1.69364267e0 -1.69364267e0
3.0464801e-1 2.43033618e0 -2.01574274e0 -2.01574274e0
3.2995201e-1 2.43033618e0 -2.3662515e0 -2.3662515e0
3.5525601e-1 2.43033618e0 -2.7452928e0 -2.7452928e0
3.8056001e-1 2.43033618e0 -3.1529973e0 -3.1529973e0
4.0586401e-1 2.43033618e0 -3.589508e0 -3.589508e0
4.3116801e-1 2.43033618e0 -4.0549876e0 -4.0549876e0
4.5647202e-1 2.43033618e0 -4.5495833e0 -4.5495833e0
4.8177602e-1 2.43033618e0 -5.0734735e0 -5.0734735e0
5.0708002e-1 2.43033618e0 -5.6268474e0 -5.6268474e0
5.3238402e-1 2.43033618e0 -6.2098875e0 -6.2098875e0
5.5768802e-1 2.43033618e0 -6.8228027e0 -6.8228027e0
5.8299202e-1 2.43033618e0 -7.4657999e0 -7.4657999e0
6.0829602e-1 2.43033618e0 -8.1391075e0 -8.1391075e0
6.3360002e-1 2.43033618e0 -8.8429463e0 -8.8429463e0
6.5890402e-1 2.43033618e0 -9.5775699e0 -9.5775699e0
6.8420802e-1 2.43033618e0 -1.03432268e1 -1.03432268e1
7.0951202e-1 2.43033618e0 -1.11401675e1 -1.11401675e1
7.3481602e-1 2.43033618e0 -1.19686734e1 -1.19686734e1
7.6012003e-1 2.43033618e0 -1.28290375e1 -1.28290375e1
7.8542403e-1 2.43033618e0 -1.37215201e1 -1.37215201e1
8.1072803e-1 2.43033618e0 -1.46464299e1 -1.46464299e1
8.3603203e-1 2.43033618e0 -1.5604104e1 -1.5604104e1
8.6133603e-1 2.43033618e0 -1.65948361e1 -1.65948361e1
8.8664003e-1 2.43033618e0 -1.76189632e1 -1.76189632e1
9.1194403e-1 2.43033618e0 -1.8676816e1 -1.8676816e1
9.3724803e-1 2.43033618e0 -1.97687724e1 -1.97687724e1
9.6255203e-1 2.43033618e0 -2.08951666e1 -2.08951666e1
9.8785603e-1 2.43033618e0 -2.20563635e1 -2.20563635e1
1.01316e0 2.43033618e0 -2.3252808e1 -2.3252808e1
1.0384639e0 2.43033618e0 -2.448478e1 -2.448478e1
1.063768e0 2.43033618e0 -2.575271e1 -2.575271e1
1.089072e0 2.43033618e0 -2.7057022e1 -2.7057022e1
1.1143759e0 2.43033618e0 -2.839817e1 -2.839817e1
1.13968e0 2.43033618e0 -2.9776617e1 -2.9776617e1
1.164984e0 2.43033618e0 -3.1192697e1 -3.1192697e1
1.190288e0 2.43033618e0 -3.2646837e1 -3.2646837e1
1.2155919e0 2.43033618e0 -3.4139607e1 -3.4139607e1
1.240896e0 2.43033618e0 -3.567149e1 -3.567149e1
1.2662e0 2.43033618e0 -3.7242798e1 -3.7242798e1
1.2915039e0 2.43033618e0 -3.8854172e1 -3.8854172e1
1.316808e0 2.43033618e0 -4.0506024e1 -4.0506024e1
1.342112e0 2.43033618e0 -4.2198987e1 -4.2198987e1
1.367416e0 2.43033618e0 -4.3933379e1 -4.3933379e1
1.39272e0 2.43033618e0 -4.5709825e1 -4.5709825e1
1.418024e0 2.43033618e0 -4.75289e1 -4.75289e1
1.443328e0 2.43033618e0 -4.9391112e1 -4.9391112e1
1.4686319e0 2.43033618e0 -5.1297127e1 -5.1297127e1
1.493936e0 2.43033618e0 -5.3247295e1 -5.3247295e1
1.51924e0 2.43033618e0 -5.52423e1 -5.52423e1
1.5445439e0 2.43033618e0 -5.7282765e1 -5.7282765e1
1.569848e0 2.43033618e0 -5.936932e1 -5.936932e1
1.595152e0 2.43033618e0 -6.1502466e1 -6.1502466e1
1.620456e0 2.43033618e0 -6.3682814e1 -6.3682814e1
1.64576e0 2.43033618e0 -6.5911024e1 -6.5911024e1
1.671064e0 2.43033618e0 -6.8187888e1 -6.8187888e1
1.696368e0 2.43033618e0 -7.0513742e1 -7.0513742e1
1.7216719e0 2.43033618e0 -7.2889395e1 -7.2889395e1
1.746976e0 2.43033618e0 -7.531555e1 -7.531555e1
1.77228e0 2.43033618e0 -7.7792844e1 -7.7792844e1
1.7975839e0 2.43033618e0 -8.0322072e1 -8.0322072e1
1.822888e0 2.43033618e0 -8.2903743e1 -8.2903743e1
1.848192e0 2.43033618e0 -8.5538597e1 -8.5538597e1
1.873496e0 2.43033618e0 -8.8227371e1 -8.8227371e1
1.8987999e0 2.43033618e0 -9.0971011e1 -9.0971011e1
1.924104e0 2.43033618e0 -9.376989e1 -9.376989e1
1.949408e0 2.43033618e0 -9.6624847e1 -9.6624847e1
1.9747119e0 2.43033618e0 -9.9536789e1 -9.9536789e1
2.000016e0 2.43033618e0 -1.02506325e2 -1.02506325e2

1.0e-3 2.48096819e0 -2.2620804e-5 -2.2620804e-5
2.6304001e-2 2.48096819e0 -1.565182e-2 -1.565182e-2
5.1608002e-2 2.48096819e0 -6.0255016e-2 -6.0255016e-2
7.6912003e-2 2.48096819e0 -1.33847383e-1 -1.33847383e-1
1.02216e-1 2.48096819e0 -2.3645407e-1 -2.3645407e-1
1.2752e-1 2.48096819e0 -3.6810912e-1 -3.6810912e-1
1.52824e-1 2.48096819e0 -5.2885782e-1 -5.2885782e-1
1.78128e-1 2.48096819e0 -7.1875558e-1 -7.1875558e-1
2.03432e-1 2.48096819e0 -9.3786508e-1 -9.3786508e-1
2.2873601e-1 2.48096819e0 -1.18626123e0 -1.18626123e0
2.5404001e-1 2.48096819e0 -1.46402887e0 -1.46402887e0
2.7934401e-1 2.48096819e0 -1.77126021e0 -1.77126021e0
3.0464801e-1 2.48096819e0 -2.10805888e0 -2.10805888e0
3.2995201e-1 2.48096819e0 -2.47454e0 -2.47454e0
3.5525601e-1 2.48096819e0 -2.8708276e0 -2.8708276e0
3.8056001e-1 2.48096819e0 -3.297052e0 -3.297052e0
4.0586401e-1 2.48096819e0 -3.7533563e0 -3.7533563e0
4.3116801e-1 2.48096819e0 -4.2399007e0 -4.2399007e0
4.5647202e-1 2.48096819e0 -4.7568372e0 -4.7568372e0
4.8177602e-1 2.48096819e0 -5.3043456e0 -5.3043456e0
5.0708002e-1 2.48096819e0 -5.8826083e0 -5.8826083e0
5.3238402e-1 2.48096819e0 -6.4918109e0 -6.4918109e0
5.5768802e-1 2.48096819e0 -7.1321625e0 -7.1321625e0
5.8299202e-1 2.48096819e0 -7.8038696e0 -7.8038696e0
6.0829602e-1 2.48096819e0 -8.5071611e0 -8.5071611e0
6.3360002e-1 2.48096819e0 -9.2422575e0 -9.2422575e0
6.5890402e-1 2.48096819e0 -1.00094122e1 -1.00094122e1
6.8420802e-1 2.48096819e0 -1.08088745e1 -1.08088745e1
7.0951202e-1 2.48096819e0 -1.1640894e1 -1.1640894e1
7.3481602e-1 2.48096819e0 -1.25057526e1 -1.25057526e1
7.6012003e-1 2.48096819e0 -1.34037344e1 -1.34037344e1
7.8542403e-1 2.48096819e0 -1.43351163e1 -1.43351163e1
8.1072803e-1 2.48096819e0 -1.53002095e1 -1.53002095e1
8.3603203e-1 2.48096819e0 -1.62993317e1 -1.62993317e1
8.6133603e-1 2.48096819e0 -1.7332785e1 -1.7332785e1
8.8664003e-1 2.48096819e0 -1.84009073e1 -1.84009073e1
9.1194403e-1 2.48096819e0 -1.95040291e1 -1.95040291e1
9.3724803e-1 2.48096819e0 -2.06425285e1 -2.06425285e1
9.6255203e-1 2.48096819e0 -2.18167249e1 -2.18167249e1
9.8785603e-1 2.48096819e0 -2.3027026e1 -2.3027026e1
1.01316e0 2.48096819e0 -2.4273836e1 -2.4273836e1
1.0384639e0 2.48096819e0 -2.555743e1 -2.555743e1
1.063768e0 2.48096819e0 -2.6878287e1 -2.6878287e1
1.089072e0 2.48096819e0 -2.8236783e1 -2.8236783e1
1.1143759e0 2.48096819e0 -2.963339e1 -2.963339e1
1.13968e0 2.48096819e0 -3.1068571e1 -3.1068571e1
1.164984e0 2.48096819e0 -3.2542638e1 -3.2542638e1
1.190288e0 2.48096819e0 -3.4056078e1 -3.4056078e1
1.2155919e0 2.48096819e0 -3.5609401e1 -3.5609401e1
1.240896e0 2.48096819e0 -3.7203114e1 -3.7203114e1
1.2662e0 2.48096819e0 -3.8837523e1 -3.8837523e1
1.2915039e0 2.48096819e0 -4.0513272e1 -4.0513272e1
1.316808e0 2.48096819e0 -4.2230774e1 -4.2230774e1
1.342112e0 2.48096819e0 -4.3990662e1 -4.3990662e1
1.367416e0 2.48096819e0 -4.579325e1 -4.579325e1
1.39272e0 2.48096819e0 -4.7639165e1 -4.7639165e1
1.418024e0 2.48096819e0 -4.9528983e1 -4.9528983e1
1.443328e0 2.48096819e0 -5.1463213e1 -5.1463213e1
1.4686319e0 2.48096819e0 -5.3442523e1 -5.3442523e1
1.493936e0 2.48096819e0 -5.5467255e1 -5.5467255e1
1.51924e0 2.48096819e0 -5.7538098e1 -5.7538098e1
1.5445439e0 2.48096819e0 -5.9655638e1 -5.9655638e1
1.569848e0 2.48096819e0 -6.1820622e1 -6.1820622e1
1.595152e0 2.48096819e0 -6.4033427e1 -6.4033427e1
1.620456e0 2.48096819e0 -6.6294669e1 -6.6294669e1
1.64576e0 2.48096819e0 -6.8605125e1 -6.8605125e1
1.671064e0 2.48096819e0 -7.0965433e1 -7.0965433e1
1.696368e0 2.48096819e0 -7.337604e1 -7.337604e1
1.7216719e0 2.48096819e0 -7.583772e1 -7.583772e1
1.746976e0 2.48096819e0 -7.8351222e1 -7.8351222e1
1.77228e0 2.48096819e0 -8.0917091e1 -8.0917091e1
1.7975839e0 2.48096819e0 -8.3536174e1 -8.3536174e1
1.822888e0 2.48096819e0 -8.6208969e1 -8.6208969e1
1.848192e0 2.48096819e0 -8.8936168e1 -8.8936168e1
1.873496e0 2.48096819e0 -9.1718665e1 -9.1718665e1
1.8987999e0 2.48096819e0 -9.4557256e1 -9.4557256e1
1.924104e0 2.48096819e0 -9.7452351e1 -9.7452351e1
1.949408e0 2.48096819e0 -1.004048e2 -1.004048e2
1.9747119e0 2.48096819e0 -1.03415509e2 -1.03415509e2
2.000016e0 2.48096819e0 -1.06485083e2 -1.06485083e2

1.0e-3 2.53160019e0 -2.3636017e-5 -2.3636017e-5
2.6304001e-2 2.53160019e0 -1.63542465e-2 -1.63542465e-2
5.1608002e-2 2.53160019e0 -6.295892e-2 -6.295892e-2
7.6912003e-2 2.53160019e0 -1.3985274e-1 -1.3985274e-1
1.02216e-1 2.53160019e0 -2.4706099e-1 -2.4706099e-1
1.2752e-1 2.53160019e0 -3.8461786e-1 -3.8461786e-1
1.52824e-1 2.53160019e0 -5.5256828e-1 -5.5256828e-1
1.78128e-1 2.53160019e0 -7.5096788e-1 -7.5096788e-1
2.03432e-1 2.53160019e0 -9.7987926e-1 -9.7987926e-1
2.2873601e-1 2.53160019e0 -1.23937733e0 -1.23937733e0
2.5404001e-1 2.53160019e0 -1.52954701e0 -1.52954701e0
2.7934401e-1 2.53160019e0 -1.85048041e0 -1.85048041e0
3.0464801e-1 2.53160019e0 -2.2022812e0 -2.2022812e0
3.2995201e-1 2.53160019e0 -2.5850629e0 -2.5850629e0
3.5525601e-1 2.53160019e0 -2.9989543e0 -2.9989543e0
3.8056001e-1 2.53160019e0 -3.4440811e0 -3.4440811e0
4.0586401e-1 2.53160019e0 -3.9205878e0 -3.9205878e0
4.3116801e-1 2.53160019e0 -4.4286348e0 -4.4286348e0
4.5647202e-1 2.53160019e0 -4.9683737e0 -4.9683737e0
4.8177602e-1 2.53160019e0 -5.5399847e0 -5.5399847e0
5.0708002e-1 2.53160019e0 -6.1436504e0 -6.1436504e0
5.3238402e-1 2.53160019e0 -6.7795555e0 -6.7795555e0
5.5768802e-1 2.53160019e0 -7.4479051e0 -7.4479051e0
5.8299202e-1 2.53160019e0 -8.14892e0 -8.14892e0
6.0829602e-1 2.53160019e0 -8.8828143e0 -8.8828143e0
6.3360002e-1 2.53160019e0 -9.6498137e0 -9.6498137e0
6.5890402e-1 2.53160019e0 -1.04501648e1 -1.04501648e1
6.8420802e-1 2.53160019e0 -1.1284137e1 -1.1284137e1
7.0951202e-1 2.53160019e0 -1.21519597e1 -1.21519597e1
7.3481602e-1 2.53160019e0 -1.30539214e1 -1.30539214e1
7.6012003e-1 2.53160019e0 -1.39903069e1 -1.39903069e1
7.8542403e-1 2.53160019e0 -1.49613919e1 -1.49613919e1
8.1072803e-1 2.53160019e0 -1.59674886e1 -1.59674886e1
8.3603203e-1 2.53160019e0 -1.70089145e1 -1.70089145e1
8.6133603e-1 2.53160019e0 -1.80859715e1 -1.80859715e1
8.8664003e-1 2.53160019e0 -1.91989853e1 -1.91989853e1
9.1194403e-1 2.53160019e0 -2.03483226e1 -2.03483226e1
9.3724803e-1 2.53160019e0 -2.15343262e1 -2.15343262e1
9.6255203e-1 2.53160019e0 -2.27573262e1 -2.27573262e1
9.8785603e-1 2.53160019e0 -2.40177313e1 -2.40177313e1
1.01316e0 2.53160019e0 -2.5315947e1 -2.5315947e1
1.0384639e0 2.53160019e0 -2.6652245e1 -2.6652245e1
1.063768e0 2.53160019e0 -2.8027086e1 -2.8027086e1
1.089072e0 2.53160019e0 -2.9440884e1 -2.9440884e1
1.1143759e0 2.53160019e0 -3.0894093e1 -3.0894093e1
1.13968e0 2.53160019e0 -3.2387183e1 -3.2387183e1
1.164984e0 2.53160019e0 -3.3920473e1 -3.3920473e1
1.190288e0 2.53160019e0 -3.5494415e1 -3.5494415e1
1.2155919e0 2.53160019e0 -3.7109543e1 -3.7109543e1
1.240896e0 2.53160019e0 -3.8766364e1 -3.8766364e1
1.2662e0 2.53160019e0 -4.0465175e1 -4.0465175e1
1.2915039e0 2.53160019e0 -4.220663e1 -4.220663e1
1.316808e0 2.53160019e0 -4.3991136e1 -4.3991136e1
1.342112e0 2.53160019e0 -4.581933e1 -4.581933e1
1.367416e0 2.53160019e0 -4.7691522e1 -4.7691522e1
1.39272e0 2.53160019e0 -4.9608342e1 -4.9608342e1
1.418024e0 2.53160019e0 -5.1570364e1 -5.1570364e1
1.443328e0 2.53160019e0 -5.3578098e1 -5.3578098e1
1.4686319e0 2.53160019e0 -5.5632217e1 -5.5632217e1
1.493936e0 2.53160019e0 -5.7733054e1 -5.7733054e1
1.51924e0 2.53160019e0 -5.9881299e1 -5.9881299e1
1.5445439e0 2.53160019e0 -6.2077545e1 -6.2077545e1
1.569848e0 2.53160019e0 -6.4322537e1 -6.4322537e1
1.595152e0 2.53160019e0 -6.6616649e1 -6.6616649e1
1.620456e0 2.53160019e0 -6.8960493e1 -6.8960493e1
1.64576e0 2.53160019e0 -7.1354855e1 -7.1354855e1
1.671064e0 2.53160019e0 -7.3800372e1 -7.3800372e1
1.696368e0 2.53160019e0 -7.6297484e1 -7.6297484e1
1.7216719e0 2.53160019e0 -7.8846968e1 -7.8846968e1
1.746976e0 2.53160019e0 -8.1449574e1 -8.1449574e1
1.77228e0 2.53160019e0 -8.4105801e1 -8.4105801e1
1.7975839e0 2.53160019e0 -8.6816641e1 -8.6816641e1
1.822888e0 2.53160019e0 -8.9582443e1 -8.9582443e1
1.848192e0 2.53160019e0 -9.2403944e1 -9.2403944e1
1.873496e0 2.53160019e0 -9.5282048e1 -9.5282048e1
1.8987999e0 2.53160019e0 -9.8217549e1 -9.8217549e1
1.924104e0 2.53160019e0 -1.01210794e2 -1.01210794e2
1.949408e0 2.53160019e0 -1.04262804e2 -1.04262804e2
1.9747119e0 2.53160019e0 -1.07374258e2 -1.07374258e2
2.000016e0 2.53160019e0 -1.10545998e2 -1.10545998e2

1.0e-3 2.5822322e0 -2.4671707e-5 -2.4671707e-5
2.6304001e-2 2.5822322e0 -1.7070841e-2 -1.7070841e-2
5.1608002e-2 2.5822322e0 -6.5717363e-2 -6.5717363e-2
7.6912003e-2 2.5822322e0 -1.4597941e-1 -1.4597941e-1
1.02216e-1 2.5822322e0 -2.5788216e-1 -2.5788216e-1
1.2752e-1 2.5822322e0 -4.0145958e-1 -4.0145958e-1
1.52824e-1 2.5822322e0 -5.76757e-1 -5.76757e-1
1.78128e-1 2.5822322e0 -7.8382993e-1 -7.8382993e-1
2.03432e-1 2.5822322e0 -1.02274086e0 -1.02274086e0
2.2873601e-1 2.5822322e0 -1.29356479e0 -1.29356479e0
2.5404001e-1 2.5822322e0 -1.5963867e0 -1.5963867e0
2.7934401e-1 2.5822322e0 -1.93129851e0 -1.93129851e0
3.0464801e-1 2.5822322e0 -2.29840404e0 -2.29840404e0
3.2995201e-1 2.5822322e0 -2.6978183e0 -2.6978183e0
3.5525601e-1 2.5822322e0 -3.1296655e0 -3.1296655e0
3.8056001e-1 2.5822322e0 -3.594076e0 -3.594076e0
4.0586401e-1 2.5822322e0 -4.0911925e0 -4.0911925e0
4.3116801e-1 2.5822322e0 -4.6211757e0 -4.6211757e0
4.5647202e-1 2.5822322e0 -5.1841771e0 -5.1841771e0
4.8177602e-1 2.5822322e0 -5.780377e0 -5.780377e0
5.0708002e-1 2.5822322e0 -6.4099577e0 -6.4099577e0
5.3238402e-1 2.5822322e0 -7.0731041e0 -7.0731041e0
5.5768802e-1 2.5822322e0 -7.770026e0 -7.770026e0
5.8299202e-1 2.5822322e0 -8.5009302e0 -8.5009302e0
6.0829602e-1 2.5822322e0 -9.2660448e0 -9.2660448e0
6.3360002e-1 2.5822322e0 -1.00655905e1 -1.00655905e1
6.5890402e-1 2.5822322e0 -1.08998209e1 -1.08998209e1
6.8420802e-1 2.5822322e0 -1.17689857e1 -1.17689857e1
7.0951202e-1 2.5822322e0 -1.26733337e1 -1.26733337e1
7.3481602e-1 2.5822322e0 -1.3613147e1 -1.3613147e1
7.6012003e-1 2.5822322e0 -1.45887106e1 -1.45887106e1
7.8542403e-1 2.5822322e0 -1.56002998e1 -1.56002998e1
8.1072803e-1 2.5822322e0 -1.6648227e1 -1.6648227e1
8.3603203e-1 2.5822322e0 -1.77328099e1 -1.77328099e1
8.6133603e-1 2.5822322e0 -1.885435e1 -1.885435e1
8.8664003e-1 2.5822322e0 -2.0013185e1 -2.0013185e1
9.1194403e-1 2.5822322e0 -2.1209646e1 -2.1209646e1
9.3724803e-1 2.5822322e0 -2.24441116e1 -2.24441116e1
9.6255203e-1 2.5822322e0 -2.37168999e1 -2.37168999e1
9.8785603e-1 2.5822322e0 -2.50284193e1 -2.50284193e1
1.01316e0 2.5822322e0 -2.6379079e1 -2.6379079e1
1.0384639e0 2.5822322e0 -2.776914e1 -2.776914e1
1.063768e0 2.5822322e0 -2.9199094e1 -2.9199094e1
1.089072e0 2.5822322e0 -3.066931e1 -3.066931e1
1.1143759e0 2.5822322e0 -3.2180266e1 -3.2180266e1
1.13968e0 2.5822322e0 -3.373243e1 -3.373243e1
1.164984e0 2.5822322e0 -3.5326122e1 -3.5326122e1
1.190288e0 2.5822322e0 -3.6961766e1 -3.6961766e1
1.2155919e0 2.5822322e0 -3.8639944e1 -3.8639944e1
1.240896e0 2.5822322e0 -4.0361143e1 -4.0361143e1
1.2662e0 2.5822322e0 -4.2125658e1 -4.2125658e1
1.2915039e0 2.5822322e0 -4.3934143e1 -4.3934143e1
1.316808e0 2.5822322e0 -4.5787006e1 -4.5787006e1
1.342112e0 2.5822322e0 -4.7684885e1 -4.7684885e1
1.367416e0 2.5822322e0 -4.9628084e1 -4.9628084e1
1.39272e0 2.5822322e0 -5.1617236e1 -5.1617236e1
1.418024e0 2.5822322e0 -5.365292e1 -5.365292e1
1.443328e0 2.5822322e0 -5.5735641e1 -5.5735641e1
1.4686319e0 2.5822322e0 -5.7866078e1 -5.7866078e1
1.493936e0 2.5822322e0 -6.0044554e1 -6.0044554e1
1.51924e0 2.5822322e0 -6.2271764e1 -6.2271764e1
1.5445439e0 2.5822322e0 -6.4548302e1 -6.4548302e1
1.569848e0 2.5822322e0 -6.6874918e1 -6.6874918e1
1.595152e0 2.5822322e0 -6.9251974e1 -6.9251974e1
1.620456e0 2.5822322e0 -7.1680089e1 -7.1680089e1
1.64576e0 2.5822322e0 -7.416005e1 -7.416005e1
1.671064e0 2.5822322e0 -7.6692493e1 -7.6692493e1
1.696368e0 2.5822322e0 -7.9277853e1 -7.9277853e1
1.7216719e0 2.5822322e0 -8.1916959e1 -8.1916959e1
1.746976e0 2.5822322e0 -8.4610423e1 -8.4610423e1
1.77228e0 2.5822322e0 -8.7358925e1 -8.7358925e1
1.7975839e0 2.5822322e0 -9.0163277e1 -9.0163277e1
1.822888e0 2.5822322e0 -9.3023961e1 -9.3023961e1
1.848192e0 2.5822322e0 -9.5941722e1 -9.5941722e1
1.873496e0 2.5822322e0 -9.8917305e1 -9.8917305e1
1.8987999e0 2.5822322e0 -1.01951672e2 -1.01951672e2
1.924104e0 2.5822322e0 -1.0504516e2 -1.0504516e2
1.949408e0 2.5822322e0 -1.08198624e2 -1.08198624e2
1.9747119e0 2.5822322e0 -1.11412978e2 -1.11412978e2
2.000016e0 2.5822322e0 -1.14688821e2 -1.14688821e2

1.0e-3 2.6328642e0 -2.5727905e-5 -2.5727905e-5
2.6304001e-2 2.6328642e0 -1.7801625e-2 -1.7801625e-2
5.1608002e-2 2.6328642e0 -6.8530428e-2 -6.8530428e-2
7.6912003e-2 2.6328642e0 -1.52227213e-1 -1.52227213e-1
1.02216e-1 2.6328642e0 -2.6891728e-1 -2.6891728e-1
1.2752e-1 2.6328642e0 -4.1863478e-1 -4.1863478e-1
1.52824e-1 2.6328642e0 -6.0142468e-1 -6.0142468e-1
1.78128e-1 2.6328642e0 -8.1734267e-1 -8.1734267e-1
2.03432e-1 2.6328642e0 -1.06645119e0 -1.06645119e0
2.2873601e-1 2.6328642e0 -1.34882443e0 -1.34882443e0
2.5404001e-1 2.6328642e0 -1.66454988e0 -1.66454988e0
2.7934401e-1 2.6328642e0 -2.0137169e0 -2.0137169e0
3.0464801e-1 2.6328642e0 -2.39643019e0 -2.39643019e0
3.2995201e-1 2.6328642e0 -2.812803e0 -2.812803e0
3.5525601e-1 2.6328642e0 -3.262965e0 -3.262965e0
3.8056001e-1 2.6328642e0 -3.7470407e0 -3.7470407e0
4.0586401e-1 2.6328642e0 -4.2651752e0 -4.2651752e0
4.3116801e-1 2.6328642e0 -4.8175291e0 -4.8175291e0
4.5647202e-1 2.6328642e0 -5.4042537e0 -5.4042537e0
4.8177602e-1 2.6328642e0 -6.0255292e0 -6.0255292e0
5.0708002e-1 2.6328642e0 -6.6815382e0 -6.6815382e0
5.3238402e-1 2.6328642e0 -7.3724654e0 -7.3724654e0
5.5768802e-1 2.6328642e0 -8.0985158e0 -8.0985158e0
5.8299202e-1 2.6328642e0 -8.8599106e0 -8.8599106e0
6.0829602e-1 2.6328642e0 -9.6568579e0 -9.6568579e0
6.3360002e-1 2.6328642e0 -1.04896002e1 -1.04896002e1
6.5890402e-1 2.6328642e0 -1.13583672e1 -1.13583672e1
6.8420802e-1 2.6328642e0 -1.22634352e1 -1.22634352e1
7.0951202e-1 2.6328642e0 -1.32050316e1 -1.32050316e1
7.3481602e-1 2.6328642e0 -1.4183446e1 -1.4183446e1
7.6012003e-1 2.6328642e0 -1.51989635e1 -1.51989635e1
7.8542403e-1 2.6328642e0 -1.62518588e1 -1.62518588e1
8.1072803e-1 2.6328642e0 -1.73424446e1 -1.73424446e1
8.3603203e-1 2.6328642e0 -1.84710393e1 -1.84710393e1
8.6133603e-1 2.6328642e0 -1.96379433e1 -1.96379433e1
8.8664003e-1 2.6328642e0 -2.08434825e1 -2.08434825e1
9.1194403e-1 2.6328642e0 -2.20880246e1 -2.20880246e1
9.3724803e-1 2.6328642e0 -2.33719121e1 -2.33719121e1
9.6255203e-1 2.6328642e0 -2.46954741e1 -2.46954741e1
9.8785603e-1 2.6328642e0 -2.60591202e1 -2.60591202e1
1.01316e0 2.6328642e0 -2.7463261e1 -2.7463261e1
1.0384639e0 2.6328642e0 -2.8908154e1 -2.8908154e1
1.063768e0 2.6328642e0 -3.0394273e1 -3.0394273e1
1.089072e0 2.6328642e0 -3.1922025e1 -3.1922025e1
1.1143759e0 2.6328642e0 -3.3491869e1 -3.3491869e1
1.13968e0 2.6328642e0 -3.5104276e1 -3.5104276e1
1.164984e0 2.6328642e0 -3.675956e1 -3.675956e1
1.190288e0 2.6328642e0 -3.8458171e1 -3.8458171e1
1.2155919e0 2.6328642e0 -4.0200648e1 -4.0200648e1
1.240896e0 2.6328642e0 -4.198748e1 -4.198748e1
1.2662e0 2.6328642e0 -4.3819022e1 -4.3819022e1
1.2915039e0 2.6328642e0 -4.5695863e1 -4.5695863e1
1.316808e0 2.6328642e0 -4.7618434e1 -4.7618434e1
1.342112e0 2.6328642e0 -4.9587352e1 -4.9587352e1
1.367416e0 2.6328642e0 -5.1602992e1 -5.1602992e1
1.39272e0 2.6328642e0 -5.366591e1 -5.366591e1
1.418024e0 2.6328642e0 -5.5776715e1 -5.5776715e1
1.443328e0 2.6328642e0 -5.7935907e1 -5.7935907e1
1.4686319e0 2.6328642e0 -6.0144173e1 -6.0144173e1
1.493936e0 2.6328642e0 -6.2401823e1 -6.2401823e1
1.51924e0 2.6328642e0 -6.4709563e1 -6.4709563e1
1.5445439e0 2.6328642e0 -6.7067982e1 -6.7067982e1
1.569848e0 2.6328642e0 -6.9477838e1 -6.9477838e1
1.595152e0 2.6328642e0 -7.1939482e1 -7.1939482e1
1.620456e0 2.6328642e0 -7.4453535e1 -7.4453535e1
1.64576e0 2.6328642e0 -7.7020747e1 -7.7020747e1
1.671064e0 2.6328642e0 -7.9641881e1 -7.9641881e1
1.696368e0 2.6328642e0 -8.231724e1 -8.231724e1
1.7216719e0 2.6328642e0 -8.5047647e1 -8.5047647e1
1.746976e0 2.6328642e0 -8.7833813e1 -8.7833813e1
1.77228e0 2.6328642e0 -9.0676418e1 -9.0676418e1
1.7975839e0 2.6328642e0 -9.3576181e1 -9.3576181e1
1.822888e0 2.6328642e0 -9.6533624e1 -9.6533624e1
1.848192e0 2.6328642e0 -9.9549445e1 -9.9549445e1
1.873496e0 2.6328642e0 -1.02624545e2 -1.02624545e2
1.8987999e0 2.6328642e0 -1.05759737e2 -1.05759737e2
1.924104e0 2.6328642e0 -1.08955392e2 -1.08955392e2
1.949408e0 2.6328642e0 -1.1221238e2 -1.1221238e2
1.9747119e0 2.6328642e0 -1.15531548e2 -1.15531548e2
2.000016e0 2.6328642e0 -1.1891368e2 -1.1891368e2

1.0e-3 2.6834962e0 -2.6804611e-5 -2.6804611e-5
2.6304001e-2 2.6834962e0 -1.85465984e-2 -1.85465984e-2
5.1608002e-2 2.6834962e0 -7.1398111e-2 -7.1398111e-2
7.6912003e-2 2.6834962e0 -1.58596509e-1 -1.58596509e-1
1.02216e-1 2.6834962e0 -2.8016699e-1 -2.8016699e-1
1.2752e-1 2.6834962e0 -4.3614372e-1 -4.3614372e-1
1.52824e-1 2.6834962e0 -6.2657132e-1 -6.2657132e-1
1.78128e-1 2.6834962e0 -8.5150612e-1 -8.5150612e-1
2.03432e-1 2.6834962e0 -1.11101021e0 -1.11101021e0
2.2873601e-1 2.6834962e0 -1.40515865e0 -1.40515865e0
2.5404001e-1 2.6834962e0 -1.73403658e0 -1.73403658e0
2.7934401e-1 2.6834962e0 -2.09773558e0 -2.09773558e0
3.0464801e-1 2.6834962e0 -2.4963597e0 -2.4963597e0
3.2995201e-1 2.6834962e0 -2.9300238e0 -2.9300238e0
3.5525601e-1 2.6834962e0 -3.3988525e0 -3.3988525e0
3.8056001e-1 2.6834962e0 -3.9029756e0 -3.9029756e0
4.0586401e-1 2.6834962e0 -4.4425362e0 -4.4425362e0
4.3116801e-1 2.6834962e0 -5.0176952e0 -5.0176952e0
4.5647202e-1 2.6834962e0 -5.6286034e0 -5.6286034e0
4.8177602e-1 2.6834962e0 -6.2754414e0 -6.2754414e0
5.0708002e-1 2.6834962e0 -6.9583919e0 -6.9583919e0
5.3238402e-1 2.6834962e0 -7.677639e0 -7.677639e0
5.5768802e-1 2.6834962e0 -8.4333931e0 -8.4333931e0
5.8299202e-1 2.6834962e0 -9.2258612e0 -9.2258612e0
6.0829602e-1 2.6834962e0 -1.00552707e1 -1.00552707e1
6.3360002e-1 2.6834962e0 -1.09218427e1 -1.09218427e1
6.5890402e-1 2.6834962e0 -1.18258304e1 -1.18258304e1
6.8420802e-1 2.6834962e0 -1.2767485e1 -1.2767485e1
7.0951202e-1 2.6834962e0 -1.3747053e1 -1.3747053e1
7.3481602e-1 2.6834962e0 -1.47648183e1 -1.47648183e1
7.6012003e-1 2.6834962e0 -1.58210655e1 -1.58210655e1
7.8542403e-1 2.6834962e0 -1.69160689e1 -1.69160689e1
8.1072803e-1 2.6834962e0 -1.80501418e1 -1.80501418e1
8.3603203e-1 2.6834962e0 -1.92236028e1 -1.92236028e1
8.6133603e-1 2.6834962e0 -2.04367513e1 -2.04367513e1
8.8664003e-1 2.6834962e0 -2.1689926e1 -2.1689926e1
9.1194403e-1 2.6834962e0 -2.29834584e1 -2.29834584e1
9.3724803e-1 2.6834962e0 -2.4317727e1 -2.4317727e1
9.6255203e-1 2.6834962e0 -2.5693049e1 -2.5693049e1
9.8785603e-1 2.6834962e0 -2.71098338e1 -2.71098338e1
1.01316e0 2.6834962e0 -2.8568495e1 -2.8568495e1
1.0384639e0 2.6834962e0 -3.0069284e1 -3.0069284e1
1.063768e0 2.6834962e0 -3.1612694e1 -3.1612694e1
1.089072e0 2.6834962e0 -3.3199097e1 -3.3199097e1
1.1143759e0 2.6834962e0 -3.4828975e1 -3.4828975e1
1.13968e0 2.6834962e0 -3.6502797e1 -3.6502797e1
1.164984e0 2.6834962e0 -3.8220874e1 -3.8220874e1
1.190288e0 2.6834962e0 -3.9983632e1 -3.9983632e1
1.2155919e0 2.6834962e0 -4.1791656e1 -4.1791656e1
1.240896e0 2.6834962e0 -4.364544e1 -4.364544e1
1.2662e0 2.6834962e0 -4.5545264e1 -4.5545264e1
1.2915039e0 2.6834962e0 -4.749179e1 -4.749179e1
1.316808e0 2.6834962e0 -4.9485423e1 -4.9485423e1
1.342112e0 2.6834962e0 -5.1526813e1 -5.1526813e1
1.367416e0 2.6834962e0 -5.3616246e1 -5.3616246e1
1.39272e0 2.6834962e0 -5.5754362e1 -5.5754362e1
1.418024e0 2.6834962e0 -5.7941745e1 -5.7941745e1
1.443328e0 2.6834962e0 -6.0178894e1 -6.0178894e1
1.4686319e0 2.6834962e0 -6.2466501e1 -6.2466501e1
1.493936e0 2.6834962e0 -6.4804865e1 -6.4804865e1
1.51924e0 2.6834962e0 -6.7194696e1 -6.7194696e1
1.5445439e0 2.6834962e0 -6.9636588e1 -6.9636588e1
1.569848e0 2.6834962e0 -7.2131297e1 -7.2131297e1
1.595152e0 2.6834962e0 -7.4679173e1 -7.4679173e1
1.620456e0 2.6834962e0 -7.7280833e1 -7.7280833e1
1.64576e0 2.6834962e0 -7.9937073e1 -7.9937073e1
1.671064e0 2.6834962e0 -8.2648537e1 -8.2648537e1
1.696368e0 2.6834962e0 -8.5415639e1 -8.5415639e1
1.7216719e0 2.6834962e0 -8.823917e1 -8.823917e1
1.746976e0 2.6834962e0 -9.1119885e1 -9.1119885e1
1.77228e0 2.6834962e0 -9.4058322e1 -9.4058322e1
1.7975839e0 2.6834962e0 -9.7055351e1 -9.7055351e1
1.822888e0 2.6834962e0 -1.00111433e2 -1.00111433e2
1.848192e0 2.6834962e0 -1.03227322e2 -1.03227322e2
1.873496e0 2.6834962e0 -1.06403767e2 -1.06403767e2
1.8987999e0 2.6834962e0 -1.0964174e2 -1.0964174e2
1.924104e0 2.6834962e0 -1.1294155e2 -1.1294155e2
1.949408e0 2.6834962e0 -1.16304066e2 -1.16304066e2
1.9747119e0 2.6834962e0 -1.19730206e2 -1.19730206e2
2.000016e0 2.6834962e0 -1.23220569e2 -1.23220569e2

1.0e-3 2.7341282e0 -2.7901825e-5 -2.7901825e-5
2.6304001e-2 2.7341282e0 -1.93057611e-2 -1.93057611e-2
5.1608002e-2 2.7341282e0 -7.4320416e-2 -7.4320416e-2
7.6912003e-2 2.7341282e0 -1.65086938e-1 -1.65086938e-1
1.02216e-1 2.7341282e0 -2.9163066e-1 -2.9163066e-1
1.2752e-1 2.7341282e0 -4.5398566e-1 -4.5398566e-1
1.52824e-1 2.7341282e0 -6.5219693e-1 -6.5219693e-1
1.78128e-1 2.7341282e0 -8.8632027e-1 -8.8632027e-1
2.03432e-1 2.7341282e0 -1.15641794e0 -1.15641794e0
2.2873601e-1 2.7341282e0 -1.46256502e0 -1.46256502e0
2.5404001e-1 2.7341282e0 -1.80484676e0 -1.80484676e0
2.7934401e-1 2.7341282e0 -2.18335455e0 -2.18335455e0
3.0464801e-1 2.7341282e0 -2.59819254e0 -2.59819254e0
3.2995201e-1 2.7341282e0 -3.0494739e0 -3.0494739e0
3.5525601e-1 2.7341282e0 -3.5373285e0 -3.5373285e0
3.8056001e-1 2.7341282e0 -4.0618806e0 -4.0618806e0
4.0586401e-1 2.7341282e0 -4.6232751e0 -4.6232751e0
4.3116801e-1 2.7341282e0 -5.2216737e0 -5.2216737e0
4.5647202e-1 2.7341282e0 -5.8572261e0 -5.8572261e0
4.8177602e-1 2.7341282e0 -6.5301137e0 -6.5301137e0
5.0708002e-1 2.7341282e0 -7.2405188e0 -7.2405188e0
5.3238402e-1 2.7341282e0 -7.9886253e0 -7.9886253e0
5.5768802e-1 2.7341282e0 -8.7746394e0 -8.7746394e0
5.8299202e-1 2.7341282e0 -9.5987819e0 -9.5987819e0
6.0829602e-1 2.7341282e0 -1.04612662e1 -1.04612662e1
6.3360002e-1 2.7341282e0 -1.1362318e1 -1.1362318e1
6.5890402e-1 2.7341282e0 -1.2302184e1 -1.2302184e1
6.8420802e-1 2.7341282e0 -1.32811354e1 -1.32811354e1
7.0951202e-1 2.7341282e0 -1.42993985e1 -1.42993985e1
7.3481602e-1 2.7341282e0 -1.53572638e1 -1.53572638e1
7.6012003e-1 2.7341282e0 -1.64550165e1 -1.64550165e1
7.8542403e-1 2.7341282e0 -1.759293e1 -1.759293e1
8.1072803e-1 2.7341282e0 -1.8771318e1 -1.8771318e1
8.3603203e-1 2.7341282e0 -1.99904999e1 -1.99904999e1
8.6133603e-1 2.7341282e0 -2.1250774e1 -2.1250774e1
8.8664003e-1 2.7341282e0 -2.25524672e1 -2.25524672e1
9.1194403e-1 2.7341282e0 -2.38959473e1 -2.38959473e1
9.3724803e-1 2.7341282e0 -2.5281557e1 -2.5281557e1
9.6255203e-1 2.7341282e0 -2.67096245e1 -2.67096245e1
9.8785603e-1 2.7341282e0 -2.81805602e1 -2.81805602e1
1.01316e0 2.7341282e0 -2.969478e1 -2.969478e1
1.0384639e0 2.7341282e0 -3.1252528e1 -3.1252528e1
1.063768e0 2.7341282e0 -3.2854286e1 -3.2854286e1
1.089072e0 2.7341282e0 -3.4500458e1 -3.4500458e1
1.1143759e0 2.7341282e0 -3.6191512e1 -3.6191512e1
1.13968e0 2.7341282e0 -3.7927916e1 -3.7927916e1
1.164984e0 2.7341282e0 -3.970998e1 -3.970998e1
1.190288e0 2.7341282e0 -4.1538147e1 -4.1538147e1
1.2155919e0 2.7341282e0 -4.3412968e1 -4.3412968e1
1.240896e0 2.7341282e0 -4.5334956e1 -4.5334956e1
1.2662e0 2.7341282e0 -4.7304384e1 -4.7304384e1
1.2915039e0 2.7341282e0 -4.9321922e1 -4.9321922e1
1.316808e0 2.7341282e0 -5.1387973e1 -5.1387973e1
1.342112e0 2.7341282e0 -5.3503188e1 -5.3503188e1
1.367416e0 2.7341282e0 -5.5667847e1 -5.5667847e1
1.39272e0 2.7341282e0 -5.7882594e1 -5.7882594e1
1.418024e0 2.7341282e0 -6.0148012e1 -6.0148012e1
1.443328e0 2.7341282e0 -6.2464604e1 -6.2464604e1
1.4686319e0 2.7341282e0 -6.4833061e1 -6.4833061e1
1.493936e0 2.7341282e0 -6.7253676e1 -6.7253676e1
1.51924e0 2.7341282e0 -6.9727162e1 -6.9727162e1
1.5445439e0 2.7341282e0 -7.2254117e1 -7.2254117e1
1.569848e0 2.7341282e0 -7.4835298e1 -7.4835298e1
1.595152e0 2.7341282e0 -7.7471046e1 -7.7471046e1
1.620456e0 2.7341282e0 -8.0161983e1 -8.0161983e1
1.64576e0 2.7341282e0 -8.2908905e1 -8.2908905e1
1.671064e0 2.7341282e0 -8.571246e1 -8.571246e1
1.696368e0 2.7341282e0 -8.8573053e1 -8.8573053e1
1.7216719e0 2.7341282e0 -9.149148e1 -9.149148e1
1.746976e0 2.7341282e0 -9.4468498e1 -9.4468498e1
1.77228e0 2.7341282e0 -9.7504594e1 -9.7504594e1
1.7975839e0 2.7341282e0 -1.00600787e2 -1.00600787e2
1.822888e0 2.7341282e0 -1.0375739e2 -1.0375739e2
1.848192e0 2.7341282e0 -1.06975146e2 -1.06975146e2
1.873496e0 2.7341282e0 -1.10254971e2 -1.10254971e2
1.8987999e0 2.7341282e0 -1.13597682e2 -1.13597682e2
1.924104e0 2.7341282e0 -1.17003572e2 -1.17003572e2
1.949408e0 2.7341282e0 -1.20473688e2 -1.20473688e2
1.9747119e0 2.7341282e0 -1.24008716e2 -1.24008716e2
2.000016e0 2.7341282e0 -1.27609491e2 -1.27609491e2

1.0e-3 2.78476021e0 -2.9019547e-5 -2.9019547e-5
2.6304001e-2 2.78476021e0 -2.00791133e-2 -2.00791133e-2
5.1608002e-2 2.78476021e0 -7.729734e-2 -7.729734e-2
7.6912003e-2 2.78476021e0 -1.7169886e-1 -1.7169886e-1
1.02216e-1 2.78476021e0 -3.0330891e-1 -3.0330891e-1
1.2752e-1 2.78476021e0 -4.7216158e-1 -4.7216158e-1
1.52824e-1 2.78476021e0 -6.783015e-1 -6.783015e-1
1.78128e-1 2.78476021e0 -9.2178513e-1 -9.2178513e-1
2.03432e-1 2.78476021e0 -1.20267438e0 -1.20267438e0
2.2873601e-1 2.78476021e0 -1.52104437e0 -1.52104437e0
2.5404001e-1 2.78476021e0 -1.87698044e0 -1.87698044e0
2.7934401e-1 2.78476021e0 -2.2705738e0 -2.2705738e0
3.0464801e-1 2.78476021e0 -2.70192871e0 -2.70192871e0
3.2995201e-1 2.78476021e0 -3.17116e0 -3.17116e0
3.5525601e-1 2.78476021e0 -3.6783925e0 -3.6783925e0
3.8056001e-1 2.78476021e0 -4.2237556e0 -4.2237556e0
4.0586401e-1 2.78476021e0 -4.8073924e0 -4.8073924e0
4.3116801e-1 2.78476021e0 -5.4294647e0 -5.4294647e0
4.5647202e-1 2.78476021e0 -6.090122e0 -6.090122e0
4.8177602e-1 2.78476021e0 -6.7895459e0 -6.7895459e0
5.0708002e-1 2.78476021e0 -7.5279189e0 -7.5279189e0
5.3238402e-1 2.78476021e0 -8.3054243e0 -8.3054243e0
5.5768802e-1 2.78476021e0 -9.1222733e0 -9.1222733e0
5.8299202e-1 2.78476021e0 -9.9786728e0 -9.9786728e0
6.0829602e-1 2.78476021e0 -1.08748502e1 -1.08748502e1
6.3360002e-1 2.78476021e0 -1.18110262e1 -1.18110262e1
6.5890402e-1 2.78476021e0 -1.27874542e1 -1.27874542e1
6.8420802e-1 2.78476021e0 -1.38043864e1 -1.38043864e1
7.0951202e-1 2.78476021e0 -1.48620677e1 -1.48620677e1
7.3481602e-1 2.78476021e0 -1.59607826e1 -1.59607826e1
7.6012003e-1 2.78476021e0 -1.71008165e1 -1.71008165e1
7.8542403e-1 2.78476021e0 -1.82824423e1 -1.82824423e1
8.1072803e-1 2.78476021e0 -1.9505974e1 -1.9505974e1
8.3603203e-1 2.78476021e0 -2.07717311e1 -2.07717311e1
8.6133603e-1 2.78476021e0 -2.20800114e1 -2.20800114e1
8.8664003e-1 2.78476021e0 -2.34311542e1 -2.34311542e1
9.1194403e-1 2.78476021e0 -2.48254912e1 -2.48254912e1
9.3724803e-1 2.78476021e0 -2.62634016e1 -2.62634016e1
9.6255203e-1 2.78476021e0 -2.77452007e1 -2.77452007e1
9.8785603e-1 2.78476021e0 -2.92712991e1 -2.92712991e1
1.01316e0 2.78476021e0 -3.0842116e1 -3.0842116e1
1.0384639e0 2.78476021e0 -3.245789e1 -3.245789e1
1.063768e0 2.78476021e0 -3.411912e1 -3.411912e1
1.089072e0 2.78476021e0 -3.582618e1 -3.582618e1
1.1143759e0 2.78476021e0 -3.7579552e1 -3.7579552e1
1.13968e0 2.78476021e0 -3.9379712e1 -3.9379712e1
1.164984e0 2.78476021e0 -4.1226958e1 -4.1226958e1
1.190288e0 2.78476021e0 -4.3121718e1 -4.3121718e1
1.2155919e0 2.78476021e0 -4.5064584e1 -4.5064584e1
1.240896e0 2.78476021e0 -4.7056052e1 -4.7056052e1
1.2662e0 2.78476021e0 -4.9096385e1 -4.9096385e1
1.2915039e0 2.78476021e0 -5.1186263e1 -5.1186263e1
1.316808e0 2.78476021e0 -5.3326083e1 -5.3326083e1
1.342112e0 2.78476021e0 -5.5516502e1 -5.5516502e1
1.367416e0 2.78476021e0 -5.7757793e1 -5.7757793e1
1.39272e0 2.78476021e0 -6.0050603e1 -6.0050603e1
1.418024e0 2.78476021e0 -6.2395517e1 -6.2395517e1
1.443328e0 2.78476021e0 -6.4793034e1 -6.4793034e1
1.4686319e0 2.78476021e0 -6.7243854e1 -6.7243854e1
1.493936e0 2.78476021e0 -6.9748257e1 -6.9748257e1
1.51924e0 2.78476021e0 -7.2306963e1 -7.2306963e1
1.5445439e0 2.78476021e0 -7.4920569e1 -7.4920569e1
1.569848e0 2.78476021e0 -7.7589838e1 -7.7589838e1
1.595152e0 2.78476021e0 -8.0315102e1 -8.0315102e1
1.620456e0 2.78476021e0 -8.3096982e1 -8.3096982e1
1.64576e0 2.78476021e0 -8.5936281e1 -8.5936281e1
1.671064e0 2.78476021e0 -8.883365e1 -8.883365e1
1.696368e0 2.78476021e0 -9.1789482e1 -9.1789482e1
1.7216719e0 2.78476021e0 -9.4804623e1 -9.4804623e1
1.746976e0 2.78476021e0 -9.78797e1 -9.78797e1
1.77228e0 2.78476021e0 -1.01015378e2 -1.01015378e2
1.7975839e0 2.78476021e0 -1.04212492e2 -1.04212492e2
1.822888e0 2.78476021e0 -1.0747149e2 -1.0747149e2
1.848192e0 2.78476021e0 -1.10793074e2 -1.10793074e2
1.873496e0 2.78476021e0 -1.14178159e2 -1.14178159e2
1.8987999e0 2.78476021e0 -1.17627565e2 -1.17627565e2
1.924104e0 2.78476021e0 -1.21141632e2 -1.21141632e2
1.949408e0 2.78476021e0 -1.24721243e2 -1.24721243e2
1.9747119e0 2.78476021e0 -1.28367256e2 -1.28367256e2
2.000016e0 2.78476021e0 -1.32080444e2 -1.32080444e2

1.0e-3 2.83539221e0 -3.0157806e-5 -3.0157806e-5
2.6304001e-2 2.83539221e0 -2.08666759e-2 -2.08666759e-2
5.1608002e-2 2.83539221e0 -8.0329007e-2 -8.0329007e-2
7.6912003e-2 2.83539221e0 -1.78432187e-1 -1.78432187e-1
1.02216e-1 2.83539221e0 -3.1520158e-1 -3.1520158e-1
1.2752e-1 2.83539221e0 -4.9067122e-1 -4.9067122e-1
1.52824e-1 2.83539221e0 -7.048861e-1 -7.048861e-1
1.78128e-1 2.83539221e0 -9.5790166e-1 -9.5790166e-1
2.03432e-1 2.83539221e0 -1.24978079e0 -1.24978079e0
2.2873601e-1 2.83539221e0 -1.5805983e0 -1.5805983e0
2.5404001e-1 2.83539221e0 -1.95043959e0 -1.95043959e0
2.7934401e-1 2.83539221e0 -2.35939574e0 -2.35939574e0
3.0464801e-1 2.83539221e0 -2.80757248e0 -2.80757248e0
3.2995201e-1 2.83539221e0 -3.2950804e0 -3.2950804e0
3.5525601e-1 2.83539221e0 -3.8220486e0 -3.8220486e0
3.8056001e-1 2.83539221e0 -4.3886052e0 -4.3886052e0
4.0586401e-1 2.83539221e0 -4.9948953e0 -4.9948953e0
4.3116801e-1 2.83539221e0 -5.6410768e0 -5.6410768e0
4.5647202e-1 2.83539221e0 -6.3273007e0 -6.3273007e0
4.8177602e-1 2.83539221e0 -7.0537453e0 -7.0537453e0
5.0708002e-1 2.83539221e0 -7.8206e0 -7.8206e0
5.3238402e-1 2.83539221e0 -8.6280444e0 -8.6280444e0
5.5768802e-1 2.83539221e0 -9.4762903e0 -9.4762903e0
5.8299202e-1 2.83539221e0 -1.03655443e1 -1.03655443e1
6.0829602e-1 2.83539221e0 -1.12960338e1 -1.12960338e1
6.3360002e-1 2.83539221e0 -1.22679794e1 -1.22679794e1
6.5890402e-1 2.83539221e0 -1.32816347e1 -1.32816347e1
6.8420802e-1 2.83539221e0 -1.43372522e1 -1.43372522e1
7.0951202e-1 2.83539221e0 -1.5435076e1 -1.5435076e1
7.3481602e-1 2.83539221e0 -1.65753995e1 -1.65753995e1
7.6012003e-1 2.83539221e0 -1.77584921e1 -1.77584921e1
7.8542403e-1 2.83539221e0 -1.89846338e1 -1.89846338e1
8.1072803e-1 2.83539221e0 -2.02541292e1 -2.02541292e1
8.3603203e-1 2.83539221e0 -2.15673175e1 -2.15673175e1
8.6133603e-1 2.83539221e0 -2.29244864e1 -2.29244864e1
8.8664003e-1 2.83539221e0 -2.4325975e1 -2.4325975e1
9.1194403e-1 2.83539221e0 -2.57721284e1 -2.57721284e1
9.3724803e-1 2.83539221e0 -2.72632878e1 -2.72632878e1
9.6255203e-1 2.83539221e0 -2.87998198e1 -2.87998198e1
9.8785603e-1 2.83539221e0 -3.03820807e1 -3.03820807e1
1.01316e0 2.83539221e0 -3.2010535e1 -3.2010535e1
1.0384639e0 2.83539221e0 -3.3685416e1 -3.3685416e1
1.063768e0 2.83539221e0 -3.5407178e1 -3.5407178e1
1.089072e0 2.83539221e0 -3.7176244e1 -3.7176244e1
1.1143759e0 2.83539221e0 -3.899308e1 -3.899308e1
1.13968e0 2.83539221e0 -4.0858165e1 -4.0858165e1
1.164984e0 2.83539221e0 -4.2771791e1 -4.2771791e1
1.190288e0 2.83539221e0 -4.4734409e1 -4.4734409e1
1.2155919e0 2.83539221e0 -4.6746548e1 -4.6746548e1
1.240896e0 2.83539221e0 -4.880877e1 -4.880877e1
1.2662e0 2.83539221e0 -5.0921315e1 -5.0921315e1
1.2915039e0 2.83539221e0 -5.308486e1 -5.308486e1
1.316808e0 2.83539221e0 -5.5299806e1 -5.5299806e1
1.342112e0 2.83539221e0 -5.7566812e1 -5.7566812e1
1.367416e0 2.83539221e0 -5.9886142e1 -5.9886142e1
1.39272e0 2.83539221e0 -6.225845e1 -6.225845e1
1.418024e0 2.83539221e0 -6.468432e1 -6.468432e1
1.443328e0 2.83539221e0 -6.716425e1 -6.716425e1
1.4686319e0 2.83539221e0 -6.9698946e1 -6.9698946e1
1.493936e0 2.83539221e0 -7.2288676e1 -7.2288676e1
1.51924e0 2.83539221e0 -7.4934167e1 -7.4934167e1
1.5445439e0 2.83539221e0 -7.7636053e1 -7.7636053e1
1.569848e0 2.83539221e0 -8.0394992e1 -8.0394992e1
1.595152e0 2.83539221e0 -8.3211417e1 -8.3211417e1
1.620456e0 2.83539221e0 -8.6085953e1 -8.6085953e1
1.64576e0 2.83539221e0 -8.9019287e1 -8.9019287e1
1.671064e0 2.83539221e0 -9.2012234e1 -9.2012234e1
1.696368e0 2.83539221e0 -9.5065057e1 -9.5065057e1
1.7216719e0 2.83539221e0 -9.8178601e1 -9.8178601e1
1.746976e0 2.83539221e0 -1.01353581e2 -1.01353581e2
1.77228e0 2.83539221e0 -1.04590623e2 -1.04590623e2
1.7975839e0 2.83539221e0 -1.07890562e2 -1.07890562e2
1.822888e0 2.83539221e0 -1.11253839e2 -1.11253839e2
1.848192e0 2.83539221e0 -1.14681209e2 -1.14681209e2
1.873496e0 2.83539221e0 -1.18173433e2 -1.18173433e2
1.8987999e0 2.83539221e0 -1.21731499e2 -1.21731499e2
1.924104e0 2.83539221e0 -1.25355673e2 -1.25355673e2
1.949408e0 2.83539221e0 -1.29046848e2 -1.29046848e2
1.9747119e0 2.83539221e0 -1.32805943e2 -1.32805943e2
2.000016e0 2.83539221e0 -1.36633554e2 -1.36633554e2

1.0e-3 2.88602422e0 -3.1316544e-5 -3.1316544e-5
2.6304001e-2 2.88602422e0 -2.16684172e-2 -2.16684172e-2
5.1608002e-2 2.88602422e0 -8.3415172e-2 -8.3415172e-2
7.6912003e-2 2.88602422e0 -1.85286646e-1 -1.85286646e-1
1.02216e-1 2.88602422e0 -3.2730821e-1 -3.2730821e-1
1.2752e-1 2.88602422e0 -5.0951385e-1 -5.0951385e-1
1.52824e-1 2.88602422e0 -7.319486e-1 -7.319486e-1
1.78128e-1 2.88602422e0 -9.9466841e-1 -9.9466841e-1
2.03432e-1 2.88602422e0 -1.29773465e0 -1.29773465e0
2.2873601e-1 2.88602422e0 -1.6412236e0 -1.6412236e0
2.5404001e-1 2.88602422e0 -2.02522125e0 -2.02522125e0
2.7934401e-1 2.88602422e0 -2.44981557e0 -2.44981557e0
3.0464801e-1 2.88602422e0 -2.91511534e0 -2.91511534e0
3.2995201e-1 2.88602422e0 -3.42123e0 -3.42123e0
3.5525601e-1 2.88602422e0 -3.9682892e0 -3.9682892e0
3.8056001e-1 2.88602422e0 -4.5564226e0 -4.5564226e0
4.0586401e-1 2.88602422e0 -5.1857689e0 -5.1857689e0
4.3116801e-1 2.88602422e0 -5.8564929e0 -5.8564929e0
4.5647202e-1 2.88602422e0 -6.568743e0 -6.568743e0
4.8177602e-1 2.88602422e0 -7.3227013e0 -7.3227013e0
5.0708002e-1 2.88602422e0 -8.1185463e0 -8.1185463e0
5.3238402e-1 2.88602422e0 -8.9564685e0 -8.9564685e0
5.5768802e-1 2.88602422e0 -9.836676e0 -9.836676e0
5.8299202e-1 2.88602422e0 -1.07593808e1 -1.07593808e1
6.0829602e-1 2.88602422e0 -1.17247945e1 -1.17247945e1
6.3360002e-1 2.88602422e0 -1.27331595e1 -1.27331595e1
6.5890402e-1 2.88602422e0 -1.37847055e1 -1.37847055e1
6.8420802e-1 2.88602422e0 -1.48797043e1 -1.48797043e1
7.0951202e-1 2.88602422e0 -1.60184004e1 -1.60184004e1
7.3481602e-1 2.88602422e0 -1.72010648e1 -1.72010648e1
7.6012003e-1 2.88602422e0 -1.84279903e1 -1.84279903e1
7.8542403e-1 2.88602422e0 -1.96994482e1 -1.96994482e1
8.1072803e-1 2.88602422e0 -2.10157538e1 -2.10157538e1
8.3603203e-1 2.88602422e0 -2.23772273e1 -2.23772273e1
8.6133603e-1 2.88602422e0 -2.37841533e1 -2.37841533e1
8.8664003e-1 2.88602422e0 -2.52368938e1 -2.52368938e1
9.1194403e-1 2.88602422e0 -2.67357828e1 -2.67357828e1
9.3724803e-1 2.88602422e0 -2.82811618e1 -2.82811618e1
9.6255203e-1 2.88602422e0 -2.9873397e1 -2.9873397e1
9.8785603e-1 2.88602422e0 -3.15128453e1 -3.15128453e1
1.01316e0 2.88602422e0 -3.3199988e1 -3.3199988e1
1.0384639e0 2.88602422e0 -3.4935008e1 -3.4935008e1
1.063768e0 2.88602422e0 -3.6718407e1 -3.6718407e1
1.089072e0 2.88602422e0 -3.8550594e1 -3.8550594e1
1.1143759e0 2.88602422e0 -4.0432036e1 -4.0432036e1
1.13968e0 2.88602422e0 -4.2363214e1 -4.2363214e1
1.164984e0 2.88602422e0 -4.4344415e1 -4.4344415e1
1.190288e0 2.88602422e0 -4.637609e1 -4.637609e1
1.2155919e0 2.88602422e0 -4.845877e1 -4.845877e1
1.240896e0 2.88602422e0 -5.0593022e1 -5.0593022e1
1.2662e0 2.88602422e0 -5.2779099e1 -5.2779099e1
1.2915039e0 2.88602422e0 -5.5017613e1 -5.5017613e1
1.316808e0 2.88602422e0 -5.7309064e1 -5.7309064e1
1.342112e0 2.88602422e0 -5.9654005e1 -5.9654005e1
1.367416e0 2.88602422e0 -6.205278e1 -6.205278e1
1.39272e0 2.88602422e0 -6.4506015e1 -6.4506015e1
1.418024e0 2.88602422e0 -6.7014297e1 -6.7014297e1
1.443328e0 2.88602422e0 -6.9578125e1 -6.9578125e1
1.4686319e0 2.88602422e0 -7.2198238e1 -7.2198238e1
1.493936e0 2.88602422e0 -7.4874799e1 -7.4874799e1
1.51924e0 2.88602422e0 -7.7608636e1 -7.7608636e1
1.5445439e0 2.88602422e0 -8.0400354e1 -8.0400354e1
1.569848e0 2.88602422e0 -8.325065e1 -8.325065e1
1.595152e0 2.88602422e0 -8.6159836e1 -8.6159836e1
1.620456e0 2.88602422e0 -8.9128654e1 -8.9128654e1
1.64576e0 2.88602422e0 -9.2157756e1 -9.2157756e1
1.671064e0 2.88602422e0 -9.524796e1 -9.524796e1
1.696368e0 2.88602422e0 -9.8399516e1 -9.8399516e1
1.7216719e0 2.88602422e0 -1.01613277e2 -1.01613277e2
1.746976e0 2.88602422e0 -1.0488996e2 -1.0488996e2
1.77228e0 2.88602422e0 -1.08230186e2 -1.08230186e2
1.7975839e0 2.88602422e0 -1.116348e2 -1.116348e2
1.822888e0 2.88602422e0 -1.15104233e2 -1.15104233e2
1.848192e0 2.88602422e0 -1.18639238e2 -1.18639238e2
1.873496e0 2.88602422e0 -1.22240637e2 -1.22240637e2
1.8987999e0 2.88602422e0 -1.25909315e2 -1.25909315e2
1.924104e0 2.88602422e0 -1.29645523e2 -1.29645523e2
1.949408e0 2.88602422e0 -1.3345027e2 -1.3345027e2
1.9747119e0 2.88602422e0 -1.37324423e2 -1.37324423e2
2.000016e0 2.88602422e0 -1.41268573e2 -1.41268573e2

1.0e-3 2.93665622e0 -3.2495789e-5 -3.2495789e-5
2.6304001e-2 2.93665622e0 -2.24843373e-2 -2.24843373e-2
5.1608002e-2 2.93665622e0 -8.6555957e-2 -8.6555957e-2
7.6912003e-2 2.93665622e0 -1.92262416e-1 -1.92262416e-1
1.02216e-1 2.93665622e0 -3.396291e-1 -3.396291e-1
1.2752e-1 2.93665622e0 -5.2868997e-1 -5.2868997e-1
1.52824e-1 2.93665622e0 -7.5949005e-1 -7.5949005e-1
1.78128e-1 2.93665622e0 -1.03208537e0 -1.03208537e0
2.03432e-1 2.93665622e0 -1.34653784e0 -1.34653784e0
2.2873601e-1 2.93665622e0 -1.70292186e0 -1.70292186e0
2.5404001e-1 2.93665622e0 -2.10132544e0 -2.10132544e0
2.7934401e-1 2.93665622e0 -2.5418357e0 -2.5418357e0
3.0464801e-1 2.93665622e0 -3.02456152e0 -3.02456152e0
3.2995201e-1 2.93665622e0 -3.5496124e0 -3.5496124e0
3.5525601e-1 2.93665622e0 -4.1171199e0 -4.1171199e0
3.8056001e-1 2.93665622e0 -4.7272078e0 -4.7272078e0
4.0586401e-1 2.93665622e0 -5.3800206e0 -5.3800206e0
4.3116801e-1 2.93665622e0 -6.0757216e0 -6.0757216e0
4.5647202e-1 2.93665622e0 -6.8144583e0 -6.8144583e0
4.8177602e-1 2.93665622e0 -7.5964136e0 -7.5964136e0
5.0708002e-1 2.93665622e0 -8.4217699e0 -8.4217699e0
5.3238402e-1 2.93665622e0 -9.2907053e0 -9.2907053e0
5.5768802e-1 2.93665622e0 -1.020344e1 -1.020344e1
5.8299202e-1 2.93665622e0 -1.11601823e1 -1.11601823e1
6.0829602e-1 2.93665622e0 -1.21611435e1 -1.21611435e1
6.3360002e-1 2.93665622e0 -1.32065662e1 -1.32065662e1
6.5890402e-1 2.93665622e0 -1.42966798e1 -1.42966798e1
6.8420802e-1 2.93665622e0 -1.5431764e1 -1.5431764e1
7.0951202e-1 2.93665622e0 -1.6612041e1 -1.6612041e1
7.3481602e-1 2.93665622e0 -1.78378035e1 -1.78378035e1
7.6012003e-1 2.93665622e0 -1.91093375e1 -1.91093375e1
7.8542403e-1 2.93665622e0 -2.04269136e1 -2.04269136e1
8.1072803e-1 2.93665622e0 -2.17908478e1 -2.17908478e1
8.3603203e-1 2.93665622e0 -2.32014603e1 -2.32014603e1
8.6133603e-1 2.93665622e0 -2.46590463e1 -2.46590463e1
8.8664003e-1 2.93665622e0 -2.61639342e1 -2.61639342e1
9.1194403e-1 2.93665622e0 -2.77164923e1 -2.77164923e1
9.3724803e-1 2.93665622e0 -2.93170642e1 -2.93170642e1
9.6255203e-1 2.93665622e0 -3.0965975e1 -3.0965975e1
9.8785603e-1 2.93665622e0 -3.26636226e1 -3.26636226e1
1.01316e0 2.93665622e0 -3.4410478e1 -3.4410478e1
1.0384639e0 2.93665622e0 -3.6206717e1 -3.6206717e1
1.063768e0 2.93665622e0 -3.8052843e1 -3.8052843e1
1.089072e0 2.93665622e0 -3.9949268e1 -3.9949268e1
1.1143759e0 2.93665622e0 -4.189646e1 -4.189646e1
1.13968e0 2.93665622e0 -4.38949e1 -4.38949e1
1.164984e0 2.93665622e0 -4.5944873e1 -4.5944873e1
1.190288e0 2.93665622e0 -4.8046826e1 -4.8046826e1
1.2155919e0 2.93665622e0 -5.020132e1 -5.020132e1
1.240896e0 2.93665622e0 -5.2408852e1 -5.2408852e1
1.2662e0 2.93665622e0 -5.4669737e1 -5.4669737e1
1.2915039e0 2.93665622e0 -5.6984573e1 -5.6984573e1
1.316808e0 2.93665622e0 -5.9353854e1 -5.9353854e1
1.342112e0 2.93665622e0 -6.177814e1 -6.177814e1
1.367416e0 2.93665622e0 -6.4257765e1 -6.4257765e1
1.39272e0 2.93665622e0 -6.6793388e1 -6.6793388e1
1.418024e0 2.93665622e0 -6.9385513e1 -6.9385513e1
1.443328e0 2.93665622e0 -7.2034752e1 -7.2034752e1
1.4686319e0 2.93665622e0 -7.474173e1 -7.474173e1
1.493936e0 2.93665622e0 -7.7506725e1 -7.7506725e1
1.51924e0 2.93665622e0 -8.0330438e1 -8.0330438e1
1.5445439e0 2.93665622e0 -8.3213577e1 -8.3213577e1
1.569848e0 2.93665622e0 -8.615681e1 -8.615681e1
1.595152e0 2.93665622e0 -8.9160439e1 -8.9160439e1
1.620456e0 2.93665622e0 -9.2225208e1 -9.2225208e1
1.64576e0 2.93665622e0 -9.535177e1 -9.535177e1
1.671064e0 2.93665622e0 -9.8540952e1 -9.8540952e1
1.696368e0 2.93665622e0 -1.01792989e2 -1.01792989e2
1.7216719e0 2.93665622e0 -1.0510874e2 -1.0510874e2
1.746976e0 2.93665622e0 -1.08488927e2 -1.08488927e2
1.77228e0 2.93665622e0 -1.11934166e2 -1.11934166e2
1.7975839e0 2.93665622e0 -1.15445306e2 -1.15445306e2
1.822888e0 2.93665622e0 -1.1902277e2 -1.1902277e2
1.848192e0 2.93665622e0 -1.22667317e2 -1.22667317e2
1.873496e0 2.93665622e0 -1.2637977e2 -1.2637977e2
1.8987999e0 2.93665622e0 -1.30161018e2 -1.30161018e2
1.924104e0 2.93665622e0 -1.34011298e2 -1.34011298e2
1.949408e0 2.93665622e0 -1.37931683e2 -1.37931683e2
1.9747119e0 2.93665622e0 -1.41922871e2 -1.41922871e2
2.000016e0 2.93665622e0 -1.45985625e2 -1.45985625e2

1.0e-3 2.98728822e0 -3.3695557e-5 -3.3695557e-5
2.6304001e-2 2.98728822e0 -2.33144469e-2 -2.33144469e-2
5.1608002e-2 2.98728822e0 -8.9751404e-2 -8.9751404e-2
7.6912003e-2 2.98728822e0 -1.99359592e-1 -1.99359592e-1
1.02216e-1 2.98728822e0 -3.5216443e-1 -3.5216443e-1
1.2752e-1 2.98728822e0 -5.4819983e-1 -5.4819983e-1
1.52824e-1 2.98728822e0 -7.8751083e-1 -7.8751083e-1
1.78128e-1 2.98728822e0 -1.07015305e0 -1.07015305e0
2.03432e-1 2.98728822e0 -1.3961891e0 -1.3961891e0
2.2873601e-1 2.98728822e0 -1.76569391e0 -1.76569391e0
2.5404001e-1 2.98728822e0 -2.1787541e0 -2.1787541e0
2.7934401e-1 2.98728822e0 -2.63545729e0 -2.63545729e0
3.0464801e-1 2.98728822e0 -3.13591106e0 -3.13591106e0
3.2995201e-1 2.98728822e0 -3.680229e0 -3.680229e0
3.5525601e-1 2.98728822e0 -4.2685368e0 -4.2685368e0
3.8056001e-1 2.98728822e0 -4.900963e0 -4.900963e0
4.0586401e-1 2.98728822e0 -5.577653e0 -5.577653e0
4.3116801e-1 2.98728822e0 -6.2987656e0 -6.2987656e0
4.5647202e-1 2.98728822e0 -7.06445e0 -7.06445e0
4.8177602e-1 2.98728822e0 -7.8748895e0 -7.8748895e0
5.0708002e-1 2.98728822e0 -8.7302626e0 -8.7302626e0
5.3238402e-1 2.98728822e0 -9.6307588e0 -9.6307588e0
5.5768802e-1 2.98728822e0 -1.05765869e1 -1.05765869e1
5.8299202e-1 2.98728822e0 -1.15679541e1 -1.15679541e1
6.0829602e-1 2.98728822e0 -1.26050867e1 -1.26050867e1
6.3360002e-1 2.98728822e0 -1.36882057e1 -1.36882057e1
6.5890402e-1 2.98728822e0 -1.48175644e1 -1.48175644e1
6.8420802e-1 2.98728822e0 -1.59934172e1 -1.59934172e1
7.0951202e-1 2.98728822e0 -1.72160052e1 -1.72160052e1
7.3481602e-1 2.98728822e0 -1.84856236e1 -1.84856236e1
7.6012003e-1 2.98728822e0 -1.98025426e1 -1.98025426e1
7.8542403e-1 2.98728822e0 -2.11670396e1 -2.11670396e1
8.1072803e-1 2.98728822e0 -2.2579431e1 -2.2579431e1
8.3603203e-1 2.98728822e0 -2.40400272e1 -2.40400272e1
8.6133603e-1 2.98728822e0 -2.55491428e1 -2.55491428e1
8.8664003e-1 2.98728822e0 -2.71071085e1 -2.71071085e1
9.1194403e-1 2.98728822e0 -2.87142696e1 -2.87142696e1
9.3724803e-1 2.98728822e0 -3.03709679e1 -3.03709679e1
9.6255203e-1 2.98728822e0 -3.20775679e1 -3.20775679e1
9.8785603e-1 2.98728822e0 -3.38344275e1 -3.38344275e1
1.01316e0 2.98728822e0 -3.5642033e1 -3.5642033e1
1.0384639e0 2.98728822e0 -3.7500557e1 -3.7500557e1
1.063768e0 2.98728822e0 -3.9410504e1 -3.9410504e1
1.089072e0 2.98728822e0 -4.1372285e1 -4.1372285e1
1.1143759e0 2.98728822e0 -4.3386371e1 -4.3386371e1
1.13968e0 2.98728822e0 -4.5453246e1 -4.5453246e1
1.164984e0 2.98728822e0 -4.7573186e1 -4.7573186e1
1.190288e0 2.98728822e0 -4.9746638e1 -4.9746638e1
1.2155919e0 2.98728822e0 -5.197415e1 -5.197415e1
1.240896e0 2.98728822e0 -5.4256284e1 -5.4256284e1
1.2662e0 2.98728822e0 -5.6593256e1 -5.6593256e1
1.2915039e0 2.98728822e0 -5.8985765e1 -5.8985765e1
1.316808e0 2.98728822e0 -6.1434206e1 -6.1434206e1
1.342112e0 2.98728822e0 -6.3939243e1 -6.3939243e1
1.367416e0 2.98728822e0 -6.6501125e1 -6.6501125e1
1.39272e0 2.98728822e0 -6.9120511e1 -6.9120511e1
1.418024e0 2.98728822e0 -7.1797997e1 -7.1797997e1
1.443328e0 2.98728822e0 -7.453407e1 -7.453407e1
1.4686319e0 2.98728822e0 -7.7329454e1 -7.7329454e1
1.493936e0 2.98728822e0 -8.0184387e1 -8.0184387e1
1.51924e0 2.98728822e0 -8.309961e1 -8.309961e1
1.5445439e0 2.98728822e0 -8.6075723e1 -8.6075723e1
1.569848e0 2.98728822e0 -8.911351e1 -8.911351e1
1.595152e0 2.98728822e0 -9.2213261e1 -9.2213261e1
1.620456e0 2.98728822e0 -9.5375612e1 -9.5375612e1
1.64576e0 2.98728822e0 -9.8601372e1 -9.8601372e1
1.671064e0 2.98728822e0 -1.0189121e2 -1.0189121e2
1.696368e0 2.98728822e0 -1.0524552e2 -1.0524552e2
1.7216719e0 2.98728822e0 -1.08665039e2 -1.08665039e2
1.746976e0 2.98728822e0 -1.12150528e2 -1.12150528e2
1.77228e0 2.98728822e0 -1.15702606e2 -1.15702606e2
1.7975839e0 2.98728822e0 -1.19322128e2 -1.19322128e2
1.822888e0 2.98728822e0 -1.23009506e2 -1.23009506e2
1.848192e0 2.98728822e0 -1.26765501e2 -1.26765501e2
1.873496e0 2.98728822e0 -1.30590886e2 -1.30590886e2
1.8987999e0 2.98728822e0 -1.3448666e2 -1.3448666e2
1.924104e0 2.98728822e0 -1.38453052e2 -1.38453052e2
1.949408e0 2.98728822e0 -1.42490973e2 -1.42490973e2
1.9747119e0 2.98728822e0 -1.4660135e2 -1.4660135e2
2.000016e0 2.98728822e0 -1.5078477e2 -1.5078477e2

1.0e-3 3.03792023e0 -3.4915817e-5 -3.4915817e-5
2.6304001e-2 3.03792023e0 -2.41587564e-2 -2.41587564e-2
5.1608002e-2 3.03792023e0 -9.3001428e-2 -9.3001428e-2
7.6912003e-2 3.03792023e0 -2.06577989e-1 -2.06577989e-1
1.02216e-1 3.03792023e0 -3.6491385e-1 -3.6491385e-1
1.2752e-1 3.03792023e0 -5.6804291e-1 -5.6804291e-1
1.52824e-1 3.03792023e0 -8.1601022e-1 -8.1601022e-1
1.78128e-1 3.03792023e0 -1.10887192e0 -1.10887192e0
2.03432e-1 3.03792023e0 -1.44668909e0 -1.44668909e0
2.2873601e-1 3.03792023e0 -1.82953812e0 -1.82953812e0
2.5404001e-1 3.03792023e0 -2.25750528e0 -2.25750528e0
2.7934401e-1 3.03792023e0 -2.73067798e0 -2.73067798e0
3.0464801e-1 3.03792023e0 -3.24916534e0 -3.24916534e0
3.2995201e-1 3.03792023e0 -3.8130766e0 -3.8130766e0
3.5525601e-1 3.03792023e0 -4.4225421e0 -4.4225421e0
3.8056001e-1 3.03792023e0 -5.0776906e0 -5.0776906e0
4.0586401e-1 3.03792023e0 -5.778661e0 -5.778661e0
4.3116801e-1 3.03792023e0 -6.5256192e0 -6.5256192e0
4.5647202e-1 3.03792023e0 -7.3187117e0 -7.3187117e0
4.8177602e-1 3.03792023e0 -8.158122e0 -8.158122e0
5.0708002e-1 3.03792023e0 -9.0440286e0 -9.0440286e0
5.3238402e-1 3.03792023e0 -9.9766206e0 -9.9766206e0
5.5768802e-1 3.03792023e0 -1.09561075e1 -1.09561075e1
5.8299202e-1 3.03792023e0 -1.19827011e1 -1.19827011e1
6.0829602e-1 3.03792023e0 -1.30566125e1 -1.30566125e1
6.3360002e-1 3.03792023e0 -1.41780841e1 -1.41780841e1
6.5890402e-1 3.03792023e0 -1.53473459e1 -1.53473459e1
6.8420802e-1 3.03792023e0 -1.65646709e1 -1.65646709e1
7.0951202e-1 3.03792023e0 -1.7830301e1 -1.7830301e1
7.3481602e-1 3.03792023e0 -1.9144509e1 -1.9144509e1
7.6012003e-1 3.03792023e0 -2.05075879e1 -2.05075879e1
7.8542403e-1 3.03792023e0 -2.19198073e1 -2.19198073e1
8.1072803e-1 3.03792023e0 -2.33814838e1 -2.33814838e1
8.3603203e-1 3.03792023e0 -2.48929387e1 -2.48929387e1
8.6133603e-1 3.03792023e0 -2.6454454e1 -2.6454454e1
8.8664003e-1 3.03792023e0 -2.80663927e1 -2.80663927e1
9.1194403e-1 3.03792023e0 -2.97290894e1 -2.97290894e1
9.3724803e-1 3.03792023e0 -3.14428862e1 -3.14428862e1
9.6255203e-1 3.03792023e0 -3.3208147e1 -3.3208147e1
9.8785603e-1 3.03792023e0 -3.50252303e1 -3.50252303e1
1.01316e0 3.03792023e0 -3.6894626e1 -3.6894626e1
1.0384639e0 3.03792023e0 -3.8816496e1 -3.8816496e1
1.063768e0 3.03792023e0 -4.0791354e1 -4.0791354e1
1.089072e0 3.03792023e0 -4.2819608e1 -4.2819608e1
1.1143759e0 3.03792023e0 -4.490173e1 -4.490173e1
1.13968e0 3.03792023e0 -4.7038206e1 -4.7038206e1
1.164984e0 3.03792023e0 -4.9229309e1 -4.9229309e1
1.190288e0 3.03792023e0 -5.1475485e1 -5.1475485e1
1.2155919e0 3.03792023e0 -5.3777283e1 -5.3777283e1
1.240896e0 3.03792023e0 -5.6135269e1 -5.6135269e1
1.2662e0 3.03792023e0 -5.8549678e1 -5.8549678e1
1.2915039e0 3.03792023e0 -6.102114e1 -6.102114e1
1.316808e0 3.03792023e0 -6.3550116e1 -6.3550116e1
1.342112e0 3.03792023e0 -6.6137257e1 -6.6137257e1
1.367416e0 3.03792023e0 -6.87828e1 -6.87828e1
1.39272e0 3.03792023e0 -7.1487413e1 -7.1487413e1
1.418024e0 3.03792023e0 -7.4251685e1 -7.4251685e1
1.443328e0 3.03792023e0 -7.707611e1 -7.707611e1
1.4686319e0 3.03792023e0 -7.9961412e1 -7.9961412e1
1.493936e0 3.03792023e0 -8.290782e1 -8.290782e1
1.51924e0 3.03792023e0 -8.5916078e1 -8.5916078e1
1.5445439e0 3.03792023e0 -8.8986832e1 -8.8986832e1
1.569848e0 3.03792023e0 -9.2120787e1 -9.2120787e1
1.595152e0 3.03792023e0 -9.531823e1 -9.531823e1
1.620456e0 3.03792023e0 -9.8579906e1 -9.8579906e1
1.64576e0 3.03792023e0 -1.01906479e2 -1.01906479e2
1.671064e0 3.03792023e0 -1.05298778e2 -1.05298778e2
1.696368e0 3.03792023e0 -1.08757022e2 -1.08757022e2
1.7216719e0 3.03792023e0 -1.12282079e2 -1.12282079e2
1.746976e0 3.03792023e0 -1.1587467e2 -1.1587467e2
1.77228e0 3.03792023e0 -1.19535414e2 -1.19535414e2
1.7975839e0 3.03792023e0 -1.23265167e2 -1.23265167e2
1.822888e0 3.03792023e0 -1.27064337e2 -1.27064337e2
1.848192e0 3.03792023e0 -1.30933682e2 -1.30933682e2
1.873496e0 3.03792023e0 -1.34874036e2 -1.34874036e2
1.8987999e0 3.03792023e0 -1.38886296e2 -1.38886296e2
1.924104e0 3.03792023e0 -1.42970673e2 -1.42970673e2
1.949408e0 3.03792023e0 -1.47128197e2 -1.47128197e2
1.9747119e0 3.03792023e0 -1.5135974e2 -1.5135974e2
2.000016e0 3.03792023e0 -1.55665887e2 -1.55665887e2

1.0e-3 3.08855223e0 -3.6156631e-5 -3.6156631e-5
2.6304001e-2 3.08855223e0 -2.50172763e-2 -2.50172763e-2
5.1608002e-2 3.08855223e0 -9.6306197e-2 -9.6306197e-2
7.6912003e-2 3.08855223e0 -2.1391797e-1 -2.1391797e-1
1.02216e-1 3.08855223e0 -3.7787802e-1 -3.7787802e-1
1.2752e-1 3.08855223e0 -5.8822023e-1 -5.8822023e-1
1.52824e-1 3.08855223e0 -8.4498964e-1 -8.4498964e-1
1.78128e-1 3.08855223e0 -1.14824245e0 -1.14824245e0
2.03432e-1 3.08855223e0 -1.49803966e0 -1.49803966e0
2.2873601e-1 3.08855223e0 -1.8944577e0 -1.8944577e0
2.5404001e-1 3.08855223e0 -2.33758292e0 -2.33758292e0
2.7934401e-1 3.08855223e0 -2.82750253e0 -2.82750253e0
3.0464801e-1 3.08855223e0 -3.3643258e0 -3.3643258e0
3.2995201e-1 3.08855223e0 -3.948162e0 -3.948162e0
3.5525601e-1 3.08855223e0 -4.5791412e0 -4.5791412e0
3.8056001e-1 3.08855223e0 -5.2573926e0 -5.2573926e0
4.0586401e-1 3.08855223e0 -5.9830548e0 -5.9830548e0
4.3116801e-1 3.08855223e0 -6.756294e0 -6.756294e0
4.5647202e-1 3.08855223e0 -7.577256e0 -7.577256e0
4.8177602e-1 3.08855223e0 -8.446125e0 -8.446125e0
5.0708002e-1 3.08855223e0 -9.3630835e0 -9.3630835e0
5.3238402e-1 3.08855223e0 -1.03283081e1 -1.03283081e1
5.5768802e-1 3.08855223e0 -1.13420204e1 -1.13420204e1
5.8299202e-1 3.08855223e0 -1.24044287e1 -1.24044287e1
6.0829602e-1 3.08855223e0 -1.35157437e1 -1.35157437e1
6.3360002e-1 3.08855223e0 -1.46762077e1 -1.46762077e1
6.5890402e-1 3.08855223e0 -1.58860507e1 -1.58860507e1
6.8420802e-1 3.08855223e0 -1.71455466e1 -1.71455466e1
7.0951202e-1 3.08855223e0 -1.84549359e1 -1.84549359e1
7.3481602e-1 3.08855223e0 -1.98144922e1 -1.98144922e1
7.6012003e-1 3.08855223e0 -2.12245088e1 -2.12245088e1
7.8542403e-1 3.08855223e0 -2.26852542e1 -2.26852542e1
8.1072803e-1 3.08855223e0 -2.41970459e1 -2.41970459e1
8.3603203e-1 3.08855223e0 -2.57602054e1 -2.57602054e1
8.6133603e-1 3.08855223e0 -2.73750139e1 -2.73750139e1
8.8664003e-1 3.08855223e0 -2.90418346e1 -2.90418346e1
9.1194403e-1 3.08855223e0 -3.07610023e1 -3.07610023e1
9.3724803e-1 3.08855223e0 -3.25328596e1 -3.25328596e1
9.6255203e-1 3.08855223e0 -3.43577693e1 -3.43577693e1
9.8785603e-1 3.08855223e0 -3.62360904e1 -3.62360904e1
1.01316e0 3.08855223e0 -3.8168315e1 -3.8168315e1
1.0384639e0 3.08855223e0 -4.0154602e1 -4.0154602e1
1.063768e0 3.08855223e0 -4.2195462e1 -4.2195462e1
1.089072e0 3.08855223e0 -4.4291307e1 -4.4291307e1
1.1143759e0 3.08855223e0 -4.6442613e1 -4.6442613e1
1.13968e0 3.08855223e0 -4.8649863e1 -4.8649863e1
1.164984e0 3.08855223e0 -5.0913327e1 -5.0913327e1
1.190288e0 3.08855223e0 -5.3233452e1 -5.3233452e1
1.2155919e0 3.08855223e0 -5.5610788e1 -5.5610788e1
1.240896e0 3.08855223e0 -5.8045905e1 -5.8045905e1
1.2662e0 3.08855223e0 -6.0539029e1 -6.0539029e1
1.2915039e0 3.08855223e0 -6.3090796e1 -6.3090796e1
1.316808e0 3.08855223e0 -6.5701666e1 -6.5701666e1
1.342112e0 3.08855223e0 -6.8372295e1 -6.8372295e1
1.367416e0 3.08855223e0 -7.1102908e1 -7.1102908e1
1.39272e0 3.08855223e0 -7.389418e1 -7.389418e1
1.418024e0 3.08855223e0 -7.6746703e1 -7.6746703e1
1.443328e0 3.08855223e0 -7.9660966e1 -7.9660966e1
1.4686319e0 3.08855223e0 -8.2637735e1 -8.2637735e1
1.493936e0 3.08855223e0 -8.5677126e1 -8.5677126e1
1.51924e0 3.08855223e0 -8.8779988e1 -8.8779988e1
1.5445439e0 3.08855223e0 -9.1946935e1 -9.1946935e1
1.569848e0 3.08855223e0 -9.5178679e1 -9.5178679e1
1.595152e0 3.08855223e0 -9.8475494e1 -9.8475494e1
1.620456e0 3.08855223e0 -1.01838132e2 -1.01838132e2
1.64576e0 3.08855223e0 -1.05267255e2 -1.05267255e2
1.671064e0 3.08855223e0 -1.087637e2 -1.087637e2
1.696368e0 3.08855223e0 -1.1232767e2 -1.1232767e2
1.7216719e0 3.08855223e0 -1.15960043e2 -1.15960043e2
1.746976e0 3.08855223e0 -1.1966154e2 -1.1966154e2
1.77228e0 3.08855223e0 -1.23432779e2 -1.23432779e2
1.7975839e0 3.08855223e0 -1.27274623e2 -1.27274623e2
1.822888e0 3.08855223e0 -1.31187465e2 -1.31187465e2
1.848192e0 3.08855223e0 -1.35172072e2 -1.35172072e2
1.873496e0 3.08855223e0 -1.39229276e2 -1.39229276e2
1.8987999e0 3.08855223e0 -1.43359984e2 -1.43359984e2
1.924104e0 3.08855223e0 -1.47564388e2 -1.47564388e2
1.949408e0 3.08855223e0 -1.51843527e2 -1.51843527e2
1.9747119e0 3.08855223e0 -1.56198277e2 -1.56198277e2
2.000016e0 3.08855223e0 -1.6062922e2 -1.6062922e2

1.0e-3 3.13918423e0 -3.7417923e-5 -3.7417923e-5
2.6304001e-2 3.13918423e0 -2.58899539e-2 -2.58899539e-2
5.1608002e-2 3.13918423e0 -9.9665463e-2 -9.9665463e-2
7.6912003e-2 3.13918423e0 -2.21379085e-1 -2.21379085e-1
1.02216e-1 3.13918423e0 -3.9105615e-1 -3.9105615e-1
1.2752e-1 3.13918423e0 -6.0873029e-1 -6.0873029e-1
1.52824e-1 3.13918423e0 -8.7444695e-1 -8.7444695e-1
1.78128e-1 3.13918423e0 -1.18826224e0 -1.18826224e0
2.03432e-1 3.13918423e0 -1.55023769e0 -1.55023769e0
2.2873601e-1 3.13918423e0 -1.96044865e0 -1.96044865e0
2.5404001e-1 3.13918423e0 -2.4189811e0 -2.4189811e0
2.7934401e-1 3.13918423e0 -2.925925e0 -2.925925e0
3.0464801e-1 3.13918423e0 -3.48138535e0 -3.48138535e0
3.2995201e-1 3.13918423e0 -4.0854765e0 -4.0854765e0
3.5525601e-1 3.13918423e0 -4.7383249e0 -4.7383249e0
3.8056001e-1 3.13918423e0 -5.440058e0 -5.440058e0
4.0586401e-1 3.13918423e0 -6.1908191e0 -6.1908191e0
4.3116801e-1 3.13918423e0 -6.9907726e0 -6.9907726e0
4.5647202e-1 3.13918423e0 -7.8400641e0 -7.8400641e0
4.8177602e-1 3.13918423e0 -8.7388776e0 -8.7388776e0
5.0708002e-1 3.13918423e0 -9.6873958e0 -9.6873958e0
5.3238402e-1 3.13918423e0 -1.06857994e1 -1.06857994e1
5.5768802e-1 3.13918423e0 -1.17343022e1 -1.17343022e1
5.8299202e-1 3.13918423e0 -1.2833111e1 -1.2833111e1
6.0829602e-1 3.13918423e0 -1.3982452e1 -1.3982452e1
6.3360002e-1 3.13918423e0 -1.51825458e1 -1.51825458e1
6.5890402e-1 3.13918423e0 -1.6433646e1 -1.6433646e1
6.8420802e-1 3.13918423e0 -1.77360085e1 -1.77360085e1
7.0951202e-1 3.13918423e0 -1.90898717e1 -1.90898717e1
7.3481602e-1 3.13918423e0 -2.0495524e1 -2.0495524e1
7.6012003e-1 3.13918423e0 -2.19532523e1 -2.19532523e1
7.8542403e-1 3.13918423e0 -2.3463324e1 -2.3463324e1
8.1072803e-1 3.13918423e0 -2.50260573e1 -2.50260573e1
8.3603203e-1 3.13918423e0 -2.66417741e1 -2.66417741e1
8.6133603e-1 3.13918423e0 -2.83107658e1 -2.83107658e1
8.8664003e-1 3.13918423e0 -3.00333743e1 -3.00333743e1
9.1194403e-1 3.13918423e0 -3.18099326e1 -3.18099326e1
9.3724803e-1 3.13918423e0 -3.36408209e1 -3.36408209e1
9.6255203e-1 3.13918423e0 -3.55263498e1 -3.55263498e1
9.8785603e-1 3.13918423e0 -3.74669336e1 -3.74669336e1
1.01316e0 3.13918423e0 -3.946301e1 -3.946301e1
1.0384639e0 3.13918423e0 -4.1514774e1 -4.1514774e1
1.063768e0 3.13918423e0 -4.3622743e1 -4.3622743e1
1.089072e0 3.13918423e0 -4.5787296e1 -4.5787296e1
1.1143759e0 3.13918423e0 -4.8008925e1 -4.8008925e1
1.13968e0 3.13918423e0 -5.0288118e1 -5.0288118e1
1.164984e0 3.13918423e0 -5.2625116e1 -5.2625116e1
1.190288e0 3.13918423e0 -5.5020409e1 -5.5020409e1
1.2155919e0 3.13918423e0 -5.7474551e1 -5.7474551e1
1.240896e0 3.13918423e0 -5.9988072e1 -5.9988072e1
1.2662e0 3.13918423e0 -6.2561186e1 -6.2561186e1
1.2915039e0 3.13918423e0 -6.5194608e1 -6.5194608e1
1.316808e0 3.13918423e0 -6.7888724e1 -6.7888724e1
1.342112e0 3.13918423e0 -7.0644215e1 -7.0644215e1
1.367416e0 3.13918423e0 -7.3461307e1 -7.3461307e1
1.39272e0 3.13918423e0 -7.6340668e1 -7.6340668e1
1.418024e0 3.13918423e0 -7.9282896e1 -7.9282896e1
1.443328e0 3.13918423e0 -8.2288481e1 -8.2288481e1
1.4686319e0 3.13918423e0 -8.5358159e1 -8.5358159e1
1.493936e0 3.13918423e0 -8.8492133e1 -8.8492133e1
1.51924e0 3.13918423e0 -9.169116e1 -9.169116e1
1.5445439e0 3.13918423e0 -9.4955853e1 -9.4955853e1
1.569848e0 3.13918423e0 -9.8287e1 -9.8287e1
1.595152e0 3.13918423e0 -1.01684866e2 -1.01684866e2
1.620456e0 3.13918423e0 -1.05150089e2 -1.05150089e2
1.64576e0 3.13918423e0 -1.08683495e2 -1.08683495e2
1.671064e0 3.13918423e0 -1.1228576e2 -1.1228576e2
1.696368e0 3.13918423e0 -1.15957202e2 -1.15957202e2
1.7216719e0 3.13918423e0 -1.1969866e2 -1.1969866e2
1.746976e0 3.13918423e0 -1.23510907e2 -1.23510907e2
1.77228e0 3.13918423e0 -1.27394464e2 -1.27394464e2
1.7975839e0 3.13918423e0 -1.31350246e2 -1.31350246e2
1.822888e0 3.13918423e0 -1.35378638e2 -1.35378638e2
1.848192e0 3.13918423e0 -1.39480408e2 -1.39480408e2
1.873496e0 3.13918423e0 -1.43656337e2 -1.43656337e2
1.8987999e0 3.13918423e0 -1.47907445e2 -1.47907445e2
1.924104e0 3.13918423e0 -1.52233913e2 -1.52233913e2
1.949408e0 3.13918423e0 -1.56636676e2 -1.56636676e2
1.9747119e0 3.13918423e0 -1.61116666e2 -1.61116666e2
2.000016e0 3.13918423e0 -1.65674463e2 -1.65674463e2

1.0e-3 3.18981624e0 -3.8699707e-5 -3.8699707e-5
2.6304001e-2 3.18981624e0 -2.6776821e-2 -2.6776821e-2
5.1608002e-2 3.18981624e0 -1.0307939e-1 -1.0307939e-1
7.6912003e-2 3.18981624e0 -2.28961421e-1 -2.28961421e-1
1.02216e-1 3.18981624e0 -4.0444838e-1 -4.0444838e-1
1.2752e-1 3.18981624e0 -6.2957408e-1 -6.2957408e-1
1.52824e-1 3.18981624e0 -9.0438359e-1 -9.0438359e-1
1.78128e-1 3.18981624e0 -1.22893323e0 -1.22893323e0
2.03432e-1 3.18981624e0 -1.60328378e0 -1.60328378e0
2.2873601e-1 3.18981624e0 -2.02751178e0 -2.02751178e0
2.5404001e-1 3.18981624e0 -2.50170277e0 -2.50170277e0
2.7934401e-1 3.18981624e0 -3.02594656e0 -3.02594656e0
3.0464801e-1 3.18981624e0 -3.60034966e0 -3.60034966e0
3.2995201e-1 3.18981624e0 -4.2250221e0 -4.2250221e0
3.5525601e-1 3.18981624e0 -4.9000948e0 -4.9000948e0
3.8056001e-1 3.18981624e0 -5.6256935e0 -5.6256935e0
4.0586401e-1 3.18981624e0 -6.4019617e0 -6.4019617e0
4.3116801e-1 3.18981624e0 -7.2290666e0 -7.2290666e0
4.5647202e-1 3.18981624e0 -8.1071483e0 -8.1071483e0
4.8177602e-1 3.18981624e0 -9.03639e0 -9.03639e0
5.0708002e-1 3.18981624e0 -1.00169812e1 -1.00169812e1
5.3238402e-1 3.18981624e0 -1.1049099e1 -1.1049099e1
5.5768802e-1 3.18981624e0 -1.21329575e1 -1.21329575e1
5.8299202e-1 3.18981624e0 -1.32687634e1 -1.32687634e1
6.0829602e-1 3.18981624e0 -1.4456743e1 -1.4456743e1
6.3360002e-1 3.18981624e0 -1.56971167e1 -1.56971167e1
6.5890402e-1 3.18981624e0 -1.69901381e1 -1.69901381e1
6.8420802e-1 3.18981624e0 -1.83360637e1 -1.83360637e1
7.0951202e-1 3.18981624e0 -1.9735131e1 -1.9735131e1
7.3481602e-1 3.18981624e0 -2.11876291e1 -2.11876291e1
7.6012003e-1 3.18981624e0 -2.26938536e1 -2.26938536e1
7.8542403e-1 3.18981624e0 -2.42540543e1 -2.42540543e1
8.1072803e-1 3.18981624e0 -2.5868558e1 -2.5868558e1
8.3603203e-1 3.18981624e0 -2.75376768e1 -2.75376768e1
8.6133603e-1 3.18981624e0 -2.92617213e1 -2.92617213e1
8.8664003e-1 3.18981624e0 -3.10410239e1 -3.10410239e1
9.1194403e-1 3.18981624e0 -3.28759178e1 -3.28759178e1
9.3724803e-1 3.18981624e0 -3.47667836e1 -3.47667836e1
9.6255203e-1 3.18981624e0 -3.6713945e1 -3.6713945e1
9.8785603e-1 3.18981624e0 -3.87177745e1 -3.87177745e1
1.01316e0 3.18981624e0 -4.077877e1 -4.077877e1
1.0384639e0 3.18981624e0 -4.2897076e1 -4.2897076e1
1.063768e0 3.18981624e0 -4.5073213e1 -4.5073213e1
1.089072e0 3.18981624e0 -4.730759e1 -4.730759e1
1.1143759e0 3.18981624e0 -4.9600685e1 -4.9600685e1
1.13968e0 3.18981624e0 -5.195299e1 -5.195299e1
1.164984e0 3.18981624e0 -5.436476e1 -5.436476e1
1.190288e0 3.18981624e0 -5.6836421e1 -5.6836421e1
1.2155919e0 3.18981624e0 -5.9368596e1 -5.9368596e1
1.240896e0 3.18981624e0 -6.1961794e1 -6.1961794e1
1.2662e0 3.18981624e0 -6.4616222e1 -6.4616222e1
1.2915039e0 3.18981624e0 -6.73326e1 -6.73326e1
1.316808e0 3.18981624e0 -7.0111316e1 -7.0111316e1
1.342112e0 3.18981624e0 -7.295305e1 -7.295305e1
1.367416e0 3.18981624e0 -7.5858022e1 -7.5858022e1
1.39272e0 3.18981624e0 -7.8826903e1 -7.8826903e1
1.418024e0 3.18981624e0 -8.1860297e1 -8.1860297e1
1.443328e0 3.18981624e0 -8.4958687e1 -8.4958687e1
1.4686319e0 3.18981624e0 -8.8122815e1 -8.8122815e1
1.493936e0 3.18981624e0 -9.1352876e1 -9.1352876e1
1.51924e0 3.18981624e0 -9.4649632e1 -9.4649632e1
1.5445439e0 3.18981624e0 -9.8013731e1 -9.8013731e1
1.569848e0 3.18981624e0 -1.01445859e2 -1.01445859e2
1.595152e0 3.18981624e0 -1.0494638e2 -1.0494638e2
1.620456e0 3.18981624e0 -1.08515897e2 -1.08515897e2
1.64576e0 3.18981624e0 -1.12155238e2 -1.12155238e2
1.671064e0 3.18981624e0 -1.1586513e2 -1.1586513e2
1.696368e0 3.18981624e0 -1.19645792e2 -1.19645792e2
1.7216719e0 3.18981624e0 -1.23498111e2 -1.23498111e2
1.746976e0 3.18981624e0 -1.27422815e2 -1.27422815e2
1.77228e0 3.18981624e0 -1.31420514e2 -1.31420514e2
1.7975839e0 3.18981624e0 -1.35492087e2 -1.35492087e2
1.822888e0 3.18981624e0 -1.39637906e2 -1.39637906e2
1.848192e0 3.18981624e0 -1.43858742e2 -1.43858742e2
1.873496e0 3.18981624e0 -1.4815538e2 -1.4815538e2
1.8987999e0 3.18981624e0 -1.52528845e2 -1.52528845e2
1.924104e0 3.18981624e0 -1.56979305e2 -1.56979305e2
1.949408e0 3.18981624e0 -1.615077e2 -1.615077e2
1.9747119e0 3.18981624e0 -1.66114964e2 -1.66114964e2
2.000016e0 3.18981624e0 -1.70801677e2 -1.70801677e2

1.0e-3 3.24044824e0 -4.0002014e-5 -4.0002014e-5
2.6304001e-2 3.24044824e0 -2.76778879e-2 -2.76778879e-2
5.1608002e-2 3.24044824e0 -1.06547937e-1 -1.06547937e-1
7.6912003e-2 3.24044824e0 -2.36665161e-1 -2.36665161e-1
1.02216e-1 3.24044824e0 -4.1805505e-1 -4.1805505e-1
1.2752e-1 3.24044824e0 -6.5075136e-1 -6.5075136e-1
1.52824e-1 3.24044824e0 -9.3479918e-1 -9.3479918e-1
1.78128e-1 3.24044824e0 -1.2702549e0 -1.2702549e0
2.03432e-1 3.24044824e0 -1.65717921e0 -1.65717921e0
2.2873601e-1 3.24044824e0 -2.09564868e0 -2.09564868e0
2.5404001e-1 3.24044824e0 -2.58574895e0 -2.58574895e0
2.7934401e-1 3.24044824e0 -3.1275696e0 -3.1275696e0
3.0464801e-1 3.24044824e0 -3.72121729e0 -3.72121729e0
3.2995201e-1 3.24044824e0 -4.366802e0 -4.366802e0
3.5525601e-1 3.24044824e0 -5.0644548e0 -5.0644548e0
3.8056001e-1 3.24044824e0 -5.8143013e0 -5.8143013e0
4.0586401e-1 3.24044824e0 -6.6164848e0 -6.6164848e0
4.3116801e-1 3.24044824e0 -7.4711732e0 -7.4711732e0
4.5647202e-1 3.24044824e0 -8.3785059e0 -8.3785059e0
4.8177602e-1 3.24044824e0 -9.3386662e0 -9.3386662e0
5.0708002e-1 3.24044824e0 -1.03518439e1 -1.03518439e1
5.3238402e-1 3.24044824e0 -1.14182155e1 -1.14182155e1
5.5768802e-1 3.24044824e0 -1.25379958e1 -1.25379958e1
5.8299202e-1 3.24044824e0 -1.37113913e1 -1.37113913e1
6.0829602e-1 3.24044824e0 -1.4938628e1 -1.4938628e1
6.3360002e-1 3.24044824e0 -1.62199266e1 -1.62199266e1
6.5890402e-1 3.24044824e0 -1.75555405e1 -1.75555405e1
6.8420802e-1 3.24044824e0 -1.89457268e1 -1.89457268e1
7.0951202e-1 3.24044824e0 -2.03907219e1 -2.03907219e1
7.3481602e-1 3.24044824e0 -2.1890824e1 -2.1890824e1
7.6012003e-1 3.24044824e0 -2.3446304e1 -2.3446304e1
7.8542403e-1 3.24044824e0 -2.50574358e1 -2.50574358e1
8.1072803e-1 3.24044824e0 -2.67245282e1 -2.67245282e1
8.3603203e-1 3.24044824e0 -2.8447924e1 -2.8447924e1
8.6133603e-1 3.24044824e0 -3.02279028e1 -3.02279028e1
8.8664003e-1 3.24044824e0 -3.20648073e1 -3.20648073e1
9.1194403e-1 3.24044824e0 -3.3958971e1 -3.3958971e1
9.3724803e-1 3.24044824e0 -3.59107744e1 -3.59107744e1
9.6255203e-1 3.24044824e0 -3.79205408e1 -3.79205408e1
9.8785603e-1 3.24044824e0 -3.99886432e1 -3.99886432e1
1.01316e0 3.24044824e0 -4.2115567e1 -4.2115567e1
1.0384639e0 3.24044824e0 -4.4301495e1 -4.4301495e1
1.063768e0 3.24044824e0 -4.6546907e1 -4.6546907e1
1.089072e0 3.24044824e0 -4.8852225e1 -4.8852225e1
1.1143759e0 3.24044824e0 -5.1217932e1 -5.1217932e1
1.13968e0 3.24044824e0 -5.3644519e1 -5.3644519e1
1.164984e0 3.24044824e0 -5.6132236e1 -5.6132236e1
1.190288e0 3.24044824e0 -5.868151e1 -5.868151e1
1.2155919e0 3.24044824e0 -6.1292967e1 -6.1292967e1
1.240896e0 3.24044824e0 -6.3967117e1 -6.3967117e1
1.2662e0 3.24044824e0 -6.6704163e1 -6.6704163e1
1.2915039e0 3.24044824e0 -6.9504826e1 -6.9504826e1
1.316808e0 3.24044824e0 -7.2369495e1 -7.2369495e1
1.342112e0 3.24044824e0 -7.5298853e1 -7.5298853e1
1.367416e0 3.24044824e0 -7.829311e1 -7.829311e1
1.39272e0 3.24044824e0 -8.1352946e1 -8.1352946e1
1.418024e0 3.24044824e0 -8.4478964e1 -8.4478964e1
1.443328e0 3.24044824e0 -8.7671645e1 -8.7671645e1
1.4686319e0 3.24044824e0 -9.0931738e1 -9.0931738e1
1.493936e0 3.24044824e0 -9.4259424e1 -9.4259424e1
1.51924e0 3.24044824e0 -9.7655472e1 -9.7655472e1
1.5445439e0 3.24044824e0 -1.01120534e2 -1.01120534e2
1.569848e0 3.24044824e0 -1.04655296e2 -1.04655296e2
1.595152e0 3.24044824e0 -1.08260115e2 -1.08260115e2
1.620456e0 3.24044824e0 -1.11935635e2 -1.11935635e2
1.64576e0 3.24044824e0 -1.1568257e2 -1.1568257e2
1.671064e0 3.24044824e0 -1.19501767e2 -1.19501767e2
1.696368e0 3.24044824e0 -1.23393398e2 -1.23393398e2
1.7216719e0 3.24044824e0 -1.2735835e2 -1.2735835e2
1.746976e0 3.24044824e0 -1.31397357e2 -1.31397357e2
1.77228e0 3.24044824e0 -1.35511028e2 -1.35511028e2
1.7975839e0 3.24044824e0 -1.39700244e2 -1.39700244e2
1.822888e0 3.24044824e0 -1.43965372e2 -1.43965372e2
1.848192e0 3.24044824e0 -1.48307178e2 -1.48307178e2
1.873496e0 3.24044824e0 -1.52726459e2 -1.52726459e2
1.8987999e0 3.24044824e0 -1.57224242e2 -1.57224242e2
1.924104e0 3.24044824e0 -1.61800676e2 -1.61800676e2
1.949408e0 3.24044824e0 -1.66456715e2 -1.66456715e2
1.9747119e0 3.24044824e0 -1.71193292e2 -1.71193292e2
2.000016e0 3.24044824e0 -1.76010986e2 -1.76010986e2

1.0e-3 3.29108025e0 -4.1324829e-5 -4.1324829e-5
2.6304001e-2 3.29108025e0 -2.85931442e-2 -2.85931442e-2
5.1608002e-2 3.29108025e0 -1.10071104e-1 -1.10071104e-1
7.6912003e-2 3.29108025e0 -2.44490215e-1 -2.44490215e-1
1.02216e-1 3.29108025e0 -4.3187598e-1 -4.3187598e-1
1.2752e-1 3.29108025e0 -6.7226212e-1 -6.7226212e-1
1.52824e-1 3.29108025e0 -9.6569374e-1 -9.6569374e-1
1.78128e-1 3.29108025e0 -1.3122273e0 -1.3122273e0
2.03432e-1 3.29108025e0 -1.71192336e0 -1.71192336e0
2.2873601e-1 3.29108025e0 -2.16485855e0 -2.16485855e0
2.5404001e-1 3.29108025e0 -2.6711186e0 -2.6711186e0
2.7934401e-1 3.29108025e0 -3.23079292e0 -3.23079292e0
3.0464801e-1 3.29108025e0 -3.84398685e0 -3.84398685e0
3.2995201e-1 3.29108025e0 -4.5108147e0 -4.5108147e0
3.5525601e-1 3.29108025e0 -5.231403e0 -5.231403e0
3.8056001e-1 3.29108025e0 -6.0058792e0 -6.0058792e0
4.0586401e-1 3.29108025e0 -6.8343861e0 -6.8343861e0
4.3116801e-1 3.29108025e0 -7.7170924e0 -7.7170924e0
4.5647202e-1 3.29108025e0 -8.6541364e0 -8.6541364e0
4.8177602e-1 3.29108025e0 -9.6457024e0 -9.6457024e0
5.0708002e-1 3.29108025e0 -1.06919797e1 -1.06919797e1
5.3238402e-1 3.29108025e0 -1.17931447e1 -1.17931447e1
5.5768802e-1 3.29108025e0 -1.29494122e1 -1.29494122e1
5.8299202e-1 3.29108025e0 -1.41609894e1 -1.41609894e1
6.0829602e-1 3.29108025e0 -1.54281013e1 -1.54281013e1
6.3360002e-1 3.29108025e0 -1.67509692e1 -1.67509692e1
6.5890402e-1 3.29108025e0 -1.81298463e1 -1.81298463e1
6.8420802e-1 3.29108025e0 -1.95649902e1 -1.95649902e1
7.0951202e-1 3.29108025e0 -2.10566367e1 -2.10566367e1
7.3481602e-1 3.29108025e0 -2.26050757e1 -2.26050757e1
7.6012003e-1 3.29108025e0 -2.42106035e1 -2.42106035e1
7.8542403e-1 3.29108025e0 -2.58734682e1 -2.58734682e1
8.1072803e-1 3.29108025e0 -2.75939879e1 -2.75939879e1
8.3603203e-1 3.29108025e0 -2.93725052e1 -2.93725052e1
8.6133603e-1 3.29108025e0 -3.1209299e1 -3.1209299e1
8.8664003e-1 3.29108025e0 -3.31047125e1 -3.31047125e1
9.1194403e-1 3.29108025e0 -3.50590791e1 -3.50590791e1
9.3724803e-1 3.29108025e0 -3.707278e1 -3.707278e1
9.6255203e-1 3.29108025e0 -3.91461372e1 -3.91461372e1
9.8785603e-1 3.29108025e0 -4.12795245e1 -4.12795245e1
1.01316e0 3.29108025e0 -4.3473447e1 -4.3473447e1
1.0384639e0 3.29108025e0 -4.5728032e1 -4.5728032e1
1.063768e0 3.29108025e0 -4.8043808e1 -4.8043808e1
1.089072e0 3.29108025e0 -5.0421184e1 -5.0421184e1
1.1143759e0 3.29108025e0 -5.2860646e1 -5.2860646e1
1.13968e0 3.29108025e0 -5.5362685e1 -5.5362685e1
1.164984e0 3.29108025e0 -5.7927545e1 -5.7927545e1
1.190288e0 3.29108025e0 -6.0555653e1 -6.0555653e1
1.2155919e0 3.29108025e0 -6.3247641e1 -6.3247641e1
1.240896e0 3.29108025e0 -6.6004019e1 -6.6004019e1
1.2662e0 3.29108025e0 -6.8824982e1 -6.8824982e1
1.2915039e0 3.29108025e0 -7.1711258e1 -7.1711258e1
1.316808e0 3.29108025e0 -7.4663232e1 -7.4663232e1
1.342112e0 3.29108025e0 -7.7681595e1 -7.7681595e1
1.367416e0 3.29108025e0 -8.0766545e1 -8.0766545e1
1.39272e0 3.29108025e0 -8.391877e1 -8.391877e1
1.418024e0 3.29108025e0 -8.7138869e1 -8.7138869e1
1.443328e0 3.29108025e0 -9.0427325e1 -9.0427325e1
1.4686319e0 3.29108025e0 -9.3784892e1 -9.3784892e1
1.493936e0 3.29108025e0 -9.7211742e1 -9.7211742e1
1.51924e0 3.29108025e0 -1.00708647e2 -1.00708647e2
1.5445439e0 3.29108025e0 -1.04276259e2 -1.04276259e2
1.569848e0 3.29108025e0 -1.07915273e2 -1.07915273e2
1.595152e0 3.29108025e0 -1.11626033e2 -1.11626033e2
1.620456e0 3.29108025e0 -1.15409145e2 -1.15409145e2
1.64576e0 3.29108025e0 -1.19265448e2 -1.19265448e2
1.671064e0 3.29108025e0 -1.23195673e2 -1.23195673e2
1.696368e0 3.29108025e0 -1.27200017e2 -1.27200017e2
1.7216719e0 3.29108025e0 -1.31279378e2 -1.31279378e2
1.746976e0 3.29108025e0 -1.35434488e2 -1.35434488e2
1.77228e0 3.29108025e0 -1.39665956e2 -1.39665956e2
1.7975839e0 3.29108025e0 -1.43974669e2 -1.43974669e2
1.822888e0 3.29108025e0 -1.48360982e2 -1.48360982e2
1.848192e0 3.29108025e0 -1.52825667e2 -1.52825667e2
1.873496e0 3.29108025e0 -1.57369519e2 -1.57369519e2
1.8987999e0 3.29108025e0 -1.61993578e2 -1.61993578e2
1.924104e0 3.29108025e0 -1.66697972e2 -1.66697972e2
1.949408e0 3.29108025e0 -1.71483664e2 -1.71483664e2
1.9747119e0 3.29108025e0 -1.7635159e2 -1.7635159e2
2.000016e0 3.29108025e0 -1.81302325e2 -1.81302325e2

1.0e-3 3.34171225e0 -4.2668152e-5 -4.2668152e-5
2.6304001e-2 3.34171225e0 -2.95225899e-2 -2.95225899e-2
5.1608002e-2 3.34171225e0 -1.13648892e-1 -1.13648892e-1
7.6912003e-2 3.34171225e0 -2.5243658e-1 -2.5243658e-1
1.02216e-1 3.34171225e0 -4.4591118e-1 -4.4591118e-1
1.2752e-1 3.34171225e0 -6.9410635e-1 -6.9410635e-1
1.52824e-1 3.34171225e0 -9.9706726e-1 -9.9706726e-1
1.78128e-1 3.34171225e0 -1.35485039e0 -1.35485039e0
2.03432e-1 3.34171225e0 -1.76751622e0 -1.76751622e0
2.2873601e-1 3.34171225e0 -2.23514139e0 -2.23514139e0
2.5404001e-1 3.34171225e0 -2.75781276e0 -2.75781276e0
2.7934401e-1 3.34171225e0 -3.33561653e0 -3.33561653e0
3.0464801e-1 3.34171225e0 -3.96866116e0 -3.96866116e0
3.2995201e-1 3.34171225e0 -4.6570598e0 -4.6570598e0
3.5525601e-1 3.34171225e0 -5.4009396e0 -5.4009396e0
3.8056001e-1 3.34171225e0 -6.2004271e0 -6.2004271e0
4.0586401e-1 3.34171225e0 -7.0556657e0 -7.0556657e0
4.3116801e-1 3.34171225e0 -7.966824e0 -7.966824e0
4.5647202e-1 3.34171225e0 -8.93404e0 -8.93404e0
4.8177602e-1 3.34171225e0 -9.9575021e0 -9.9575021e0
5.0708002e-1 3.34171225e0 -1.10373886e1 -1.10373886e1
5.3238402e-1 3.34171225e0 -1.21738863e1 -1.21738863e1
5.5768802e-1 3.34171225e0 -1.3367207e1 -1.3367207e1
5.8299202e-1 3.34171225e0 -1.46175575e1 -1.46175575e1
6.0829602e-1 3.34171225e0 -1.59251633e1 -1.59251633e1
6.3360002e-1 3.34171225e0 -1.72902448e1 -1.72902448e1
6.5890402e-1 3.34171225e0 -1.87130557e1 -1.87130557e1
6.8420802e-1 3.34171225e0 -2.01938544e1 -2.01938544e1
7.0951202e-1 3.34171225e0 -2.1732875e1 -2.1732875e1
7.3481602e-1 3.34171225e0 -2.3330417e1 -2.3330417e1
7.6012003e-1 3.34171225e0 -2.49867519e1 -2.49867519e1
7.8542403e-1 3.34171225e0 -2.67021516e1 -2.67021516e1
8.1072803e-1 3.34171225e0 -2.84769368e1 -2.84769368e1
8.3603203e-1 3.34171225e0 -3.03114203e1 -3.03114203e1
8.6133603e-1 3.34171225e0 -3.220591e1 -3.220591e1
8.8664003e-1 3.34171225e0 -3.41607394e1 -3.41607394e1
9.1194403e-1 3.34171225e0 -3.61762425e1 -3.61762425e1
9.3724803e-1 3.34171225e0 -3.82528004e1 -3.82528004e1
9.6255203e-1 3.34171225e0 -4.03907343e1 -4.03907343e1
9.8785603e-1 3.34171225e0 -4.25904187e1 -4.25904187e1
1.01316e0 3.34171225e0 -4.4852362e1 -4.4852362e1
1.0384639e0 3.34171225e0 -4.7176683e1 -4.7176683e1
1.063768e0 3.34171225e0 -4.9563914e1 -4.9563914e1
1.089072e0 3.34171225e0 -5.2014468e1 -5.2014468e1
1.1143759e0 3.34171225e0 -5.4528827e1 -5.4528827e1
1.13968e0 3.34171225e0 -5.7107487e1 -5.7107487e1
1.164984e0 3.34171225e0 -5.9750687e1 -5.9750687e1
1.190288e0 3.34171225e0 -6.2458853e1 -6.2458853e1
1.2155919e0 3.34171225e0 -6.5232619e1 -6.5232619e1
1.240896e0 3.34171225e0 -6.8072499e1 -6.8072499e1
1.2662e0 3.34171225e0 -7.097868e1 -7.097868e1
1.2915039e0 3.34171225e0 -7.3951897e1 -7.3951897e1
1.316808e0 3.34171225e0 -7.6992531e1 -7.6992531e1
1.342112e0 3.34171225e0 -8.0101277e1 -8.0101277e1
1.367416e0 3.34171225e0 -8.3278328e1 -8.3278328e1
1.39272e0 3.34171225e0 -8.652437e1 -8.652437e1
1.418024e0 3.34171225e0 -8.984001e1 -8.984001e1
1.443328e0 3.34171225e0 -9.3225726e1 -9.3225726e1
1.4686319e0 3.34171225e0 -9.6682281e1 -9.6682281e1
1.493936e0 3.34171225e0 -1.0020983e2 -1.0020983e2
1.51924e0 3.34171225e0 -1.03809155e2 -1.03809155e2
1.5445439e0 3.34171225e0 -1.07480873e2 -1.07480873e2
1.569848e0 3.34171225e0 -1.1122579e2 -1.1122579e2
1.595152e0 3.34171225e0 -1.15044133e2 -1.15044133e2
1.620456e0 3.34171225e0 -1.18936546e2 -1.18936546e2
1.64576e0 3.34171225e0 -1.22903871e2 -1.22903871e2
1.671064e0 3.34171225e0 -1.26946844e2 -1.26946844e2
1.696368e0 3.34171225e0 -1.3106565e2 -1.3106565e2
1.7216719e0 3.34171225e0 -1.35261192e2 -1.35261192e2
1.746976e0 3.34171225e0 -1.39534207e2 -1.39534207e2
1.77228e0 3.34171225e0 -1.43885298e2 -1.43885298e2
1.7975839e0 3.34171225e0 -1.48315361e2 -1.48315361e2
1.822888e0 3.34171225e0 -1.52824738e2 -1.52824738e2
1.848192e0 3.34171225e0 -1.57414206e2 -1.57414206e2
1.873496e0 3.34171225e0 -1.62084563e2 -1.62084563e2
1.8987999e0 3.34171225e0 -1.66836853e2 -1.66836853e2
1.924104e0 3.34171225e0 -1.71671191e2 -1.71671191e2
1.949408e0 3.34171225e0 -1.76588547e2 -1.76588547e2
1.9747119e0 3.34171225e0 -1.81589857e2 -1.81589857e2
2.000016e0 3.34171225e0 -1.86675699e2 -1.86675699e2

1.0e-3 3.39234425e0 -4.4031982e-5 -4.4031982e-5
2.6304001e-2 3.39234425e0 -3.04662248e-2 -3.04662248e-2
5.1608002e-2 3.39234425e0 -1.172813e-1 -1.172813e-1
7.6912003e-2 3.39234425e0 -2.60504259e-1 -2.60504259e-1
1.02216e-1 3.39234425e0 -4.6016064e-1 -4.6016064e-1
1.2752e-1 3.39234425e0 -7.1628409e-1 -7.1628409e-1
1.52824e-1 3.39234425e0 -1.02891975e0 -1.02891975e0
1.78128e-1 3.39234425e0 -1.3981237e0 -1.3981237e0
2.03432e-1 3.39234425e0 -1.82395778e0 -1.82395778e0
2.2873601e-1 3.39234425e0 -2.3064972e0 -2.3064972e0
2.5404001e-1 3.39234425e0 -2.84582942e0 -2.84582942e0
2.7934401e-1 3.39234425e0 -3.44204044e0 -3.44204044e0
3.0464801e-1 3.39234425e0 -4.09523882e0 -4.09523882e0
3.2995201e-1 3.39234425e0 -4.8055377e0 -4.8055377e0
3.5525601e-1 3.39234425e0 -5.5730643e0 -5.5730643e0
3.8056001e-1 3.39234425e0 -6.3979451e0 -6.3979451e0
4.0586401e-1 3.39234425e0 -7.280326e0 -7.280326e0
4.3116801e-1 3.39234425e0 -8.2203682e0 -8.2203682e0
4.5647202e-1 3.39234425e0 -9.218217e0 -9.218217e0
4.8177602e-1 3.39234425e0 -1.02740547e1 -1.02740547e1
5.0708002e-1 3.39234425e0 -1.13880707e1 -1.13880707e1
5.3238402e-1 3.39234425e0 -1.25604405e1 -1.25604405e1
5.5768802e-1 3.39234425e0 -1.379138e1 -1.379138e1
5.8299202e-1 3.39234425e0 -1.50810959e1 -1.50810959e1
6.0829602e-1 3.39234425e0 -1.64298134e1 -1.64298134e1
6.3360002e-1 3.39234425e0 -1.78377531e1 -1.78377531e1
6.5890402e-1 3.39234425e0 -1.93051688e1 -1.93051688e1
6.8420802e-1 3.39234425e0 -2.0832319e1 -2.0832319e1
7.0951202e-1 3.39234425e0 -2.24194374e1 -2.24194374e1
7.3481602e-1 3.39234425e0 -2.40668236e1 -2.40668236e1
7.6012003e-1 3.39234425e0 -2.57747495e1 -2.57747495e1
7.8542403e-1 3.39234425e0 -2.75434863e1 -2.75434863e1
8.1072803e-1 3.39234425e0 -2.9373345e1 -2.9373345e1
8.3603203e-1 3.39234425e0 -3.12646693e1 -3.12646693e1
8.6133603e-1 3.39234425e0 -3.32177357e1 -3.32177357e1
8.8664003e-1 3.39234425e0 -3.52328883e1 -3.52328883e1
9.1194403e-1 3.39234425e0 -3.73104738e1 -3.73104738e1
9.3724803e-1 3.39234425e0 -3.94508356e1 -3.94508356e1
9.6255203e-1 3.39234425e0 -4.1654332e1 -4.1654332e1
9.8785603e-1 3.39234425e0 -4.39213255e1 -4.39213255e1
1.01316e0 3.39234425e0 -4.6252327e1 -4.6252327e1
1.0384639e0 3.39234425e0 -4.8647449e1 -4.8647449e1
1.063768e0 3.39234425e0 -5.110723e1 -5.110723e1
1.089072e0 3.39234425e0 -5.3632076e1 -5.3632076e1
1.1143759e0 3.39234425e0 -5.6222475e1 -5.6222475e1
1.13968e0 3.39234425e0 -5.8878928e1 -5.8878928e1
1.164984e0 3.39234425e0 -6.1601662e1 -6.1601662e1
1.190288e0 3.39234425e0 -6.4391129e1 -6.4391129e1
1.2155919e0 3.39234425e0 -6.72479e1 -6.72479e1
1.240896e0 3.39234425e0 -7.0172559e1 -7.0172559e1
1.2662e0 3.39234425e0 -7.3165259e1 -7.3165259e1
1.2915039e0 3.39234425e0 -7.6226743e1 -7.6226743e1
1.316808e0 3.39234425e0 -7.935739e1 -7.935739e1
1.342112e0 3.39234425e0 -8.25579e1 -8.25579e1
1.367416e0 3.39234425e0 -8.5828455e1 -8.5828455e1
1.39272e0 3.39234425e0 -8.9169748e1 -8.9169748e1
1.418024e0 3.39234425e0 -9.2582388e1 -9.2582388e1
1.443328e0 3.39234425e0 -9.606685e1 -9.606685e1
1.4686319e0 3.39234425e0 -9.9623903e1 -9.9623903e1
1.493936e0 3.39234425e0 -1.0325369e2 -1.0325369e2
1.51924e0 3.39234425e0 -1.06956996e2 -1.06956996e2
1.5445439e0 3.39234425e0 -1.10734482e2 -1.10734482e2
1.569848e0 3.39234425e0 -1.14586847e2 -1.14586847e2
1.595152e0 3.39234425e0 -1.18514415e2 -1.18514415e2
1.620456e0 3.39234425e0 -1.22517838e2 -1.22517838e2
1.64576e0 3.39234425e0 -1.26597841e2 -1.26597841e2
1.671064e0 3.39234425e0 -1.3075524e2 -1.3075524e2
1.696368e0 3.39234425e0 -1.34990298e2 -1.34990298e2
1.7216719e0 3.39234425e0 -1.39303796e2 -1.39303796e2
1.746976e0 3.39234425e0 -1.43696515e2 -1.43696515e2
1.77228e0 3.39234425e0 -1.48169055e2 -1.48169055e2
1.7975839e0 3.39234425e0 -1.52722319e2 -1.52722319e2
1.822888e0 3.39234425e0 -1.5735664e2 -1.5735664e2
1.848192e0 3.39234425e0 -1.62072795e2 -1.62072795e2
1.873496e0 3.39234425e0 -1.66871588e2 -1.66871588e2
1.8987999e0 3.39234425e0 -1.71754068e2 -1.71754068e2
1.924104e0 3.39234425e0 -1.76720334e2 -1.76720334e2
1.949408e0 3.39234425e0 -1.81771364e2 -1.81771364e2
1.9747119e0 3.39234425e0 -1.86908096e2 -1.86908096e2
2.000016e0 3.39234425e0 -1.92131105e2 -1.92131105e2

1.0e-3 3.44297626e0 -4.5416321e-5 -4.5416321e-5
2.6304001e-2 3.44297626e0 -3.14240492e-2 -3.14240492e-2
5.1608002e-2 3.44297626e0 -1.20968329e-1 -1.20968329e-1
7.6912003e-2 3.44297626e0 -2.68693251e-1 -2.68693251e-1
1.02216e-1 3.44297626e0 -4.7462437e-1 -4.7462437e-1
1.2752e-1 3.44297626e0 -7.387953e-1 -7.387953e-1
1.52824e-1 3.44297626e0 -1.0612512e0 -1.0612512e0
1.78128e-1 3.44297626e0 -1.4420482e0 -1.4420482e0
2.03432e-1 3.44297626e0 -1.88124803e0 -1.88124803e0
2.2873601e-1 3.44297626e0 -2.37892598e0 -2.37892598e0
2.5404001e-1 3.44297626e0 -2.93516957e0 -2.93516957e0
2.7934401e-1 3.44297626e0 -3.55006462e0 -3.55006462e0
3.0464801e-1 3.44297626e0 -4.2237198e0 -4.2237198e0
3.2995201e-1 3.44297626e0 -4.9562482e0 -4.9562482e0
3.5525601e-1 3.44297626e0 -5.7477773e0 -5.7477773e0
3.8056001e-1 3.44297626e0 -6.5984332e0 -6.5984332e0
4.0586401e-1 3.44297626e0 -7.5083592e0 -7.5083592e0
4.3116801e-1 3.44297626e0 -8.4777249e0 -8.4777249e0
4.5647202e-1 3.44297626e0 -9.506667e0 -9.506667e0
4.8177602e-1 3.44297626e0 -1.05953745e1 -1.05953745e1
5.0708002e-1 3.44297626e0 -1.1744026e1 -1.1744026e1
5.3238402e-1 3.44297626e0 -1.29528075e1 -1.29528075e1
5.5768802e-1 3.44297626e0 -1.42219313e1 -1.42219313e1
5.8299202e-1 3.44297626e0 -1.55516046e1 -1.55516046e1
6.0829602e-1 3.44297626e0 -1.6942052e1 -1.6942052e1
6.3360002e-1 3.44297626e0 -1.83934944e1 -1.83934944e1
6.5890402e-1 3.44297626e0 -1.99061853e1 -1.99061853e1
6.8420802e-1 3.44297626e0 -2.1480384e1 -2.1480384e1
7.0951202e-1 3.44297626e0 -2.31163234e1 -2.31163234e1
7.3481602e-1 3.44297626e0 -2.48143034e1 -2.48143034e1
7.6012003e-1 3.44297626e0 -2.65745961e1 -2.65745961e1
7.8542403e-1 3.44297626e0 -2.83974721e1 -2.83974721e1
8.1072803e-1 3.44297626e0 -3.02832527e1 -3.02832527e1
8.3603203e-1 3.44297626e0 -3.22322522e1 -3.22322522e1
8.6133603e-1 3.44297626e0 -3.42447762e1 -3.42447762e1
8.8664003e-1 3.44297626e0 -3.63211589e1 -3.63211589e1
9.1194403e-1 3.44297626e0 -3.84617476e1 -3.84617476e1
9.3724803e-1 3.44297626e0 -4.06668854e1 -4.06668854e1
9.6255203e-1 3.44297626e0 -4.29369302e1 -4.29369302e1
9.8785603e-1 3.44297626e0 -4.5272245e1 -4.5272245e1
1.01316e0 3.44297626e0 -4.7673344e1 -4.7673344e1
1.0384639e0 3.44297626e0 -5.0140332e1 -5.0140332e1
1.063768e0 3.44297626e0 -5.267375e1 -5.267375e1
1.089072e0 3.44297626e0 -5.5274007e1 -5.5274007e1
1.1143759e0 3.44297626e0 -5.7941591e1 -5.7941591e1
1.13968e0 3.44297626e0 -6.0677003e1 -6.0677003e1
1.164984e0 3.44297626e0 -6.348047e1 -6.348047e1
1.190288e0 3.44297626e0 -6.6352438e1 -6.6352438e1
1.2155919e0 3.44297626e0 -6.9293484e1 -6.9293484e1
1.240896e0 3.44297626e0 -7.2304196e1 -7.2304196e1
1.2662e0 3.44297626e0 -7.5384715e1 -7.5384715e1
1.2915039e0 3.44297626e0 -7.8535796e1 -7.8535796e1
1.316808e0 3.44297626e0 -8.175781e1 -8.175781e1
1.342112e0 3.44297626e0 -8.5051462e1 -8.5051462e1
1.367416e0 3.44297626e0 -8.8416928e1 -8.8416928e1
1.39272e0 3.44297626e0 -9.1854906e1 -9.1854906e1
1.418024e0 3.44297626e0 -9.5366003e1 -9.5366003e1
1.443328e0 3.44297626e0 -9.8950696e1 -9.8950696e1
1.4686319e0 3.44297626e0 -1.02609756e2 -1.02609756e2
1.493936e0 3.44297626e0 -1.06343318e2 -1.06343318e2
1.51924e0 3.44297626e0 -1.10152173e2 -1.10152173e2
1.5445439e0 3.44297626e0 -1.14036943e2 -1.14036943e2
1.569848e0 3.44297626e0 -1.17998444e2 -1.17998444e2
1.595152e0 3.44297626e0 -1.2203688e2 -1.2203688e2
1.620456e0 3.44297626e0 -1.261529e2 -1.261529e2
1.64576e0 3.44297626e0 -1.30347356e2 -1.30347356e2
1.671064e0 3.44297626e0 -1.34620947e2 -1.34620947e2
1.696368e0 3.44297626e0 -1.38973961e2 -1.38973961e2
1.7216719e0 3.44297626e0 -1.43407188e2 -1.43407188e2
1.746976e0 3.44297626e0 -1.4792141e2 -1.4792141e2
1.77228e0 3.44297626e0 -1.52517227e2 -1.52517227e2
1.7975839e0 3.44297626e0 -1.57195544e2 -1.57195544e2
1.822888e0 3.44297626e0 -1.61956688e2 -1.61956688e2
1.848192e0 3.44297626e0 -1.66801436e2 -1.66801436e2
1.873496e0 3.44297626e0 -1.71730595e2 -1.71730595e2
1.8987999e0 3.44297626e0 -1.76745222e2 -1.76745222e2
1.924104e0 3.44297626e0 -1.81845401e2 -1.81845401e2
1.949408e0 3.44297626e0 -1.87032114e2 -1.87032114e2
1.9747119e0 3.44297626e0 -1.92306303e2 -1.92306303e2
2.000016e0 3.44297626e0 -1.97668542e2 -1.97668542e2

1.0e-3 3.49360826e0 -4.6821167e-5 -4.6821167e-5
2.6304001e-2 3.49360826e0 -3.23960631e-2 -3.23960631e-2
5.1608002e-2 3.49360826e0 -1.24709978e-1 -1.24709978e-1
7.6912003e-2 3.49360826e0 -2.77003557e-1 -2.77003557e-1
1.02216e-1 3.49360826e0 -4.8930237e-1 -4.8930237e-1
1.2752e-1 3.49360826e0 -7.6164e-1 -7.6164e-1
1.52824e-1 3.49360826e0 -1.09406161e0 -1.09406161e0
1.78128e-1 3.49360826e0 -1.48662389e0 -1.48662389e0
2.03432e-1 3.49360826e0 -1.93938701e0 -1.93938701e0
2.2873601e-1 3.49360826e0 -2.45242773e0 -2.45242773e0
2.5404001e-1 3.49360826e0 -3.02583226e0 -3.02583226e0
2.7934401e-1 3.49360826e0 -3.6596891e0 -3.6596891e0
3.0464801e-1 3.49360826e0 -4.35410555e0 -4.35410555e0
3.2995201e-1 3.49360826e0 -5.1091913e0 -5.1091913e0
3.5525601e-1 3.49360826e0 -5.9250784e0 -5.9250784e0
3.8056001e-1 3.49360826e0 -6.8018913e0 -6.8018913e0
4.0586401e-1 3.49360826e0 -7.7397731e0 -7.7397731e0
4.3116801e-1 3.49360826e0 -8.7388942e0 -8.7388942e0
4.5647202e-1 3.49360826e0 -9.7993901e0 -9.7993901e0
4.8177602e-1 3.49360826e0 -1.09214471e1 -1.09214471e1
5.0708002e-1 3.49360826e0 -1.21052545e1 -1.21052545e1
5.3238402e-1 3.49360826e0 -1.3350987e1 -1.3350987e1
5.5768802e-1 3.49360826e0 -1.4658861e1 -1.4658861e1
5.8299202e-1 3.49360826e0 -1.60290834e1 -1.60290834e1
6.0829602e-1 3.49360826e0 -1.7461879e1 -1.7461879e1
6.3360002e-1 3.49360826e0 -1.89574684e1 -1.89574684e1
6.5890402e-1 3.49360826e0 -2.05161053e1 -2.05161053e1
6.8420802e-1 3.49360826e0 -2.21380498e1 -2.21380498e1
7.0951202e-1 3.49360826e0 -2.38235332e1 -2.38235332e1
7.3481602e-1 3.49360826e0 -2.55728482e1 -2.55728482e1
7.6012003e-1 3.49360826e0 -2.73862918e1 -2.73862918e1
7.8542403e-1 3.49360826e0 -2.92641087e1 -2.92641087e1
8.1072803e-1 3.49360826e0 -3.12066298e1 -3.12066298e1
8.3603203e-1 3.49360826e0 -3.32141692e1 -3.32141692e1
8.6133603e-1 3.49360826e0 -3.52870314e1 -3.52870314e1
8.8664003e-1 3.49360826e0 -3.74255515e1 -3.74255515e1
9.1194403e-1 3.49360826e0 -3.96300638e1 -3.96300638e1
9.3724803e-1 3.49360826e0 -4.19009502e1 -4.19009502e1
9.6255203e-1 3.49360826e0 -4.42385292e1 -4.42385292e1
9.8785603e-1 3.49360826e0 -4.66431773e1 -4.66431773e1
1.01316e0 3.49360826e0 -4.9115411e1 -4.9115411e1
1.0384639e0 3.49360826e0 -5.165533e1 -5.165533e1
1.063768e0 3.49360826e0 -5.4263477e1 -5.4263477e1
1.089072e0 3.49360826e0 -5.694026e1 -5.694026e1
1.1143759e0 3.49360826e0 -5.9686174e1 -5.9686174e1
1.13968e0 3.49360826e0 -6.2501718e1 -6.2501718e1
1.164984e0 3.49360826e0 -6.5387111e1 -6.5387111e1
1.190288e0 3.49360826e0 -6.8342781e1 -6.8342781e1
1.2155919e0 3.49360826e0 -7.1369374e1 -7.1369374e1
1.240896e0 3.49360826e0 -7.4467412e1 -7.4467412e1
1.2662e0 3.49360826e0 -7.7637053e1 -7.7637053e1
1.2915039e0 3.49360826e0 -8.0879054e1 -8.0879054e1
1.316808e0 3.49360826e0 -8.4193788e1 -8.4193788e1
1.342112e0 3.49360826e0 -8.7581964e1 -8.7581964e1
1.367416e0 3.49360826e0 -9.1043748e1 -9.1043748e1
1.39272e0 3.49360826e0 -9.4579842e1 -9.4579842e1
1.418024e0 3.49360826e0 -9.8190855e1 -9.8190855e1
1.443328e0 3.49360826e0 -1.01877263e2 -1.01877263e2
1.4686319e0 3.49360826e0 -1.05639844e2 -1.05639844e2
1.493936e0 3.49360826e0 -1.09478717e2 -1.09478717e2
1.51924e0 3.49360826e0 -1.13394682e2 -1.13394682e2
1.5445439e0 3.49360826e0 -1.173884e2 -1.173884e2
1.569848e0 3.49360826e0 -1.2146058e2 -1.2146058e2
1.595152e0 3.49360826e0 -1.25611528e2 -1.25611528e2
1.620456e0 3.49360826e0 -1.29841855e2 -1.29841855e2
1.64576e0 3.49360826e0 -1.34152417e2 -1.34152417e2
1.671064e0 3.49360826e0 -1.38543962e2 -1.38543962e2
1.696368e0 3.49360826e0 -1.4301664e2 -1.4301664e2
1.7216719e0 3.49360826e0 -1.4757137e2 -1.4757137e2
1.746976e0 3.49360826e0 -1.52208894e2 -1.52208894e2
1.77228e0 3.49360826e0 -1.56929813e2 -1.56929813e2
1.7975839e0 3.49360826e0 -1.61735037e2 -1.61735037e2
1.822888e0 3.49360826e0 -1.66624883e2 -1.66624883e2
1.848192e0 3.49360826e0 -1.71600127e2 -1.71600127e2
1.873496e0 3.49360826e0 -1.76661586e2 -1.76661586e2
1.8987999e0 3.49360826e0 -1.81810318e2 -1.81810318e2
1.924104e0 3.49360826e0 -1.8704639e2 -1.8704639e2
1.949408e0 3.49360826e0 -1.92370796e2 -1.92370796e2
1.9747119e0 3.49360826e0 -1.97784482e2 -1.97784482e2
2.000016e0 3.49360826e0 -2.03288013e2 -2.03288013e2

1.0e-3 3.54424026e0 -4.8246521e-5 -4.8246521e-5
2.6304001e-2 3.54424026e0 -3.33822661e-2 -3.33822661e-2
5.1608002e-2 3.54424026e0 -1.28506245e-1 -1.28506245e-1
7.6912003e-2 3.54424026e0 -2.85435175e-1 -2.85435175e-1
1.02216e-1 3.54424026e0 -5.0419464e-1 -5.0419464e-1
1.2752e-1 3.54424026e0 -7.8481819e-1 -7.8481819e-1
1.52824e-1 3.54424026e0 -1.12735098e0 -1.12735098e0
1.78128e-1 3.54424026e0 -1.5318498e0 -1.5318498e0
2.03432e-1 3.54424026e0 -1.9983747e0 -1.9983747e0
2.2873601e-1 3.54424026e0 -2.52700247e0 -2.52700247e0
2.5404001e-1 3.54424026e0 -3.11781941e0 -3.11781941e0
2.7934401e-1 3.54424026e0 -3.77091386e0 -3.77091386e0
3.0464801e-1 3.54424026e0 -4.48639322e0 -4.48639322e0
3.2995201e-1 3.54424026e0 -5.2643672e0 -5.2643672e0
3.5525601e-1 3.54424026e0 -6.1049678e0 -6.1049678e0
3.8056001e-1 3.54424026e0 -7.0083194e0 -7.0083194e0
4.0586401e-1 3.54424026e0 -7.9745653e0 -7.9745653e0
4.3116801e-1 3.54424026e0 -9.0038759e0 -9.0038759e0
4.5647202e-1 3.54424026e0 -1.00963864e1 -1.00963864e1
4.8177602e-1 3.54424026e0 -1.12522835e1 -1.12522835e1
5.0708002e-1 3.54424026e0 -1.24717561e1 -1.24717561e1
5.3238402e-1 3.54424026e0 -1.3754979e1 -1.3754979e1
5.5768802e-1 3.54424026e0 -1.51021687e1 -1.51021687e1
5.8299202e-1 3.54424026e0 -1.65135323e1 -1.65135323e1
6.0829602e-1 3.54424026e0 -1.79892943e1 -1.79892943e1
6.3360002e-1 3.54424026e0 -1.95296754e1 -1.95296754e1
6.5890402e-1 3.54424026e0 -2.1134929e1 -2.1134929e1
6.8420802e-1 3.54424026e0 -2.2805316e1 -2.2805316e1
7.0951202e-1 3.54424026e0 -2.45410667e1 -2.45410667e1
7.3481602e-1 3.54424026e0 -2.63424745e1 -2.63424745e1
7.6012003e-1 3.54424026e0 -2.82098366e1 -2.82098366e1
7.8542403e-1 3.54424026e0 -3.01433966e1 -3.01433966e1
8.1072803e-1 3.54424026e0 -3.21434862e1 -3.21434862e1
8.3603203e-1 3.54424026e0 -3.42104199e1 -3.42104199e1
8.6133603e-1 3.54424026e0 -3.63445013e1 -3.63445013e1
8.8664003e-1 3.54424026e0 -3.85460657e1 -3.85460657e1
9.1194403e-1 3.54424026e0 -4.08154477e1 -4.08154477e1
9.3724803e-1 3.54424026e0 -4.31530295e1 -4.31530295e1
9.6255203e-1 3.54424026e0 -4.55591287e1 -4.55591287e1
9.8785603e-1 3.54424026e0 -4.80341225e1 -4.80341225e1
1.01316e0 3.54424026e0 -5.0578531e1 -5.0578531e1
1.0384639e0 3.54424026e0 -5.3192445e1 -5.3192445e1
1.063768e0 3.54424026e0 -5.5876411e1 -5.5876411e1
1.089072e0 3.54424026e0 -5.863084e1 -5.863084e1
1.1143759e0 3.54424026e0 -6.1456224e1 -6.1456224e1
1.13968e0 3.54424026e0 -6.4353069e1 -6.4353069e1
1.164984e0 3.54424026e0 -6.7321585e1 -6.7321585e1
1.190288e0 3.54424026e0 -7.0362201e1 -7.0362201e1
1.2155919e0 3.54424026e0 -7.3475566e1 -7.3475566e1
1.240896e0 3.54424026e0 -7.6662206e1 -7.6662206e1
1.2662e0 3.54424026e0 -7.9922269e1 -7.9922269e1
1.2915039e0 3.54424026e0 -8.3256519e1 -8.3256519e1
1.316808e0 3.54424026e0 -8.6665327e1 -8.6665327e1
1.342112e0 3.54424026e0 -9.0149406e1 -9.0149406e1
1.367416e0 3.54424026e0 -9.3708914e1 -9.3708914e1
1.39272e0 3.54424026e0 -9.7344556e1 -9.7344556e1
1.418024e0 3.54424026e0 -1.01056944e2 -1.01056944e2
1.443328e0 3.54424026e0 -1.04846552e2 -1.04846552e2
1.4686319e0 3.54424026e0 -1.08714163e2 -1.08714163e2
1.493936e0 3.54424026e0 -1.12659886e2 -1.12659886e2
1.51924e0 3.54424026e0 -1.16684525e2 -1.16684525e2
1.5445439e0 3.54424026e0 -1.20788708e2 -1.20788708e2
1.569848e0 3.54424026e0 -1.24973257e2 -1.24973257e2
1.595152e0 3.54424026e0 -1.29238358e2 -1.29238358e2
1.620456e0 3.54424026e0 -1.33584659e2 -1.33584659e2
1.64576e0 3.54424026e0 -1.38013023e2 -1.38013023e2
1.671064e0 3.54424026e0 -1.42524203e2 -1.42524203e2
1.696368e0 3.54424026e0 -1.47118332e2 -1.47118332e2
1.7216719e0 3.54424026e0 -1.51796338e2 -1.51796338e2
1.746976e0 3.54424026e0 -1.56558966e2 -1.56558966e2
1.77228e0 3.54424026e0 -1.61406813e2 -1.61406813e2
1.7975839e0 3.54424026e0 -1.66340797e2 -1.66340797e2
1.822888e0 3.54424026e0 -1.71361223e2 -1.71361223e2
1.848192e0 3.54424026e0 -1.76468869e2 -1.76468869e2
1.873496e0 3.54424026e0 -1.81664557e2 -1.81664557e2
1.8987999e0 3.54424026e0 -1.86949352e2 -1.86949352e2
1.924104e0 3.54424026e0 -1.92323303e2 -1.92323303e2
1.949408e0 3.54424026e0 -1.97787413e2 -1.97787413e2
1.9747119e0 3.54424026e0 -2.03342628e2 -2.03342628e2
2.000016e0 3.54424026e0 -2.08989516e2 -2.08989516e2

1.0e-3 3.59487227e0 -4.9692383e-5 -4.9692383e-5
2.6304001e-2 3.59487227e0 -3.43826587e-2 -3.43826587e-2
5.1608002e-2 3.59487227e0 -1.32357135e-1 -1.32357135e-1
7.6912003e-2 3.59487227e0 -2.93988107e-1 -2.93988107e-1
1.02216e-1 3.59487227e0 -5.1930118e-1 -5.1930118e-1
1.2752e-1 3.59487227e0 -8.0832985e-1 -8.0832985e-1
1.52824e-1 3.59487227e0 -1.16111932e0 -1.16111932e0
1.78128e-1 3.59487227e0 -1.57772594e0 -1.57772594e0
2.03432e-1 3.59487227e0 -2.05821107e0 -2.05821107e0
2.2873601e-1 3.59487227e0 -2.60265016e0 -2.60265016e0
2.5404001e-1 3.59487227e0 -3.21113106e0 -3.21113106e0
2.7934401e-1 3.59487227e0 -3.88373892e0 -3.88373892e0
3.0464801e-1 3.59487227e0 -4.62058281e0 -4.62058281e0
3.2995201e-1 3.59487227e0 -5.4217757e0 -5.4217757e0
3.5525601e-1 3.59487227e0 -6.2874454e0 -6.2874454e0
3.8056001e-1 3.59487227e0 -7.2177177e0 -7.2177177e0
4.0586401e-1 3.59487227e0 -8.2127356e0 -8.2127356e0
4.3116801e-1 3.59487227e0 -9.2726701e0 -9.2726701e0
4.5647202e-1 3.59487227e0 -1.0397656e1 -1.0397656e1
4.8177602e-1 3.59487227e0 -1.15878833e1 -1.15878833e1
5.0708002e-1 3.59487227e0 -1.2843531e1 -1.2843531e1
5.3238402e-1 3.59487227e0 -1.41647835e1 -1.41647835e1
5.5768802e-1 3.59487227e0 -1.55518547e1 -1.55518547e1
5.8299202e-1 3.59487227e0 -1.70049515e1 -1.70049515e1
6.0829602e-1 3.59487227e0 -1.8524298e1 -1.8524298e1
6.3360002e-1 3.59487227e0 -2.0110115e1 -2.0110115e1
6.5890402e-1 3.59487227e0 -2.17626563e1 -2.17626563e1
6.8420802e-1 3.59487227e0 -2.34821829e1 -2.34821829e1
7.0951202e-1 3.59487227e0 -2.52689241e1 -2.52689241e1
7.3481602e-1 3.59487227e0 -2.71231824e1 -2.71231824e1
7.6012003e-1 3.59487227e0 -2.90452303e1 -2.90452303e1
7.8542403e-1 3.59487227e0 -3.10353357e1 -3.10353357e1
8.1072803e-1 3.59487227e0 -3.3093822e1 -3.3093822e1
8.3603203e-1 3.59487227e0 -3.52210046e1 -3.52210046e1
8.6133603e-1 3.59487227e0 -3.74171861e1 -3.74171861e1
8.8664003e-1 3.59487227e0 -3.96827019e1 -3.96827019e1
9.1194403e-1 3.59487227e0 -4.20178996e1 -4.20178996e1
9.3724803e-1 3.59487227e0 -4.44231236e1 -4.44231236e1
9.6255203e-1 3.59487227e0 -4.68987288e1 -4.68987288e1
9.8785603e-1 3.59487227e0 -4.94450803e1 -4.94450803e1
1.01316e0 3.59487227e0 -5.2062701e1 -5.2062701e1
1.0384639e0 3.59487227e0 -5.4751675e1 -5.4751675e1
1.063768e0 3.59487227e0 -5.7512552e1 -5.7512552e1
1.089072e0 3.59487227e0 -6.0345743e1 -6.0345743e1
1.1143759e0 3.59487227e0 -6.3251741e1 -6.3251741e1
1.13968e0 3.59487227e0 -6.6231056e1 -6.6231056e1
1.164984e0 3.59487227e0 -6.9283893e1 -6.9283893e1
1.190288e0 3.59487227e0 -7.2410675e1 -7.2410675e1
1.2155919e0 3.59487227e0 -7.5612062e1 -7.5612062e1
1.240896e0 3.59487227e0 -7.8888579e1 -7.8888579e1
1.2662e0 3.59487227e0 -8.2240366e1 -8.2240366e1
1.2915039e0 3.59487227e0 -8.5668192e1 -8.5668192e1
1.316808e0 3.59487227e0 -8.9172427e1 -8.9172427e1
1.342112e0 3.59487227e0 -9.2753789e1 -9.2753789e1
1.367416e0 3.59487227e0 -9.6412425e1 -9.6412425e1
1.39272e0 3.59487227e0 -1.00149048e2 -1.00149048e2
1.418024e0 3.59487227e0 -1.0396427e2 -1.0396427e2
1.443328e0 3.59487227e0 -1.07858562e2 -1.07858562e2
1.4686319e0 3.59487227e0 -1.11832716e2 -1.11832716e2
1.493936e0 3.59487227e0 -1.15886826e2 -1.15886826e2
1.51924e0 3.59487227e0 -1.20021703e2 -1.20021703e2
1.5445439e0 3.59487227e0 -1.24237976e2 -1.24237976e2
1.569848e0 3.59487227e0 -1.28536475e2 -1.28536475e2
1.595152e0 3.59487227e0 -1.32917369e2 -1.32917369e2
1.620456e0 3.59487227e0 -1.37381316e2 -1.37381316e2
1.64576e0 3.59487227e0 -1.41929176e2 -1.41929176e2
1.671064e0 3.59487227e0 -1.46561668e2 -1.46561668e2
1.696368e0 3.59487227e0 -1.51279039e2 -1.51279039e2
1.7216719e0 3.59487227e0 -1.56082095e2 -1.56082095e2
1.746976e0 3.59487227e0 -1.60971628e2 -1.60971628e2
1.77228e0 3.59487227e0 -1.65948228e2 -1.65948228e2
1.7975839e0 3.59487227e0 -1.71012825e2 -1.71012825e2
1.822888e0 3.59487227e0 -1.76165707e2 -1.76165707e2
1.848192e0 3.59487227e0 -1.81407663e2 -1.81407663e2
1.873496e0 3.59487227e0 -1.86739511e2 -1.86739511e2
1.8987999e0 3.59487227e0 -1.92162326e2 -1.92162326e2
1.924104e0 3.59487227e0 -1.97676141e2 -1.97676141e2
1.949408e0 3.59487227e0 -2.03281964e2 -2.03281964e2
1.9747119e0 3.59487227e0 -2.08980746e2 -2.08980746e2
2.000016e0 3.59487227e0 -2.14773051e2 -2.14773051e2

1.0e-3 3.64550427e0 -5.1158813e-5 -5.1158813e-5
2.6304001e-2 3.64550427e0 -3.53972827e-2 -3.53972827e-2
5.1608002e-2 3.64550427e0 -1.36262807e-1 -1.36262807e-1
7.6912003e-2 3.64550427e0 -3.02662712e-1 -3.02662712e-1
1.02216e-1 3.64550427e0 -5.3462262e-1 -5.3462262e-1
1.2752e-1 3.64550427e0 -8.32176e-1 -8.32176e-1
1.52824e-1 3.64550427e0 -1.19536806e0 -1.19536806e0
1.78128e-1 3.64550427e0 -1.62425519e0 -1.62425519e0
2.03432e-1 3.64550427e0 -2.1188987e0 -2.1188987e0
2.2873601e-1 3.64550427e0 -2.67937402e0 -2.67937402e0
2.5404001e-1 3.64550427e0 -3.30576817e0 -3.30576817e0
2.7934401e-1 3.64550427e0 -3.99816902e0 -3.99816902e0
3.0464801e-1 3.64550427e0 -4.75668282e0 -4.75668282e0
3.2995201e-1 3.64550427e0 -5.5814233e0 -5.5814233e0
3.5525601e-1 3.64550427e0 -6.4725189e0 -6.4725189e0
3.8056001e-1 3.64550427e0 -7.4300949e0 -7.4300949e0
4.0586401e-1 3.64550427e0 -8.4542966e0 -8.4542966e0
4.3116801e-1 3.64550427e0 -9.5452882e0 -9.5452882e0
4.5647202e-1 3.64550427e0 -1.07032112e1 -1.07032112e1
4.8177602e-1 3.64550427e0 -1.1928254e1 -1.1928254e1
5.0708002e-1 3.64550427e0 -1.32205948e1 -1.32205948e1
5.3238402e-1 3.64550427e0 -1.45804181e1 -1.45804181e1
5.5768802e-1 3.64550427e0 -1.60079381e1 -1.60079381e1
5.8299202e-1 3.64550427e0 -1.75033617e1 -1.75033617e1
6.0829602e-1 3.64550427e0 -1.90669127e1 -1.90669127e1
6.3360002e-1 3.64550427e0 -2.06988123e1 -2.06988123e1
6.5890402e-1 3.64550427e0 -2.23993135e1 -2.23993135e1
6.8420802e-1 3.64550427e0 -2.41686787e1 -2.41686787e1
7.0951202e-1 3.64550427e0 -2.60071361e1 -2.60071361e1
7.3481602e-1 3.64550427e0 -2.79149883e1 -2.79149883e1
7.6012003e-1 3.64550427e0 -2.98925084e1 -2.98925084e1
7.8542403e-1 3.64550427e0 -3.19399634e1 -3.19399634e1
8.1072803e-1 3.64550427e0 -3.40576672e1 -3.40576672e1
8.3603203e-1 3.64550427e0 -3.6245966e1 -3.6245966e1
8.6133603e-1 3.64550427e0 -3.85051308e1 -3.85051308e1
8.8664003e-1 3.64550427e0 -4.08355078e1 -4.08355078e1
9.1194403e-1 3.64550427e0 -4.32374448e1 -4.32374448e1
9.3724803e-1 3.64550427e0 -4.57112862e1 -4.57112862e1
9.6255203e-1 3.64550427e0 -4.82573862e1 -4.82573862e1
9.8785603e-1 3.64550427e0 -5.08761104e1 -5.08761104e1
1.01316e0 3.64550427e0 -5.356797e1 -5.356797e1
1.0384639e0 3.64550427e0 -5.6333087e1 -5.6333087e1
1.063768e0 3.64550427e0 -5.9171968e1 -5.9171968e1
1.089072e0 3.64550427e0 -6.208504e1 -6.208504e1
1.1143759e0 3.64550427e0 -6.5072801e1 -6.5072801e1
1.13968e0 3.64550427e0 -6.813576e1 -6.813576e1
1.164984e0 3.64550427e0 -7.1274115e1 -7.1274115e1
1.190288e0 3.64550427e0 -7.4488313e1 -7.4488313e1
1.2155919e0 3.64550427e0 -7.7778952e1 -7.7778952e1
1.240896e0 3.64550427e0 -8.1146623e1 -8.1146623e1
1.2662e0 3.64550427e0 -8.4591438e1 -8.4591438e1
1.2915039e0 3.64550427e0 -8.8114172e1 -8.8114172e1
1.316808e0 3.64550427e0 -9.1715193e1 -9.1715193e1
1.342112e0 3.64550427e0 -9.5395221e1 -9.5395221e1
1.367416e0 3.64550427e0 -9.9154398e1 -9.9154398e1
1.39272e0 3.64550427e0 -1.02993437e2 -1.02993437e2
1.418024e0 3.64550427e0 -1.06912956e2 -1.06912956e2
1.443328e0 3.64550427e0 -1.10913422e2 -1.10913422e2
1.4686319e0 3.64550427e0 -1.14995634e2 -1.14995634e2
1.493936e0 3.64550427e0 -1.19159671e2 -1.19159671e2
1.51924e0 3.64550427e0 -1.23406355e2 -1.23406355e2
1.5445439e0 3.64550427e0 -1.27736351e2 -1.27736351e2
1.569848e0 3.64550427e0 -1.32150381e2 -1.32150381e2
1.595152e0 3.64550427e0 -1.36648718e2 -1.36648718e2
1.620456e0 3.64550427e0 -1.41232022e2 -1.41232022e2
1.64576e0 3.64550427e0 -1.4590104e2 -1.4590104e2
1.671064e0 3.64550427e0 -1.50656613e2 -1.50656613e2
1.696368e0 3.64550427e0 -1.55498935e2 -1.55498935e2
1.7216719e0 3.64550427e0 -1.60428822e2 -1.60428822e2
1.746976e0 3.64550427e0 -1.65447063e2 -1.65447063e2
1.77228e0 3.64550427e0 -1.7055425e2 -1.7055425e2
1.7975839e0 3.64550427e0 -1.75751315e2 -1.75751315e2
1.822888e0 3.64550427e0 -1.81038542e2 -1.81038542e2
1.848192e0 3.64550427e0 -1.86416714e2 -1.86416714e2
1.873496e0 3.64550427e0 -1.91886661e2 -1.91886661e2
1.8987999e0 3.64550427e0 -1.9744946e2 -1.9744946e2
1.924104e0 3.64550427e0 -2.03105127e2 -2.03105127e2
1.949408e0 3.64550427e0 -2.0885468e2 -2.0885468e2
1.9747119e0 3.64550427e0 -2.14699072e2 -2.14699072e2
2.000016e0 3.64550427e0 -2.20638864e2 -2.20638864e2

1.0e-3 3.69613628e0 -5.2645691e-5 -5.2645691e-5
2.6304001e-2 3.69613628e0 -3.6426054e-2 -3.6426054e-2
5.1608002e-2 3.69613628e0 -1.40222935e-1 -1.40222935e-1
7.6912003e-2 3.69613628e0 -3.1145827e-1 -3.1145827e-1
1.02216e-1 3.69613628e0 -5.501577e-1 -5.501577e-1
1.2752e-1 3.69613628e0 -8.5635463e-1 -8.5635463e-1
1.52824e-1 3.69613628e0 -1.23009431e0 -1.23009431e0
1.78128e-1 3.69613628e0 -1.6714337e0 -1.6714337e0
2.03432e-1 3.69613628e0 -2.1804325e0 -2.1804325e0
2.2873601e-1 3.69613628e0 -2.75716768e0 -2.75716768e0
2.5404001e-1 3.69613628e0 -3.40172682e0 -3.40172682e0
2.7934401e-1 3.69613628e0 -4.11419466e0 -4.11419466e0
3.0464801e-1 3.69613628e0 -4.89468192e0 -4.89468192e0
3.2995201e-1 3.69613628e0 -5.7432971e0 -5.7432971e0
3.5525601e-1 3.69613628e0 -6.660173e0 -6.660173e0
3.8056001e-1 3.69613628e0 -7.6454332e0 -7.6454332e0
4.0586401e-1 3.69613628e0 -8.6992207e0 -8.6992207e0
4.3116801e-1 3.69613628e0 -9.8217076e0 -9.8217076e0
4.5647202e-1 3.69613628e0 -1.1013027e1 -1.1013027e1
4.8177602e-1 3.69613628e0 -1.22733702e1 -1.22733702e1
5.0708002e-1 3.69613628e0 -1.3602916e1 -1.3602916e1
5.3238402e-1 3.69613628e0 -1.50018478e1 -1.50018478e1
5.5768802e-1 3.69613628e0 -1.64703806e1 -1.64703806e1
5.8299202e-1 3.69613628e0 -1.80087212e1 -1.80087212e1
6.0829602e-1 3.69613628e0 -1.96170932e1 -1.96170932e1
6.3360002e-1 3.69613628e0 -2.12957176e1 -2.12957176e1
6.5890402e-1 3.69613628e0 -2.30448477e1 -2.30448477e1
6.8420802e-1 3.69613628e0 -2.48647466e1 -2.48647466e1
7.0951202e-1 3.69613628e0 -2.6755641e1 -2.6755641e1
7.3481602e-1 3.69613628e0 -2.87178262e1 -2.87178262e1
7.6012003e-1 3.69613628e0 -3.07516003e1 -3.07516003e1
7.8542403e-1 3.69613628e0 -3.28572044e1 -3.28572044e1
8.1072803e-1 3.69613628e0 -3.50349718e1 -3.50349718e1
8.3603203e-1 3.69613628e0 -3.72852185e1 -3.72852185e1
8.6133603e-1 3.69613628e0 -3.9608245e1 -3.9608245e1
8.8664003e-1 3.69613628e0 -4.20043875e1 -4.20043875e1
9.1194403e-1 3.69613628e0 -4.44739816e1 -4.44739816e1
9.3724803e-1 3.69613628e0 -4.70174098e1 -4.70174098e1
9.6255203e-1 3.69613628e0 -4.96349875e1 -4.96349875e1
9.8785603e-1 3.69613628e0 -5.23270937e1 -5.23270937e1
1.01316e0 3.69613628e0 -5.509426e1 -5.509426e1
1.0384639e0 3.69613628e0 -5.7936548e1 -5.7936548e1
1.063768e0 3.69613628e0 -6.0854523e1 -6.0854523e1
1.089072e0 3.69613628e0 -6.3848592e1 -6.3848592e1
1.1143759e0 3.69613628e0 -6.6919254e1 -6.6919254e1
1.13968e0 3.69613628e0 -7.0067023e1 -7.0067023e1
1.164984e0 3.69613628e0 -7.3292088e1 -7.3292088e1
1.190288e0 3.69613628e0 -7.6594878e1 -7.6594878e1
1.2155919e0 3.69613628e0 -7.9976056e1 -7.9976056e1
1.240896e0 3.69613628e0 -8.3436153e1 -8.3436153e1
1.2662e0 3.69613628e0 -8.6975293e1 -8.6975293e1
1.2915039e0 3.69613628e0 -9.0594258e1 -9.0594258e1
1.316808e0 3.69613628e0 -9.4293413e1 -9.4293413e1
1.342112e0 3.69613628e0 -9.8073483e1 -9.8073483e1
1.367416e0 3.69613628e0 -1.01934602e2 -1.01934602e2
1.39272e0 3.69613628e0 -1.05877486e2 -1.05877486e2
1.418024e0 3.69613628e0 -1.09902756e2 -1.09902756e2
1.443328e0 3.69613628e0 -1.14010876e2 -1.14010876e2
1.4686319e0 3.69613628e0 -1.18202654e2 -1.18202654e2
1.493936e0 3.69613628e0 -1.22478152e2 -1.22478152e2
1.51924e0 3.69613628e0 -1.26838199e2 -1.26838199e2
1.5445439e0 3.69613628e0 -1.31283429e2 -1.31283429e2
1.569848e0 3.69613628e0 -1.35814677e2 -1.35814677e2
1.595152e0 3.69613628e0 -1.40432095e2 -1.40432095e2
1.620456e0 3.69613628e0 -1.4513634e2 -1.4513634e2
1.64576e0 3.69613628e0 -1.49928287e2 -1.49928287e2
1.671064e0 3.69613628e0 -1.54808656e2 -1.54808656e2
1.696368e0 3.69613628e0 -1.59777672e2 -1.59777672e2
1.7216719e0 3.69613628e0 -1.64836156e2 -1.64836156e2
1.746976e0 3.69613628e0 -1.699849e2 -1.699849e2
1.77228e0 3.69613628e0 -1.75224493e2 -1.75224493e2
1.7975839e0 3.69613628e0 -1.80555878e2 -1.80555878e2
1.822888e0 3.69613628e0 -1.8597932e2 -1.8597932e2
1.848192e0 3.69613628e0 -1.9149561e2 -1.9149561e2
1.873496e0 3.69613628e0 -1.97105579e2 -1.97105579e2
1.8987999e0 3.69613628e0 -2.02810315e2 -2.02810315e2
1.924104e0 3.69613628e0 -2.08609811e2 -2.08609811e2
1.949408e0 3.69613628e0 -2.14505098e2 -2.14505098e2
1.9747119e0 3.69613628e0 -2.2049713e2 -2.2049713e2
2.000016e0 3.69613628e0 -2.26586464e2 -2.26586464e2

1.0e-3 3.74676828e0 -5.4153076e-5 -5.4153076e-5
2.6304001e-2 3.74676828e0 -3.74690146e-2 -3.74690146e-2
5.1608002e-2 3.74676828e0 -1.44237685e-1 -1.44237685e-1
7.6912003e-2 3.74676828e0 -3.2037514e-1 -3.2037514e-1
1.02216e-1 3.74676828e0 -5.6590704e-1 -5.6590704e-1
1.2752e-1 3.74676828e0 -8.8086676e-1 -8.8086676e-1
1.52824e-1 3.74676828e0 -1.26529955e0 -1.26529955e0
1.78128e-1 3.74676828e0 -1.71926242e0 -1.71926242e0
2.03432e-1 3.74676828e0 -2.24281502e0 -2.24281502e0
2.2873601e-1 3.74676828e0 -2.83603429e0 -2.83603429e0
2.5404001e-1 3.74676828e0 -3.499007e0 -3.499007e0
2.7934401e-1 3.74676828e0 -4.23182057e0 -4.23182057e0
3.0464801e-1 3.74676828e0 -5.03458293e0 -5.03458293e0
3.2995201e-1 3.74676828e0 -5.9074036e0 -5.9074036e0
3.5525601e-1 3.74676828e0 -6.8504153e0 -6.8504153e0
3.8056001e-1 3.74676828e0 -7.8637416e0 -7.8637416e0
4.0586401e-1 3.74676828e0 -8.9475255e0 -8.9475255e0
4.3116801e-1 3.74676828e0 -1.01019394e1 -1.01019394e1
4.5647202e-1 3.74676828e0 -1.1327116e1 -1.1327116e1
4.8177602e-1 3.74676828e0 -1.26232431e1 -1.26232431e1
5.0708002e-1 3.74676828e0 -1.39905104e1 -1.39905104e1
5.3238402e-1 3.74676828e0 -1.54290903e1 -1.54290903e1
5.5768802e-1 3.74676828e0 -1.69392014e1 -1.69392014e1
5.8299202e-1 3.74676828e0 -1.85210509e1 -1.85210509e1
6.0829602e-1 3.74676828e0 -2.0174862e1 -2.0174862e1
6.3360002e-1 3.74676828e0 -2.19008559e1 -2.19008559e1
6.5890402e-1 3.74676828e0 -2.36992857e1 -2.36992857e1
6.8420802e-1 3.74676828e0 -2.5570415e1 -2.5570415e1
7.0951202e-1 3.74676828e0 -2.75144698e1 -2.75144698e1
7.3481602e-1 3.74676828e0 -2.95317458e1 -2.95317458e1
7.6012003e-1 3.74676828e0 -3.16225414e1 -3.16225414e1
7.8542403e-1 3.74676828e0 -3.37870967e1 -3.37870967e1
8.1072803e-1 3.74676828e0 -3.60257356e1 -3.60257356e1
8.3603203e-1 3.74676828e0 -3.83388051e1 -3.83388051e1
8.6133603e-1 3.74676828e0 -4.0726574e1 -4.0726574e1
8.8664003e-1 3.74676828e0 -4.3189389e1 -4.3189389e1
9.1194403e-1 3.74676828e0 -4.57275862e1 -4.57275862e1
9.3724803e-1 3.74676828e0 -4.83415483e1 -4.83415483e1
9.6255203e-1 3.74676828e0 -5.10315895e1 -5.10315895e1
9.8785603e-1 3.74676828e0 -5.37980898e1 -5.37980898e1
1.01316e0 3.74676828e0 -5.6641566e1 -5.6641566e1
1.0384639e0 3.74676828e0 -5.9562126e1 -5.9562126e1
1.063768e0 3.74676828e0 -6.2560284e1 -6.2560284e1
1.089072e0 3.74676828e0 -6.5636465e1 -6.5636465e1
1.1143759e0 3.74676828e0 -6.8791173e1 -6.8791173e1
1.13968e0 3.74676828e0 -7.202492e1 -7.202492e1
1.164984e0 3.74676828e0 -7.5337894e1 -7.5337894e1
1.190288e0 3.74676828e0 -7.8730518e1 -7.8730518e1
1.2155919e0 3.74676828e0 -8.2203462e1 -8.2203462e1
1.240896e0 3.74676828e0 -8.5757262e1 -8.5757262e1
1.2662e0 3.74676828e0 -8.9392027e1 -8.9392027e1
1.2915039e0 3.74676828e0 -9.310855e1 -9.310855e1
1.316808e0 3.74676828e0 -9.6907193e1 -9.6907193e1
1.342112e0 3.74676828e0 -1.00788687e2 -1.00788687e2
1.367416e0 3.74676828e0 -1.04753152e2 -1.04753152e2
1.39272e0 3.74676828e0 -1.08801314e2 -1.08801314e2
1.418024e0 3.74676828e0 -1.12933792e2 -1.12933792e2
1.443328e0 3.74676828e0 -1.17151051e2 -1.17151051e2
1.4686319e0 3.74676828e0 -1.21453905e2 -1.21453905e2
1.493936e0 3.74676828e0 -1.25842403e2 -1.25842403e2
1.51924e0 3.74676828e0 -1.30317378e2 -1.30317378e2
1.5445439e0 3.74676828e0 -1.34879506e2 -1.34879506e2
1.569848e0 3.74676828e0 -1.39529515e2 -1.39529515e2
1.595152e0 3.74676828e0 -1.44267654e2 -1.44267654e2
1.620456e0 3.74676828e0 -1.49094589e2 -1.49094589e2
1.64576e0 3.74676828e0 -1.54011076e2 -1.54011076e2
1.671064e0 3.74676828e0 -1.59018008e2 -1.59018008e2
1.696368e0 3.74676828e0 -1.64115422e2 -1.64115422e2
1.7216719e0 3.74676828e0 -1.69304277e2 -1.69304277e2
1.746976e0 3.74676828e0 -1.74585326e2 -1.74585326e2
1.77228e0 3.74676828e0 -1.79959152e2 -1.79959152e2
1.7975839e0 3.74676828e0 -1.85426706e2 -1.85426706e2
1.822888e0 3.74676828e0 -1.90988243e2 -1.90988243e2
1.848192e0 3.74676828e0 -1.96644556e2 -1.96644556e2
1.873496e0 3.74676828e0 -2.0239648e2 -2.0239648e2
1.8987999e0 3.74676828e0 -2.08245108e2 -2.08245108e2
1.924104e0 3.74676828e0 -2.14190419e2 -2.14190419e2
1.949408e0 3.74676828e0 -2.2023345e2 -2.2023345e2
1.9747119e0 3.74676828e0 -2.26375157e2 -2.26375157e2
2.000016e0 3.74676828e0 -2.32616098e2 -2.32616098e2

1.0e-3 3.79740028e0 -5.568097e-5 -5.568097e-5
2.6304001e-2 3.79740028e0 -3.85261646e-2 -3.85261646e-2
5.1608002e-2 3.79740028e0 -1.48307056e-1 -1.48307056e-1
7.6912003e-2 3.79740028e0 -3.29413324e-1 -3.29413324e-1
1.02216e-1 3.79740028e0 -5.8187065e-1 -5.8187065e-1
1.2752e-1 3.79740028e0 -9.0571237e-1 -9.0571237e-1
1.52824e-1 3.79740028e0 -1.30098373e0 -1.30098373e0
1.78128e-1 3.79740028e0 -1.76774187e0 -1.76774187e0
2.03432e-1 3.79740028e0 -2.30604623e0 -2.30604623e0
2.2873601e-1 3.79740028e0 -2.91597388e0 -2.91597388e0
2.5404001e-1 3.79740028e0 -3.59761166e0 -3.59761166e0
2.7934401e-1 3.79740028e0 -4.35104677e0 -4.35104677e0
3.0464801e-1 3.79740028e0 -5.17638728e0 -5.17638728e0
3.2995201e-1 3.79740028e0 -6.0737425e0 -6.0737425e0
3.5525601e-1 3.79740028e0 -7.0432458e0 -7.0432458e0
3.8056001e-1 3.79740028e0 -8.0850201e0 -8.0850201e0
4.0586401e-1 3.79740028e0 -9.1992085e0 -9.1992085e0
4.3116801e-1 3.79740028e0 -1.03859837e1 -1.03859837e1
4.5647202e-1 3.79740028e0 -1.16454779e1 -1.16454779e1
4.8177602e-1 3.79740028e0 -1.29778795e1 -1.29778795e1
5.0708002e-1 3.79740028e0 -1.4383378e1 -1.4383378e1
5.3238402e-1 3.79740028e0 -1.58621452e1 -1.58621452e1
5.5768802e-1 3.79740028e0 -1.74144005e1 -1.74144005e1
5.8299202e-1 3.79740028e0 -1.90403508e1 -1.90403508e1
6.0829602e-1 3.79740028e0 -2.07402194e1 -2.07402194e1
6.3360002e-1 3.79740028e0 -2.2514227e1 -2.2514227e1
6.5890402e-1 3.79740028e0 -2.43626271e1 -2.43626271e1
6.8420802e-1 3.79740028e0 -2.6285684e1 -2.6285684e1
7.0951202e-1 3.79740028e0 -2.82836223e1 -2.82836223e1
7.3481602e-1 3.79740028e0 -3.03567386e1 -3.03567386e1
7.6012003e-1 3.79740028e0 -3.25053313e1 -3.25053313e1
7.8542403e-1 3.79740028e0 -3.47296399e1 -3.47296399e1
8.1072803e-1 3.79740028e0 -3.7029989e1 -3.7029989e1
8.3603203e-1 3.79740028e0 -3.94067256e1 -3.94067256e1
8.6133603e-1 3.79740028e0 -4.18601176e1 -4.18601176e1
8.8664003e-1 3.79740028e0 -4.43905124e1 -4.43905124e1
9.1194403e-1 3.79740028e0 -4.6998246e1 -4.6998246e1
9.3724803e-1 3.79740028e0 -4.96837015e1 -4.96837015e1
9.6255203e-1 3.79740028e0 -5.24471922e1 -5.24471922e1
9.8785603e-1 3.79740028e0 -5.52890985e1 -5.52890985e1
1.01316e0 3.79740028e0 -5.8209943e1 -5.8209943e1
1.0384639e0 3.79740028e0 -6.1209819e1 -6.1209819e1
1.063768e0 3.79740028e0 -6.4289252e1 -6.4289252e1
1.089072e0 3.79740028e0 -6.7448663e1 -6.7448663e1
1.1143759e0 3.79740028e0 -7.0688559e1 -7.0688559e1
1.13968e0 3.79740028e0 -7.4009456e1 -7.4009456e1
1.164984e0 3.79740028e0 -7.7411533e1 -7.7411533e1
1.190288e0 3.79740028e0 -8.0895213e1 -8.0895213e1
1.2155919e0 3.79740028e0 -8.4461172e1 -8.4461172e1
1.240896e0 3.79740028e0 -8.8109947e1 -8.8109947e1
1.2662e0 3.79740028e0 -9.184164e1 -9.184164e1
1.2915039e0 3.79740028e0 -9.5657048e1 -9.5657048e1
1.316808e0 3.79740028e0 -9.9556534e1 -9.9556534e1
1.342112e0 3.79740028e0 -1.0354083e2 -1.0354083e2
1.367416e0 3.79740028e0 -1.07610048e2 -1.07610048e2
1.39272e0 3.79740028e0 -1.11764919e2 -1.11764919e2
1.418024e0 3.79740028e0 -1.16006067e2 -1.16006067e2
1.443328e0 3.79740028e0 -1.2033395e2 -1.2033395e2
1.4686319e0 3.79740028e0 -1.2474939e2 -1.2474939e2
1.493936e0 3.79740028e0 -1.29252423e2 -1.29252423e2
1.51924e0 3.79740028e0 -1.33843892e2 -1.33843892e2
1.5445439e0 3.79740028e0 -1.38524469e2 -1.38524469e2
1.569848e0 3.79740028e0 -1.43294891e2 -1.43294891e2
1.595152e0 3.79740028e0 -1.48155396e2 -1.48155396e2
1.620456e0 3.79740028e0 -1.53106648e2 -1.53106648e2
1.64576e0 3.79740028e0 -1.58149414e2 -1.58149414e2
1.671064e0 3.79740028e0 -1.63284584e2 -1.63284584e2
1.696368e0 3.79740028e0 -1.68512189e2 -1.68512189e2
1.7216719e0 3.79740028e0 -1.73833188e2 -1.73833188e2
1.746976e0 3.79740028e0 -1.79248338e2 -1.79248338e2
1.77228e0 3.79740028e0 -1.84758224e2 -1.84758224e2
1.7975839e0 3.79740028e0 -1.90363802e2 -1.90363802e2
1.822888e0 3.79740028e0 -1.96065312e2 -1.96065312e2
1.848192e0 3.79740028e0 -2.01863551e2 -2.01863551e2
1.873496e0 3.79740028e0 -2.07759361e2 -2.07759361e2
1.8987999e0 3.79740028e0 -2.1375384e2 -2.1375384e2
1.924104e0 3.79740028e0 -2.1984695e2 -2.1984695e2
1.949408e0 3.79740028e0 -2.26039735e2 -2.26039735e2
1.9747119e0 3.79740028e0 -2.32333154e2 -2.32333154e2
2.000016e0 3.79740028e0 -2.38727763e2 -2.38727763e2

1.0e-3 3.84803229e0 -5.722937e-5 -5.722937e-5
2.6304001e-2 3.84803229e0 -3.95975038e-2 -3.95975038e-2
5.1608002e-2 3.84803229e0 -1.52431046e-1 -1.52431046e-1
7.6912003e-2 3.84803229e0 -3.38572821e-1 -3.38572821e-1
1.02216e-1 3.84803229e0 -5.9804854e-1 -5.9804854e-1
1.2752e-1 3.84803229e0 -9.3089146e-1 -9.3089146e-1
1.52824e-1 3.84803229e0 -1.3371469e0 -1.3371469e0
1.78128e-1 3.84803229e0 -1.816872e0 -1.816872e0
2.03432e-1 3.84803229e0 -2.37012616e0 -2.37012616e0
2.2873601e-1 3.84803229e0 -2.99698643e0 -2.99698643e0
2.5404001e-1 3.84803229e0 -3.69753981e0 -3.69753981e0
2.7934401e-1 3.84803229e0 -4.47187326e0 -4.47187326e0
3.0464801e-1 3.84803229e0 -5.32009499e0 -5.32009499e0
3.2995201e-1 3.84803229e0 -6.2423143e0 -6.2423143e0
3.5525601e-1 3.84803229e0 -7.2386646e0 -7.2386646e0
3.8056001e-1 3.84803229e0 -8.3092686e0 -8.3092686e0
4.0586401e-1 3.84803229e0 -9.4542696e0 -9.4542696e0
4.3116801e-1 3.84803229e0 -1.06738406e1 -1.06738406e1
4.5647202e-1 3.84803229e0 -1.19681131e1 -1.19681131e1
4.8177602e-1 3.84803229e0 -1.3337276e1 -1.3337276e1
5.0708002e-1 3.84803229e0 -1.47815187e1 -1.47815187e1
5.3238402e-1 3.84803229e0 -1.63010127e1 -1.63010127e1
5.5768802e-1 3.84803229e0 -1.78959778e1 -1.78959778e1
5.8299202e-1 3.84803229e0 -1.9566621e1 -1.9566621e1
6.0829602e-1 3.84803229e0 -2.1313165e1 -2.1313165e1
6.3360002e-1 3.84803229e0 -2.3135831e1 -2.3135831e1
6.5890402e-1 3.84803229e0 -2.50348721e1 -2.50348721e1
6.8420802e-1 3.84803229e0 -2.70105534e1 -2.70105534e1
7.0951202e-1 3.84803229e0 -2.90630984e1 -2.90630984e1
7.3481602e-1 3.84803229e0 -3.11928046e1 -3.11928046e1
7.6012003e-1 3.84803229e0 -3.33999704e1 -3.33999704e1
7.8542403e-1 3.84803229e0 -3.56848343e1 -3.56848343e1
8.1072803e-1 3.84803229e0 -3.80477216e1 -3.80477216e1
8.3603203e-1 3.84803229e0 -4.048898e1 -4.048898e1
8.6133603e-1 3.84803229e0 -4.3008876e1 -4.3008876e1
8.8664003e-1 3.84803229e0 -4.56077576e1 -4.56077576e1
9.1194403e-1 3.84803229e0 -4.8285961e1 -4.8285961e1
9.3724803e-1 3.84803229e0 -5.10438695e1 -5.10438695e1
9.6255203e-1 3.84803229e0 -5.38817953e1 -5.38817953e1
9.8785603e-1 3.84803229e0 -5.680012e1 -5.680012e1
1.01316e0 3.84803229e0 -5.9799368e1 -5.9799368e1
1.0384639e0 3.84803229e0 -6.2879628e1 -6.2879628e1
1.063768e0 3.84803229e0 -6.6041426e1 -6.6041426e1
1.089072e0 3.84803229e0 -6.9285185e1 -6.9285185e1
1.1143759e0 3.84803229e0 -7.2611414e1 -7.2611414e1
1.13968e0 3.84803229e0 -7.602063e1 -7.602063e1
1.164984e0 3.84803229e0 -7.9513004e1 -7.9513004e1
1.190288e0 3.84803229e0 -8.3088963e1 -8.3088963e1
1.2155919e0 3.84803229e0 -8.6749187e1 -8.6749187e1
1.240896e0 3.84803229e0 -9.0494212e1 -9.0494212e1
1.2662e0 3.84803229e0 -9.4324133e1 -9.4324133e1
1.2915039e0 3.84803229e0 -9.8239754e1 -9.8239754e1
1.316808e0 3.84803229e0 -1.02241434e2 -1.02241434e2
1.342112e0 3.84803229e0 -1.06329912e2 -1.06329912e2
1.367416e0 3.84803229e0 -1.1050529e2 -1.1050529e2
1.39272e0 3.84803229e0 -1.14768303e2 -1.14768303e2
1.418024e0 3.84803229e0 -1.19119577e2 -1.19119577e2
1.443328e0 3.84803229e0 -1.23559569e2 -1.23559569e2
1.4686319e0 3.84803229e0 -1.28089107e2 -1.28089107e2
1.493936e0 3.84803229e0 -1.32708214e2 -1.32708214e2
1.51924e0 3.84803229e0 -1.37417738e2 -1.37417738e2
1.5445439e0 3.84803229e0 -1.42218355e2 -1.42218355e2
1.569848e0 3.84803229e0 -1.47110808e2 -1.47110808e2
1.595152e0 3.84803229e0 -1.52095319e2 -1.52095319e2
1.620456e0 3.84803229e0 -1.5717252e2 -1.5717252e2
1.64576e0 3.84803229e0 -1.62343297e2 -1.62343297e2
1.671064e0 3.84803229e0 -1.67608429e2 -1.67608429e2
1.696368e0 3.84803229e0 -1.72967969e2 -1.72967969e2
1.7216719e0 3.84803229e0 -1.78422887e2 -1.78422887e2
1.746976e0 3.84803229e0 -1.83973941e2 -1.83973941e2
1.77228e0 3.84803229e0 -1.89621712e2 -1.89621712e2
1.7975839e0 3.84803229e0 -1.95367163e2 -1.95367163e2
1.822888e0 3.84803229e0 -2.01210527e2 -2.01210527e2
1.848192e0 3.84803229e0 -2.071526e2 -2.071526e2
1.873496e0 3.84803229e0 -2.13194226e2 -2.13194226e2
1.8987999e0 3.84803229e0 -2.19336514e2 -2.19336514e2
1.924104e0 3.84803229e0 -2.25579405e2 -2.25579405e2
1.949408e0 3.84803229e0 -2.31923953e2 -2.31923953e2
1.9747119e0 3.84803229e0 -2.38371121e2 -2.38371121e2
2.000016e0 3.84803229e0 -2.44921461e2 -2.44921461e2

1.0e-3 3.89866429e0 -5.879834e-5 -5.879834e-5
2.6304001e-2 3.89866429e0 -4.06830746e-2 -4.06830746e-2
5.1608002e-2 3.89866429e0 -1.56609818e-1 -1.56609818e-1
7.6912003e-2 3.89866429e0 -3.47853992e-1 -3.47853992e-1
1.02216e-1 3.89866429e0 -6.1444131e-1 -6.1444131e-1
1.2752e-1 3.89866429e0 -9.5640503e-1 -9.5640503e-1
1.52824e-1 3.89866429e0 -1.37379044e0 -1.37379044e0
1.78128e-1 3.89866429e0 -1.8666543e0 -1.8666543e0
2.03432e-1 3.89866429e0 -2.43505731e0 -2.43505731e0
2.2873601e-1 3.89866429e0 -3.07907515e0 -3.07907515e0
2.5404001e-1 3.89866429e0 -3.7987964e0 -3.7987964e0
2.7934401e-1 3.89866429e0 -4.5943048e0 -4.5943048e0
3.0464801e-1 3.89866429e0 -5.46571027e0 -5.46571027e0
3.2995201e-1 3.89866429e0 -6.4131253e0 -6.4131253e0
3.5525601e-1 3.89866429e0 -7.4366792e0 -7.4366792e0
3.8056001e-1 3.89866429e0 -8.5364961e0 -8.5364961e0
4.0586401e-1 3.89866429e0 -9.7127188e0 -9.7127188e0
4.3116801e-1 3.89866429e0 -1.09655214e1 -1.09655214e1
4.5647202e-1 3.89866429e0 -1.22950342e1 -1.22950342e1
4.8177602e-1 3.89866429e0 -1.37014502e1 -1.37014502e1
5.0708002e-1 3.89866429e0 -1.51849483e1 -1.51849483e1
5.3238402e-1 3.89866429e0 -1.67457101e1 -1.67457101e1
5.5768802e-1 3.89866429e0 -1.83839525e1 -1.83839525e1
5.8299202e-1 3.89866429e0 -2.0099882e1 -2.0099882e1
6.0829602e-1 3.89866429e0 -2.18937216e1 -2.18937216e1
6.3360002e-1 3.89866429e0 -2.37656923e1 -2.37656923e1
6.5890402e-1 3.89866429e0 -2.5716047e1 -2.5716047e1
6.8420802e-1 3.89866429e0 -2.7745052e1 -2.7745052e1
7.0951202e-1 3.89866429e0 -2.98529292e1 -2.98529292e1
7.3481602e-1 3.89866429e0 -3.20399852e1 -3.20399852e1
7.6012003e-1 3.89866429e0 -3.43064938e1 -3.43064938e1
7.8542403e-1 3.89866429e0 -3.66527174e1 -3.66527174e1
8.1072803e-1 3.89866429e0 -3.90789838e1 -3.90789838e1
8.3603203e-1 3.89866429e0 -4.1585611e1 -4.1585611e1
8.6133603e-1 3.89866429e0 -4.41728944e1 -4.41728944e1
8.8664003e-1 3.89866429e0 -4.68411726e1 -4.68411726e1
9.1194403e-1 3.89866429e0 -4.95907945e1 -4.95907945e1
9.3724803e-1 3.89866429e0 -5.24221059e1 -5.24221059e1
9.6255203e-1 3.89866429e0 -5.53354558e1 -5.53354558e1
9.8785603e-1 3.89866429e0 -5.83312138e1 -5.83312138e1
1.01316e0 3.89866429e0 -6.1409924e1 -6.1409924e1
1.0384639e0 3.89866429e0 -6.4571619e1 -6.4571619e1
1.063768e0 3.89866429e0 -6.7816876e1 -6.7816876e1
1.089072e0 3.89866429e0 -7.1146103e1 -7.1146103e1
1.1143759e0 3.89866429e0 -7.455981e1 -7.455981e1
1.13968e0 3.89866429e0 -7.8058519e1 -7.8058519e1
1.164984e0 3.89866429e0 -8.1642392e1 -8.1642392e1
1.190288e0 3.89866429e0 -8.5311856e1 -8.5311856e1
1.2155919e0 3.89866429e0 -8.9067595e1 -8.9067595e1
1.240896e0 3.89866429e0 -9.2910149e1 -9.2910149e1
1.2662e0 3.89866429e0 -9.6839603e1 -9.6839603e1
1.2915039e0 3.89866429e0 -1.00856769e2 -1.00856769e2
1.316808e0 3.89866429e0 -1.04962001e2 -1.04962001e2
1.342112e0 3.89866429e0 -1.09156044e2 -1.09156044e2
1.367416e0 3.89866429e0 -1.13438992e2 -1.13438992e2
1.39272e0 3.89866429e0 -1.17811583e2 -1.17811583e2
1.418024e0 3.89866429e0 -1.22274448e2 -1.22274448e2
1.443328e0 3.89866429e0 -1.26828036e2 -1.26828036e2
1.4686319e0 3.89866429e0 -1.31473189e2 -1.31473189e2
1.493936e0 3.89866429e0 -1.3620991e2 -1.3620991e2
1.51924e0 3.89866429e0 -1.4103906e2 -1.4103906e2
1.5445439e0 3.89866429e0 -1.45961275e2 -1.45961275e2
1.569848e0 3.89866429e0 -1.50977414e2 -1.50977414e2
1.595152e0 3.89866429e0 -1.56087581e2 -1.56087581e2
1.620456e0 3.89866429e0 -1.61292442e2 -1.61292442e2
1.64576e0 3.89866429e0 -1.6659289e2 -1.6659289e2
1.671064e0 3.89866429e0 -1.71989667e2 -1.71989667e2
1.696368e0 3.89866429e0 -1.77482939e2 -1.77482939e2
1.7216719e0 3.89866429e0 -1.83073555e2 -1.83073555e2
1.746976e0 3.89866429e0 -1.88762317e2 -1.88762317e2
1.77228e0 3.89866429e0 -1.94549806e2 -1.94549806e2
1.7975839e0 3.89866429e0 -2.0043699e2 -2.0043699e2
1.822888e0 3.89866429e0 -2.0642409e2 -2.0642409e2
1.848192e0 3.89866429e0 -2.12511906e2 -2.12511906e2
1.873496e0 3.89866429e0 -2.18701286e2 -2.18701286e2
1.8987999e0 3.89866429e0 -2.24993347e2 -2.24993347e2
1.924104e0 3.89866429e0 -2.3138801e2 -2.3138801e2
1.949408e0 3.89866429e0 -2.37886337e2 -2.37886337e2
1.9747119e0 3.89866429e0 -2.44489296e2 -2.44489296e2
2.000016e0 3.89866429e0 -2.51197435e2 -2.51197435e2

1.0e-3 3.9492963e0 -6.0387756e-5 -6.0387756e-5
2.6304001e-2 3.9492963e0 -4.17827928e-2 -4.17827928e-2
5.1608002e-2 3.9492963e0 -1.60843048e-1 -1.60843048e-1
7.6912003e-2 3.9492963e0 -3.57256114e-1 -3.57256114e-1
1.02216e-1 3.9492963e0 -6.3104773e-1 -6.3104773e-1
1.2752e-1 3.9492963e0 -9.822511e-1 -9.822511e-1
1.52824e-1 3.9492963e0 -1.41091153e0 -1.41091153e0
1.78128e-1 3.9492963e0 -1.91708633e0 -1.91708633e0
2.03432e-1 3.9492963e0 -2.50083464e0 -2.50083464e0
2.2873601e-1 3.9492963e0 -3.16223366e0 -3.16223366e0
2.5404001e-1 3.9492963e0 -3.90137057e0 -3.90137057e0
2.7934401e-1 3.9492963e0 -4.71833186e0 -4.71833186e0
3.0464801e-1 3.9492963e0 -5.61322606e0 -5.61322606e0
3.2995201e-1 3.9492963e0 -6.5861623e0 -6.5861623e0
3.5525601e-1 3.9492963e0 -7.6372745e0 -7.6372745e0
3.8056001e-1 3.9492963e0 -8.7666847e0 -8.7666847e0
4.0586401e-1 3.9492963e0 -9.9745389e0 -9.9745389e0
4.3116801e-1 3.9492963e0 -1.12610033e1 -1.12610033e1
4.5647202e-1 3.9492963e0 -1.26262157e1 -1.26262157e1
4.8177602e-1 3.9492963e0 -1.40703632e1 -1.40703632e1
5.0708002e-1 3.9492963e0 -1.55936354e1 -1.55936354e1
5.3238402e-1 3.9492963e0 -1.71962029e1 -1.71962029e1
5.5768802e-1 3.9492963e0 -1.88782863e1 -1.88782863e1
5.8299202e-1 3.9492963e0 -2.06400925e1 -2.06400925e1
6.0829602e-1 3.9492963e0 -2.2481844e1 -2.2481844e1
6.3360002e-1 3.9492963e0 -2.44037619e1 -2.44037619e1
6.5890402e-1 3.9492963e0 -2.64060992e1 -2.64060992e1
6.8420802e-1 3.9492963e0 -2.84891226e1 -2.84891226e1
7.0951202e-1 3.9492963e0 -3.06530531e1 -3.06530531e1
7.3481602e-1 3.9492963e0 -3.28981895e1 -3.28981895e1
7.6012003e-1 3.9492963e0 -3.5224831e1 -3.5224831e1
7.8542403e-1 3.9492963e0 -3.7633214e1 -3.7633214e1
8.1072803e-1 3.9492963e0 -4.01236652e1 -4.01236652e1
8.3603203e-1 3.9492963e0 -4.26965332e1 -4.26965332e1
8.6133603e-1 3.9492963e0 -4.53520824e1 -4.53520824e1
8.8664003e-1 3.9492963e0 -4.80906615e1 -4.80906615e1
9.1194403e-1 3.9492963e0 -5.09126071e1 -5.09126071e1
9.3724803e-1 3.9492963e0 -5.38183034e1 -5.38183034e1
9.6255203e-1 3.9492963e0 -5.68080603e1 -5.68080603e1
9.8785603e-1 3.9492963e0 -5.98822607e1 -5.98822607e1
1.01316e0 3.9492963e0 -6.3041437e1 -6.3041437e1
1.0384639e0 3.9492963e0 -6.628566e1 -6.628566e1
1.063768e0 3.9492963e0 -6.9615463e1 -6.9615463e1
1.089072e0 3.9492963e0 -7.3031271e1 -7.3031271e1
1.1143759e0 3.9492963e0 -7.6533598e1 -7.6533598e1
1.13968e0 3.9492963e0 -8.0122964e1 -8.0122964e1
1.164984e0 3.9492963e0 -8.3799529e1 -8.3799529e1
1.190288e0 3.9492963e0 -8.7563739e1 -8.7563739e1
1.2155919e0 3.9492963e0 -9.1416217e1 -9.1416217e1
1.240896e0 3.9492963e0 -9.535757e1 -9.535757e1
1.2662e0 3.9492963e0 -9.9387854e1 -9.9387854e1
1.2915039e0 3.9492963e0 -1.03507887e2 -1.03507887e2
1.316808e0 3.9492963e0 -1.07718022e2 -1.07718022e2
1.342112e0 3.9492963e0 -1.12019006e2 -1.12019006e2
1.367416e0 3.9492963e0 -1.16410927e2 -1.16410927e2
1.39272e0 3.9492963e0 -1.20894525e2 -1.20894525e2
1.418024e0 3.9492963e0 -1.25470432e2 -1.25470432e2
1.443328e0 3.9492963e0 -1.30139099e2 -1.30139099e2
1.4686319e0 3.9492963e0 -1.34901372e2 -1.34901372e2
1.493936e0 3.9492963e0 -1.39757243e2 -1.39757243e2
1.51924e0 3.9492963e0 -1.44707573e2 -1.44707573e2
1.5445439e0 3.9492963e0 -1.49753046e2 -1.49753046e2
1.569848e0 3.9492963e0 -1.5489441e2 -1.5489441e2
1.595152e0 3.9492963e0 -1.6013187e2 -1.6013187e2
1.620456e0 3.9492963e0 -1.65466095e2 -1.65466095e2
1.64576e0 3.9492963e0 -1.70897864e2 -1.70897864e2
1.671064e0 3.9492963e0 -1.76428088e2 -1.76428088e2
1.696368e0 3.9492963e0 -1.82056747e2 -1.82056747e2
1.7216719e0 3.9492963e0 -1.8778483e2 -1.8778483e2
1.746976e0 3.9492963e0 -1.93613095e2 -1.93613095e2
1.77228e0 3.9492963e0 -1.99542123e2 -1.99542123e2
1.7975839e0 3.9492963e0 -2.05572887e2 -2.05572887e2
1.822888e0 3.9492963e0 -2.11705597e2 -2.11705597e2
1.848192e0 3.9492963e0 -2.17941055e2 -2.17941055e2
1.873496e0 3.9492963e0 -2.24280115e2 -2.24280115e2
1.8987999e0 3.9492963e0 -2.307239e2 -2.307239e2
1.924104e0 3.9492963e0 -2.37272311e2 -2.37272311e2
1.949408e0 3.9492963e0 -2.43926424e2 -2.43926424e2
1.9747119e0 3.9492963e0 -2.50687204e2 -2.50687204e2
2.000016e0 3.9492963e0 -2.57555199e2 -2.57555199e2

1.0e-3 3.9999283e0 -6.199768e-5 -6.199768e-5
2.6304001e-2 3.9999283e0 -4.28967001e-2 -4.28967001e-2
5.1608002e-2 3.9999283e0 -1.65130899e-1 -1.65130899e-1
7.6912003e-2 3.9999283e0 -3.6677955e-1 -3.6677955e-1
1.02216e-1 3.9999283e0 -6.4786841e-1 -6.4786841e-1
1.2752e-1 3.9999283e0 -1.00843063e0 -1.00843063e0
1.52824e-1 3.9999283e0 -1.44851157e0 -1.44851157e0
1.78128e-1 3.9999283e0 -1.96816809e0 -1.96816809e0
2.03432e-1 3.9999283e0 -2.5674607e0 -2.5674607e0
2.2873601e-1 3.9999283e0 -3.24646513e0 -3.24646513e0
2.5404001e-1 3.9999283e0 -4.00527022e0 -4.00527022e0
2.7934401e-1 3.9999283e0 -4.84395923e0 -4.84395923e0
3.0464801e-1 3.9999283e0 -5.76264235e0 -5.76264235e0
3.2995201e-1 3.9999283e0 -6.7614319e0 -6.7614319e0
3.5525601e-1 3.9999283e0 -7.8404579e0 -7.8404579e0
3.8056001e-1 3.9999283e0 -8.9998434e0 -8.9998434e0
4.0586401e-1 3.9999283e0 -1.02397343e1 -1.02397343e1
4.3116801e-1 3.9999283e0 -1.15602977e1 -1.15602977e1
4.5647202e-1 3.9999283e0 -1.29616702e1 -1.29616702e1
4.8177602e-1 3.9999283e0 -1.44440433e1 -1.44440433e1
5.0708002e-1 3.9999283e0 -1.60075957e1 -1.60075957e1
5.3238402e-1 3.9999283e0 -1.76525082e1 -1.76525082e1
5.5768802e-1 3.9999283e0 -1.93789984e1 -1.93789984e1
5.8299202e-1 3.9999283e0 -2.11872733e1 -2.11872733e1
6.0829602e-1 3.9999283e0 -2.3077555e1 -2.3077555e1
6.3360002e-1 3.9999283e0 -2.50500644e1 -2.50500644e1
6.5890402e-1 3.9999283e0 -2.7105055e1 -2.7105055e1
6.8420802e-1 3.9999283e0 -2.92427937e1 -2.92427937e1
7.0951202e-1 3.9999283e0 -3.14635008e1 -3.14635008e1
7.3481602e-1 3.9999283e0 -3.37674837e1 -3.37674837e1
7.6012003e-1 3.9999283e0 -3.61550172e1 -3.61550172e1
7.8542403e-1 3.9999283e0 -3.86263615e1 -3.86263615e1
8.1072803e-1 3.9999283e0 -4.1181836e1 -4.1181836e1
8.3603203e-1 3.9999283e0 -4.38217894e1 -4.38217894e1
8.6133603e-1 3.9999283e0 -4.6546485e1 -4.6546485e1
8.8664003e-1 3.9999283e0 -4.93562721e1 -4.93562721e1
9.1194403e-1 3.9999283e0 -5.22515002e1 -5.22515002e1
9.3724803e-1 3.9999283e0 -5.52325156e1 -5.52325156e1
9.6255203e-1 3.9999283e0 -5.82996654e1 -5.82996654e1
9.8785603e-1 3.9999283e0 -6.14533205e1 -6.14533205e1
1.01316e0 3.9999283e0 -6.4694032e1 -6.4694032e1
1.0384639e0 3.9999283e0 -6.8021817e1 -6.8021817e1
1.063768e0 3.9999283e0 -7.1437257e1 -7.1437257e1
1.089072e0 3.9999283e0 -7.4940765e1 -7.4940765e1
1.1143759e0 3.9999283e0 -7.8532854e1 -7.8532854e1
1.13968e0 3.9999283e0 -8.2214049e1 -8.2214049e1
1.164984e0 3.9999283e0 -8.59845e1 -8.59845e1
1.190288e0 3.9999283e0 -8.9844655e1 -8.9844655e1
1.2155919e0 3.9999283e0 -9.3795142e1 -9.3795142e1
1.240896e0 3.9999283e0 -9.783657e1 -9.783657e1
1.2662e0 3.9999283e0 -1.01968985e2 -1.01968985e2
1.2915039e0 3.9999283e0 -1.06193213e2 -1.06193213e2
1.316808e0 3.9999283e0 -1.10509602e2 -1.10509602e2
1.342112e0 3.9999283e0 -1.1491891e2 -1.1491891e2
1.367416e0 3.9999283e0 -1.19421207e2 -1.19421207e2
1.39272e0 3.9999283e0 -1.24017244e2 -1.24017244e2
1.418024e0 3.9999283e0 -1.28707652e2 -1.28707652e2
1.443328e0 3.9999283e0 -1.33492885e2 -1.33492885e2
1.4686319e0 3.9999283e0 -1.38373788e2 -1.38373788e2
1.493936e0 3.9999283e0 -1.43350345e2 -1.43350345e2
1.51924e0 3.9999283e0 -1.4842342e2 -1.4842342e2
1.5445439e0 3.9999283e0 -1.53593668e2 -1.53593668e2
1.569848e0 3.9999283e0 -1.58861948e2 -1.58861948e2
1.595152e0 3.9999283e0 -1.6422834e2 -1.6422834e2
1.620456e0 3.9999283e0 -1.69693518e2 -1.69693518e2
1.64576e0 3.9999283e0 -1.75258385e2 -1.75258385e2
1.671064e0 3.9999283e0 -1.80923691e2 -1.80923691e2
1.696368e0 3.9999283e0 -1.86689572e2 -1.86689572e2
1.7216719e0 3.9999283e0 -1.92556894e2 -1.92556894e2
1.746976e0 3.9999283e0 -1.98526463e2 -1.98526463e2
1.77228e0 3.9999283e0 -2.04598854e2 -2.04598854e2
1.7975839e0 3.9999283e0 -2.1077505e2 -2.1077505e2
1.822888e0 3.9999283e0 -2.1705525e2 -2.1705525e2
1.848192e0 3.9999283e0 -2.23440256e2 -2.23440256e2
1.873496e0 3.9999283e0 -2.29930927e2 -2.29930927e2
1.8987999e0 3.9999283e0 -2.36528392e2 -2.36528392e2
1.924104e0 3.9999283e0 -2.43232536e2 -2.43232536e2
1.949408e0 3.9999283e0 -2.50044443e2 -2.50044443e2
1.9747119e0 3.9999283e0 -2.5696508e2 -2.5696508e2
2.000016e0 3.9999283e0 -2.63994994e2 -2.63994994e2
