1.0e-3 0.0e0 1.9999985e-6 1.9999985e-6
3.4880005e-2 0.0e0 2.431751e-3 2.431751e-3
6.876001e-2 0.0e0 9.4335207e-3 9.4335207e-3
1.0264001e-1 0.0e0 2.0958994e-2 2.0958994e-2
1.3652002e-1 0.0e0 3.6928098e-2 3.6928098e-2
1.7040002e-1 0.0e0 5.7229294e-2 5.7229294e-2
2.0428003e-1 0.0e0 8.1719296e-2 8.1719296e-2
2.3816003e-1 0.0e0 1.1022329e-1 1.1022329e-1
2.7204004e-1 0.0e0 1.42534818e-1 1.42534818e-1
3.0592004e-1 0.0e0 1.78415712e-1 1.78415712e-1
3.3980005e-1 0.0e0 2.175963e-1 2.175963e-1
3.7368005e-1 0.0e0 2.5977531e-1 2.5977531e-1
4.0756006e-1 0.0e0 3.0461937e-1 3.0461937e-1
4.4144006e-1 0.0e0 3.5176457e-1 3.5176457e-1
4.7532007e-1 0.0e0 4.0081448e-1 4.0081448e-1
5.0920007e-1 0.0e0 4.5134097e-1 4.5134097e-1
5.4308008e-1 0.0e0 5.0288498e-1 5.0288498e-1
5.7696008e-1 0.0e0 5.54955e-1 5.54955e-1
6.1084009e-1 0.0e0 6.0702852e-1 6.0702852e-1
6.447201e-1 0.0e0 6.5855125e-1 6.5855125e-1
6.786001e-1 0.0e0 7.0893787e-1 7.0893787e-1
7.124801e-1 0.0e0 7.575699e-1 7.575699e-1
7.463601e-1 0.0e0 8.0379808e-1 8.0379808e-1
7.8024011e-1 0.0e0 8.469424e-1 8.469424e-1
8.1412012e-1 0.0e0 8.8629059e-1 8.8629059e-1
8.4800012e-1 0.0e0 9.2109782e-1 9.2109782e-1
8.8188013e-1 0.0e0 9.5058812e-1 9.5058812e-1
9.1576013e-1 0.0e0 9.7395532e-1 9.7395532e-1
9.4964014e-1 0.0e0 9.9035931e-1 9.9035931e-1
9.8352014e-1 0.0e0 9.989309e-1 9.989309e-1
1.0174e0 0.0e0 9.9876788e-1 9.9876788e-1
1.05128e0 0.0e0 9.8893517e-1 9.8893517e-1
1.08516e0 0.0e0 9.6846849e-1 9.6846849e-1
1.11904e0 0.0e0 9.363696e-1 9.363696e-1
1.15292e0 0.0e0 8.916108e-1 8.916108e-1
1.1868001e0 0.0e0 8.3313342e-1 8.3313342e-1
1.2206801e0 0.0e0 7.5984077e-1 7.5984077e-1
1.2545601e0 0.0e0 6.7061269e-1 6.7061269e-1
1.2884401e0 0.0e0 5.6429848e-1 5.6429848e-1
1.3223201e0 0.0e0 4.3969968e-1 4.3969968e-1
1.3562001e0 0.0e0 2.9561302e-1 2.9561302e-1
1.3900801e0 0.0e0 1.30774396e-1 1.30774396e-1
1.4239601e0 0.0e0 -5.6084267e-2 -5.6084267e-2
1.4578401e0 0.0e0 -2.6629456e-1 -2.6629456e-1
1.4917201e0 0.0e0 -5.0118954e-1 -5.0118954e-1
1.5256001e0 0.0e0 -7.6213309e-1 -7.6213309e-1
1.5594801e0 0.0e0 -1.05056491e0 -1.05056491e0
1.5933601e0 0.0e0 -1.3678868e0 -1.3678868e0
1.6272401e0 0.0e0 -1.71560587e0 -1.71560587e0
1.6611201e0 0.0e0 -2.09521246e0 -2.09521246e0
1.6950002e0 0.0e0 -2.50821884e0 -2.50821884e0
1.7288802e0 0.0e0 -2.95623001e0 -2.95623001e0
1.7627602e0 0.0e0 -3.4408217e0 -3.4408217e0
1.7966402e0 0.0e0 -3.9636095e0 -3.9636095e0
1.8305202e0 0.0e0 -4.5262872e0 -4.5262872e0
1.8644002e0 0.0e0 -5.1305052e0 -5.1305052e0
1.8982802e0 0.0e0 -5.7780472e0 -5.7780472e0
1.9321602e0 0.0e0 -6.4706328e0 -6.4706328e0
1.9660402e0 0.0e0 -7.2100226e0 -7.2100226e0
1.9999202e0 0.0e0 -7.9980957e0 -7.9980957e0

1.0e-3 6.7796005e-2 1.9816132e-6 1.9816132e-6
3.4880005e-2 6.7796005e-2 2.4093831e-3 2.4093831e-3
6.876001e-2 6.7796005e-2 9.3466032e-3 9.3466032e-3
1.0264001e-1 6.7796005e-2 2.0765305e-2 2.0765305e-2
1.3652002e-1 6.7796005e-2 3.6585437e-2 3.6585437e-2
1.7040002e-1 6.7796005e-2 5.6695454e-2 5.6695454e-2
2.0428003e-1 6.7796005e-2 8.095207e-2 8.095207e-2
2.3816003e-1 6.7796005e-2 1.0918047e-1 1.0918047e-1
2.7204004e-1 6.7796005e-2 1.41174196e-1 1.41174196e-1
3.0592004e-1 6.7796005e-2 1.76695084e-1 1.76695084e-1
3.3980005e-1 6.7796005e-2 2.1547362e-1 2.1547362e-1
3.7368005e-1 6.7796005e-2 2.5720804e-1 2.5720804e-1
4.0756006e-1 6.7796005e-2 3.0156548e-1 3.0156548e-1
4.4144006e-1 6.7796005e-2 3.4818213e-1 3.4818213e-1
4.7532007e-1 6.7796005e-2 3.966607e-1 3.966607e-1
5.0920007e-1 6.7796005e-2 4.4657394e-1 4.4657394e-1
5.4308008e-1 6.7796005e-2 4.9746248e-1 4.9746248e-1
5.7696008e-1 6.7796005e-2 5.4883484e-1 5.4883484e-1
6.1084009e-1 6.7796005e-2 6.0016847e-1 6.0016847e-1
6.447201e-1 6.7796005e-2 6.5090977e-1 6.5090977e-1
6.786001e-1 6.7796005e-2 7.0047147e-1 7.0047147e-1
7.124801e-1 6.7796005e-2 7.48237e-1 7.48237e-1
7.463601e-1 6.7796005e-2 7.9355647e-1 7.9355647e-1
7.8024011e-1 6.7796005e-2 8.3574988e-1 8.3574988e-1
8.1412012e-1 6.7796005e-2 8.7410495e-1 8.7410495e-1
8.4800012e-1 6.7796005e-2 9.0787686e-1 9.0787686e-1
8.8188013e-1 6.7796005e-2 9.3628963e-1 9.3628963e-1
9.1576013e-1 6.7796005e-2 9.585371e-1 9.585371e-1
9.4964014e-1 6.7796005e-2 9.7378052e-1 9.7378052e-1
9.8352014e-1 6.7796005e-2 9.8114656e-1 9.8114656e-1
1.0174e0 6.7796005e-2 9.7973738e-1 9.7973738e-1
1.05128e0 6.7796005e-2 9.6861607e-1 9.6861607e-1
1.08516e0 6.7796005e-2 9.4681866e-1 9.4681866e-1
1.11904e0 6.7796005e-2 9.1334676e-1 9.1334676e-1
1.15292e0 6.7796005e-2 8.6717256e-1 8.6717256e-1
1.1868001e0 6.7796005e-2 8.0723805e-1 8.0723805e-1
1.2206801e0 6.7796005e-2 7.3244577e-1 7.3244577e-1
1.2545601e0 6.7796005e-2 6.4167587e-1 6.4167587e-1
1.2884401e0 6.7796005e-2 5.337777e-1 5.337777e-1
1.3223201e0 6.7796005e-2 4.0755263e-1 4.0755263e-1
1.3562001e0 6.7796005e-2 2.617976e-1 2.617976e-1
1.3900801e0 6.7796005e-2 9.524827e-2 9.524827e-2
1.4239601e0 6.7796005e-2 -9.3363148e-2 -9.3363148e-2
1.4578401e0 6.7796005e-2 -3.053685e-1 -3.053685e-1
1.4917201e0 6.7796005e-2 -5.4210077e-1 -5.4210077e-1
1.5256001e0 6.7796005e-2 -8.049237e-1 -8.049237e-1
1.5594801e0 6.7796005e-2 -1.09527724e0 -1.09527724e0
1.5933601e0 6.7796005e-2 -1.41456332e0 -1.41456332e0
1.6272401e0 6.7796005e-2 -1.76428812e0 -1.76428812e0
1.6611201e0 6.7796005e-2 -2.14594304e0 -2.14594304e0
1.6950002e0 6.7796005e-2 -2.56103986e0 -2.56103986e0
1.7288802e0 6.7796005e-2 -3.0111841e0 -3.0111841e0
1.7627602e0 6.7796005e-2 -3.4979509e0 -3.4979509e0
1.7966402e0 6.7796005e-2 -4.0229556e0 -4.0229556e0
1.8305202e0 6.7796005e-2 -4.5878928e0 -4.5878928e0
1.8644002e0 6.7796005e-2 -5.1944122e0 -5.1944122e0
1.8982802e0 6.7796005e-2 -5.8442981e0 -5.8442981e0
1.9321602e0 6.7796005e-2 -6.5392697e0 -6.5392697e0
1.9660402e0 6.7796005e-2 -7.2810876e0 -7.2810876e0
1.9999202e0 6.7796005e-2 -8.0716312e0 -8.0716312e0

1.0e-3 1.3559201e-1 1.9264587e-6 1.9264587e-6
3.4880005e-2 1.3559201e-1 2.3422795e-3 2.3422795e-3
6.876001e-2 1.3559201e-1 9.0858293e-3 9.0858293e-3
1.0264001e-1 1.3559201e-1 2.0184238e-2 2.0184238e-2
1.3652002e-1 1.3559201e-1 3.5557455e-2 3.5557455e-2
1.7040002e-1 1.3559201e-1 5.5093935e-2 5.5093935e-2
2.0428003e-1 1.3559201e-1 7.8650394e-2 7.8650394e-2
2.3816003e-1 1.3559201e-1 1.06052013e-1 1.06052013e-1
2.7204004e-1 1.3559201e-1 1.37092336e-1 1.37092336e-1
3.0592004e-1 1.3559201e-1 1.71533199e-1 1.71533199e-1
3.3980005e-1 1.3559201e-1 2.0910509e-1 2.0910509e-1
3.7368005e-1 1.3559201e-1 2.4950624e-1 2.4950624e-1
4.0756006e-1 1.3559201e-1 2.9240404e-1 2.9240404e-1
4.4144006e-1 1.3559201e-1 3.3743393e-1 3.3743393e-1
4.7532007e-1 1.3559201e-1 3.8419936e-1 3.8419936e-1
5.0920007e-1 1.3559201e-1 4.3227284e-1 4.3227284e-1
5.4308008e-1 1.3559201e-1 4.81195e-1 4.81195e-1
5.7696008e-1 1.3559201e-1 5.3047437e-1 5.3047437e-1
6.1084009e-1 1.3559201e-1 5.7958894e-1 5.7958894e-1
6.447201e-1 1.3559201e-1 6.2798343e-1 6.2798343e-1
6.786001e-1 1.3559201e-1 6.7507225e-1 6.7507225e-1
7.124801e-1 1.3559201e-1 7.202383e-1 7.202383e-1
7.463601e-1 1.3559201e-1 7.628325e-1 7.628325e-1
7.8024011e-1 1.3559201e-1 8.0217326e-1 8.0217326e-1
8.1412012e-1 1.3559201e-1 8.3754805e-1 8.3754805e-1
8.4800012e-1 1.3559201e-1 8.6821399e-1 8.6821399e-1
8.8188013e-1 1.3559201e-1 8.9339532e-1 8.9339532e-1
9.1576013e-1 1.3559201e-1 9.1228368e-1 9.1228368e-1
9.4964014e-1 1.3559201e-1 9.2403996e-1 9.2403996e-1
9.8352014e-1 1.3559201e-1 9.27794742e-1 9.27794742e-1
1.0174e0 1.3559201e-1 9.226457e-1 9.226457e-1
1.05128e0 1.3559201e-1 9.0765863e-1 9.0765863e-1
1.08516e0 1.3559201e-1 8.8186897e-1 8.8186897e-1
1.11904e0 1.3559201e-1 8.4427808e-1 8.4427808e-1
1.15292e0 1.3559201e-1 7.938585e-1 7.938585e-1
1.1868001e0 1.3559201e-1 7.2955171e-1 7.2955171e-1
1.2206801e0 1.3559201e-1 6.5026053e-1 6.5026053e-1
1.2545601e0 1.3559201e-1 5.5486516e-1 5.5486516e-1
1.2884401e0 1.3559201e-1 4.4221509e-1 4.4221509e-1
1.3223201e0 1.3559201e-1 3.1111122e-1 3.1111122e-1
1.3562001e0 1.3559201e-1 1.60351215e-1 1.60351215e-1
1.3900801e0 1.3559201e-1 -1.133012e-2 -1.133012e-2
1.4239601e0 1.3559201e-1 -2.0519997e-1 -2.0519997e-1
1.4578401e0 1.3559201e-1 -4.2259032e-1 -4.2259032e-1
1.4917201e0 1.3559201e-1 -6.6483478e-1 -6.6483478e-1
1.5256001e0 1.3559201e-1 -9.332959e-1 -9.332959e-1
1.5594801e0 1.3559201e-1 -1.22941463e0 -1.22941463e0
1.5933601e0 1.3559201e-1 -1.55459174e0 -1.55459174e0
1.6272401e0 1.3559201e-1 -1.91033485e0 -1.91033485e0
1.6611201e0 1.3559201e-1 -2.2981352e0 -2.2981352e0
1.6950002e0 1.3559201e-1 -2.71950334e0 -2.71950334e0
1.7288802e0 1.3559201e-1 -3.1760468e0 -3.1760468e0
1.7627602e0 1.3559201e-1 -3.6693384e0 -3.6693384e0
1.7966402e0 1.3559201e-1 -4.2009944e0 -4.2009944e0
1.8305202e0 1.3559201e-1 -4.7727097e0 -4.7727097e0
1.8644002e0 1.3559201e-1 -5.3861336e0 -5.3861336e0
1.8982802e0 1.3559201e-1 -6.0430508e0 -6.0430508e0
1.9321602e0 1.3559201e-1 -6.7451804e0 -6.7451804e0
1.9660402e0 1.3559201e-1 -7.4942827e0 -7.4942827e0
1.9999202e0 1.3559201e-1 -8.2922374e0 -8.2922374e0

1.0e-3 2.03388016e-1 1.8345322e-6 1.8345322e-6
3.4880005e-2 2.03388016e-1 2.2304402e-3 2.2304402e-3
6.876001e-2 2.03388016e-1 8.651206e-3 8.651206e-3
1.0264001e-1 2.03388016e-1 1.9215808e-2 1.9215808e-2
1.3652002e-1 2.03388016e-1 3.3844154e-2 3.3844154e-2
1.7040002e-1 2.03388016e-1 5.2424782e-2 5.2424782e-2
2.0428003e-1 2.03388016e-1 7.4814265e-2 7.4814265e-2
2.3816003e-1 2.03388016e-1 1.00838002e-1 1.00838002e-1
2.7204004e-1 2.03388016e-1 1.30289235e-1 1.30289235e-1
3.0592004e-1 2.03388016e-1 1.62930199e-1 1.62930199e-1
3.3980005e-1 2.03388016e-1 1.9849086e-1 1.9849086e-1
3.7368005e-1 2.03388016e-1 2.366699e-1 2.366699e-1
4.0756006e-1 2.03388016e-1 2.7713455e-1 2.7713455e-1
4.4144006e-1 2.03388016e-1 3.1952025e-1 3.1952025e-1
4.7532007e-1 2.03388016e-1 3.634308e-1 3.634308e-1
5.0920007e-1 2.03388016e-1 4.0843808e-1 4.0843808e-1
5.4308008e-1 2.03388016e-1 4.5408255e-1 4.5408255e-1
5.7696008e-1 2.03388016e-1 4.9987357e-1 4.9987357e-1
6.1084009e-1 2.03388016e-1 5.4528877e-1 5.4528877e-1
6.447201e-1 2.03388016e-1 5.8977286e-1 5.8977286e-1
6.786001e-1 2.03388016e-1 6.3274094e-1 6.3274094e-1
7.124801e-1 2.03388016e-1 6.7357457e-1 6.7357457e-1
7.463601e-1 2.03388016e-1 7.1162448e-1 7.1162448e-1
7.8024011e-1 2.03388016e-1 7.462107e-1 7.462107e-1
8.1412012e-1 2.03388016e-1 7.7662091e-1 7.7662091e-1
8.4800012e-1 2.03388016e-1 8.0211029e-1 8.0211029e-1
8.8188013e-1 2.03388016e-1 8.2190286e-1 8.2190286e-1
9.1576013e-1 2.03388016e-1 8.3519225e-1 8.3519225e-1
9.4964014e-1 2.03388016e-1 8.41139342e-1 8.41139342e-1
9.8352014e-1 2.03388016e-1 8.38873505e-1 8.38873505e-1
1.0174e0 2.03388016e-1 8.2749303e-1 8.2749303e-1
1.05128e0 2.03388016e-1 8.0606302e-1 8.0606302e-1
1.08516e0 2.03388016e-1 7.7361961e-1 7.7361961e-1
1.11904e0 2.03388016e-1 7.2916373e-1 7.2916373e-1
1.15292e0 2.03388016e-1 6.716682e-1 6.716682e-1
1.1868001e0 2.03388016e-1 6.0007463e-1 6.0007463e-1
1.2206801e0 2.03388016e-1 5.132853e-1 5.132853e-1
1.2545601e0 2.03388016e-1 4.1018079e-1 4.1018079e-1
1.2884401e0 2.03388016e-1 2.8961092e-1 2.8961092e-1
1.3223201e0 2.03388016e-1 1.5037568e-1 1.5037568e-1
1.3562001e0 2.03388016e-1 -8.7262689e-3 -8.7262689e-3
1.3900801e0 2.03388016e-1 -1.8896088e-1 -1.8896088e-1
1.4239601e0 2.03388016e-1 -3.9159454e-1 -3.9159454e-1
1.4578401e0 2.03388016e-1 -6.1796068e-1 -6.1796068e-1
1.4917201e0 2.03388016e-1 -8.6939122e-1 -8.6939122e-1
1.5256001e0 2.03388016e-1 -1.14724931e0 -1.14724931e0
1.5594801e0 2.03388016e-1 -1.45297667e0 -1.45297667e0
1.5933601e0 2.03388016e-1 -1.7879732e0 -1.7879732e0
1.6272401e0 2.03388016e-1 -2.15374689e0 -2.15374689e0
1.6611201e0 2.03388016e-1 -2.55178848e0 -2.55178848e0
1.6950002e0 2.03388016e-1 -2.9836075e0 -2.9836075e0
1.7288802e0 2.03388016e-1 -3.4508133e0 -3.4508133e0
1.7627602e0 2.03388016e-1 -3.9549794e0 -3.9549794e0
1.7966402e0 2.03388016e-1 -4.4977208e0 -4.4977208e0
1.8305202e0 2.03388016e-1 -5.0807326e0 -5.0807326e0
1.8644002e0 2.03388016e-1 -5.7056638e0 -5.7056638e0
1.8982802e0 2.03388016e-1 -6.3742998e0 -6.3742998e0
1.9321602e0 2.03388016e-1 -7.0883592e0 -7.0883592e0
1.9660402e0 2.03388016e-1 -7.8496019e0 -7.8496019e0
1.9999202e0 2.03388016e-1 -8.6599084e0 -8.6599084e0

1.0e-3 2.71184021e-1 1.7058365e-6 1.7058365e-6
3.4880005e-2 2.71184021e-1 2.0738672e-3 2.0738672e-3
6.876001e-2 2.71184021e-1 8.0427408e-3 8.0427408e-3
1.0264001e-1 2.71184021e-1 1.7859984e-2 1.7859984e-2
1.3652002e-1 2.71184021e-1 3.144556e-2 3.144556e-2
1.7040002e-1 2.71184021e-1 4.8687904e-2 4.8687904e-2
2.0428003e-1 2.71184021e-1 6.9443752e-2 6.9443752e-2
2.3816003e-1 2.71184021e-1 9.3538268e-2 9.3538268e-2
2.7204004e-1 2.71184021e-1 1.20765007e-1 1.20765007e-1
3.0592004e-1 2.71184021e-1 1.50885799e-1 1.50885799e-1
3.3980005e-1 2.71184021e-1 1.8363112e-1 1.8363112e-1
3.7368005e-1 2.71184021e-1 2.1869925e-1 2.1869925e-1
4.0756006e-1 2.71184021e-1 2.5575754e-1 2.5575754e-1
4.4144006e-1 2.71184021e-1 2.944414e-1 2.944414e-1
4.7532007e-1 2.71184021e-1 3.3435434e-1 3.3435434e-1
5.0920007e-1 2.71184021e-1 3.7506885e-1 3.7506885e-1
5.4308008e-1 2.71184021e-1 4.1612555e-1 4.1612555e-1
5.7696008e-1 2.71184021e-1 4.5703296e-1 4.5703296e-1
6.1084009e-1 2.71184021e-1 4.9726852e-1 4.9726852e-1
6.447201e-1 2.71184021e-1 5.3627869e-1 5.3627869e-1
6.786001e-1 2.71184021e-1 5.734761e-1 5.734761e-1
7.124801e-1 2.71184021e-1 6.0824426e-1 6.0824426e-1
7.463601e-1 2.71184021e-1 6.399341e-1 6.399341e-1
7.8024011e-1 2.71184021e-1 6.6786401e-1 6.6786401e-1
8.1412012e-1 2.71184021e-1 6.9132149e-1 6.9132149e-1
8.4800012e-1 2.71184021e-1 7.0956358e-1 7.0956358e-1
8.8188013e-1 2.71184021e-1 7.21813893e-1 7.21813893e-1
9.1576013e-1 2.71184021e-1 7.27265254e-1 7.27265254e-1
9.4964014e-1 2.71184021e-1 7.2507876e-1 7.2507876e-1
9.8352014e-1 2.71184021e-1 7.1438389e-1 7.1438389e-1
1.0174e0 2.71184021e-1 6.9427916e-1 6.9427916e-1
1.05128e0 2.71184021e-1 6.6382907e-1 6.6382907e-1
1.08516e0 2.71184021e-1 6.220704e-1 6.220704e-1
1.11904e0 2.71184021e-1 5.6800351e-1 5.6800351e-1
1.15292e0 2.71184021e-1 5.0060165e-1 5.0060165e-1
1.1868001e0 2.71184021e-1 4.188066e-1 4.188066e-1
1.2206801e0 2.71184021e-1 3.2151982e-1 3.2151982e-1
1.2545601e0 2.71184021e-1 2.0762253e-1 2.0762253e-1
1.2884401e0 2.71184021e-1 7.5964932e-2 7.5964932e-2
1.3223201e0 2.71184021e-1 -7.4654124e-2 -7.4654124e-2
1.3562001e0 2.71184021e-1 -2.4543478e-1 -2.4543478e-1
1.3900801e0 2.71184021e-1 -4.3764384e-1 -4.3764384e-1
1.4239601e0 2.71184021e-1 -6.5254712e-1 -6.5254712e-1
1.4578401e0 2.71184021e-1 -8.914789e-1 -8.914789e-1
1.4917201e0 2.71184021e-1 -1.15577046e0 -1.15577046e0
1.5256001e0 2.71184021e-1 -1.4467843e0 -1.4467843e0
1.5594801e0 2.71184021e-1 -1.76596376e0 -1.76596376e0
1.5933601e0 2.71184021e-1 -2.11470657e0 -2.11470657e0
1.6272401e0 2.71184021e-1 -2.49452344e0 -2.49452344e0
1.6611201e0 2.71184021e-1 -2.9069041e0 -2.9069041e0
1.6950002e0 2.71184021e-1 -3.3533575e0 -3.3533575e0
1.7288802e0 2.71184021e-1 -3.8354927e0 -3.8354927e0
1.7627602e0 2.71184021e-1 -4.3548836e0 -4.3548836e0
1.7966402e0 2.71184021e-1 -4.9131445e0 -4.9131445e0
1.8305202e0 2.71184021e-1 -5.5119719e0 -5.5119719e0
1.8644002e0 2.71184021e-1 -6.1530133e0 -6.1530133e0
1.8982802e0 2.71184021e-1 -6.8380562e0 -6.8380562e0
1.9321602e0 2.71184021e-1 -7.5688174e0 -7.5688174e0
1.9660402e0 2.71184021e-1 -8.3470569e0 -8.3470569e0
1.9999202e0 2.71184021e-1 -9.1746564e0 -9.1746564e0

1.0e-3 3.38980026e-1 1.5403702e-6 1.5403702e-6
3.4880005e-2 3.38980026e-1 1.8725583e-3 1.8725583e-3
6.876001e-2 3.38980026e-1 7.2604262e-3 7.2604262e-3
1.0264001e-1 3.38980026e-1 1.6116798e-2 1.6116798e-2
1.3652002e-1 3.38980026e-1 2.8361644e-2 2.8361644e-2
1.7040002e-1 3.38980026e-1 4.3883392e-2 4.3883392e-2
2.0428003e-1 3.38980026e-1 6.2538785e-2 6.2538785e-2
2.3816003e-1 3.38980026e-1 8.415298e-2 8.415298e-2
2.7204004e-1 3.38980026e-1 1.08519537e-1 1.08519537e-1
3.0592004e-1 3.38980026e-1 1.35400284e-1 1.35400284e-1
3.3980005e-1 3.38980026e-1 1.645257e-1 1.645257e-1
3.7368005e-1 3.38980026e-1 1.9559406e-1 1.9559406e-1
4.0756006e-1 3.38980026e-1 2.2827272e-1 2.2827272e-1
4.4144006e-1 3.38980026e-1 2.6219708e-1 2.6219708e-1
4.7532007e-1 3.38980026e-1 2.9697066e-1 2.9697066e-1
5.0920007e-1 3.38980026e-1 3.3216594e-1 3.3216594e-1
5.4308008e-1 3.38980026e-1 3.6732356e-1 3.6732356e-1
5.7696008e-1 3.38980026e-1 4.0195204e-1 4.0195204e-1
6.1084009e-1 3.38980026e-1 4.3552878e-1 4.3552878e-1
6.447201e-1 3.38980026e-1 4.6750029e-1 4.6750029e-1
6.786001e-1 3.38980026e-1 4.9727916e-1 4.9727916e-1
7.124801e-1 3.38980026e-1 5.2424893e-1 5.2424893e-1
7.463601e-1 3.38980026e-1 5.47760178e-1 5.47760178e-1
7.8024011e-1 3.38980026e-1 5.67131949e-1 5.67131949e-1
8.1412012e-1 3.38980026e-1 5.8165191e-1 5.8165191e-1
8.4800012e-1 3.38980026e-1 5.90576044e-1 5.90576044e-1
8.8188013e-1 3.38980026e-1 5.93128642e-1 5.93128642e-1
9.1576013e-1 3.38980026e-1 5.88502429e-1 5.88502429e-1
9.4964014e-1 3.38980026e-1 5.75858502e-1 5.75858502e-1
9.8352014e-1 3.38980026e-1 5.54326343e-1 5.54326343e-1
1.0174e0 3.38980026e-1 5.2300478e-1 5.2300478e-1
1.05128e0 3.38980026e-1 4.8095744e-1 4.8095744e-1
1.08516e0 3.38980026e-1 4.2722206e-1 4.2722206e-1
1.11904e0 3.38980026e-1 3.6079822e-1 3.6079822e-1
1.15292e0 3.38980026e-1 2.8065967e-1 2.8065967e-1
1.1868001e0 3.38980026e-1 1.8574844e-1 1.8574844e-1
1.2206801e0 3.38980026e-1 7.4965073e-2 7.4965073e-2
1.2545601e0 3.38980026e-1 -5.2808594e-2 -5.2808594e-2
1.2884401e0 3.38980026e-1 -1.9872186e-1 -1.9872186e-1
1.3223201e0 3.38980026e-1 -3.6397726e-1 -3.6397726e-1
1.3562001e0 3.38980026e-1 -5.4977325e-1 -5.4977325e-1
1.3900801e0 3.38980026e-1 -7.5737814e-1 -7.5737814e-1
1.4239601e0 3.38980026e-1 -9.8805646e-1 -9.8805646e-1
1.4578401e0 3.38980026e-1 -1.24314404e0 -1.24314404e0
1.4917201e0 3.38980026e-1 -1.52397112e0 -1.52397112e0
1.5256001e0 3.38980026e-1 -1.83189946e0 -1.83189946e0
1.5594801e0 3.38980026e-1 -2.1683744e0 -2.1683744e0
1.5933601e0 3.38980026e-1 -2.53479143e0 -2.53479143e0
1.6272401e0 3.38980026e-1 -2.932664e0 -2.932664e0
1.6611201e0 3.38980026e-1 -3.3634789e0 -3.3634789e0
1.6950002e0 3.38980026e-1 -3.8287463e0 -3.8287463e0
1.7288802e0 3.38980026e-1 -4.3300761e0 -4.3300761e0
1.7627602e0 3.38980026e-1 -4.8690413e0 -4.8690413e0
1.7966402e0 3.38980026e-1 -5.4472559e0 -5.4472559e0
1.8305202e0 3.38980026e-1 -6.0664174e0 -6.0664174e0
1.8644002e0 3.38980026e-1 -6.7281718e0 -6.7281718e0
1.8982802e0 3.38980026e-1 -7.4343088e0 -7.4343088e0
1.9321602e0 3.38980026e-1 -8.1865439e0 -8.1865439e0
1.9660402e0 3.38980026e-1 -8.986636e0 -8.986636e0
1.9999202e0 3.38980026e-1 -9.8364691e0 -9.8364691e0

1.0e-3 4.06776031e-1 1.3381332e-6 1.3381332e-6
3.4880005e-2 4.06776031e-1 1.6265137e-3 1.6265137e-3
6.876001e-2 4.06776031e-1 6.3042622e-3 6.3042622e-3
1.0264001e-1 4.06776031e-1 1.3986235e-2 1.3986235e-2
1.3652002e-1 4.06776031e-1 2.4592407e-2 2.4592407e-2
1.7040002e-1 4.06776031e-1 3.8011201e-2 3.8011201e-2
2.0428003e-1 4.06776031e-1 5.4099367e-2 5.4099367e-2
2.3816003e-1 4.06776031e-1 7.2682054e-2 7.2682054e-2
2.7204004e-1 4.06776031e-1 9.3552829e-2 9.3552829e-2
3.0592004e-1 4.06776031e-1 1.16473514e-1 1.16473514e-1
3.3980005e-1 4.06776031e-1 1.4117458e-1 1.4117458e-1
3.7368005e-1 4.06776031e-1 1.6735432e-1 1.6735432e-1
4.0756006e-1 4.06776031e-1 1.9468011e-1 1.9468011e-1
4.4144006e-1 4.06776031e-1 2.227873e-1 2.227873e-1
4.7532007e-1 4.06776031e-1 2.5127942e-1 2.5127942e-1
5.0920007e-1 4.06776031e-1 2.7972897e-1 2.7972897e-1
5.4308008e-1 4.06776031e-1 3.076766e-1 3.076766e-1
5.7696008e-1 4.06776031e-1 3.3463081e-1 3.3463081e-1
6.1084009e-1 4.06776031e-1 3.60069264e-1 3.60069264e-1
6.447201e-1 4.06776031e-1 3.83437411e-1 3.83437411e-1
6.786001e-1 4.06776031e-1 4.04149495e-1 4.04149495e-1
7.124801e-1 4.06776031e-1 4.21587875e-1 4.21587875e-1
7.463601e-1 4.06776031e-1 4.35103378e-1 4.35103378e-1
7.8024011e-1 4.06776031e-1 4.44015213e-1 4.44015213e-1
8.1412012e-1 4.06776031e-1 4.47610968e-1 4.47610968e-1
8.4800012e-1 4.06776031e-1 4.4514659e-1 4.4514659e-1
8.8188013e-1 4.06776031e-1 4.35846407e-1 4.35846407e-1
9.1576013e-1 4.06776031e-1 4.18903137e-1 4.18903137e-1
9.4964014e-1 4.06776031e-1 3.93477882e-1 3.93477882e-1
9.8352014e-1 4.06776031e-1 3.58700122e-1 3.58700122e-1
1.0174e0 4.06776031e-1 3.1366905e-1 3.1366905e-1
1.05128e0 4.06776031e-1 2.574473e-1 2.574473e-1
1.08516e0 4.06776031e-1 1.8907368e-1 1.8907368e-1
1.11904e0 4.06776031e-1 1.07546848e-1 1.07546848e-1
1.15292e0 4.06776031e-1 1.18411902e-2 1.18411902e-2
1.1868001e0 4.06776031e-1 -9.9100797e-2 -9.9100797e-2
1.2206801e0 4.06776031e-1 -2.2638022e-1 -2.2638022e-1
1.2545601e0 4.06776031e-1 -3.7111395e-1 -3.7111395e-1
1.2884401e0 4.06776031e-1 -5.3445073e-1 -5.3445073e-1
1.3223201e0 4.06776031e-1 -7.1759505e-1 -7.1759505e-1
1.3562001e0 4.06776031e-1 -9.2174315e-1 -9.2174315e-1
1.3900801e0 4.06776031e-1 -1.14816516e0 -1.14816516e0
1.4239601e0 4.06776031e-1 -1.39812413e0 -1.39812413e0
1.4578401e0 4.06776031e-1 -1.67295772e0 -1.67295772e0
1.4917201e0 4.06776031e-1 -1.9739949e0 -1.9739949e0
1.5256001e0 4.06776031e-1 -2.30259656e0 -2.30259656e0
1.5594801e0 4.06776031e-1 -2.6602112e0 -2.6602112e0
1.5933601e0 4.06776031e-1 -3.04823e0 -3.04823e0
1.6272401e0 4.06776031e-1 -3.4681691e0 -3.4681691e0
1.6611201e0 4.06776031e-1 -3.9215157e0 -3.9215157e0
1.6950002e0 4.06776031e-1 -4.4097778e0 -4.4097778e0
1.7288802e0 4.06776031e-1 -4.9345679e0 -4.9345679e0
1.7627602e0 4.06776031e-1 -5.4974573e0 -5.4974573e0
1.7966402e0 4.06776031e-1 -6.1000597e0 -6.1000597e0
1.8305202e0 4.06776031e-1 -6.7440741e0 -6.7440741e0
1.8644002e0 4.06776031e-1 -7.4311446e0 -7.4311446e0
1.8982802e0 4.06776031e-1 -8.1630632e0 -8.1630632e0
1.9321602e0 4.06776031e-1 -8.9415442e0 -8.9415442e0
1.9660402e0 4.06776031e-1 -9.7683453e0 -9.7683453e0
1.9999202e0 4.06776031e-1 -1.06453526e1 -1.06453526e1

1.0e-3 4.74572037e-1 1.0991257e-6 1.0991257e-6
3.4880005e-2 4.74572037e-1 1.3357335e-3 1.3357335e-3
6.876001e-2 4.74572037e-1 5.1742491e-3 5.1742491e-3
1.0264001e-1 4.74572037e-1 1.1468292e-2 1.1468292e-2
1.3652002e-1 4.74572037e-1 2.013785e-2 2.013785e-2
1.7040002e-1 4.74572037e-1 3.1071332e-2 3.1071332e-2
2.0428003e-1 4.74572037e-1 4.4125497e-2 4.4125497e-2
2.3816003e-1 4.74572037e-1 5.912549e-2 5.912549e-2
2.7204004e-1 4.74572037e-1 7.5864879e-2 7.5864879e-2
3.0592004e-1 4.74572037e-1 9.4105486e-2 9.4105486e-2
3.3980005e-1 4.74572037e-1 1.13577695e-1 1.13577695e-1
3.7368005e-1 4.74572037e-1 1.33980031e-1 1.33980031e-1
4.0756006e-1 4.74572037e-1 1.54979597e-1 1.54979597e-1
4.4144006e-1 4.74572037e-1 1.76211925e-1 1.76211925e-1
4.7532007e-1 4.74572037e-1 1.97280687e-1 1.97280687e-1
5.0920007e-1 4.74572037e-1 2.17758063e-1 2.17758063e-1
5.4308008e-1 4.74572037e-1 2.37184607e-1 2.37184607e-1
5.7696008e-1 4.74572037e-1 2.55069258e-1 2.55069258e-1
6.1084009e-1 4.74572037e-1 2.70889383e-1 2.70889383e-1
6.447201e-1 4.74572037e-1 2.84090555e-1 2.84090555e-1
6.786001e-1 4.74572037e-1 2.9408694e-1 2.9408694e-1
7.124801e-1 4.74572037e-1 3.00260936e-1 3.00260936e-1
7.463601e-1 4.74572037e-1 3.0196337e-1 3.0196337e-1
7.8024011e-1 4.74572037e-1 2.98513448e-1 2.98513448e-1
8.1412012e-1 4.74572037e-1 2.8919876e-1 2.8919876e-1
8.4800012e-1 4.74572037e-1 2.73275218e-1 2.73275218e-1
8.8188013e-1 4.74572037e-1 2.49967183e-1 2.49967183e-1
9.1576013e-1 4.74572037e-1 2.18467377e-1 2.18467377e-1
9.4964014e-1 4.74572037e-1 1.77936899e-1 1.77936899e-1
9.8352014e-1 4.74572037e-1 1.2750523e-1 1.2750523e-1
1.0174e0 4.74572037e-1 6.6272023e-2 6.6272023e-2
1.05128e0 4.74572037e-1 -6.7013379e-3 -6.7013379e-3
1.08516e0 4.74572037e-1 -9.2374718e-2 -9.2374718e-2
1.11904e0 4.74572037e-1 -1.9175049e-1 -1.9175049e-1
1.15292e0 4.74572037e-1 -3.058536e-1 -3.058536e-1
1.1868001e0 4.74572037e-1 -4.3574135e-1 -4.3574135e-1
1.2206801e0 4.74572037e-1 -5.8251595e-1 -5.8251595e-1
1.2545601e0 4.74572037e-1 -7.472934e-1 -7.472934e-1
1.2884401e0 4.74572037e-1 -9.3122166e-1 -9.3122166e-1
1.3223201e0 4.74572037e-1 -1.13550746e0 -1.13550746e0
1.3562001e0 4.74572037e-1 -1.36134442e0 -1.36134442e0
1.3900801e0 4.74572037e-1 -1.61000491e0 -1.61000491e0
1.4239601e0 4.74572037e-1 -1.88275012e0 -1.88275012e0
1.4578401e0 4.74572037e-1 -2.1809206e0 -2.1809206e0
1.4917201e0 4.74572037e-1 -2.5058424e0 -2.5058424e0
1.5256001e0 4.74572037e-1 -2.8588762e0 -2.8588762e0
1.5594801e0 4.74572037e-1 -3.2414726e0 -3.2414726e0
1.5933601e0 4.74572037e-1 -3.655021e0 -3.655021e0
1.6272401e0 4.74572037e-1 -4.1010396e0 -4.1010396e0
1.6611201e0 4.74572037e-1 -4.5810144e0 -4.5810144e0
1.6950002e0 4.74572037e-1 -5.0964523e0 -5.0964523e0
1.7288802e0 4.74572037e-1 -5.648968e0 -5.648968e0
1.7627602e0 4.74572037e-1 -6.2401317e0 -6.2401317e0
1.7966402e0 4.74572037e-1 -6.8715561e0 -6.8715561e0
1.8305202e0 4.74572037e-1 -7.544942e0 -7.544942e0
1.8644002e0 4.74572037e-1 -8.2619315e0 -8.2619315e0
1.8982802e0 4.74572037e-1 -9.0243193e0 -9.0243193e0
1.9321602e0 4.74572037e-1 -9.8338182e0 -9.8338182e0
1.9660402e0 4.74572037e-1 -1.06921846e1 -1.06921846e1
1.9999202e0 4.74572037e-1 -1.1601307e1 -1.1601307e1

1.0e-3 5.42368042e-1 8.2334686e-7 8.2334686e-7
3.4880005e-2 5.42368042e-1 1.00021738e-3 1.00021738e-3
6.876001e-2 5.42368042e-1 3.87038454e-3 3.87038454e-3
1.0264001e-1 5.42368042e-1 8.5629733e-3 8.5629733e-3
1.3652002e-1 5.42368042e-1 1.49979659e-2 1.49979659e-2
1.7040002e-1 5.42368042e-1 2.30637877e-2 2.30637877e-2
2.0428003e-1 5.42368042e-1 3.26171663e-2 3.26171663e-2
2.3816003e-1 5.42368042e-1 4.3483297e-2 4.3483297e-2
2.7204004e-1 5.42368042e-1 5.54556673e-2 5.54556673e-2
3.0592004e-1 5.42368042e-1 6.82962006e-2 6.82962006e-2
3.3980005e-1 5.42368042e-1 8.1735194e-2 8.1735194e-2
3.7368005e-1 5.42368042e-1 9.5471234e-2 9.5471234e-2
4.0756006e-1 5.42368042e-1 1.09171407e-1 1.09171407e-1
4.4144006e-1 5.42368042e-1 1.22471198e-1 1.22471198e-1
4.7532007e-1 5.42368042e-1 1.34974323e-1 1.34974323e-1
5.0920007e-1 5.42368042e-1 1.46252962e-1 1.46252962e-1
5.4308008e-1 5.42368042e-1 1.55847672e-1 1.55847672e-1
5.7696008e-1 5.42368042e-1 1.63267386e-1 1.63267386e-1
6.1084009e-1 5.42368042e-1 1.67989432e-1 1.67989432e-1
6.447201e-1 5.42368042e-1 1.69459468e-1 1.69459468e-1
6.786001e-1 5.42368042e-1 1.67091577e-1 1.67091577e-1
7.124801e-1 5.42368042e-1 1.60268195e-1 1.60268195e-1
7.463601e-1 5.42368042e-1 1.4834015e-1 1.4834015e-1
7.8024011e-1 5.42368042e-1 1.30626653e-1 1.30626653e-1
8.1412012e-1 5.42368042e-1 1.06415288e-1 1.06415288e-1
8.4800012e-1 5.42368042e-1 7.4961928e-2 7.4961928e-2
8.8188013e-1 5.42368042e-1 3.5490915e-2 3.5490915e-2
9.1576013e-1 5.42368042e-1 -1.28048373e-2 -1.28048373e-2
9.4964014e-1 5.42368042e-1 -7.07644594e-2 -7.07644594e-2
9.8352014e-1 5.42368042e-1 -1.39258331e-1 -1.39258331e-1
1.0174e0 5.42368042e-1 -2.1918636e-1 -2.1918636e-1
1.05128e0 5.42368042e-1 -3.1148853e-1 -3.1148853e-1
1.08516e0 5.42368042e-1 -4.1712315e-1 -4.1712315e-1
1.11904e0 5.42368042e-1 -5.3709412e-1 -5.3709412e-1
1.15292e0 5.42368042e-1 -6.7242514e-1 -6.7242514e-1
1.1868001e0 5.42368042e-1 -8.2417302e-1 -8.2417302e-1
1.2206801e0 5.42368042e-1 -9.9344212e-1 -9.9344212e-1
1.2545601e0 5.42368042e-1 -1.18134697e0 -1.18134697e0
1.2884401e0 5.42368042e-1 -1.38903468e0 -1.38903468e0
1.3223201e0 5.42368042e-1 -1.6177145e0 -1.6177145e0
1.3562001e0 5.42368042e-1 -1.8685776e0 -1.8685776e0
1.3900801e0 5.42368042e-1 -2.142898e0 -2.142898e0
1.4239601e0 5.42368042e-1 -2.441935e0 -2.441935e0
1.4578401e0 5.42368042e-1 -2.7670313e0 -2.7670313e0
1.4917201e0 5.42368042e-1 -3.1195125e0 -3.1195125e0
1.5256001e0 5.42368042e-1 -3.5007372e0 -3.5007372e0
1.5594801e0 5.42368042e-1 -3.9121596e0 -3.9121596e0
1.5933601e0 5.42368042e-1 -4.3551651e0 -4.3551651e0
1.6272401e0 5.42368042e-1 -4.8312752e0 -4.8312752e0
1.6611201e0 5.42368042e-1 -5.3419751e0 -5.3419751e0
1.6950002e0 5.42368042e-1 -5.8887697e0 -5.8887697e0
1.7288802e0 5.42368042e-1 -6.4732765e0 -6.4732765e0
1.7627602e0 5.42368042e-1 -7.0970644e0 -7.0970644e0
1.7966402e0 5.42368042e-1 -7.7617448e0 -7.7617448e0
1.8305202e0 5.42368042e-1 -8.4690211e0 -8.4690211e0
1.8644002e0 5.42368042e-1 -9.2205325e0 -9.2205325e0
1.8982802e0 5.42368042e-1 -1.00180774e1 -1.00180774e1
1.9321602e0 5.42368042e-1 -1.0863366e1 -1.0863366e1
1.9660402e0 5.42368042e-1 -1.17581538e1 -1.17581538e1
1.9999202e0 5.42368042e-1 -1.27043324e1 -1.27043324e1

1.0e-3 6.10164047e-1 5.1079865e-7 5.1079865e-7
3.4880005e-2 6.10164047e-1 6.1996643e-4 6.1996643e-4
6.876001e-2 6.10164047e-1 2.39267569e-3 2.39267569e-3
1.0264001e-1 6.10164047e-1 5.2702815e-3 5.2702815e-3
1.3652002e-1 6.10164047e-1 9.1727779e-3 9.1727779e-3
1.7040002e-1 6.10164047e-1 1.39885771e-2 1.39885771e-2
2.0428003e-1 6.10164047e-1 1.95744208e-2 1.95744208e-2
2.3816003e-1 6.10164047e-1 2.57554901e-2 2.57554901e-2
2.7204004e-1 6.10164047e-1 3.23252821e-2 3.23252821e-2
3.0592004e-1 6.10164047e-1 3.90457153e-2 3.90457153e-2
3.3980005e-1 6.10164047e-1 4.5647073e-2 4.5647073e-2
3.7368005e-1 6.10164047e-1 5.1827989e-2 5.1827989e-2
4.0756006e-1 6.10164047e-1 5.7255524e-2 5.7255524e-2
4.4144006e-1 6.10164047e-1 6.1565118e-2 6.1565118e-2
4.7532007e-1 6.10164047e-1 6.4360536e-2 6.4360536e-2
5.0920007e-1 6.10164047e-1 6.5213954e-2 6.5213954e-2
5.4308008e-1 6.10164047e-1 6.3665929e-2 6.3665929e-2
5.7696008e-1 6.10164047e-1 5.9225398e-2 5.9225398e-2
6.1084009e-1 6.10164047e-1 5.136964e-2 5.136964e-2
6.447201e-1 6.10164047e-1 3.95444075e-2 3.95444075e-2
6.786001e-1 6.10164047e-1 2.31637073e-2 2.31637073e-2
7.124801e-1 6.10164047e-1 1.60994208e-3 1.60994208e-3
7.463601e-1 6.10164047e-1 -2.57659526e-2 -2.57659526e-2
7.8024011e-1 6.10164047e-1 -5.96448276e-2 -5.96448276e-2
8.1412012e-1 6.10164047e-1 -1.00739043e-1 -1.00739043e-1
8.4800012e-1 6.10164047e-1 -1.49792842e-1 -1.49792842e-1
8.8188013e-1 6.10164047e-1 -2.07581746e-1 -2.07581746e-1
9.1576013e-1 6.10164047e-1 -2.74913033e-1 -2.74913033e-1
9.4964014e-1 6.10164047e-1 -3.52625603e-1 -3.52625603e-1
9.8352014e-1 6.10164047e-1 -4.41589977e-1 -4.41589977e-1
1.0174e0 6.10164047e-1 -5.4270543e-1 -5.4270543e-1
1.05128e0 6.10164047e-1 -6.5691354e-1 -6.5691354e-1
1.08516e0 6.10164047e-1 -7.851709e-1 -7.851709e-1
1.11904e0 6.10164047e-1 -9.2848283e-1 -9.2848283e-1
1.15292e0 6.10164047e-1 -1.08787209e0 -1.08787209e0
1.1868001e0 6.10164047e-1 -1.26439502e0 -1.26439502e0
1.2206801e0 6.10164047e-1 -1.45915785e0 -1.45915785e0
1.2545601e0 6.10164047e-1 -1.6732727e0 -1.6732727e0
1.2884401e0 6.10164047e-1 -1.9078877e0 -1.9078877e0
1.3223201e0 6.10164047e-1 -2.164214e0 -2.164214e0
1.3562001e0 6.10164047e-1 -2.4434389e0 -2.4434389e0
1.3900801e0 6.10164047e-1 -2.7468431e0 -2.7468431e0
1.4239601e0 6.10164047e-1 -3.0756746e0 -3.0756746e0
1.4578401e0 6.10164047e-1 -3.4312872e0 -3.4312872e0
1.4917201e0 6.10164047e-1 -3.8150023e0 -3.8150023e0
1.5256001e0 6.10164047e-1 -4.2281766e0 -4.2281766e0
1.5594801e0 6.10164047e-1 -4.672268e0 -4.672268e0
1.5933601e0 6.10164047e-1 -5.1486583e0 -5.1486583e0
1.6272401e0 6.10164047e-1 -5.6588722e0 -5.6588722e0
1.6611201e0 6.10164047e-1 -6.2043936e0 -6.2043936e0
1.6950002e0 6.10164047e-1 -6.7867256e0 -6.7867256e0
1.7288802e0 6.10164047e-1 -7.407489e0 -7.407489e0
1.7627602e0 6.10164047e-1 -8.0682507e0 -8.0682507e0
1.7966402e0 6.10164047e-1 -8.7706213e0 -8.7706213e0
1.8305202e0 6.10164047e-1 -9.5163065e0 -9.5163065e0
1.8644002e0 6.10164047e-1 -1.03069426e1 -1.03069426e1
1.8982802e0 6.10164047e-1 -1.11443317e1 -1.11443317e1
1.9321602e0 6.10164047e-1 -1.20301819e1 -1.20301819e1
1.9660402e0 6.10164047e-1 -1.29662471e1 -1.29662471e1
1.9999202e0 6.10164047e-1 -1.39544225e1 -1.39544225e1

1.0e-3 6.7796005e-1 1.614798e-7 1.614798e-7
3.4880005e-2 6.7796005e-1 1.9497978e-4 1.9497978e-4
6.876001e-2 6.7796005e-1 7.4111754e-4 7.4111754e-4
1.0264001e-1 6.7796005e-1 1.5902115e-3 1.5902115e-3
1.3652002e-1 6.7796005e-1 2.662269e-3 2.662269e-3
1.7040002e-1 6.7796005e-1 3.8456873e-3 3.8456873e-3
2.0428003e-1 6.7796005e-1 4.9972243e-3 4.9972243e-3
2.3816003e-1 6.7796005e-1 5.9420447e-3 5.9420447e-3
2.7204004e-1 6.7796005e-1 6.47365898e-3 6.47365898e-3
3.0592004e-1 6.7796005e-1 6.35397601e-3 6.35397601e-3
3.3980005e-1 6.7796005e-1 5.3132564e-3 5.3132564e-3
3.7368005e-1 6.7796005e-1 3.0502135e-3 3.0502135e-3
4.0756006e-1 6.7796005e-1 -7.6815338e-4 -7.6815338e-4
4.4144006e-1 6.7796005e-1 -6.5064359e-3 -6.5064359e-3
4.7532007e-1 6.7796005e-1 -1.45608022e-2 -1.45608022e-2
5.0920007e-1 6.7796005e-1 -2.53591165e-2 -2.53591165e-2
5.4308008e-1 6.7796005e-1 -3.9360796e-2 -3.9360796e-2
5.7696008e-1 6.7796005e-1 -5.7056905e-2 -5.7056905e-2
6.1084009e-1 6.7796005e-1 -7.897022e-2 -7.897022e-2
6.447201e-1 6.7796005e-1 -1.05654883e-1 -1.05654883e-1
6.786001e-1 6.7796005e-1 -1.37697014e-1 -1.37697014e-1
7.124801e-1 6.7796005e-1 -1.75714073e-1 -1.75714073e-1
7.463601e-1 6.7796005e-1 -2.2035523e-1 -2.2035523e-1
7.8024011e-1 6.7796005e-1 -2.72301282e-1 -2.72301282e-1
8.1412012e-1 6.7796005e-1 -3.3226464e-1 -3.3226464e-1
8.4800012e-1 6.7796005e-1 -4.0098953e-1 -4.0098953e-1
8.8188013e-1 6.7796005e-1 -4.79251453e-1 -4.79251453e-1
9.1576013e-1 6.7796005e-1 -5.67857684e-1 -5.67857684e-1
9.4964014e-1 6.7796005e-1 -6.67647124e-1 -6.67647124e-1
9.8352014e-1 6.7796005e-1 -7.79490294e-1 -7.79490294e-1
1.0174e0 6.7796005e-1 -9.0428583e-1 -9.0428583e-1
1.05128e0 6.7796005e-1 -1.04297707e0 -1.04297707e0
1.08516e0 6.7796005e-1 -1.1965186e0 -1.1965186e0
1.11904e0 6.7796005e-1 -1.3659174e0 -1.3659174e0
1.15292e0 6.7796005e-1 -1.5521953e0 -1.5521953e0
1.1868001e0 6.7796005e-1 -1.7564081e0 -1.7564081e0
1.2206801e0 6.7796005e-1 -1.979664e0 -1.979664e0
1.2545601e0 6.7796005e-1 -2.2230745e0 -2.2230745e0
1.2884401e0 6.7796005e-1 -2.4877849e0 -2.4877849e0
1.3223201e0 6.7796005e-1 -2.7750102e0 -2.7750102e0
1.3562001e0 6.7796005e-1 -3.0859343e0 -3.0859343e0
1.3900801e0 6.7796005e-1 -3.421838e0 -3.421838e0
1.4239601e0 6.7796005e-1 -3.7839755e0 -3.7839755e0
1.4578401e0 6.7796005e-1 -4.173695e0 -4.173695e0
1.4917201e0 6.7796005e-1 -4.5923186e0 -4.5923186e0
1.5256001e0 6.7796005e-1 -5.0412013e0 -5.0412013e0
1.5594801e0 6.7796005e-1 -5.5218059e0 -5.5218059e0
1.5933601e0 6.7796005e-1 -6.0355084e0 -6.0355084e0
1.6272401e0 6.7796005e-1 -6.5838385e0 -6.5838385e0
1.6611201e0 6.7796005e-1 -7.1682784e0 -7.1682784e0
1.6950002e0 6.7796005e-1 -7.7903288e0 -7.7903288e0
1.7288802e0 6.7796005e-1 -8.4516145e0 -8.4516145e0
1.7627602e0 6.7796005e-1 -9.1537001e0 -9.1537001e0
1.7966402e0 6.7796005e-1 -9.8981952e0 -9.8981952e0
1.8305202e0 6.7796005e-1 -1.0686808e1 -1.0686808e1
1.8644002e0 6.7796005e-1 -1.1521172e1 -1.1521172e1
1.8982802e0 6.7796005e-1 -1.24030933e1 -1.24030933e1
1.9321602e0 6.7796005e-1 -1.33342773e1 -1.33342773e1
1.9660402e0 6.7796005e-1 -1.43164764e1 -1.43164764e1
1.9999202e0 6.7796005e-1 -1.53515894e1 -1.53515894e1

1.0e-3 7.4575606e-1 -2.2460968e-7 -2.2460968e-7
3.4880005e-2 7.4575606e-1 -2.7474257e-4 -2.7474257e-4
6.876001e-2 7.4575606e-1 -1.08428989e-3 -1.08428989e-3
1.0264001e-1 7.4575606e-1 -2.4772365e-3 -2.4772365e-3
1.3652002e-1 7.4575606e-1 -4.5335608e-3 -4.5335608e-3
1.7040002e-1 7.4575606e-1 -7.3648814e-3 -7.3648814e-3
2.0428003e-1 7.4575606e-1 -1.11144234e-2 -1.11144234e-2
2.3816003e-1 7.4575606e-1 -1.59570392e-2 -1.59570392e-2
2.7204004e-1 7.4575606e-1 -2.20992091e-2 -2.20992091e-2
3.0592004e-1 7.4575606e-1 -2.9779026e-2 -2.9779026e-2
3.3980005e-1 7.4575606e-1 -3.926624e-2 -3.926624e-2
3.7368005e-1 7.4575606e-1 -5.0862105e-2 -5.0862105e-2
4.0756006e-1 7.4575606e-1 -6.4899617e-2 -6.4899617e-2
4.4144006e-1 7.4575606e-1 -8.1743448e-2 -8.1743448e-2
4.7532007e-1 7.4575606e-1 -1.01789722e-1 -1.01789722e-1
5.0920007e-1 7.4575606e-1 -1.25466261e-1 -1.25466261e-1
5.4308008e-1 7.4575606e-1 -1.53232507e-1 -1.53232507e-1
5.7696008e-1 7.4575606e-1 -1.85579526e-1 -1.85579526e-1
6.1084009e-1 7.4575606e-1 -2.23030151e-1 -2.23030151e-1
6.447201e-1 7.4575606e-1 -2.66138403e-1 -2.66138403e-1
6.786001e-1 7.4575606e-1 -3.15490523e-1 -3.15490523e-1
7.124801e-1 7.4575606e-1 -3.7170391e-1 -3.7170391e-1
7.463601e-1 7.4575606e-1 -4.35427737e-1 -4.35427737e-1
7.8024011e-1 7.4575606e-1 -5.07342796e-1 -5.07342796e-1
8.1412012e-1 7.4575606e-1 -5.88161499e-1 -5.88161499e-1
8.4800012e-1 7.4575606e-1 -6.78628137e-1 -6.78628137e-1
8.8188013e-1 7.4575606e-1 -7.7951767e-1 -7.7951767e-1
9.1576013e-1 7.4575606e-1 -8.9163943e-1 -8.9163943e-1
9.4964014e-1 7.4575606e-1 -1.01582886e0 -1.01582886e0
9.8352014e-1 7.4575606e-1 -1.15295898e0 -1.15295898e0
1.0174e0 7.4575606e-1 -1.303928e0 -1.303928e0
1.05128e0 7.4575606e-1 -1.4696797e0 -1.4696797e0
1.08516e0 7.4575606e-1 -1.6511671e0 -1.6511671e0
1.11904e0 7.4575606e-1 -1.849399e0 -1.849399e0
1.15292e0 7.4575606e-1 -2.0653958e0 -2.0653958e0
1.1868001e0 7.4575606e-1 -2.3002133e0 -2.3002133e0
1.2206801e0 7.4575606e-1 -2.5549615e0 -2.5549615e0
1.2545601e0 7.4575606e-1 -2.8307504e0 -2.8307504e0
1.2884401e0 7.4575606e-1 -3.128724e0 -3.128724e0
1.3223201e0 7.4575606e-1 -3.4501012e0 -3.4501012e0
1.3562001e0 7.4575606e-1 -3.7960612e0 -3.7960612e0
1.3900801e0 7.4575606e-1 -4.1678886e0 -4.1678886e0
1.4239601e0 7.4575606e-1 -4.5668317e0 -4.5668317e0
1.4578401e0 7.4575606e-1 -4.9942514e0 -4.9942514e0
1.4917201e0 7.4575606e-1 -5.4514545e0 -5.4514545e0
1.5256001e0 7.4575606e-1 -5.9398045e0 -5.9398045e0
1.5594801e0 7.4575606e-1 -6.4607689e0 -6.4607689e0
1.5933601e0 7.4575606e-1 -7.0157115e0 -7.0157115e0
1.6272401e0 7.4575606e-1 -7.6061702e0 -7.6061702e0
1.6611201e0 7.4575606e-1 -8.233625e0 -8.233625e0
1.6950002e0 7.4575606e-1 -8.8995749e0 -8.8995749e0
1.7288802e0 7.4575606e-1 -9.6056483e0 -9.6056483e0
1.7627602e0 7.4575606e-1 -1.03534077e1 -1.03534077e1
1.7966402e0 7.4575606e-1 -1.11444615e1 -1.11444615e1
1.8305202e0 7.4575606e-1 -1.1980521e1 -1.1980521e1
1.8644002e0 7.4575606e-1 -1.28632156e1 -1.28632156e1
1.8982802e0 7.4575606e-1 -1.37943567e1 -1.37943567e1
1.9321602e0 7.4575606e-1 -1.47756465e1 -1.47756465e1
1.9660402e0 7.4575606e-1 -1.58088358e1 -1.58088358e1
1.9999202e0 7.4575606e-1 -1.68958272e1 -1.68958272e1

1.0e-3 8.1355206e-1 -6.4746918e-7 -6.4746918e-7
3.4880005e-2 8.1355206e-1 -7.8919989e-4 -7.8919989e-4
6.876001e-2 8.1355206e-1 -3.08354373e-3 -3.08354373e-3
1.0264001e-1 8.1355206e-1 -6.9320564e-3 -6.9320564e-3
1.3652002e-1 8.1355206e-1 -1.24147002e-2 -1.24147002e-2
1.7040002e-1 8.1355206e-1 -1.96431117e-2 -1.96431117e-2
2.0428003e-1 8.1355206e-1 -2.87604968e-2 -2.87604968e-2
2.3816003e-1 8.1355206e-1 -3.99417271e-2 -3.99417271e-2
2.7204004e-1 8.1355206e-1 -5.33932703e-2 -5.33932703e-2
3.0592004e-1 8.1355206e-1 -6.93532254e-2 -6.93532254e-2
3.3980005e-1 8.1355206e-1 -8.8091362e-2 -8.8091362e-2
3.7368005e-1 8.1355206e-1 -1.09908868e-1 -1.09908868e-1
4.0756006e-1 8.1355206e-1 -1.35138776e-1 -1.35138776e-1
4.4144006e-1 8.1355206e-1 -1.64145818e-1 -1.64145818e-1
4.7532007e-1 8.1355206e-1 -1.97326056e-1 -1.97326056e-1
5.0920007e-1 8.1355206e-1 -2.35107309e-1 -2.35107309e-1
5.4308008e-1 8.1355206e-1 -2.77949023e-1 -2.77949023e-1
5.7696008e-1 8.1355206e-1 -3.26342262e-1 -3.26342262e-1
6.1084009e-1 8.1355206e-1 -3.8080963e-1 -3.8080963e-1
6.447201e-1 8.1355206e-1 -4.4190564e-1 -4.4190564e-1
6.786001e-1 8.1355206e-1 -5.1021663e-1 -5.1021663e-1
7.124801e-1 8.1355206e-1 -5.8635931e-1 -5.8635931e-1
7.463601e-1 8.1355206e-1 -6.7098276e-1 -6.7098276e-1
7.8024011e-1 8.1355206e-1 -7.6476859e-1 -7.6476859e-1
8.1412012e-1 8.1355206e-1 -8.6842932e-1 -8.6842932e-1
8.4800012e-1 8.1355206e-1 -9.8270822e-1 -9.8270822e-1
8.8188013e-1 8.1355206e-1 -1.10838182e0 -1.10838182e0
9.1576013e-1 8.1355206e-1 -1.24625626e0 -1.24625626e0
9.4964014e-1 8.1355206e-1 -1.39717029e0 -1.39717029e0
9.8352014e-1 8.1355206e-1 -1.56199576e0 -1.56199576e0
1.0174e0 8.1355206e-1 -1.7416302e0 -1.7416302e0
1.05128e0 8.1355206e-1 -1.9370192e0 -1.9370192e0
1.08516e0 8.1355206e-1 -2.1491139e0 -2.1491139e0
1.11904e0 8.1355206e-1 -2.3789246e0 -2.3789246e0
1.15292e0 8.1355206e-1 -2.627471e0 -2.627471e0
1.1868001e0 8.1355206e-1 -2.8958075e0 -2.8958075e0
1.2206801e0 8.1355206e-1 -3.1850473e0 -3.1850473e0
1.2545601e0 8.1355206e-1 -3.4962982e0 -3.4962982e0
1.2884401e0 8.1355206e-1 -3.8307028e0 -3.8307028e0
1.3223201e0 8.1355206e-1 -4.189484e0 -4.189484e0
1.3562001e0 8.1355206e-1 -4.5738167e0 -4.5738167e0
1.3900801e0 8.1355206e-1 -4.9849892e0 -4.9849892e0
1.4239601e0 8.1355206e-1 -5.4242493e0 -5.4242493e0
1.4578401e0 8.1355206e-1 -5.8929529e0 -5.8929529e0
1.4917201e0 8.1355206e-1 -6.392417e0 -6.392417e0
1.5256001e0 8.1355206e-1 -6.9239932e0 -6.9239932e0
1.5594801e0 8.1355206e-1 -7.4891537e0 -7.4891537e0
1.5933601e0 8.1355206e-1 -8.0892639e0 -8.0892639e0
1.6272401e0 8.1355206e-1 -8.725863e0 -8.725863e0
1.6611201e0 8.1355206e-1 -9.4004295e0 -9.4004295e0
1.6950002e0 8.1355206e-1 -1.01144595e1 -1.01144595e1
1.7288802e0 8.1355206e-1 -1.0869586e1 -1.0869586e1
1.7627602e0 8.1355206e-1 -1.1667369e1 -1.1667369e1
1.7966402e0 8.1355206e-1 -1.25094154e1 -1.25094154e1
1.8305202e0 8.1355206e-1 -1.33974399e1 -1.33974399e1
1.8644002e0 8.1355206e-1 -1.43330681e1 -1.43330681e1
1.8982802e0 8.1355206e-1 -1.53181163e1 -1.53181163e1
1.9321602e0 8.1355206e-1 -1.63542839e1 -1.63542839e1
1.9660402e0 8.1355206e-1 -1.74433192e1 -1.74433192e1
1.9999202e0 8.1355206e-1 -1.85871297e1 -1.85871297e1

1.0e-3 8.8134807e-1 -1.1070984e-6 -1.1070984e-6
3.4880005e-2 8.8134807e-1 -1.3483923e-3 -1.3483923e-3
6.876001e-2 8.8134807e-1 -5.2566432e-3 -5.2566432e-3
1.0264001e-1 8.8134807e-1 -1.1774251e-2 -1.1774251e-2
1.3652002e-1 8.8134807e-1 -2.0981148e-2 -2.0981148e-2
1.7040002e-1 8.8134807e-1 -3.2989017e-2 -3.2989017e-2
2.0428003e-1 8.8134807e-1 -4.7940996e-2 -4.7940996e-2
2.3816003e-1 8.8134807e-1 -6.6012044e-2 -6.6012044e-2
2.7204004e-1 8.8134807e-1 -8.7408527e-2 -8.7408527e-2
3.0592004e-1 8.8134807e-1 -1.12368652e-1 -1.12368652e-1
3.3980005e-1 8.8134807e-1 -1.4116206e-1 -1.4116206e-1
3.7368005e-1 8.8134807e-1 -1.7409007e-1 -1.7409007e-1
4.0756006e-1 8.8134807e-1 -2.1148555e-1 -2.1148555e-1
4.4144006e-1 8.8134807e-1 -2.5371347e-1 -2.5371347e-1
4.7532007e-1 8.8134807e-1 -3.0116994e-1 -3.0116994e-1
5.0920007e-1 8.8134807e-1 -3.5428246e-1 -3.5428246e-1
5.4308008e-1 8.8134807e-1 -4.1351038e-1 -4.1351038e-1
5.7696008e-1 8.8134807e-1 -4.7934521e-1 -4.7934521e-1
6.1084009e-1 8.8134807e-1 -5.5230936e-1 -5.5230936e-1
6.447201e-1 8.8134807e-1 -6.3295724e-1 -6.3295724e-1
6.786001e-1 8.8134807e-1 -7.2187534e-1 -7.2187534e-1
7.124801e-1 8.8134807e-1 -8.1968028e-1 -8.1968028e-1
7.463601e-1 8.8134807e-1 -9.2702118e-1 -9.2702118e-1
7.8024011e-1 8.8134807e-1 -1.0445796e0 -1.0445796e0
8.1412012e-1 8.8134807e-1 -1.1730681e0 -1.1730681e0
8.4800012e-1 8.8134807e-1 -1.31323e0 -1.31323e0
8.8188013e-1 8.8134807e-1 -1.46584058e0 -1.46584058e0
9.1576013e-1 8.8134807e-1 -1.63170953e0 -1.63170953e0
9.4964014e-1 8.8134807e-1 -1.81167207e0 -1.81167207e0
9.8352014e-1 8.8134807e-1 -2.00660121e0 -2.00660121e0
1.0174e0 8.8134807e-1 -2.2173936e0 -2.2173936e0
1.05128e0 8.8134807e-1 -2.4449973e0 -2.4449973e0
1.08516e0 8.8134807e-1 -2.6903607e0 -2.6903607e0
1.11904e0 8.8134807e-1 -2.9544963e0 -2.9544963e0
1.15292e0 8.8134807e-1 -3.2384225e0 -3.2384225e0
1.1868001e0 8.8134807e-1 -3.5431929e0 -3.5431929e0
1.2206801e0 8.8134807e-1 -3.8699236e0 -3.8699236e0
1.2545601e0 8.8134807e-1 -4.21972e0 -4.21972e0
1.2884401e0 8.8134807e-1 -4.5937238e0 -4.5937238e0
1.3223201e0 8.8134807e-1 -4.9931615e0 -4.9931615e0
1.3562001e0 8.8134807e-1 -5.4192035e0 -5.4192035e0
1.3900801e0 8.8134807e-1 -5.8731422e0 -5.8731422e0
1.4239601e0 8.8134807e-1 -6.356219e0 -6.356219e0
1.4578401e0 8.8134807e-1 -6.869803e0 -6.869803e0
1.4917201e0 8.8134807e-1 -7.4151959e0 -7.4151959e0
1.5256001e0 8.8134807e-1 -7.9937569e0 -7.9937569e0
1.5594801e0 8.8134807e-1 -8.606964e0 -8.606964e0
1.5933601e0 8.8134807e-1 -9.2561693e0 -9.2561693e0
1.6272401e0 8.8134807e-1 -9.9429213e0 -9.9429213e0
1.6611201e0 8.8134807e-1 -1.06686961e1 -1.06686961e1
1.6950002e0 8.8134807e-1 -1.1434987e1 -1.1434987e1
1.7288802e0 8.8134807e-1 -1.22434322e1 -1.22434322e1
1.7627602e0 8.8134807e-1 -1.30955885e1 -1.30955885e1
1.7966402e0 8.8134807e-1 -1.39930618e1 -1.39930618e1
1.8305202e0 8.8134807e-1 -1.493757e1 -1.493757e1
1.8644002e0 8.8134807e-1 -1.59307349e1 -1.59307349e1
1.8982802e0 8.8134807e-1 -1.69743779e1 -1.69743779e1
1.9321602e0 8.8134807e-1 -1.8070195e1 -1.8070195e1
1.9660402e0 8.8134807e-1 -1.92199327e1 -1.92199327e1
1.9999202e0 8.8134807e-1 -2.04255031e1 -2.04255031e1

1.0e-3 9.4914407e-1 -1.6034988e-6 -1.6034988e-6
3.4880005e-2 9.4914407e-1 -1.9523207e-3 -1.9523207e-3
6.876001e-2 9.4914407e-1 -7.6035942e-3 -7.6035942e-3
1.0264001e-1 9.4914407e-1 -1.7003824e-2 -1.7003824e-2
1.3652002e-1 9.4914407e-1 -3.0232924e-2 -3.0232924e-2
1.7040002e-1 9.4914407e-1 -4.7402596e-2 -4.7402596e-2
2.0428003e-1 9.4914407e-1 -6.8655959e-2 -6.8655959e-2
2.3816003e-1 9.4914407e-1 -9.4167992e-2 -9.4167992e-2
2.7204004e-1 9.4914407e-1 -1.24145045e-1 -1.24145045e-1
3.0592004e-1 9.4914407e-1 -1.58825337e-1 -1.58825337e-1
3.3980005e-1 9.4914407e-1 -1.9847853e-1 -1.9847853e-1
3.7368005e-1 9.4914407e-1 -2.4340587e-1 -2.4340587e-1
4.0756006e-1 9.4914407e-1 -2.9394023e-1 -2.9394023e-1
4.4144006e-1 9.4914407e-1 -3.5044672e-1 -3.5044672e-1
4.7532007e-1 9.4914407e-1 -4.1332133e-1 -4.1332133e-1
5.0920007e-1 9.4914407e-1 -4.8299156e-1 -4.8299156e-1
5.4308008e-1 9.4914407e-1 -5.5991678e-1 -5.5991678e-1
5.7696008e-1 9.4914407e-1 -6.4458847e-1 -6.4458847e-1
6.1084009e-1 9.4914407e-1 -7.3752972e-1 -7.3752972e-1
6.447201e-1 9.4914407e-1 -8.3929306e-1 -8.3929306e-1
6.786001e-1 9.4914407e-1 -9.5046684e-1 -9.5046684e-1
7.124801e-1 9.4914407e-1 -1.07166707e0 -1.07166707e0
7.463601e-1 9.4914407e-1 -1.2035428e0 -1.2035428e0
7.8024011e-1 9.4914407e-1 -1.34677565e0 -1.34677565e0
8.1412012e-1 9.4914407e-1 -1.50207814e0 -1.50207814e0
8.4800012e-1 9.4914407e-1 -1.67019371e0 -1.67019371e0
8.8188013e-1 9.4914407e-1 -1.85189871e0 -1.85189871e0
9.1576013e-1 9.4914407e-1 -2.0479993e0 -2.0479993e0
9.4964014e-1 9.4914407e-1 -2.25933421e0 -2.25933421e0
9.8352014e-1 9.4914407e-1 -2.48677533e0 -2.48677533e0
1.0174e0 9.4914407e-1 -2.7312184e0 -2.7312184e0
1.05128e0 9.4914407e-1 -2.9936139e0 -2.9936139e0
1.08516e0 9.4914407e-1 -3.2749075e0 -3.2749075e0
1.11904e0 9.4914407e-1 -3.5761142e0 -3.5761142e0
1.15292e0 9.4914407e-1 -3.8982504e0 -3.8982504e0
1.1868001e0 9.4914407e-1 -4.2423695e0 -4.2423695e0
1.2206801e0 9.4914407e-1 -4.6095901e0 -4.6095901e0
1.2545601e0 9.4914407e-1 -5.001016e0 -5.001016e0
1.2884401e0 9.4914407e-1 -5.4177867e0 -5.4177867e0
1.3223201e0 9.4914407e-1 -5.8611336e0 -5.8611336e0
1.3562001e0 9.4914407e-1 -6.3322218e0 -6.3322218e0
1.3900801e0 9.4914407e-1 -6.8323482e0 -6.8323482e0
1.4239601e0 9.4914407e-1 -7.3627533e0 -7.3627533e0
1.4578401e0 9.4914407e-1 -7.9248018e0 -7.9248018e0
1.4917201e0 9.4914407e-1 -8.5198047e0 -8.5198047e0
1.5256001e0 9.4914407e-1 -9.1491093e0 -9.1491093e0
1.5594801e0 9.4914407e-1 -9.8141997e0 -9.8141997e0
1.5933601e0 9.4914407e-1 -1.05164278e1 -1.05164278e1
1.6272401e0 9.4914407e-1 -1.12573448e1 -1.12573448e1
1.6611201e0 9.4914407e-1 -1.20384245e1 -1.20384245e1
1.6950002e0 9.4914407e-1 -1.28611574e1 -1.28611574e1
1.7288802e0 9.4914407e-1 -1.37271867e1 -1.37271867e1
1.7627602e0 9.4914407e-1 -1.46380664e1 -1.46380664e1
1.7966402e0 9.4914407e-1 -1.55954008e1 -1.55954008e1
1.8305202e0 9.4914407e-1 -1.66009116e1 -1.66009116e1
1.8644002e0 9.4914407e-1 -1.76562157e1 -1.76562157e1
1.8982802e0 9.4914407e-1 -1.87631412e1 -1.87631412e1
1.9321602e0 9.4914407e-1 -1.99233798e1 -1.99233798e1
1.9660402e0 9.4914407e-1 -2.11386761e1 -2.11386761e1
1.9999202e0 9.4914407e-1 -2.24109474e1 -2.24109474e1

1.0e-3 1.01694008e0 -2.1366714e-6 -2.1366714e-6
3.4880005e-2 1.01694008e0 -2.6009848e-3 -2.6009848e-3
6.876001e-2 1.01694008e0 -1.01244017e-2 -1.01244017e-2
1.0264001e-1 1.01694008e0 -2.2620775e-2 -2.2620775e-2
1.3652002e-1 1.01694008e0 -4.0170021e-2 -4.0170021e-2
1.7040002e-1 1.01694008e0 -6.2883855e-2 -6.2883855e-2
2.0428003e-1 1.01694008e0 -9.0905373e-2 -9.0905373e-2
2.3816003e-1 1.01694008e0 -1.24409578e-1 -1.24409578e-1
2.7204004e-1 1.01694008e0 -1.63602805e-1 -1.63602805e-1
3.0592004e-1 1.01694008e0 -2.08723279e-1 -2.08723279e-1
3.3980005e-1 1.01694008e0 -2.6004086e-1 -2.6004086e-1
3.7368005e-1 1.01694008e0 -3.1785619e-1 -3.1785619e-1
4.0756006e-1 1.01694008e0 -3.8250298e-1 -3.8250298e-1
4.4144006e-1 1.01694008e0 -4.5434575e-1 -4.5434575e-1
4.7532007e-1 1.01694008e0 -5.3378027e-1 -5.3378027e-1
5.0920007e-1 1.01694008e0 -6.2123473e-1 -6.2123473e-1
5.4308008e-1 1.01694008e0 -7.1716817e-1 -7.1716817e-1
5.7696008e-1 1.01694008e0 -8.2207207e-1 -8.2207207e-1
6.1084009e-1 1.01694008e0 -9.3646959e-1 -9.3646959e-1
6.447201e-1 1.01694008e0 -1.06091376e0 -1.06091376e0
6.786001e-1 1.01694008e0 -1.19599117e0 -1.19599117e0
7.124801e-1 1.01694008e0 -1.34231964e0 -1.34231964e0
7.463601e-1 1.01694008e0 -1.50054848e0 -1.50054848e0
7.8024011e-1 1.01694008e0 -1.67135765e0 -1.67135765e0
8.1412012e-1 1.01694008e0 -1.85545946e0 -1.85545946e0
8.4800012e-1 1.01694008e0 -2.05359933e0 -2.05359933e0
8.8188013e-1 1.01694008e0 -2.26655263e0 -2.26655263e0
9.1576013e-1 1.01694008e0 -2.49512552e0 -2.49512552e0
9.4964014e-1 1.01694008e0 -2.7401581e0 -2.7401581e0
9.8352014e-1 1.01694008e0 -3.00251959e0 -3.00251959e0
1.0174e0 1.01694008e0 -3.2831046e0 -3.2831046e0
1.05128e0 1.01694008e0 -3.582869e0 -3.582869e0
1.08516e0 1.01694008e0 -3.9027544e0 -3.9027544e0
1.11904e0 1.01694008e0 -4.243778e0 -4.243778e0
1.15292e0 1.01694008e0 -4.6069548e0 -4.6069548e0
1.1868001e0 1.01694008e0 -4.9933372e0 -4.9933372e0
1.2206801e0 1.01694008e0 -5.4040472e0 -5.4040472e0
1.2545601e0 1.01694008e0 -5.840186e0 -5.840186e0
1.2884401e0 1.01694008e0 -6.3028917e0 -6.3028917e0
1.3223201e0 1.01694008e0 -6.7934004e0 -6.7934004e0
1.3562001e0 1.01694008e0 -7.3128714e0 -7.3128714e0
1.3900801e0 1.01694008e0 -7.8626067e0 -7.8626067e0
1.4239601e0 1.01694008e0 -8.4438428e0 -8.4438428e0
1.4578401e0 1.01694008e0 -9.0579489e0 -9.0579489e0
1.4917201e0 1.01694008e0 -9.7062332e0 -9.7062332e0
1.5256001e0 1.01694008e0 -1.03900404e1 -1.03900404e1
1.5594801e0 1.01694008e0 -1.11108607e1 -1.11108607e1
1.5933601e0 1.01694008e0 -1.18700392e1 -1.18700392e1
1.6272401e0 1.01694008e0 -1.26691336e1 -1.26691336e1
1.6611201e0 1.01694008e0 -1.3509615e1 -1.3509615e1
1.6950002e0 1.01694008e0 -1.43929707e1 -1.43929707e1
1.7288802e0 1.01694008e0 -1.53208498e1 -1.53208498e1
1.7627602e0 1.01694008e0 -1.62948027e1 -1.62948027e1
1.7966402e0 1.01694008e0 -1.73164322e1 -1.73164322e1
1.8305202e0 1.01694008e0 -1.83874641e1 -1.83874641e1
1.8644002e0 1.01694008e0 -1.95095108e1 -1.95095108e1
1.8982802e0 1.01694008e0 -2.06844063e1 -2.06844063e1
1.9321602e0 1.01694008e0 -2.19138387e1 -2.19138387e1
1.9660402e0 1.01694008e0 -2.31995497e1 -2.31995497e1
1.9999202e0 1.01694008e0 -2.45434625e1 -2.45434625e1

1.0e-3 1.08473608e0 -2.7066177e-6 -2.7066177e-6
3.4880005e-2 1.08473608e0 -3.2943901e-3 -3.2943901e-3
6.876001e-2 1.08473608e0 -1.28190656e-2 -1.28190656e-2
1.0264001e-1 1.08473608e0 -2.8625153e-2 -2.8625153e-2
1.3652002e-1 1.08473608e0 -5.0792523e-2 -5.0792523e-2
1.7040002e-1 1.08473608e0 -7.9432925e-2 -7.9432925e-2
2.0428003e-1 1.08473608e0 -1.14689429e-1 -1.14689429e-1
2.3816003e-1 1.08473608e0 -1.56737064e-1 -1.56737064e-1
2.7204004e-1 1.08473608e0 -2.05782144e-1 -2.05782144e-1
3.0592004e-1 1.08473608e0 -2.62062907e-1 -2.62062907e-1
3.3980005e-1 1.08473608e0 -3.2584924e-1 -3.2584924e-1
3.7368005e-1 1.08473608e0 -3.974417e-1 -3.974417e-1
4.0756006e-1 1.08473608e0 -4.7717401e-1 -4.7717401e-1
4.4144006e-1 1.08473608e0 -5.6541083e-1 -5.6541083e-1
4.7532007e-1 1.08473608e0 -6.6254782e-1 -6.6254782e-1
5.0920007e-1 1.08473608e0 -7.6901315e-1 -7.6901315e-1
5.4308008e-1 1.08473608e0 -8.8526587e-1 -8.8526587e-1
5.7696008e-1 1.08473608e0 -1.01179749e0 -1.01179749e0
6.1084009e-1 1.08473608e0 -1.14913124e0 -1.14913124e0
6.447201e-1 1.08473608e0 -1.29781995e0 -1.29781995e0
6.786001e-1 1.08473608e0 -1.45845041e0 -1.45845041e0
7.124801e-1 1.08473608e0 -1.63164035e0 -1.63164035e0
7.463601e-1 1.08473608e0 -1.81803908e0 -1.81803908e0
7.8024011e-1 1.08473608e0 -2.01832655e0 -2.01832655e0
8.1412012e-1 1.08473608e0 -2.23321507e0 -2.23321507e0
8.4800012e-1 1.08473608e0 -2.46345016e0 -2.46345016e0
8.8188013e-1 1.08473608e0 -2.70980711e0 -2.70980711e0
9.1576013e-1 1.08473608e0 -2.97309204e0 -2.97309204e0
9.4964014e-1 1.08473608e0 -3.25414511e0 -3.25414511e0
9.8352014e-1 1.08473608e0 -3.55383548e0 -3.55383548e0
1.0174e0 1.08473608e0 -3.8730566e0 -3.8730566e0
1.05128e0 1.08473608e0 -4.2127676e0 -4.2127676e0
1.08516e0 1.08473608e0 -4.5739067e0 -4.5739067e0
1.11904e0 1.08473608e0 -4.9574936e0 -4.9574936e0
1.15292e0 1.08473608e0 -5.3645418e0 -5.3645418e0
1.1868001e0 1.08473608e0 -5.7961026e0 -5.7961026e0
1.2206801e0 1.08473608e0 -6.2533017e0 -6.2533017e0
1.2545601e0 1.08473608e0 -6.7372374e0 -6.7372374e0
1.2884401e0 1.08473608e0 -7.2490463e0 -7.2490463e0
1.3223201e0 1.08473608e0 -7.7899698e0 -7.7899698e0
1.3562001e0 1.08473608e0 -8.3611609e0 -8.3611609e0
1.3900801e0 1.08473608e0 -8.9639268e0 -8.9639268e0
1.4239601e0 1.08473608e0 -9.5994998e0 -9.5994998e0
1.4578401e0 1.08473608e0 -1.02692543e1 -1.02692543e1
1.4917201e0 1.08473608e0 -1.0974495e1 -1.0974495e1
1.5256001e0 1.08473608e0 -1.17165639e1 -1.17165639e1
1.5594801e0 1.08473608e0 -1.24969583e1 -1.24969583e1
1.5933601e0 1.08473608e0 -1.33170155e1 -1.33170155e1
1.6272401e0 1.08473608e0 -1.41782997e1 -1.41782997e1
1.6611201e0 1.08473608e0 -1.50822801e1 -1.50822801e1
1.6950002e0 1.08473608e0 -1.603044e1 -1.603044e1
1.7288802e0 1.08473608e0 -1.70244348e1 -1.70244348e1
1.7627602e0 1.08473608e0 -1.80658115e1 -1.80658115e1
1.7966402e0 1.08473608e0 -1.9156171e1 -1.9156171e1
1.8305202e0 1.08473608e0 -2.02972435e1 -2.02972435e1
1.8644002e0 1.08473608e0 -2.1490636e1 -2.1490636e1
1.8982802e0 1.08473608e0 -2.27381897e1 -2.27381897e1
1.9321602e0 1.08473608e0 -2.40415883e1 -2.40415883e1
1.9660402e0 1.08473608e0 -2.54025708e1 -2.54025708e1
1.9999202e0 1.08473608e0 -2.68230667e1 -2.68230667e1

1.0e-3 1.15253209e0 -3.3133133e-6 -3.3133133e-6
3.4880005e-2 1.15253209e0 -4.0325052e-3 -4.0325052e-3
6.876001e-2 1.15253209e0 -1.5687485e-2 -1.5687485e-2
1.0264001e-1 1.15253209e0 -3.5016682e-2 -3.5016682e-2
1.3652002e-1 1.15253209e0 -6.2099948e-2 -6.2099948e-2
1.7040002e-1 1.15253209e0 -9.7049055e-2 -9.7049055e-2
2.0428003e-1 1.15253209e0 -1.40007045e-1 -1.40007045e-1
2.3816003e-1 1.15253209e0 -1.91148975e-1 -1.91148975e-1
2.7204004e-1 1.15253209e0 -2.50681142e-1 -2.50681142e-1
3.0592004e-1 1.15253209e0 -3.18841792e-1 -3.18841792e-1
3.3980005e-1 1.15253209e0 -3.9590083e-1 -3.9590083e-1
3.7368005e-1 1.15253209e0 -4.8215874e-1 -4.8215874e-1
4.0756006e-1 1.15253209e0 -5.779493e-1 -5.779493e-1
4.4144006e-1 1.15253209e0 -6.836372e-1 -6.836372e-1
4.7532007e-1 1.15253209e0 -7.996181e-1 -7.996181e-1
5.0920007e-1 1.15253209e0 -9.263201e-1 -9.263201e-1
5.4308008e-1 1.15253209e0 -1.06420227e0 -1.06420227e0
5.7696008e-1 1.15253209e0 -1.21375612e0 -1.21375612e0
6.1084009e-1 1.15253209e0 -1.37550497e0 -1.37550497e0
6.447201e-1 1.15253209e0 -1.5500015e0 -1.5500015e0
6.786001e-1 1.15253209e0 -1.73783261e0 -1.73783261e0
7.124801e-1 1.15253209e0 -1.93961601e0 -1.93961601e0
7.463601e-1 1.15253209e0 -2.15600098e0 -2.15600098e0
7.8024011e-1 1.15253209e0 -2.38766747e0 -2.38766747e0
8.1412012e-1 1.15253209e0 -2.63532779e0 -2.63532779e0
8.4800012e-1 1.15253209e0 -2.89972755e0 -2.89972755e0
8.8188013e-1 1.15253209e0 -3.18164195e0 -3.18164195e0
9.1576013e-1 1.15253209e0 -3.48187712e0 -3.48187712e0
9.4964014e-1 1.15253209e0 -3.80127182e0 -3.80127182e0
9.8352014e-1 1.15253209e0 -4.14069939e0 -4.14069939e0
1.0174e0 1.15253209e0 -4.501048e0 -4.501048e0
1.05128e0 1.15253209e0 -4.8832813e0 -4.8832813e0
1.08516e0 1.15253209e0 -5.2883339e0 -5.2883339e0
1.11904e0 1.15253209e0 -5.7172285e0 -5.7172285e0
1.15292e0 1.15253209e0 -6.1709769e0 -6.1709769e0
1.1868001e0 1.15253209e0 -6.6506291e0 -6.6506291e0
1.2206801e0 1.15253209e0 -7.1573148e0 -7.1573148e0
1.2545601e0 1.15253209e0 -7.6921294e0 -7.6921294e0
1.2884401e0 1.15253209e0 -8.2562076e0 -8.2562076e0
1.3223201e0 1.15253209e0 -8.8507965e0 -8.8507965e0
1.3562001e0 1.15253209e0 -9.4770425e0 -9.4770425e0
1.3900801e0 1.15253209e0 -1.01362584e1 -1.01362584e1
1.4239601e0 1.15253209e0 -1.08296718e1 -1.08296718e1
1.4578401e0 1.15253209e0 -1.1558663e1 -1.1558663e1
1.4917201e0 1.15253209e0 -1.23245323e1 -1.23245323e1
1.5256001e0 1.15253209e0 -1.31286197e1 -1.31286197e1
1.5594801e0 1.15253209e0 -1.39724295e1 -1.39724295e1
1.5933601e0 1.15253209e0 -1.48572905e1 -1.48572905e1
1.6272401e0 1.15253209e0 -1.57847748e1 -1.57847748e1
1.6611201e0 1.15253209e0 -1.67563483e1 -1.67563483e1
1.6950002e0 1.15253209e0 -1.77734909e1 -1.77734909e1
1.7288802e0 1.15253209e0 -1.88378644e1 -1.88378644e1
1.7627602e0 1.15253209e0 -1.99510121e1 -1.99510121e1
1.7966402e0 1.15253209e0 -2.11145332e1 -2.11145332e1
1.8305202e0 1.15253209e0 -2.23301624e1 -2.23301624e1
1.8644002e0 1.15253209e0 -2.3599501e1 -2.3599501e1
1.8982802e0 1.15253209e0 -2.49243979e1 -2.49243979e1
1.9321602e0 1.15253209e0 -2.63065318e1 -2.63065318e1
1.9660402e0 1.15253209e0 -2.77476395e1 -2.77476395e1
1.9999202e0 1.15253209e0 -2.92496564e1 -2.92496564e1

1.0e-3 1.2203281e0 -3.9568008e-6 -3.9568008e-6
3.4880005e-2 1.2203281e0 -4.8153821e-3 -4.8153821e-3
6.876001e-2 1.2203281e0 -1.8729862e-2 -1.8729862e-2
1.0264001e-1 1.2203281e0 -4.1795816e-2 -4.1795816e-2
1.3652002e-1 1.2203281e0 -7.4093092e-2 -7.4093092e-2
1.7040002e-1 1.2203281e0 -1.15733485e-1 -1.15733485e-1
2.0428003e-1 1.2203281e0 -1.66860002e-1 -1.66860002e-1
2.3816003e-1 1.2203281e0 -2.27647737e-1 -2.27647737e-1
2.7204004e-1 1.2203281e0 -2.98302962e-1 -2.98302962e-1
3.0592004e-1 1.2203281e0 -3.79063934e-1 -3.79063934e-1
3.3980005e-1 1.2203281e0 -4.7020059e-1 -4.7020059e-1
3.7368005e-1 1.2203281e0 -5.720133e-1 -5.720133e-1
4.0756006e-1 1.2203281e0 -6.8483592e-1 -6.8483592e-1
4.4144006e-1 1.2203281e0 -8.0903323e-1 -8.0903323e-1
4.7532007e-1 1.2203281e0 -9.4500076e-1 -9.4500076e-1
5.0920007e-1 1.2203281e0 -1.09316666e0 -1.09316666e0
5.4308008e-1 1.2203281e0 -1.25398996e0 -1.25398996e0
5.7696008e-1 1.2203281e0 -1.42796219e0 -1.42796219e0
6.1084009e-1 1.2203281e0 -1.61560677e0 -1.61560677e0
6.447201e-1 1.2203281e0 -1.81747614e0 -1.81747614e0
6.786001e-1 1.2203281e0 -2.03415747e0 -2.03415747e0
7.124801e-1 1.2203281e0 -2.26626833e0 -2.26626833e0
7.463601e-1 1.2203281e0 -2.51445798e0 -2.51445798e0
7.8024011e-1 1.2203281e0 -2.77940642e0 -2.77940642e0
8.1412012e-1 1.2203281e0 -3.06182593e0 -3.06182593e0
8.4800012e-1 1.2203281e0 -3.36246222e0 -3.36246222e0
8.8188013e-1 1.2203281e0 -3.6820904e0 -3.6820904e0
9.1576013e-1 1.2203281e0 -4.02151659e0 -4.02151659e0
9.4964014e-1 1.2203281e0 -4.38158093e0 -4.38158093e0
9.8352014e-1 1.2203281e0 -4.76315262e0 -4.76315262e0
1.0174e0 1.2203281e0 -5.1671228e0 -5.1671228e0
1.05128e0 1.2203281e0 -5.594457e0 -5.594457e0
1.08516e0 1.2203281e0 -6.0460861e0 -6.0460861e0
1.11904e0 1.2203281e0 -6.5230362e0 -6.5230362e0
1.15292e0 1.2203281e0 -7.0263167e0 -7.0263167e0
1.1868001e0 1.2203281e0 -7.556977e0 -7.556977e0
1.2206801e0 1.2203281e0 -8.11615e0 -8.11615e0
1.2545601e0 1.2203281e0 -8.704929e0 -8.704929e0
1.2884401e0 1.2203281e0 -9.3244464e0 -9.3244464e0
1.3223201e0 1.2203281e0 -9.975955e0 -9.975955e0
1.3562001e0 1.2203281e0 -1.06605948e1 -1.06605948e1
1.3900801e0 1.2203281e0 -1.1379684e1 -1.1379684e1
1.4239601e0 1.2203281e0 -1.21344455e1 -1.21344455e1
1.4578401e0 1.2203281e0 -1.29262654e1 -1.29262654e1
1.4917201e0 1.2203281e0 -1.37564404e1 -1.37564404e1
1.5256001e0 1.2203281e0 -1.4626307e1 -1.4626307e1
1.5594801e0 1.2203281e0 -1.5537378e1 -1.5537378e1
1.5933601e0 1.2203281e0 -1.64909727e1 -1.64909727e1
1.6272401e0 1.2203281e0 -1.74886716e1 -1.74886716e1
1.6611201e0 1.2203281e0 -1.85319374e1 -1.85319374e1
1.6950002e0 1.2203281e0 -1.96222461e1 -1.96222461e1
1.7288802e0 1.2203281e0 -2.07612663e1 -2.07612663e1
1.7627602e0 1.2203281e0 -2.19505376e1 -2.19505376e1
1.7966402e0 1.2203281e0 -2.3191657e1 -2.3191657e1
1.8305202e0 1.2203281e0 -2.44863641e1 -2.44863641e1
1.8644002e0 1.2203281e0 -2.58362546e1 -2.58362546e1
1.8982802e0 1.2203281e0 -2.72431848e1 -2.72431848e1
1.9321602e0 1.2203281e0 -2.87088292e1 -2.87088292e1
1.9660402e0 1.2203281e0 -3.02349208e1 -3.02349208e1
1.9999202e0 1.2203281e0 -3.18234024e1 -3.18234024e1

1.0e-3 1.2881241e0 -4.637056e-6 -4.637056e-6
3.4880005e-2 1.2881241e0 -5.6429909e-3 -5.6429909e-3
6.876001e-2 1.2881241e0 -2.19460667e-2 -2.19460667e-2
1.0264001e-1 1.2881241e0 -4.8962297e-2 -4.8962297e-2
1.3652002e-1 1.2881241e0 -8.6771501e-2 -8.6771501e-2
1.7040002e-1 1.2881241e0 -1.35485504e-1 -1.35485504e-1
2.0428003e-1 1.2881241e0 -1.95247285e-1 -1.95247285e-1
2.3816003e-1 1.2881241e0 -2.66231964e-1 -2.66231964e-1
2.7204004e-1 1.2881241e0 -3.48645796e-1 -3.48645796e-1
3.0592004e-1 1.2881241e0 -4.42727046e-1 -4.42727046e-1
3.3980005e-1 1.2881241e0 -5.487457e-1 -5.487457e-1
3.7368005e-1 1.2881241e0 -6.6700198e-1 -6.6700198e-1
4.0756006e-1 1.2881241e0 -7.9782983e-1 -7.9782983e-1
4.4144006e-1 1.2881241e0 -9.4159413e-1 -9.4159413e-1
4.7532007e-1 1.2881241e0 -1.0986903e0 -1.0986903e0
5.0920007e-1 1.2881241e0 -1.26954648e0 -1.26954648e0
5.4308008e-1 1.2881241e0 -1.45462173e0 -1.45462173e0
5.7696008e-1 1.2881241e0 -1.65440755e0 -1.65440755e0
6.1084009e-1 1.2881241e0 -1.86942747e0 -1.86942747e0
6.447201e-1 1.2881241e0 -2.10023375e0 -2.10023375e0
6.786001e-1 1.2881241e0 -2.34741374e0 -2.34741374e0
7.124801e-1 1.2881241e0 -2.6115849e0 -2.6115849e0
7.463601e-1 1.2881241e0 -2.8933965e0 -2.8933965e0
7.8024011e-1 1.2881241e0 -3.19352853e0 -3.19352853e0
8.1412012e-1 1.2881241e0 -3.5126933e0 -3.5126933e0
8.4800012e-1 1.2881241e0 -3.85163661e0 -3.85163661e0
8.8188013e-1 1.2881241e0 -4.21113345e0 -4.21113345e0
9.1576013e-1 1.2881241e0 -4.59198996e0 -4.59198996e0
9.4964014e-1 1.2881241e0 -4.99504489e0 -4.99504489e0
9.8352014e-1 1.2881241e0 -5.42117157e0 -5.42117157e0
1.0174e0 1.2881241e0 -5.8712558e0 -5.8712558e0
1.05128e0 1.2881241e0 -6.3462677e0 -6.3462677e0
1.08516e0 1.2881241e0 -6.847135e0 -6.847135e0
1.11904e0 1.2881241e0 -7.3748862e0 -7.3748862e0
1.15292e0 1.2881241e0 -7.9305289e0 -7.9305289e0
1.1868001e0 1.2881241e0 -8.5151115e0 -8.5151115e0
1.2206801e0 1.2881241e0 -9.1297713e0 -9.1297713e0
1.2545601e0 1.2881241e0 -9.7755981e0 -9.7755981e0
1.2884401e0 1.2881241e0 -1.04537222e1 -1.04537222e1
1.3223201e0 1.2881241e0 -1.1165403e1 -1.1165403e1
1.3562001e0 1.2881241e0 -1.19117728e1 -1.19117728e1
1.3900801e0 1.2881241e0 -1.26941565e1 -1.26941565e1
1.4239601e0 1.2881241e0 -1.35137714e1 -1.35137714e1
1.4578401e0 1.2881241e0 -1.437201e1 -1.437201e1
1.4917201e0 1.2881241e0 -1.52701648e1 -1.52701648e1
1.5256001e0 1.2881241e0 -1.62095694e1 -1.62095694e1
1.5594801e0 1.2881241e0 -1.71917444e1 -1.71917444e1
1.5933601e0 1.2881241e0 -1.82180003e1 -1.82180003e1
1.6272401e0 1.2881241e0 -1.92899255e1 -1.92899255e1
1.6611201e0 1.2881241e0 -2.04089801e1 -2.04089801e1
1.6950002e0 1.2881241e0 -2.15766354e1 -2.15766354e1
1.7288802e0 1.2881241e0 -2.27945676e1 -2.27945676e1
1.7627602e0 1.2881241e0 -2.40643118e1 -2.40643118e1
1.7966402e0 1.2881241e0 -2.53874634e1 -2.53874634e1
1.8305202e0 1.2881241e0 -2.67657668e1 -2.67657668e1
1.8644002e0 1.2881241e0 -2.82008116e1 -2.82008116e1
1.8982802e0 1.2881241e0 -2.96944627e1 -2.96944627e1
1.9321602e0 1.2881241e0 -3.12483888e1 -3.12483888e1
1.9660402e0 1.2881241e0 -3.28643202e1 -3.28643202e1
1.9999202e0 1.2881241e0 -3.4544207e1 -3.4544207e1

1.0e-3 1.3559201e0 -5.3540787e-6 -5.3540787e-6
3.4880005e-2 1.3559201e0 -6.5153316e-3 -6.5153316e-3
6.876001e-2 1.3559201e0 -2.53361063e-2 -2.53361063e-2
1.0264001e-1 1.3559201e0 -5.6516122e-2 -5.6516122e-2
1.3652002e-1 1.3559201e0 -1.00135175e-1 -1.00135175e-1
1.7040002e-1 1.3559201e0 -1.56305115e-1 -1.56305115e-1
2.0428003e-1 1.3559201e0 -2.25168892e-1 -2.25168892e-1
2.3816003e-1 1.3559201e0 -3.06901657e-1 -3.06901657e-1
2.7204004e-1 1.3559201e0 -4.01709644e-1 -4.01709644e-1
3.0592004e-1 1.3559201e0 -5.09831131e-1 -5.09831131e-1
3.3980005e-1 1.3559201e0 -6.3153612e-1 -6.3153612e-1
3.7368005e-1 1.3559201e0 -7.6712477e-1 -7.6712477e-1
4.0756006e-1 1.3559201e0 -9.1693103e-1 -9.1693103e-1
4.4144006e-1 1.3559201e0 -1.08131992e0 -1.08131992e0
4.7532007e-1 1.3559201e0 -1.2606867e0 -1.2606867e0
5.0920007e-1 1.3559201e0 -1.45545958e0 -1.45545958e0
5.4308008e-1 1.3559201e0 -1.6660976e0 -1.6660976e0
5.7696008e-1 1.3559201e0 -1.89309222e0 -1.89309222e0
6.1084009e-1 1.3559201e0 -2.13696712e0 -2.13696712e0
6.447201e-1 1.3559201e0 -2.39827432e0 -2.39827432e0
6.786001e-1 1.3559201e0 -2.6776014e0 -2.6776014e0
7.124801e-1 1.3559201e0 -2.9755657e0 -2.9755657e0
7.463601e-1 1.3559201e0 -3.29281653e0 -3.29281653e0
7.8024011e-1 1.3559201e0 -3.63003383e0 -3.63003383e0
8.1412012e-1 1.3559201e0 -3.98792993e0 -3.98792993e0
8.4800012e-1 1.3559201e0 -4.36725073e0 -4.36725073e0
8.8188013e-1 1.3559201e0 -4.76877112e0 -4.76877112e0
9.1576013e-1 1.3559201e0 -5.19329724e0 -5.19329724e0
9.4964014e-1 1.3559201e0 -5.64166785e0 -5.64166785e0
9.8352014e-1 1.3559201e0 -6.11475624e0 -6.11475624e0
1.0174e0 1.3559201e0 -6.613447e0 -6.613447e0
1.05128e0 1.3559201e0 -7.1387137e0 -7.1387137e0
1.08516e0 1.3559201e0 -7.6914803e0 -7.6914803e0
1.11904e0 1.3559201e0 -8.2727783e0 -8.2727783e0
1.15292e0 1.3559201e0 -8.8836134e0 -8.8836134e0
1.1868001e0 1.3559201e0 -9.525033e0 -9.525033e0
1.2206801e0 1.3559201e0 -1.01981784e1 -1.01981784e1
1.2545601e0 1.3559201e0 -1.09041364e1 -1.09041364e1
1.2884401e0 1.3559201e0 -1.1644035e1 -1.1644035e1
1.3223201e0 1.3559201e0 -1.24191402e1 -1.24191402e1
1.3562001e0 1.3559201e0 -1.32305766e1 -1.32305766e1
1.3900801e0 1.3559201e0 -1.40796758e1 -1.40796758e1
1.4239601e0 1.3559201e0 -1.49676494e1 -1.49676494e1
1.4578401e0 1.3559201e0 -1.58958966e1 -1.58958966e1
1.4917201e0 1.3559201e0 -1.68657056e1 -1.68657056e1
1.5256001e0 1.3559201e0 -1.78784065e1 -1.78784065e1
1.5594801e0 1.3559201e0 -1.89355287e1 -1.89355287e1
1.5933601e0 1.3559201e0 -2.00383733e1 -2.00383733e1
1.6272401e0 1.3559201e0 -2.11885368e1 -2.11885368e1
1.6611201e0 1.3559201e0 -2.23874763e1 -2.23874763e1
1.6950002e0 1.3559201e0 -2.36366588e1 -2.36366588e1
1.7288802e0 1.3559201e0 -2.49377681e1 -2.49377681e1
1.7627602e0 1.3559201e0 -2.62923349e1 -2.62923349e1
1.7966402e0 1.3559201e0 -2.77019524e1 -2.77019524e1
1.8305202e0 1.3559201e0 -2.91683705e1 -2.91683705e1
1.8644002e0 1.3559201e0 -3.06931723e1 -3.06931723e1
1.8982802e0 1.3559201e0 -3.22782314e1 -3.22782314e1
1.9321602e0 1.3559201e0 -3.39252107e1 -3.39252107e1
1.9660402e0 1.3559201e0 -3.5635838e1 -3.5635838e1
1.9999202e0 1.3559201e0 -3.74120703e1 -3.74120703e1

1.0e-3 1.42371611e0 -6.1078812e-6 -6.1078812e-6
3.4880005e-2 1.42371611e0 -7.4324193e-3 -7.4324193e-3
6.876001e-2 1.42371611e0 -2.89000383e-2 -2.89000383e-2
1.0264001e-1 1.42371611e0 -6.4457423e-2 -6.4457423e-2
1.3652002e-1 1.42371611e0 -1.14184338e-1 -1.14184338e-1
1.7040002e-1 1.42371611e0 -1.7819267e-1 -1.7819267e-1
2.0428003e-1 1.42371611e0 -2.56625331e-1 -2.56625331e-1
2.3816003e-1 1.42371611e0 -3.49657507e-1 -3.49657507e-1
2.7204004e-1 1.42371611e0 -4.5749541e-1 -4.5749541e-1
3.0592004e-1 1.42371611e0 -5.8037733e-1 -5.8037733e-1
3.3980005e-1 1.42371611e0 -7.185733e-1 -7.185733e-1
3.7368005e-1 1.42371611e0 -8.7238338e-1 -8.7238338e-1
4.0756006e-1 1.42371611e0 -1.04214154e0 -1.04214154e0
4.4144006e-1 1.42371611e0 -1.22821294e0 -1.22821294e0
4.7532007e-1 1.42371611e0 -1.43099275e0 -1.43099275e0
5.0920007e-1 1.42371611e0 -1.65090912e0 -1.65090912e0
5.4308008e-1 1.42371611e0 -1.88842113e0 -1.88842113e0
5.7696008e-1 1.42371611e0 -2.14402025e0 -2.14402025e0
6.1084009e-1 1.42371611e0 -2.41823026e0 -2.41823026e0
6.447201e-1 1.42371611e0 -2.71160292e0 -2.71160292e0
6.786001e-1 1.42371611e0 -3.02472609e0 -3.02472609e0
7.124801e-1 1.42371611e0 -3.35821698e0 -3.35821698e0
7.463601e-1 1.42371611e0 -3.71272487e0 -3.71272487e0
7.8024011e-1 1.42371611e0 -4.08892973e0 -4.08892973e0
8.1412012e-1 1.42371611e0 -4.48754388e0 -4.48754388e0
8.4800012e-1 1.42371611e0 -4.90931335e0 -4.90931335e0
8.8188013e-1 1.42371611e0 -5.3550129e0 -5.3550129e0
9.1576013e-1 1.42371611e0 -5.82544867e0 -5.82544867e0
9.4964014e-1 1.42371611e0 -6.32146078e0 -6.32146078e0
9.8352014e-1 1.42371611e0 -6.84391846e0 -6.84391846e0
1.0174e0 1.42371611e0 -7.393709e0 -7.393709e0
1.05128e0 1.42371611e0 -7.9718083e0 -7.9718083e0
1.08516e0 1.42371611e0 -8.5791362e0 -8.5791362e0
1.11904e0 1.42371611e0 -9.216728e0 -9.216728e0
1.15292e0 1.42371611e0 -9.8855867e0 -9.8855867e0
1.1868001e0 1.42371611e0 -1.05867586e1 -1.05867586e1
1.2206801e0 1.42371611e0 -1.13213898e1 -1.13213898e1
1.2545601e0 1.42371611e0 -1.20905632e1 -1.20905632e1
1.2884401e0 1.42371611e0 -1.28954051e1 -1.28954051e1
1.3223201e0 1.42371611e0 -1.37371881e1 -1.37371881e1
1.3562001e0 1.42371611e0 -1.46170287e1 -1.46170287e1
1.3900801e0 1.42371611e0 -1.55362654e1 -1.55362654e1
1.4239601e0 1.42371611e0 -1.64961043e1 -1.64961043e1
1.4578401e0 1.42371611e0 -1.74979512e1 -1.74979512e1
1.4917201e0 1.42371611e0 -1.85430898e1 -1.85430898e1
1.5256001e0 1.42371611e0 -1.96328468e1 -1.96328468e1
1.5594801e0 1.42371611e0 -2.07687608e1 -2.07687608e1
1.5933601e0 1.42371611e0 -2.19521225e1 -2.19521225e1
1.6272401e0 1.42371611e0 -2.31845377e1 -2.31845377e1
1.6611201e0 1.42371611e0 -2.44674597e1 -2.44674597e1
1.6950002e0 1.42371611e0 -2.58023515e1 -2.58023515e1
1.7288802e0 1.42371611e0 -2.71909044e1 -2.71909044e1
1.7627602e0 1.42371611e0 -2.8634645e1 -2.8634645e1
1.7966402e0 1.42371611e0 -3.01351634e1 -3.01351634e1
1.8305202e0 1.42371611e0 -3.16942162e1 -3.16942162e1
1.8644002e0 1.42371611e0 -3.3313379e1 -3.3313379e1
1.8982802e0 1.42371611e0 -3.49945346e1 -3.49945346e1
1.9321602e0 1.42371611e0 -3.67393408e1 -3.67393408e1
1.9660402e0 1.42371611e0 -3.8549521e1 -3.8549521e1
1.9999202e0 1.42371611e0 -4.0427028e1 -4.0427028e1

1.0e-3 1.49151212e0 -6.8984268e-6 -6.8984268e-6
3.4880005e-2 1.49151212e0 -8.3942091e-3 -8.3942091e-3
6.876001e-2 1.49151212e0 -3.26376826e-2 -3.26376826e-2
1.0264001e-1 1.49151212e0 -7.2785812e-2 -7.2785812e-2
1.3652002e-1 1.49151212e0 -1.28918312e-1 -1.28918312e-1
1.7040002e-1 1.49151212e0 -2.01147107e-1 -2.01147107e-1
2.0428003e-1 1.49151212e0 -2.89615074e-1 -2.89615074e-1
2.3816003e-1 1.49151212e0 -3.9449744e-1 -3.9449744e-1
2.7204004e-1 1.49151212e0 -5.16000385e-1 -5.16000385e-1
3.0592004e-1 1.49151212e0 -6.54362215e-1 -6.54362215e-1
3.3980005e-1 1.49151212e0 -8.0985301e-1 -8.0985301e-1
3.7368005e-1 1.49151212e0 -9.8277267e-1 -9.8277267e-1
4.0756006e-1 1.49151212e0 -1.17345528e0 -1.17345528e0
4.4144006e-1 1.49151212e0 -1.38226608e0 -1.38226608e0
4.7532007e-1 1.49151212e0 -1.60960014e0 -1.60960014e0
5.0920007e-1 1.49151212e0 -1.85588562e0 -1.85588562e0
5.4308008e-1 1.49151212e0 -2.12158156e0 -2.12158156e0
5.7696008e-1 1.49151212e0 -2.40717946e0 -2.40717946e0
6.1084009e-1 1.49151212e0 -2.7132032e0 -2.7132032e0
6.447201e-1 1.49151212e0 -3.04020435e0 -3.04020435e0
6.786001e-1 1.49151212e0 -3.38877094e0 -3.38877094e0
7.124801e-1 1.49151212e0 -3.75952011e0 -3.75952011e0
7.463601e-1 1.49151212e0 -4.1531011e0 -4.1531011e0
7.8024011e-1 1.49151212e0 -4.57019394e0 -4.57019394e0
8.1412012e-1 1.49151212e0 -5.0115109e0 -5.0115109e0
8.4800012e-1 1.49151212e0 -5.47779814e0 -5.47779814e0
8.8188013e-1 1.49151212e0 -5.96983029e0 -5.96983029e0
9.1576013e-1 1.49151212e0 -6.48841353e0 -6.48841353e0
9.4964014e-1 1.49151212e0 -7.03438794e0 -7.03438794e0
9.8352014e-1 1.49151212e0 -7.60862276e0 -7.60862276e0
1.0174e0 1.49151212e0 -8.2120038e0 -8.2120038e0
1.05128e0 1.49151212e0 -8.845511e0 -8.845511e0
1.08516e0 1.49151212e0 -9.51006e0 -9.51006e0
1.11904e0 1.49151212e0 -1.02066893e1 -1.02066893e1
1.15292e0 1.49151212e0 -1.09363998e1 -1.09363998e1
1.1868001e0 1.49151212e0 -1.17002367e1 -1.17002367e1
1.2206801e0 1.49151212e0 -1.24993506e1 -1.24993506e1
1.2545601e0 1.49151212e0 -1.3334821e1 -1.3334821e1
1.2884401e0 1.49151212e0 -1.42077718e1 -1.42077718e1
1.3223201e0 1.49151212e0 -1.51194826e1 -1.51194826e1
1.3562001e0 1.49151212e0 -1.60710617e1 -1.60710617e1
1.3900801e0 1.49151212e0 -1.70638547e1 -1.70638547e1
1.4239601e0 1.49151212e0 -1.80990617e1 -1.80990617e1
1.4578401e0 1.49151212e0 -1.9178096e1 -1.9178096e1
1.4917201e0 1.49151212e0 -2.0302236e1 -2.0302236e1
1.5256001e0 1.49151212e0 -2.14728052e1 -2.14728052e1
1.5594801e0 1.49151212e0 -2.26913516e1 -2.26913516e1
1.5933601e0 1.49151212e0 -2.3959155e1 -2.3959155e1
1.6272401e0 1.49151212e0 -2.52778311e1 -2.52778311e1
1.6611201e0 1.49151212e0 -2.66488295e1 -2.66488295e1
1.6950002e0 1.49151212e0 -2.80736081e1 -2.80736081e1
1.7288802e0 1.49151212e0 -2.9553867e1 -2.9553867e1
1.7627602e0 1.49151212e0 -3.1091132e1 -3.1091132e1
1.7966402e0 1.49151212e0 -3.2686983e1 -3.2686983e1
1.8305202e0 1.49151212e0 -3.43432e1 -3.43432e1
1.8644002e0 1.49151212e0 -3.6061282e1 -3.6061282e1
1.8982802e0 1.49151212e0 -3.7843234e1 -3.7843234e1
1.9321602e0 1.49151212e0 -3.969063e1 -3.969063e1
1.9660402e0 1.49151212e0 -4.1605203e1 -4.1605203e1
1.9999202e0 1.49151212e0 -4.3588948e1 -4.3588948e1

1.0e-3 1.55930812e0 -7.7257645e-6 -7.7257645e-6
3.4880005e-2 1.55930812e0 -9.4007608e-3 -9.4007608e-3
6.876001e-2 1.55930812e0 -3.65492917e-2 -3.65492917e-2
1.0264001e-1 1.55930812e0 -8.1501805e-2 -8.1501805e-2
1.3652002e-1 1.55930812e0 -1.44338004e-1 -1.44338004e-1
1.7040002e-1 1.55930812e0 -2.25169843e-1 -2.25169843e-1
2.0428003e-1 1.55930812e0 -3.24140161e-1 -3.24140161e-1
2.3816003e-1 1.55930812e0 -4.4142422e-1 -4.4142422e-1
2.7204004e-1 1.55930812e0 -5.77228181e-1 -5.77228181e-1
3.0592004e-1 1.55930812e0 -7.31790356e-1 -7.31790356e-1
3.3980005e-1 1.55930812e0 -9.0538086e-1 -9.0538086e-1
3.7368005e-1 1.55930812e0 -1.09829948e0 -1.09829948e0
4.0756006e-1 1.55930812e0 -1.31088036e0 -1.31088036e0
4.4144006e-1 1.55930812e0 -1.54348886e0 -1.54348886e0
4.7532007e-1 1.55930812e0 -1.79651993e0 -1.79651993e0
5.0920007e-1 1.55930812e0 -2.0704017e0 -2.0704017e0
5.4308008e-1 1.55930812e0 -2.36559326e0 -2.36559326e0
5.7696008e-1 1.55930812e0 -2.68258609e0 -2.68258609e0
6.1084009e-1 1.55930812e0 -3.02190419e0 -3.02190419e0
6.447201e-1 1.55930812e0 -3.38409886e0 -3.38409886e0
6.786001e-1 1.55930812e0 -3.76975844e0 -3.76975844e0
7.124801e-1 1.55930812e0 -4.17949988e0 -4.17949988e0
7.463601e-1 1.55930812e0 -4.61397247e0 -4.61397247e0
7.8024011e-1 1.55930812e0 -5.07385619e0 -5.07385619e0
8.1412012e-1 1.55930812e0 -5.55986334e0 -5.55986334e0
8.4800012e-1 1.55930812e0 -6.0727402e0 -6.0727402e0
8.8188013e-1 1.55930812e0 -6.61326129e0 -6.61326129e0
9.1576013e-1 1.55930812e0 -7.18223276e0 -7.18223276e0
9.4964014e-1 1.55930812e0 -7.78049474e0 -7.78049474e0
9.8352014e-1 1.55930812e0 -8.4089164e0 -8.4089164e0
1.0174e0 1.55930812e0 -9.0683821e0 -9.0683821e0
1.05128e0 1.55930812e0 -9.759876e0 -9.759876e0
1.08516e0 1.55930812e0 -1.04843088e1 -1.04843088e1
1.11904e0 1.55930812e0 -1.12427235e1 -1.12427235e1
1.15292e0 1.55930812e0 -1.20361179e1 -1.20361179e1
1.1868001e0 1.55930812e0 -1.28655359e1 -1.28655359e1
1.2206801e0 1.55930812e0 -1.37321336e1 -1.37321336e1
1.2545601e0 1.55930812e0 -1.46369865e1 -1.46369865e1
1.2884401e0 1.55930812e0 -1.55812158e1 -1.55812158e1
1.3223201e0 1.55930812e0 -1.6566109e1 -1.6566109e1
1.3562001e0 1.55930812e0 -1.75927654e1 -1.75927654e1
1.3900801e0 1.55930812e0 -1.8662538e1 -1.8662538e1
1.4239601e0 1.55930812e0 -1.97766208e1 -1.97766208e1
1.4578401e0 1.55930812e0 -2.09364346e1 -2.09364346e1
1.4917201e0 1.55930812e0 -2.21432529e1 -2.21432529e1
1.5256001e0 1.55930812e0 -2.3398409e1 -2.3398409e1
1.5594801e0 1.55930812e0 -2.4703427e1 -2.4703427e1
1.5933601e0 1.55930812e0 -2.6059595e1 -2.6059595e1
1.6272401e0 1.55930812e0 -2.7468546e1 -2.7468546e1
1.6611201e0 1.55930812e0 -2.8931699e1 -2.8931699e1
1.6950002e0 1.55930812e0 -3.0450565e1 -3.0450565e1
1.7288802e0 1.55930812e0 -3.2026778e1 -3.2026778e1
1.7627602e0 1.55930812e0 -3.366192e1 -3.366192e1
1.7966402e0 1.55930812e0 -3.535754e1 -3.535754e1
1.8305202e0 1.55930812e0 -3.7115428e1 -3.7115428e1
1.8644002e0 1.55930812e0 -3.8937128e1 -3.8937128e1
1.8982802e0 1.55930812e0 -4.0824553e1 -4.0824553e1
1.9321602e0 1.55930812e0 -4.277932e1 -4.277932e1
1.9660402e0 1.55930812e0 -4.4803159e1 -4.4803159e1
1.9999202e0 1.55930812e0 -4.6898073e1 -4.6898073e1

1.0e-3 1.62710413e0 -8.5898758e-6 -8.5898758e-6
3.4880005e-2 1.62710413e0 -1.04520537e-2 -1.04520537e-2
6.876001e-2 1.62710413e0 -4.06347571e-2 -4.06347571e-2
1.0264001e-1 1.62710413e0 -9.0605223e-2 -9.0605223e-2
1.3652002e-1 1.62710413e0 -1.60443102e-1 -1.60443102e-1
1.7040002e-1 1.62710413e0 -2.50260391e-1 -2.50260391e-1
2.0428003e-1 1.62710413e0 -3.6019989e-1 -3.6019989e-1
2.3816003e-1 1.62710413e0 -4.904369e-1 -4.904369e-1
2.7204004e-1 1.62710413e0 -6.41177556e-1 -6.41177556e-1
3.0592004e-1 1.62710413e0 -8.12660182e-1 -8.12660182e-1
3.3980005e-1 1.62710413e0 -1.00515475e0 -1.00515475e0
3.7368005e-1 1.62710413e0 -1.21896147e0 -1.21896147e0
4.0756006e-1 1.62710413e0 -1.45441374e0 -1.45441374e0
4.4144006e-1 1.62710413e0 -1.7118777e0 -1.7118777e0
4.7532007e-1 1.62710413e0 -1.99174796e0 -1.99174796e0
5.0920007e-1 1.62710413e0 -2.29445265e0 -2.29445265e0
5.4308008e-1 1.62710413e0 -2.62045131e0 -2.62045131e0
5.7696008e-1 1.62710413e0 -2.97023456e0 -2.97023456e0
6.1084009e-1 1.62710413e0 -3.34432639e0 -3.34432639e0
6.447201e-1 1.62710413e0 -3.7432789e0 -3.7432789e0
6.786001e-1 1.62710413e0 -4.16768085e0 -4.16768085e0
7.124801e-1 1.62710413e0 -4.61814778e0 -4.61814778e0
7.463601e-1 1.62710413e0 -5.09532874e0 -5.09532874e0
7.8024011e-1 1.62710413e0 -5.59990532e0 -5.59990532e0
8.1412012e-1 1.62710413e0 -6.13259007e0 -6.13259007e0
8.4800012e-1 1.62710413e0 -6.69412747e0 -6.69412747e0
8.8188013e-1 1.62710413e0 -7.28529166e0 -7.28529166e0
9.1576013e-1 1.62710413e0 -7.90689104e0 -7.90689104e0
9.4964014e-1 1.62710413e0 -8.55976463e0 -8.55976463e0
9.8352014e-1 1.62710413e0 -9.24478166e0 -9.24478166e0
1.0174e0 1.62710413e0 -9.9628249e0 -9.9628249e0
1.05128e0 1.62710413e0 -1.07148828e1 -1.07148828e1
1.08516e0 1.62710413e0 -1.15018614e1 -1.15018614e1
1.11904e0 1.62710413e0 -1.23248094e1 -1.23248094e1
1.15292e0 1.62710413e0 -1.31847185e1 -1.31847185e1
1.1868001e0 1.62710413e0 -1.40826308e1 -1.40826308e1
1.2206801e0 1.62710413e0 -1.501972e1 -1.501972e1
1.2545601e0 1.62710413e0 -1.599704e1 -1.599704e1
1.2884401e0 1.62710413e0 -1.7015712e1 -1.7015712e1
1.3223201e0 1.62710413e0 -1.807704e1 -1.807704e1
1.3562001e0 1.62710413e0 -1.9182108e1 -1.9182108e1
1.3900801e0 1.62710413e0 -2.0332288e1 -2.0332288e1
1.4239601e0 1.62710413e0 -2.1528754e1 -2.1528754e1
1.4578401e0 1.62710413e0 -2.2772911e1 -2.2772911e1
1.4917201e0 1.62710413e0 -2.4066109e1 -2.4066109e1
1.5256001e0 1.62710413e0 -2.5409573e1 -2.5409573e1
1.5594801e0 1.62710413e0 -2.6804912e1 -2.6804912e1
1.5933601e0 1.62710413e0 -2.825338e1 -2.825338e1
1.6272401e0 1.62710413e0 -2.9756618e1 -2.9756618e1
1.6611201e0 1.62710413e0 -3.1316084e1 -3.1316084e1
1.6950002e0 1.62710413e0 -3.2933159e1 -3.2933159e1
1.7288802e0 1.62710413e0 -3.4609659e1 -3.4609659e1
1.7627602e0 1.62710413e0 -3.6347025e1 -3.6347025e1
1.7966402e0 1.62710413e0 -3.8146848e1 -3.8146848e1
1.8305202e0 1.62710413e0 -4.0010876e1 -4.0010876e1
1.8644002e0 1.62710413e0 -4.1940746e1 -4.1940746e1
1.8982802e0 1.62710413e0 -4.3938329e1 -4.3938329e1
1.9321602e0 1.62710413e0 -4.6005237e1 -4.6005237e1
1.9660402e0 1.62710413e0 -4.8143196e1 -4.8143196e1
1.9999202e0 1.62710413e0 -5.0354219e1 -5.0354219e1

1.0e-3 1.69490013e0 -9.4907547e-6 -9.4907547e-6
3.4880005e-2 1.69490013e0 -1.15480768e-2 -1.15480768e-2
6.876001e-2 1.69490013e0 -4.48940575e-2 -4.48940575e-2
1.0264001e-1 1.69490013e0 -1.00095973e-1 -1.00095973e-1
1.3652002e-1 1.69490013e0 -1.77233437e-1 -1.77233437e-1
1.7040002e-1 1.69490013e0 -2.76418486e-1 -2.76418486e-1
2.0428003e-1 1.69490013e0 -3.9779388e-1 -3.9779388e-1
2.3816003e-1 1.69490013e0 -5.4153496e-1 -5.4153496e-1
2.7204004e-1 1.69490013e0 -7.07847832e-1 -7.07847832e-1
3.0592004e-1 1.69490013e0 -8.96970839e-1 -8.96970839e-1
3.3980005e-1 1.69490013e0 -1.109174e0 -1.109174e0
3.7368005e-1 1.69490013e0 -1.34475735e0 -1.34475735e0
4.0756006e-1 1.69490013e0 -1.6040544e0 -1.6040544e0
4.4144006e-1 1.69490013e0 -1.88743143e0 -1.88743143e0
4.7532007e-1 1.69490013e0 -2.19528287e0 -2.19528287e0
5.0920007e-1 1.69490013e0 -2.52803688e0 -2.52803688e0
5.4308008e-1 1.69490013e0 -2.88615298e0 -2.88615298e0
5.7696008e-1 1.69490013e0 -3.27012184e0 -3.27012184e0
6.1084009e-1 1.69490013e0 -3.68046751e0 -3.68046751e0
6.447201e-1 1.69490013e0 -4.11774188e0 -4.11774188e0
6.786001e-1 1.69490013e0 -4.58253397e0 -4.58253397e0
7.124801e-1 1.69490013e0 -5.07545915e0 -5.07545915e0
7.463601e-1 1.69490013e0 -5.5971655e0 -5.5971655e0
7.8024011e-1 1.69490013e0 -6.1483403e0 -6.1483403e0
8.1412012e-1 1.69490013e0 -6.729687e0 -6.729687e0
8.4800012e-1 1.69490013e0 -7.34195e0 -7.34195e0
8.8188013e-1 1.69490013e0 -7.9859142e0 -7.9859142e0
9.1576013e-1 1.69490013e0 -8.6623883e0 -8.6623883e0
9.4964014e-1 1.69490013e0 -9.3721852e0 -9.3721852e0
9.8352014e-1 1.69490013e0 -1.01162155e1 -1.01162155e1
1.0174e0 1.69490013e0 -1.0895319e1 -1.0895319e1
1.05128e0 1.69490013e0 -1.1710529e1 -1.1710529e1
1.08516e0 1.69490013e0 -1.2562704e1 -1.2562704e1
1.11904e0 1.69490013e0 -1.3452942e1 -1.3452942e1
1.15292e0 1.69490013e0 -1.4382185e1 -1.4382185e1
1.1868001e0 1.69490013e0 -1.5351512e1 -1.5351512e1
1.2206801e0 1.69490013e0 -1.6362083e1 -1.6362083e1
1.2545601e0 1.69490013e0 -1.7414954e1 -1.7414954e1
1.2884401e0 1.69490013e0 -1.851124e1 -1.851124e1
1.3223201e0 1.69490013e0 -1.9652255e1 -1.9652255e1
1.3562001e0 1.69490013e0 -2.0839075e1 -2.0839075e1
1.3900801e0 1.69490013e0 -2.2073077e1 -2.2073077e1
1.4239601e0 1.69490013e0 -2.3355429e1 -2.3355429e1
1.4578401e0 1.69490013e0 -2.4687547e1 -2.4687547e1
1.4917201e0 1.69490013e0 -2.6070772e1 -2.6070772e1
1.5256001e0 1.69490013e0 -2.7506328e1 -2.7506328e1
1.5594801e0 1.69490013e0 -2.8995831e1 -2.8995831e1
1.5933601e0 1.69490013e0 -3.0540526e1 -3.0540526e1
1.6272401e0 1.69490013e0 -3.2142064e1 -3.2142064e1
1.6611201e0 1.69490013e0 -3.38019e1 -3.38019e1
1.6950002e0 1.69490013e0 -3.5521405e1 -3.5521405e1
1.7288802e0 1.69490013e0 -3.730241e1 -3.730241e1
1.7627602e0 1.69490013e0 -3.9146349e1 -3.9146349e1
1.7966402e0 1.69490013e0 -4.105481e1 -4.105481e1
1.8305202e0 1.69490013e0 -4.3029547e1 -4.3029547e1
1.8644002e0 1.69490013e0 -4.5072188e1 -4.5072188e1
1.8982802e0 1.69490013e0 -4.7184618e1 -4.7184618e1
1.9321602e0 1.69490013e0 -4.9368439e1 -4.9368439e1
1.9660402e0 1.69490013e0 -5.1625375e1 -5.1625375e1
1.9999202e0 1.69490013e0 -5.3957448e1 -5.3957448e1

1.0e-3 1.76269614e0 -1.0428406e-5 -1.0428406e-5
3.4880005e-2 1.76269614e0 -1.2688824e-2 -1.2688824e-2
6.876001e-2 1.76269614e0 -4.9327156e-2 -4.9327156e-2
1.0264001e-1 1.76269614e0 -1.0997404e-1 -1.0997404e-1
1.3652002e-1 1.76269614e0 -1.94709e-1 -1.94709e-1
1.7040002e-1 1.76269614e0 -3.0364435e-1 -3.0364435e-1
2.0428003e-1 1.76269614e0 -4.369225e-1 -4.369225e-1
2.3816003e-1 1.76269614e0 -5.9471857e-1 -5.9471857e-1
2.7204004e-1 1.76269614e0 -7.7723946e-1 -7.7723946e-1
3.0592004e-1 1.76269614e0 -9.8472246e-1 -9.8472246e-1
3.3980005e-1 1.76269614e0 -1.217439e0 -1.217439e0
3.7368005e-1 1.76269614e0 -1.4756876e0 -1.4756876e0
4.0756006e-1 1.76269614e0 -1.759801e0 -1.759801e0
4.4144006e-1 1.76269614e0 -2.070151e0 -2.070151e0
4.7532007e-1 1.76269614e0 -2.4071242e0 -2.4071242e0
5.0920007e-1 1.76269614e0 -2.7711539e0 -2.7711539e0
5.4308008e-1 1.76269614e0 -3.1627005e0 -3.1627005e0
5.7696008e-1 1.76269614e0 -3.5822508e0 -3.5822508e0
6.1084009e-1 1.76269614e0 -4.0303287e0 -4.0303287e0
6.447201e-1 1.76269614e0 -4.5074902e0 -4.5074902e0
6.786001e-1 1.76269614e0 -5.0143192e0 -5.0143192e0
7.124801e-1 1.76269614e0 -5.5514378e0 -5.5514378e0
7.463601e-1 1.76269614e0 -6.1194882e0 -6.1194882e0
7.8024011e-1 1.76269614e0 -6.7191502e0 -6.7191502e0
8.1412012e-1 1.76269614e0 -7.3511452e0 -7.3511452e0
8.4800012e-1 1.76269614e0 -8.0162201e0 -8.0162201e0
8.8188013e-1 1.76269614e0 -8.7151385e0 -8.7151385e0
9.1576013e-1 1.76269614e0 -9.4487067e0 -9.4487067e0
9.4964014e-1 1.76269614e0 -1.02177759e1 -1.02177759e1
9.8352014e-1 1.76269614e0 -1.10232034e1 -1.10232034e1
1.0174e0 1.76269614e0 -1.1865884e1 -1.1865884e1
1.05128e0 1.76269614e0 -1.2746796e1 -1.2746796e1
1.08516e0 1.76269614e0 -1.3666856e1 -1.3666856e1
1.11904e0 1.76269614e0 -1.46271e1 -1.46271e1
1.15292e0 1.76269614e0 -1.5628535e1 -1.5628535e1
1.1868001e0 1.76269614e0 -1.667219e1 -1.667219e1
1.2206801e0 1.76269614e0 -1.7759221e1 -1.7759221e1
1.2545601e0 1.76269614e0 -1.8890723e1 -1.8890723e1
1.2884401e0 1.76269614e0 -2.006779e1 -2.006779e1
1.3223201e0 1.76269614e0 -2.1291745e1 -2.1291745e1
1.3562001e0 1.76269614e0 -2.256365e1 -2.256365e1
1.3900801e0 1.76269614e0 -2.3884895e1 -2.3884895e1
1.4239601e0 1.76269614e0 -2.5256638e1 -2.5256638e1
1.4578401e0 1.76269614e0 -2.6680338e1 -2.6680338e1
1.4917201e0 1.76269614e0 -2.8157231e1 -2.8157231e1
1.5256001e0 1.76269614e0 -2.968867e1 -2.968867e1
1.5594801e0 1.76269614e0 -3.1276183e1 -3.1276183e1
1.5933601e0 1.76269614e0 -3.2921031e1 -3.2921031e1
1.6272401e0 1.76269614e0 -3.4624883e1 -3.4624883e1
1.6611201e0 1.76269614e0 -3.6389142e1 -3.6389142e1
1.6950002e0 1.76269614e0 -3.8215305e1 -3.8215305e1
1.7288802e0 1.76269614e0 -4.0105034e1 -4.0105034e1
1.7627602e0 1.76269614e0 -4.2059892e1 -4.2059892e1
1.7966402e0 1.76269614e0 -4.4081424e1 -4.4081424e1
1.8305202e0 1.76269614e0 -4.6171439e1 -4.6171439e1
1.8644002e0 1.76269614e0 -4.8331454e1 -4.8331454e1
1.8982802e0 1.76269614e0 -5.0563419e1 -5.0563419e1
1.9321602e0 1.76269614e0 -5.2868927e1 -5.2868927e1
1.9660402e0 1.76269614e0 -5.5249698e1 -5.5249698e1
1.9999202e0 1.76269614e0 -5.770776e1 -5.770776e1

1.0e-3 1.83049214e0 -1.1402802e-5 -1.1402802e-5
3.4880005e-2 1.83049214e0 -1.3874289e-2 -1.3874289e-2
6.876001e-2 1.83049214e0 -5.393404e-2 -5.393404e-2
1.0264001e-1 1.83049214e0 -1.2023929e-1 -1.2023929e-1
1.3652002e-1 1.83049214e0 -2.1286952e-1 -2.1286952e-1
1.7040002e-1 1.83049214e0 -3.3193709e-1 -3.3193709e-1
2.0428003e-1 1.83049214e0 -4.7758438e-1 -4.7758438e-1
2.3816003e-1 1.83049214e0 -6.4998651e-1 -6.4998651e-1
2.7204004e-1 1.83049214e0 -8.493504e-1 -8.493504e-1
3.0592004e-1 1.83049214e0 -1.07591335e0 -1.07591335e0
3.3980005e-1 1.83049214e0 -1.3299469e0 -1.3299469e0
3.7368005e-1 1.83049214e0 -1.6117491e0 -1.6117491e0
4.0756006e-1 1.83049214e0 -1.9216531e0 -1.9216531e0
4.4144006e-1 1.83049214e0 -2.260031e0 -2.260031e0
4.7532007e-1 1.83049214e0 -2.6272687e0 -2.6272687e0
5.0920007e-1 1.83049214e0 -3.0237999e0 -3.0237999e0
5.4308008e-1 1.83049214e0 -3.450085e0 -3.450085e0
5.7696008e-1 1.83049214e0 -3.9066107e0 -3.9066107e0
6.1084009e-1 1.83049214e0 -4.3939008e0 -4.3939008e0
6.447201e-1 1.83049214e0 -4.9125116e0 -4.9125116e0
6.786001e-1 1.83049214e0 -5.4630266e0 -5.4630266e0
7.124801e-1 1.83049214e0 -6.0460684e0 -6.0460684e0
7.463601e-1 1.83049214e0 -6.6622789e0 -6.6622789e0
7.8024011e-1 1.83049214e0 -7.3123378e0 -7.3123378e0
8.1412012e-1 1.83049214e0 -7.9969664e0 -7.9969664e0
8.4800012e-1 1.83049214e0 -8.7169122e0 -8.7169122e0
8.8188013e-1 1.83049214e0 -9.4729385e0 -9.4729385e0
9.1576013e-1 1.83049214e0 -1.02658513e1 -1.02658513e1
9.4964014e-1 1.83049214e0 -1.1096502e1 -1.1096502e1
9.8352014e-1 1.83049214e0 -1.19657481e1 -1.19657481e1
1.0174e0 1.83049214e0 -1.2874483e1 -1.2874483e1
1.05128e0 1.83049214e0 -1.3823688e1 -1.3823688e1
1.08516e0 1.83049214e0 -1.4814278e1 -1.4814278e1
1.11904e0 1.83049214e0 -1.5847287e1 -1.5847287e1
1.15292e0 1.83049214e0 -1.6923727e1 -1.6923727e1
1.1868001e0 1.83049214e0 -1.8044618e1 -1.8044618e1
1.2206801e0 1.83049214e0 -1.9211128e1 -1.9211128e1
1.2545601e0 1.83049214e0 -2.0424345e1 -2.0424345e1
1.2884401e0 1.83049214e0 -2.1685362e1 -2.1685362e1
1.3223201e0 1.83049214e0 -2.2995506e1 -2.2995506e1
1.3562001e0 1.83049214e0 -2.4355835e1 -2.4355835e1
1.3900801e0 1.83049214e0 -2.5767741e1 -2.5767741e1
1.4239601e0 1.83049214e0 -2.723238e1 -2.723238e1
1.4578401e0 1.83049214e0 -2.8751219e1 -2.8751219e1
1.4917201e0 1.83049214e0 -3.0325487e1 -3.0325487e1
1.5256001e0 1.83049214e0 -3.1956496e1 -3.1956496e1
1.5594801e0 1.83049214e0 -3.3645894e1 -3.3645894e1
1.5933601e0 1.83049214e0 -3.5394821e1 -3.5394821e1
1.6272401e0 1.83049214e0 -3.7204996e1 -3.7204996e1
1.6611201e0 1.83049214e0 -3.9077814e1 -3.9077814e1
1.6950002e0 1.83049214e0 -4.1014766e1 -4.1014766e1
1.7288802e0 1.83049214e0 -4.3017575e1 -4.3017575e1
1.7627602e0 1.83049214e0 -4.5087659e1 -4.5087659e1
1.7966402e0 1.83049214e0 -4.722669e1 -4.722669e1
1.8305202e0 1.83049214e0 -4.9436449e1 -4.9436449e1
1.8644002e0 1.83049214e0 -5.171844e1 -5.171844e1
1.8982802e0 1.83049214e0 -5.4074623e1 -5.4074623e1
1.9321602e0 1.83049214e0 -5.6506586e1 -5.6506586e1
1.9660402e0 1.83049214e0 -5.9016043e1 -5.9016043e1
1.9999202e0 1.83049214e0 -6.1605035e1 -6.1605035e1

1.0e-3 1.89828815e0 -1.2413986e-5 -1.2413986e-5
3.4880005e-2 1.89828815e0 -1.510453e-2 -1.510453e-2
6.876001e-2 1.89828815e0 -5.871493e-2 -5.871493e-2
1.0264001e-1 1.89828815e0 -1.3089227e-1 -1.3089227e-1
1.3652002e-1 1.89828815e0 -2.3171599e-1 -2.3171599e-1
1.7040002e-1 1.89828815e0 -3.6129803e-1 -3.6129803e-1
2.0428003e-1 1.89828815e0 -5.1978146e-1 -5.1978146e-1
2.3816003e-1 1.89828815e0 -7.0734114e-1 -7.0734114e-1
2.7204004e-1 1.89828815e0 -9.2418394e-1 -9.2418394e-1
3.0592004e-1 1.89828815e0 -1.17054863e0 -1.17054863e0
3.3980005e-1 1.89828815e0 -1.4467024e0 -1.4467024e0
3.7368005e-1 1.89828815e0 -1.7529477e0 -1.7529477e0
4.0756006e-1 1.89828815e0 -2.0896188e0 -2.0896188e0
4.4144006e-1 1.89828815e0 -2.45708e0 -2.45708e0
4.7532007e-1 1.89828815e0 -2.8557285e0 -2.8557285e0
5.0920007e-1 1.89828815e0 -3.2859888e0 -3.2859888e0
5.4308008e-1 1.89828815e0 -3.7483197e0 -3.7483197e0
5.7696008e-1 1.89828815e0 -4.2432169e0 -4.2432169e0
6.1084009e-1 1.89828815e0 -4.7711998e0 -4.7711998e0
6.447201e-1 1.89828815e0 -5.3328247e0 -5.3328247e0
6.786001e-1 1.89828815e0 -5.9286824e0 -5.9286824e0
7.124801e-1 1.89828815e0 -6.5593741e0 -6.5593741e0
7.463601e-1 1.89828815e0 -7.2255629e0 -7.2255629e0
7.8024011e-1 1.89828815e0 -7.9279308e0 -7.9279308e0
8.1412012e-1 1.89828815e0 -8.6671812e0 -8.6671812e0
8.4800012e-1 1.89828815e0 -9.4440704e0 -9.4440704e0
8.8188013e-1 1.89828815e0 -1.02593497e1 -1.02593497e1
9.1576013e-1 1.89828815e0 -1.11138606e1 -1.11138606e1
9.4964014e-1 1.89828815e0 -1.20084189e1 -1.20084189e1
9.8352014e-1 1.89828815e0 -1.29438939e1 -1.29438939e1
1.0174e0 1.89828815e0 -1.3921178e1 -1.3921178e1
1.05128e0 1.89828815e0 -1.4941255e1 -1.4941255e1
1.08516e0 1.89828815e0 -1.6005019e1 -1.6005019e1
1.11904e0 1.89828815e0 -1.7113564e1 -1.7113564e1
1.15292e0 1.89828815e0 -1.8267819e1 -1.8267819e1
1.1868001e0 1.89828815e0 -1.9468864e1 -1.9468864e1
1.2206801e0 1.89828815e0 -2.0717879e1 -2.0717879e1
1.2545601e0 1.89828815e0 -2.2015897e1 -2.2015897e1
1.2884401e0 1.89828815e0 -2.3364032e1 -2.3364032e1
1.3223201e0 1.89828815e0 -2.4763623e1 -2.4763623e1
1.3562001e0 1.89828815e0 -2.6215712e1 -2.6215712e1
1.3900801e0 1.89828815e0 -2.7721706e1 -2.7721706e1
1.4239601e0 1.89828815e0 -2.928275e1 -2.928275e1
1.4578401e0 1.89828815e0 -3.0900319e1 -3.0900319e1
1.4917201e0 1.89828815e0 -3.257564e1 -3.257564e1
1.5256001e0 1.89828815e0 -3.4310016e1 -3.4310016e1
1.5594801e0 1.89828815e0 -3.6105074e1 -3.6105074e1
1.5933601e0 1.89828815e0 -3.796205e1 -3.796205e1
1.6272401e0 1.89828815e0 -3.9882521e1 -3.9882521e1
1.6611201e0 1.89828815e0 -4.1868039e1 -4.1868039e1
1.6950002e0 1.89828815e0 -4.3919968e1 -4.3919968e1
1.7288802e0 1.89828815e0 -4.6040033e1 -4.6040033e1
1.7627602e0 1.89828815e0 -4.8229785e1 -4.8229785e1
1.7966402e0 1.89828815e0 -5.049076e1 -5.049076e1
1.8305202e0 1.89828815e0 -5.2824783e1 -5.2824783e1
1.8644002e0 1.89828815e0 -5.5233304e1 -5.5233304e1
1.8982802e0 1.89828815e0 -5.7718394e1 -5.7718394e1
1.9321602e0 1.89828815e0 -6.0281586e1 -6.0281586e1
1.9660402e0 1.89828815e0 -6.292459e1 -6.292459e1
1.9999202e0 1.89828815e0 -6.5649452e1 -6.5649452e1

1.0e-3 1.96608415e0 -1.3461945e-5 -1.3461945e-5
3.4880005e-2 1.96608415e0 -1.6379492e-2 -1.6379492e-2
6.876001e-2 1.96608415e0 -6.3669614e-2 -6.3669614e-2
1.0264001e-1 1.96608415e0 -1.419325e-1 -1.419325e-1
1.3652002e-1 1.96608415e0 -2.5124754e-1 -2.5124754e-1
1.7040002e-1 1.96608415e0 -3.9172676e-1 -3.9172676e-1
2.0428003e-1 1.96608415e0 -5.6351314e-1 -5.6351314e-1
2.3816003e-1 1.96608415e0 -7.6678246e-1 -7.6678246e-1
2.7204004e-1 1.96608415e0 -1.00173897e0 -1.00173897e0
3.0592004e-1 1.96608415e0 -1.26862402e0 -1.26862402e0
3.3980005e-1 1.96608415e0 -1.567704e0 -1.567704e0
3.7368005e-1 1.96608415e0 -1.8992834e0 -1.8992834e0
4.0756006e-1 1.96608415e0 -2.26369e0 -2.26369e0
4.4144006e-1 1.96608415e0 -2.661295e0 -2.661295e0
4.7532007e-1 1.96608415e0 -3.0924928e0 -3.0924928e0
5.0920007e-1 1.96608415e0 -3.5577084e0 -3.5577084e0
5.4308008e-1 1.96608415e0 -4.0574005e0 -4.0574005e0
5.7696008e-1 1.96608415e0 -4.5920644e0 -4.5920644e0
6.1084009e-1 1.96608415e0 -5.1622258e0 -5.1622258e0
6.447201e-1 1.96608415e0 -5.7684233e0 -5.7684233e0
6.786001e-1 1.96608415e0 -6.4112653e0 -6.4112653e0
7.124801e-1 1.96608415e0 -7.091347e0 -7.091347e0
7.463601e-1 1.96608415e0 -7.8093402e0 -7.8093402e0
7.8024011e-1 1.96608415e0 -8.5659013e0 -8.5659013e0
8.1412012e-1 1.96608415e0 -9.3617593e0 -9.3617593e0
8.4800012e-1 1.96608415e0 -1.01976619e1 -1.01976619e1
8.8188013e-1 1.96608415e0 -1.10743721e1 -1.10743721e1
9.1576013e-1 1.96608415e0 -1.1992696e1 -1.1992696e1
9.4964014e-1 1.96608415e0 -1.29534851e1 -1.29534851e1
9.8352014e-1 1.96608415e0 -1.39575967e1 -1.39575967e1
1.0174e0 1.96608415e0 -1.500592e1 -1.500592e1
1.05128e0 1.96608415e0 -1.6099448e1 -1.6099448e1
1.08516e0 1.96608415e0 -1.7239082e1 -1.7239082e1
1.11904e0 1.96608415e0 -1.842587e1 -1.842587e1
1.15292e0 1.96608415e0 -1.9660812e1 -1.9660812e1
1.1868001e0 1.96608415e0 -2.0944907e1 -2.0944907e1
1.2206801e0 1.96608415e0 -2.2279399e1 -2.2279399e1
1.2545601e0 1.96608415e0 -2.3665302e1 -2.3665302e1
1.2884401e0 1.96608415e0 -2.5103723e1 -2.5103723e1
1.3223201e0 1.96608415e0 -2.6596011e1 -2.6596011e1
1.3562001e0 1.96608415e0 -2.8143198e1 -2.8143198e1
1.3900801e0 1.96608415e0 -2.97467e1 -2.97467e1
1.4239601e0 1.96608415e0 -3.1407654e1 -3.1407654e1
1.4578401e0 1.96608415e0 -3.3127544e1 -3.3127544e1
1.4917201e0 1.96608415e0 -3.4907588e1 -3.4907588e1
1.5256001e0 1.96608415e0 -3.674909e1 -3.674909e1
1.5594801e0 1.96608415e0 -3.8653725e1 -3.8653725e1
1.5933601e0 1.96608415e0 -4.0622601e1 -4.0622601e1
1.6272401e0 1.96608415e0 -4.265746e1 -4.265746e1
1.6611201e0 1.96608415e0 -4.4759694e1 -4.4759694e1
1.6950002e0 1.96608415e0 -4.6930777e1 -4.6930777e1
1.7288802e0 1.96608415e0 -4.917241e1 -4.917241e1
1.7627602e0 1.96608415e0 -5.1486134e1 -5.1486134e1
1.7966402e0 1.96608415e0 -5.3873482e1 -5.3873482e1
1.8305202e0 1.96608415e0 -5.6336288e1 -5.6336288e1
1.8644002e0 1.96608415e0 -5.8876045e1 -5.8876045e1
1.8982802e0 1.96608415e0 -6.149468e1 -6.149468e1
1.9321602e0 1.96608415e0 -6.4193872e1 -6.4193872e1
1.9660402e0 1.96608415e0 -6.6975336e1 -6.6975336e1
1.9999202e0 1.96608415e0 -6.9841014e1 -6.9841014e1

1.0e-3 2.03388016e0 -1.4546677e-5 -1.4546677e-5
3.4880005e-2 2.03388016e0 -1.7699194e-2 -1.7699194e-2
6.876001e-2 2.03388016e0 -6.8798161e-2 -6.8798161e-2
1.0264001e-1 2.03388016e0 -1.5336014e-1 -1.5336014e-1
1.3652002e-1 2.03388016e0 -2.714645e-1 -2.714645e-1
1.7040002e-1 2.03388016e0 -4.2322325e-1 -4.2322325e-1
2.0428003e-1 2.03388016e0 -6.0877937e-1 -6.0877937e-1
2.3816003e-1 2.03388016e0 -8.2830783e-1 -8.2830783e-1
2.7204004e-1 2.03388016e0 -1.08201544e0 -1.08201544e0
3.0592004e-1 2.03388016e0 -1.37014096e0 -1.37014096e0
3.3980005e-1 2.03388016e0 -1.6929518e0 -1.6929518e0
3.7368005e-1 2.03388016e0 -2.0507498e0 -2.0507498e0
4.0756006e-1 2.03388016e0 -2.4438698e0 -2.4438698e0
4.4144006e-1 2.03388016e0 -2.8726761e0 -2.8726761e0
4.7532007e-1 2.03388016e0 -3.3375656e0 -3.3375656e0
5.0920007e-1 2.03388016e0 -3.838963e0 -3.838963e0
5.4308008e-1 2.03388016e0 -4.3773271e0 -4.3773271e0
5.7696008e-1 2.03388016e0 -4.9531532e0 -4.9531532e0
6.1084009e-1 2.03388016e0 -5.5669617e0 -5.5669617e0
6.447201e-1 2.03388016e0 -6.2193076e0 -6.2193076e0
6.786001e-1 2.03388016e0 -6.9107825e0 -6.9107825e0
7.124801e-1 2.03388016e0 -7.6419875e0 -7.6419875e0
7.463601e-1 2.03388016e0 -8.4135855e0 -8.4135855e0
7.8024011e-1 2.03388016e0 -9.2262587e0 -9.2262587e0
8.1412012e-1 2.03388016e0 -1.00807106e1 -1.00807106e1
8.4800012e-1 2.03388016e0 -1.09776863e1 -1.09776863e1
8.8188013e-1 2.03388016e0 -1.19179701e1 -1.19179701e1
9.1576013e-1 2.03388016e0 -1.29023706e1 -1.29023706e1
9.4964014e-1 2.03388016e0 -1.39317145e1 -1.39317145e1
9.8352014e-1 2.03388016e0 -1.5006871e1 -1.5006871e1
1.0174e0 2.03388016e0 -1.6128728e1 -1.6128728e1
1.05128e0 2.03388016e0 -1.7298283e1 -1.7298283e1
1.08516e0 2.03388016e0 -1.8516432e1 -1.8516432e1
1.11904e0 2.03388016e0 -1.9784225e1 -1.9784225e1
1.15292e0 2.03388016e0 -2.1102646e1 -2.1102646e1
1.1868001e0 2.03388016e0 -2.2472745e1 -2.2472745e1
1.2206801e0 2.03388016e0 -2.3895715e1 -2.3895715e1
1.2545601e0 2.03388016e0 -2.5372586e1 -2.5372586e1
1.2884401e0 2.03388016e0 -2.6904462e1 -2.6904462e1
1.3223201e0 2.03388016e0 -2.84927e1 -2.84927e1
1.3562001e0 2.03388016e0 -3.0138321e1 -3.0138321e1
1.3900801e0 2.03388016e0 -3.1842752e1 -3.1842752e1
1.4239601e0 2.03388016e0 -3.3607121e1 -3.3607121e1
1.4578401e0 2.03388016e0 -3.5432921e1 -3.5432921e1
1.4917201e0 2.03388016e0 -3.7321367e1 -3.7321367e1
1.5256001e0 2.03388016e0 -3.9273755e1 -3.9273755e1
1.5594801e0 2.03388016e0 -4.1291733e1 -4.1291733e1
1.5933601e0 2.03388016e0 -4.3376512e1 -4.3376512e1
1.6272401e0 2.03388016e0 -4.5529732e1 -4.5529732e1
1.6611201e0 2.03388016e0 -4.7752818e1 -4.7752818e1
1.6950002e0 2.03388016e0 -5.0047238e1 -5.0047238e1
1.7288802e0 2.03388016e0 -5.2414703e1 -5.2414703e1
1.7627602e0 2.03388016e0 -5.4856749e1 -5.4856749e1
1.7966402e0 2.03388016e0 -5.7374905e1 -5.7374905e1
1.8305202e0 2.03388016e0 -5.9971014e1 -5.9971014e1
1.8644002e0 2.03388016e0 -6.2646506e1 -6.2646506e1
1.8982802e0 2.03388016e0 -6.5403477e1 -6.5403477e1
1.9321602e0 2.03388016e0 -6.8243443e1 -6.8243443e1
1.9660402e0 2.03388016e0 -7.1168106e1 -7.1168106e1
1.9999202e0 2.03388016e0 -7.4179538e1 -7.4179538e1

1.0e-3 2.10167616e0 -1.5668167e-5 -1.5668167e-5
3.4880005e-2 2.10167616e0 -1.9063597e-2 -1.9063597e-2
6.876001e-2 2.10167616e0 -7.4100427e-2 -7.4100427e-2
1.0264001e-1 2.10167616e0 -1.6517487e-1 -1.6517487e-1
1.3652002e-1 2.10167616e0 -2.9236624e-1 -2.9236624e-1
1.7040002e-1 2.10167616e0 -4.5578662e-1 -4.5578662e-1
2.0428003e-1 2.10167616e0 -6.5557892e-1 -6.5557892e-1
2.3816003e-1 2.10167616e0 -8.9191904e-1 -8.9191904e-1
2.7204004e-1 2.10167616e0 -1.16501225e0 -1.16501225e0
3.0592004e-1 2.10167616e0 -1.47509659e0 -1.47509659e0
3.3980005e-1 2.10167616e0 -1.8224437e0 -1.8224437e0
3.7368005e-1 2.10167616e0 -2.2073512e0 -2.2073512e0
4.0756006e-1 2.10167616e0 -2.6301526e0 -2.6301526e0
4.4144006e-1 2.10167616e0 -3.0912172e0 -3.0912172e0
4.7532007e-1 2.10167616e0 -3.5909396e0 -3.5909396e0
5.0920007e-1 2.10167616e0 -4.1297446e0 -4.1297446e0
5.4308008e-1 2.10167616e0 -4.7080905e0 -4.7080905e0
5.7696008e-1 2.10167616e0 -5.3264732e0 -5.3264732e0
6.1084009e-1 2.10167616e0 -5.9854185e0 -5.9854185e0
6.447201e-1 2.10167616e0 -6.6854645e0 -6.6854645e0
6.786001e-1 2.10167616e0 -7.4272198e0 -7.4272198e0
7.124801e-1 2.10167616e0 -8.2112798e0 -8.2112798e0
7.463601e-1 2.10167616e0 -9.0383073e0 -9.0383073e0
7.8024011e-1 2.10167616e0 -9.9089845e0 -9.9089845e0
8.1412012e-1 2.10167616e0 -1.08240149e1 -1.08240149e1
8.4800012e-1 2.10167616e0 -1.1784155e1 -1.1784155e1
8.8188013e-1 2.10167616e0 -1.27901675e1 -1.27901675e1
9.1576013e-1 2.10167616e0 -1.38428586e1 -1.38428586e1
9.4964014e-1 2.10167616e0 -1.49430794e1 -1.49430794e1
9.8352014e-1 2.10167616e0 -1.60916875e1 -1.60916875e1
1.0174e0 2.10167616e0 -1.7289568e1 -1.7289568e1
1.05128e0 2.10167616e0 -1.8537726e1 -1.8537726e1
1.08516e0 2.10167616e0 -1.9837048e1 -1.9837048e1
1.11904e0 2.10167616e0 -2.1188594e1 -2.1188594e1
1.15292e0 2.10167616e0 -2.259336e1 -2.259336e1
1.1868001e0 2.10167616e0 -2.4052335e1 -2.4052335e1
1.2206801e0 2.10167616e0 -2.5566782e1 -2.5566782e1
1.2545601e0 2.10167616e0 -2.7137701e1 -2.7137701e1
1.2884401e0 2.10167616e0 -2.8766197e1 -2.8766197e1
1.3223201e0 2.10167616e0 -3.0453636e1 -3.0453636e1
1.3562001e0 2.10167616e0 -3.2201025e1 -3.2201025e1
1.3900801e0 2.10167616e0 -3.4009804e1 -3.4009804e1
1.4239601e0 2.10167616e0 -3.5881091e1 -3.5881091e1
1.4578401e0 2.10167616e0 -3.781639e1 -3.781639e1
1.4917201e0 2.10167616e0 -3.9816908e1 -3.9816908e1
1.5256001e0 2.10167616e0 -4.1883936e1 -4.1883936e1
1.5594801e0 2.10167616e0 -4.4019174e1 -4.4019174e1
1.5933601e0 2.10167616e0 -4.6223706e1 -4.6223706e1
1.6272401e0 2.10167616e0 -4.8499297e1 -4.8499297e1
1.6611201e0 2.10167616e0 -5.0847328e1 -5.0847328e1
1.6950002e0 2.10167616e0 -5.3269264e1 -5.3269264e1
1.7288802e0 2.10167616e0 -5.5766824e1 -5.5766824e1
1.7627602e0 2.10167616e0 -5.8341539e1 -5.8341539e1
1.7966402e0 2.10167616e0 -6.0994933e1 -6.0994933e1
1.8305202e0 2.10167616e0 -6.372886e1 -6.372886e1
1.8644002e0 2.10167616e0 -6.654479e1 -6.654479e1
1.8982802e0 2.10167616e0 -6.9444678e1 -6.9444678e1
1.9321602e0 2.10167616e0 -7.2430186e1 -7.2430186e1
1.9660402e0 2.10167616e0 -7.5503018e1 -7.5503018e1
1.9999202e0 2.10167616e0 -7.8665144e1 -7.8665144e1

1.0e-3 2.16947217e0 -1.6826431e-5 -1.6826431e-5
3.4880005e-2 2.16947217e0 -2.0472778e-2 -2.0472778e-2
6.876001e-2 2.16947217e0 -7.9576701e-2 -7.9576701e-2
1.0264001e-1 2.16947217e0 -1.7737717e-1 -1.7737717e-1
1.3652002e-1 2.16947217e0 -3.1395364e-1 -3.1395364e-1
1.7040002e-1 2.16947217e0 -4.8941866e-1 -4.8941866e-1
2.0428003e-1 2.16947217e0 -7.0391432e-1 -7.0391432e-1
2.3816003e-1 2.16947217e0 -9.5761604e-1 -9.5761604e-1
2.7204004e-1 2.16947217e0 -1.25073055e0 -1.25073055e0
3.0592004e-1 2.16947217e0 -1.5834952e0 -1.5834952e0
3.3980005e-1 2.16947217e0 -1.9561818e0 -1.9561818e0
3.7368005e-1 2.16947217e0 -2.3690875e0 -2.3690875e0
4.0756006e-1 2.16947217e0 -2.8225488e0 -2.8225488e0
4.4144006e-1 2.16947217e0 -3.3169304e0 -3.3169304e0
4.7532007e-1 2.16947217e0 -3.8526254e0 -3.8526254e0
5.0920007e-1 2.16947217e0 -4.4300648e0 -4.4300648e0
5.4308008e-1 2.16947217e0 -5.049709e0 -5.049709e0
5.7696008e-1 2.16947217e0 -5.7120448e0 -5.7120448e0
6.1084009e-1 2.16947217e0 -6.4175967e0 -6.4175967e0
6.447201e-1 2.16947217e0 -7.1669196e0 -7.1669196e0
6.786001e-1 2.16947217e0 -7.9605983e0 -7.9605983e0
7.124801e-1 2.16947217e0 -8.7992549e0 -8.7992549e0
7.463601e-1 2.16947217e0 -9.6835309e0 -9.6835309e0
7.8024011e-1 2.16947217e0 -1.06141158e1 -1.06141158e1
8.1412012e-1 2.16947217e0 -1.15917128e1 -1.15917128e1
8.4800012e-1 2.16947217e0 -1.26170677e1 -1.26170677e1
8.8188013e-1 2.16947217e0 -1.36909642e1 -1.36909642e1
9.1576013e-1 2.16947217e0 -1.48141983e1 -1.48141983e1
9.4964014e-1 2.16947217e0 -1.59876212e1 -1.59876212e1
9.8352014e-1 2.16947217e0 -1.72121051e1 -1.72121051e1
1.0174e0 2.16947217e0 -1.8488489e1 -1.8488489e1
1.05128e0 2.16947217e0 -1.9817844e1 -1.9817844e1
1.08516e0 2.16947217e0 -2.1200987e1 -2.1200987e1
1.11904e0 2.16947217e0 -2.2639032e1 -2.2639032e1
1.15292e0 2.16947217e0 -2.4132953e1 -2.4132953e1
1.1868001e0 2.16947217e0 -2.5683763e1 -2.5683763e1
1.2206801e0 2.16947217e0 -2.7292665e1 -2.7292665e1
1.2545601e0 2.16947217e0 -2.8960721e1 -2.8960721e1
1.2884401e0 2.16947217e0 -3.0689029e1 -3.0689029e1
1.3223201e0 2.16947217e0 -3.2478925e1 -3.2478925e1
1.3562001e0 2.16947217e0 -3.4331424e1 -3.4331424e1
1.3900801e0 2.16947217e0 -3.6247974e1 -3.6247974e1
1.4239601e0 2.16947217e0 -3.8229655e1 -3.8229655e1
1.4578401e0 2.16947217e0 -4.0278046e1 -4.0278046e1
1.4917201e0 2.16947217e0 -4.2394313e1 -4.2394313e1
1.5256001e0 2.16947217e0 -4.4579778e1 -4.4579778e1
1.5594801e0 2.16947217e0 -4.6836049e1 -4.6836049e1
1.5933601e0 2.16947217e0 -4.91643e1 -4.91643e1
1.6272401e0 2.16947217e0 -5.1566277e1 -5.1566277e1
1.6611201e0 2.16947217e0 -5.4043394e1 -5.4043394e1
1.6950002e0 2.16947217e0 -5.6596985e1 -5.6596985e1
1.7288802e0 2.16947217e0 -5.9228954e1 -5.9228954e1
1.7627602e0 2.16947217e0 -6.1940689e1 -6.1940689e1
1.7966402e0 2.16947217e0 -6.4733713e1 -6.4733713e1
1.8305202e0 2.16947217e0 -6.760998e1 -6.760998e1
1.8644002e0 2.16947217e0 -7.05709e1 -7.05709e1
1.8982802e0 2.16947217e0 -7.3618501e1 -7.3618501e1
1.9321602e0 2.16947217e0 -7.6754329e1 -7.6754329e1
1.9660402e0 2.16947217e0 -7.9980074e1 -7.9980074e1
1.9999202e0 2.16947217e0 -8.3297833e1 -8.3297833e1

1.0e-3 2.23726817e0 -1.8021469e-5 -1.8021469e-5
3.4880005e-2 2.23726817e0 -2.192668e-2 -2.192668e-2
6.876001e-2 2.23726817e0 -8.5226767e-2 -8.5226767e-2
1.0264001e-1 2.23726817e0 -1.8996704e-1 -1.8996704e-1
1.3652002e-1 2.23726817e0 -3.3622672e-1 -3.3622672e-1
1.7040002e-1 2.23726817e0 -5.24118e-1 -5.24118e-1
2.0428003e-1 2.23726817e0 -7.5378368e-1 -7.5378368e-1
2.3816003e-1 2.23726817e0 -1.02539973e0 -1.02539973e0
2.7204004e-1 2.23726817e0 -1.33917029e0 -1.33917029e0
3.0592004e-1 2.23726817e0 -1.69533676e0 -1.69533676e0
3.3980005e-1 2.23726817e0 -2.0941658e0 -2.0941658e0
3.7368005e-1 2.23726817e0 -2.535961e0 -2.535961e0
4.0756006e-1 2.23726817e0 -3.0210509e0 -3.0210509e0
4.4144006e-1 2.23726817e0 -3.5498067e0 -3.5498067e0
4.7532007e-1 2.23726817e0 -4.1226228e0 -4.1226228e0
5.0920007e-1 2.23726817e0 -4.739924e0 -4.739924e0
5.4308008e-1 2.23726817e0 -5.4021687e0 -5.4021687e0
5.7696008e-1 2.23726817e0 -6.1098526e0 -6.1098526e0
6.1084009e-1 2.23726817e0 -6.8634962e0 -6.8634962e0
6.447201e-1 2.23726817e0 -7.6636539e0 -7.6636539e0
6.786001e-1 2.23726817e0 -8.5109181e0 -8.5109181e0
7.124801e-1 2.23726817e0 -9.4058896e0 -9.4058896e0
7.463601e-1 2.23726817e0 -1.0349231e1 -1.0349231e1
7.8024011e-1 2.23726817e0 -1.13416246e1 -1.13416246e1
8.1412012e-1 2.23726817e0 -1.23837738e1 -1.23837738e1
8.4800012e-1 2.23726817e0 -1.34764355e1 -1.34764355e1
8.8188013e-1 2.23726817e0 -1.46203604e1 -1.46203604e1
9.1576013e-1 2.23726817e0 -1.58163899e1 -1.58163899e1
9.4964014e-1 2.23726817e0 -1.70653398e1 -1.70653398e1
9.8352014e-1 2.23726817e0 -1.83680795e1 -1.83680795e1
1.0174e0 2.23726817e0 -1.972549e1 -1.972549e1
1.05128e0 2.23726817e0 -2.1138586e1 -2.1138586e1
1.08516e0 2.23726817e0 -2.2608229e1 -2.2608229e1
1.11904e0 2.23726817e0 -2.4135538e1 -2.4135538e1
1.15292e0 2.23726817e0 -2.5721426e1 -2.5721426e1
1.1868001e0 2.23726817e0 -2.7366966e1 -2.7366966e1
1.2206801e0 2.23726817e0 -2.9073366e1 -2.9073366e1
1.2545601e0 2.23726817e0 -3.0841641e1 -3.0841641e1
1.2884401e0 2.23726817e0 -3.2672884e1 -3.2672884e1
1.3223201e0 2.23726817e0 -3.4568486e1 -3.4568486e1
1.3562001e0 2.23726817e0 -3.652943e1 -3.652943e1
1.3900801e0 2.23726817e0 -3.8557173e1 -3.8557173e1
1.4239601e0 2.23726817e0 -4.0652817e1 -4.0652817e1
1.4578401e0 2.23726817e0 -4.281789e1 -4.281789e1
1.4917201e0 2.23726817e0 -4.5053581e1 -4.5053581e1
1.5256001e0 2.23726817e0 -4.7361172e1 -4.7361172e1
1.5594801e0 2.23726817e0 -4.9742357e1 -4.9742357e1
1.5933601e0 2.23726817e0 -5.2198294e1 -5.2198294e1
1.6272401e0 2.23726817e0 -5.4730627e1 -5.4730627e1
1.6611201e0 2.23726817e0 -5.7340887e1 -5.7340887e1
1.6950002e0 2.23726817e0 -6.0030402e1 -6.0030402e1
1.7288802e0 2.23726817e0 -6.2800954e1 -6.2800954e1
1.7627602e0 2.23726817e0 -6.5654062e1 -6.5654062e1
1.7966402e0 2.23726817e0 -6.8591243e1 -6.8591243e1
1.8305202e0 2.23726817e0 -7.1614369e1 -7.1614369e1
1.8644002e0 2.23726817e0 -7.4724835e1 -7.4724835e1
1.8982802e0 2.23726817e0 -7.7924782e1 -7.7924782e1
1.9321602e0 2.23726817e0 -8.1215698e1 -8.1215698e1
1.9660402e0 2.23726817e0 -8.4599269e1 -8.4599269e1
1.9999202e0 2.23726817e0 -8.8077605e1 -8.8077605e1

1.0e-3 2.30506418e0 -1.9253296e-5 -1.9253296e-5
3.4880005e-2 2.30506418e0 -2.342532e-2 -2.342532e-2
6.876001e-2 2.30506418e0 -9.1050697e-2 -9.1050697e-2
1.0264001e-1 2.30506418e0 -2.0294415e-1 -2.0294415e-1
1.3652002e-1 2.30506418e0 -3.5918488e-1 -3.5918488e-1
1.7040002e-1 2.30506418e0 -5.5988556e-1 -5.5988556e-1
2.0428003e-1 2.30506418e0 -8.0518759e-1 -8.0518759e-1
2.3816003e-1 2.30506418e0 -1.09526836e0 -1.09526836e0
2.7204004e-1 2.30506418e0 -1.43033263e0 -1.43033263e0
3.0592004e-1 2.30506418e0 -1.81061844e0 -1.81061844e0
3.3980005e-1 2.30506418e0 -2.2363977e0 -2.2363977e0
3.7368005e-1 2.30506418e0 -2.7079672e0 -2.7079672e0
4.0756006e-1 2.30506418e0 -3.2256612e0 -3.2256612e0
4.4144006e-1 2.30506418e0 -3.789852e0 -3.789852e0
4.7532007e-1 2.30506418e0 -4.4009251e0 -4.4009251e0
5.0920007e-1 2.30506418e0 -5.059314e0 -5.059314e0
5.4308008e-1 2.30506418e0 -5.7654788e0 -5.7654788e0
5.7696008e-1 2.30506418e0 -6.5199017e0 -6.5199017e0
6.1084009e-1 2.30506418e0 -7.3231226e0 -7.3231226e0
6.447201e-1 2.30506418e0 -8.17568e0 -8.17568e0
6.786001e-1 2.30506418e0 -9.0781651e0 -9.0781651e0
7.124801e-1 2.30506418e0 -1.00311993e1 -1.00311993e1
7.463601e-1 2.30506418e0 -1.10354245e1 -1.10354245e1
7.8024011e-1 2.30506418e0 -1.20915202e1 -1.20915202e1
8.1412012e-1 2.30506418e0 -1.32002081e1 -1.32002081e1
8.4800012e-1 2.30506418e0 -1.43622366e1 -1.43622366e1
8.8188013e-1 2.30506418e0 -1.55783678e1 -1.55783678e1
9.1576013e-1 2.30506418e0 -1.68494077e1 -1.68494077e1
9.4964014e-1 2.30506418e0 -1.81762079e1 -1.81762079e1
9.8352014e-1 2.30506418e0 -1.95596255e1 -1.95596255e1
1.0174e0 2.30506418e0 -2.100054e1 -2.100054e1
1.05128e0 2.30506418e0 -2.2499973e1 -2.2499973e1
1.08516e0 2.30506418e0 -2.4058792e1 -2.4058792e1
1.11904e0 2.30506418e0 -2.5678075e1 -2.5678075e1
1.15292e0 2.30506418e0 -2.7358801e1 -2.7358801e1
1.1868001e0 2.30506418e0 -2.9101985e1 -2.9101985e1
1.2206801e0 2.30506418e0 -3.090884e1 -3.090884e1
1.2545601e0 2.30506418e0 -3.2780417e1 -3.2780417e1
1.2884401e0 2.30506418e0 -3.4717786e1 -3.4717786e1
1.3223201e0 2.30506418e0 -3.6722348e1 -3.6722348e1
1.3562001e0 2.30506418e0 -3.8795073e1 -3.8795073e1
1.3900801e0 2.30506418e0 -4.093743e1 -4.093743e1
1.4239601e0 2.30506418e0 -4.3150511e1 -4.3150511e1
1.4578401e0 2.30506418e0 -4.5435855e1 -4.5435855e1
1.4917201e0 2.30506418e0 -4.7794646e1 -4.7794646e1
1.5256001e0 2.30506418e0 -5.0228192e1 -5.0228192e1
1.5594801e0 2.30506418e0 -5.2738133e1 -5.2738133e1
1.5933601e0 2.30506418e0 -5.5325609e1 -5.5325609e1
1.6272401e0 2.30506418e0 -5.7992393e1 -5.7992393e1
1.6611201e0 2.30506418e0 -6.0739851e1 -6.0739851e1
1.6950002e0 2.30506418e0 -6.3569424e1 -6.3569424e1
1.7288802e0 2.30506418e0 -6.6482872e1 -6.6482872e1
1.7627602e0 2.30506418e0 -6.9481702e1 -6.9481702e1
1.7966402e0 2.30506418e0 -7.2567427e1 -7.2567427e1
1.8305202e0 2.30506418e0 -7.574193e1 -7.574193e1
1.8644002e0 2.30506418e0 -7.9006647e1 -7.9006647e1
1.8982802e0 2.30506418e0 -8.2363576e1 -8.2363576e1
1.9321602e0 2.30506418e0 -8.581441e1 -8.581441e1
1.9660402e0 2.30506418e0 -8.9360666e1 -8.9360666e1
1.9999202e0 2.30506418e0 -9.3004521e1 -9.3004521e1

1.0e-3 2.37286018e0 -2.0521866e-5 -2.0521866e-5
3.4880005e-2 2.37286018e0 -2.49687e-2 -2.49687e-2
6.876001e-2 2.37286018e0 -9.704849e-2 -9.704849e-2
1.0264001e-1 2.37286018e0 -2.1630869e-1 -2.1630869e-1
1.3652002e-1 2.37286018e0 -3.8282843e-1 -3.8282843e-1
1.7040002e-1 2.37286018e0 -5.9672e-1 -5.9672e-1
2.0428003e-1 2.37286018e0 -8.581261e-1 -8.581261e-1
2.3816003e-1 2.37286018e0 -1.16722194e0 -1.16722194e0
2.7204004e-1 2.37286018e0 -1.52421419e0 -1.52421419e0
3.0592004e-1 2.37286018e0 -1.92934167e0 -1.92934167e0
3.3980005e-1 2.37286018e0 -2.382872e0 -2.382872e0
3.7368005e-1 2.37286018e0 -2.8851085e0 -2.8851085e0
4.0756006e-1 2.37286018e0 -3.4363797e0 -3.4363797e0
4.4144006e-1 2.37286018e0 -4.0370575e0 -4.0370575e0
4.7532007e-1 2.37286018e0 -4.6875357e0 -4.6875357e0
5.0920007e-1 2.37286018e0 -5.3882388e0 -5.3882388e0
5.4308008e-1 2.37286018e0 -6.1396259e0 -6.1396259e0
5.7696008e-1 2.37286018e0 -6.9421921e0 -6.9421921e0
6.1084009e-1 2.37286018e0 -7.7964586e0 -7.7964586e0
6.447201e-1 2.37286018e0 -8.702979e0 -8.702979e0
6.786001e-1 2.37286018e0 -9.6623393e0 -9.6623393e0
7.124801e-1 2.37286018e0 -1.0675161e1 -1.0675161e1
7.463601e-1 2.37286018e0 -1.17420859e1 -1.17420859e1
7.8024011e-1 2.37286018e0 -1.28638028e1 -1.28638028e1
8.1412012e-1 2.37286018e0 -1.40410158e1 -1.40410158e1
8.4800012e-1 2.37286018e0 -1.52744707e1 -1.52744707e1
8.8188013e-1 2.37286018e0 -1.65649507e1 -1.65649507e1
9.1576013e-1 2.37286018e0 -1.79132646e1 -1.79132646e1
9.4964014e-1 2.37286018e0 -1.93202391e1 -1.93202391e1
9.8352014e-1 2.37286018e0 -2.07867433e1 -2.07867433e1
1.0174e0 2.37286018e0 -2.2313654e1 -2.2313654e1
1.05128e0 2.37286018e0 -2.3901999e1 -2.3901999e1
1.08516e0 2.37286018e0 -2.5552625e1 -2.5552625e1
1.11904e0 2.37286018e0 -2.7266661e1 -2.7266661e1
1.15292e0 2.37286018e0 -2.9045016e1 -2.9045016e1
1.1868001e0 2.37286018e0 -3.0888757e1 -3.0888757e1
1.2206801e0 2.37286018e0 -3.2799109e1 -3.2799109e1
1.2545601e0 2.37286018e0 -3.4777072e1 -3.4777072e1
1.2884401e0 2.37286018e0 -3.6823735e1 -3.6823735e1
1.3223201e0 2.37286018e0 -3.894051e1 -3.894051e1
1.3562001e0 2.37286018e0 -4.1128354e1 -4.1128354e1
1.3900801e0 2.37286018e0 -4.3388747e1 -4.3388747e1
1.4239601e0 2.37286018e0 -4.572277e1 -4.572277e1
1.4578401e0 2.37286018e0 -4.8131976e1 -4.8131976e1
1.4917201e0 2.37286018e0 -5.061754e1 -5.061754e1
1.5256001e0 2.37286018e0 -5.318073e1 -5.318073e1
1.5594801e0 2.37286018e0 -5.582327e1 -5.582327e1
1.5933601e0 2.37286018e0 -5.8546286e1 -5.8546286e1
1.6272401e0 2.37286018e0 -6.1351492e1 -6.1351492e1
1.6611201e0 2.37286018e0 -6.4240286e1 -6.4240286e1
1.6950002e0 2.37286018e0 -6.72141e1 -6.72141e1
1.7288802e0 2.37286018e0 -7.0274709e1 -7.0274709e1
1.7627602e0 2.37286018e0 -7.3423608e1 -7.3423608e1
1.7966402e0 2.37286018e0 -7.6662314e1 -7.6662314e1
1.8305202e0 2.37286018e0 -7.9992712e1 -7.9992712e1
1.8644002e0 2.37286018e0 -8.3416177e1 -8.3416177e1
1.8982802e0 2.37286018e0 -8.6934882e1 -8.6934882e1
1.9321602e0 2.37286018e0 -9.0550294e1 -9.0550294e1
1.9660402e0 2.37286018e0 -9.4264087e1 -9.4264087e1
1.9999202e0 2.37286018e0 -9.8078398e1 -9.8078398e1

1.0e-3 2.44065619e0 -2.1827194e-5 -2.1827194e-5
3.4880005e-2 2.44065619e0 -2.6556783e-2 -2.6556783e-2
6.876001e-2 2.44065619e0 -1.03220003e-1 -1.03220003e-1
1.0264001e-1 2.44065619e0 -2.300603e-1 -2.300603e-1
1.3652002e-1 2.44065619e0 -4.0715678e-1 -4.0715678e-1
1.7040002e-1 2.44065619e0 -6.3462177e-1 -6.3462177e-1
2.0428003e-1 2.44065619e0 -9.125979e-1 -9.125979e-1
2.3816003e-1 2.44065619e0 -1.24126134e0 -1.24126134e0
2.7204004e-1 2.44065619e0 -1.62081607e0 -1.62081607e0
3.0592004e-1 2.44065619e0 -2.05150359e0 -2.05150359e0
3.3980005e-1 2.44065619e0 -2.5335907e0 -2.5335907e0
3.7368005e-1 2.44065619e0 -3.0673782e0 -3.0673782e0
4.0756006e-1 2.44065619e0 -3.6532014e0 -3.6532014e0
4.4144006e-1 2.44065619e0 -4.2914261e0 -4.2914261e0
4.7532007e-1 2.44065619e0 -4.9824475e0 -4.9824475e0
5.0920007e-1 2.44065619e0 -5.7266907e0 -5.7266907e0
5.4308008e-1 2.44065619e0 -6.5246143e0 -6.5246143e0
5.7696008e-1 2.44065619e0 -7.3767137e0 -7.3767137e0
6.1084009e-1 2.44065619e0 -8.2835103e0 -8.2835103e0
6.447201e-1 2.44065619e0 -9.245557e0 -9.245557e0
6.786001e-1 2.44065619e0 -1.02634477e1 -1.02634477e1
7.124801e-1 2.44065619e0 -1.13377823e1 -1.13377823e1
7.463601e-1 2.44065619e0 -1.24692236e1 -1.24692236e1
7.8024011e-1 2.44065619e0 -1.36584538e1 -1.36584538e1
8.1412012e-1 2.44065619e0 -1.49061765e1 -1.49061765e1
8.4800012e-1 2.44065619e0 -1.6213149e1 -1.6213149e1
8.8188013e-1 2.44065619e0 -1.75801212e1 -1.75801212e1
9.1576013e-1 2.44065619e0 -1.90079349e1 -1.90079349e1
9.4964014e-1 2.44065619e0 -2.04974057e1 -2.04974057e1
9.8352014e-1 2.44065619e0 -2.2049403e1 -2.2049403e1
1.0174e0 2.44065619e0 -2.3664801e1 -2.3664801e1
1.05128e0 2.44065619e0 -2.5344635e1 -2.5344635e1
1.08516e0 2.44065619e0 -2.7089742e1 -2.7089742e1
1.11904e0 2.44065619e0 -2.8901259e1 -2.8901259e1
1.15292e0 2.44065619e0 -3.0780092e1 -3.0780092e1
1.1868001e0 2.44065619e0 -3.2727303e1 -3.2727303e1
1.2206801e0 2.44065619e0 -3.4744127e1 -3.4744127e1
1.2545601e0 2.44065619e0 -3.6831558e1 -3.6831558e1
1.2884401e0 2.44065619e0 -3.899068e1 -3.899068e1
1.3223201e0 2.44065619e0 -4.1222919e1 -4.1222919e1
1.3562001e0 2.44065619e0 -4.3529214e1 -4.3529214e1
1.3900801e0 2.44065619e0 -4.5911061e1 -4.5911061e1
1.4239601e0 2.44065619e0 -4.8369533e1 -4.8369533e1
1.4578401e0 2.44065619e0 -5.0906187e1 -5.0906187e1
1.4917201e0 2.44065619e0 -5.3522195e1 -5.3522195e1
1.5256001e0 2.44065619e0 -5.6218822e1 -5.6218822e1
1.5594801e0 2.44065619e0 -5.8997801e1 -5.8997801e1
1.5933601e0 2.44065619e0 -6.1860246e1 -6.1860246e1
1.6272401e0 2.44065619e0 -6.4807845e1 -6.4807845e1
1.6611201e0 2.44065619e0 -6.7842108e1 -6.7842108e1
1.6950002e0 2.44065619e0 -7.096434e1 -7.096434e1
1.7288802e0 2.44065619e0 -7.417637e1 -7.417637e1
1.7627602e0 2.44065619e0 -7.7479689e1 -7.7479689e1
1.7966402e0 2.44065619e0 -8.0875804e1 -8.0875804e1
1.8305202e0 2.44065619e0 -8.4366614e1 -8.4366614e1
1.8644002e0 2.44065619e0 -8.795348e1 -8.795348e1
1.8982802e0 2.44065619e0 -9.1638591e1 -9.1638591e1
1.9321602e0 2.44065619e0 -9.5423405e1 -9.5423405e1
1.9660402e0 2.44065619e0 -9.930959e1 -9.930959e1
1.9999202e0 2.44065619e0 -1.03299298e2 -1.03299298e2

1.0e-3 2.5084522e0 -2.3169327e-5 -2.3169327e-5
3.4880005e-2 2.5084522e0 -2.8189642e-2 -2.8189642e-2
6.876001e-2 2.5084522e0 -1.09565523e-1 -1.09565523e-1
1.0264001e-1 2.5084522e0 -2.441995e-1 -2.441995e-1
1.3652002e-1 2.5084522e0 -4.3217079e-1 -4.3217079e-1
1.7040002e-1 2.5084522e0 -6.735922e-1 -6.735922e-1
2.0428003e-1 2.5084522e0 -9.6860556e-1 -9.6860556e-1
2.3816003e-1 2.5084522e0 -1.31738654e0 -1.31738654e0
2.7204004e-1 2.5084522e0 -1.72014168e0 -1.72014168e0
3.0592004e-1 2.5084522e0 -2.17710846e0 -2.17710846e0
3.3980005e-1 2.5084522e0 -2.688559e0 -2.688559e0
3.7368005e-1 2.5084522e0 -3.2547894e0 -3.2547894e0
4.0756006e-1 2.5084522e0 -3.8761368e0 -3.8761368e0
4.4144006e-1 2.5084522e0 -4.5529666e0 -4.5529666e0
4.7532007e-1 2.5084522e0 -5.2856711e0 -5.2856711e0
5.0920007e-1 2.5084522e0 -6.0746814e0 -6.0746814e0
5.4308008e-1 2.5084522e0 -6.9204576e0 -6.9204576e0
5.7696008e-1 2.5084522e0 -7.8234868e0 -7.8234868e0
6.1084009e-1 2.5084522e0 -8.7842946e0 -8.7842946e0
6.447201e-1 2.5084522e0 -9.8034332e0 -9.8034332e0
6.786001e-1 2.5084522e0 -1.08814903e1 -1.08814903e1
7.124801e-1 2.5084522e0 -1.20190863e1 -1.20190863e1
7.463601e-1 2.5084522e0 -1.32168633e1 -1.32168633e1
7.8024011e-1 2.5084522e0 -1.44755008e1 -1.44755008e1
8.1412012e-1 2.5084522e0 -1.57957306e1 -1.57957306e1
8.4800012e-1 2.5084522e0 -1.71782712e1 -1.71782712e1
8.8188013e-1 2.5084522e0 -1.86239146e1 -1.86239146e1
9.1576013e-1 2.5084522e0 -2.0133457e1 -2.0133457e1
9.4964014e-1 2.5084522e0 -2.17077493e1 -2.17077493e1
9.8352014e-1 2.5084522e0 -2.3347664e1 -2.3347664e1
1.0174e0 2.5084522e0 -2.5054028e1 -2.5054028e1
1.05128e0 2.5084522e0 -2.6827928e1 -2.6827928e1
1.08516e0 2.5084522e0 -2.8670198e1 -2.8670198e1
1.11904e0 2.5084522e0 -3.0581926e1 -3.0581926e1
1.15292e0 2.5084522e0 -3.2564088e1 -3.2564088e1
1.1868001e0 2.5084522e0 -3.4617688e1 -3.4617688e1
1.2206801e0 2.5084522e0 -3.6743962e1 -3.6743962e1
1.2545601e0 2.5084522e0 -3.8943948e1 -3.8943948e1
1.2884401e0 2.5084522e0 -4.1218724e1 -4.1218724e1
1.3223201e0 2.5084522e0 -4.3569681e1 -4.3569681e1
1.3562001e0 2.5084522e0 -4.5997769e1 -4.5997769e1
1.3900801e0 2.5084522e0 -4.8504495e1 -4.8504495e1
1.4239601e0 2.5084522e0 -5.1090889e1 -5.1090889e1
1.4578401e0 2.5084522e0 -5.3758586e1 -5.3758586e1
1.4917201e0 2.5084522e0 -5.6508716e1 -5.6508716e1
1.5256001e0 2.5084522e0 -5.9342574e1 -5.9342574e1
1.5594801e0 2.5084522e0 -6.2261841e1 -6.2261841e1
1.5933601e0 2.5084522e0 -6.5267606e1 -6.5267606e1
1.6272401e0 2.5084522e0 -6.836169e1 -6.836169e1
1.6611201e0 2.5084522e0 -7.1545483e1 -7.1545483e1
1.6950002e0 2.5084522e0 -7.4820276e1 -7.4820276e1
1.7288802e0 2.5084522e0 -7.8188042e1 -7.8188042e1
1.7627602e0 2.5084522e0 -8.1650133e1 -8.1650133e1
1.7966402e0 2.5084522e0 -8.5208095e1 -8.5208095e1
1.8305202e0 2.5084522e0 -8.886379e1 -8.886379e1
1.8644002e0 2.5084522e0 -9.2618715e1 -9.2618715e1
1.8982802e0 2.5084522e0 -9.6474924e1 -9.6474924e1
1.9321602e0 2.5084522e0 -1.00433917e2 -1.00433917e2
1.9660402e0 2.5084522e0 -1.04497354e2 -1.04497354e2
1.9999202e0 2.5084522e0 -1.08667401e2 -1.08667401e2

1.0e-3 2.5762482e0 -2.4548218e-5 -2.4548218e-5
3.4880005e-2 2.5762482e0 -2.9867221e-2 -2.9867221e-2
6.876001e-2 2.5762482e0 -1.16084836e-1 -1.16084836e-1
1.0264001e-1 2.5762482e0 -2.5872626e-1 -2.5872626e-1
1.3652002e-1 2.5762482e0 -4.5787018e-1 -4.5787018e-1
1.7040002e-1 2.5762482e0 -7.1362994e-1 -7.1362994e-1
2.0428003e-1 2.5762482e0 -1.02614716e0 -1.02614716e0
2.3816003e-1 2.5762482e0 -1.39559755e0 -1.39559755e0
2.7204004e-1 2.5762482e0 -1.82218764e0 -1.82218764e0
3.0592004e-1 2.5762482e0 -2.30615489e0 -2.30615489e0
3.3980005e-1 2.5762482e0 -2.8477715e0 -2.8477715e0
3.7368005e-1 2.5762482e0 -3.4473334e0 -3.4473334e0
4.0756006e-1 2.5762482e0 -4.1051776e0 -4.1051776e0
4.4144006e-1 2.5762482e0 -4.8216702e0 -4.8216702e0
4.7532007e-1 2.5762482e0 -5.5972029e0 -5.5972029e0
5.0920007e-1 2.5762482e0 -6.4322108e0 -6.4322108e0
5.4308008e-1 2.5762482e0 -7.3271423e0 -7.3271423e0
5.7696008e-1 2.5762482e0 -8.2824962e0 -8.2824962e0
6.1084009e-1 2.5762482e0 -9.2987943e0 -9.2987943e0
6.447201e-1 2.5762482e0 -1.03765887e1 -1.03765887e1
6.786001e-1 2.5762482e0 -1.15164671e1 -1.15164671e1
7.124801e-1 2.5762482e0 -1.271905e1 -1.271905e1
7.463601e-1 2.5762482e0 -1.39849794e1 -1.39849794e1
7.8024011e-1 2.5762482e0 -1.53149442e1 -1.53149442e1
8.1412012e-1 2.5762482e0 -1.6709648e1 -1.6709648e1
8.4800012e-1 2.5762482e0 -1.81698376e1 -1.81698376e1
8.8188013e-1 2.5762482e0 -1.96962958e1 -1.96962958e1
9.1576013e-1 2.5762482e0 -2.1289831e1 -2.1289831e1
9.4964014e-1 2.5762482e0 -2.29512561e1 -2.29512561e1
9.8352014e-1 2.5762482e0 -2.4681482e1 -2.4681482e1
1.0174e0 2.5762482e0 -2.648132e1 -2.648132e1
1.05128e0 2.5762482e0 -2.8351881e1 -2.8351881e1
1.08516e0 2.5762482e0 -3.0293939e1 -3.0293939e1
1.11904e0 2.5762482e0 -3.2308662e1 -3.2308662e1
1.15292e0 2.5762482e0 -3.4396945e1 -3.4396945e1
1.1868001e0 2.5762482e0 -3.6559846e1 -3.6559846e1
1.2206801e0 2.5762482e0 -3.8798616e1 -3.8798616e1
1.2545601e0 2.5762482e0 -4.111424e1 -4.111424e1
1.2884401e0 2.5762482e0 -4.350779e1 -4.350779e1
1.3223201e0 2.5762482e0 -4.5980716e1 -4.5980716e1
1.3562001e0 2.5762482e0 -4.8533932e1 -4.8533932e1
1.3900801e0 2.5762482e0 -5.1168958e1 -5.1168958e1
1.4239601e0 2.5762482e0 -5.3886842e1 -5.3886842e1
1.4578401e0 2.5762482e0 -5.668914e1 -5.668914e1
1.4917201e0 2.5762482e0 -5.9577101e1 -5.9577101e1
1.5256001e0 2.5762482e0 -6.2551878e1 -6.2551878e1
1.5594801e0 2.5762482e0 -6.5615274e1 -6.5615274e1
1.5933601e0 2.5762482e0 -6.8768326e1 -6.8768326e1
1.6272401e0 2.5762482e0 -7.2012868e1 -7.2012868e1
1.6611201e0 2.5762482e0 -7.5350287e1 -7.5350287e1
1.6950002e0 2.5762482e0 -7.8781906e1 -7.8781906e1
1.7288802e0 2.5762482e0 -8.2309584e1 -8.2309584e1
1.7627602e0 2.5762482e0 -8.5934796e1 -8.5934796e1
1.7966402e0 2.5762482e0 -8.965904e1 -8.965904e1
1.8305202e0 2.5762482e0 -9.3484184e1 -9.3484184e1
1.8644002e0 2.5762482e0 -9.741172e1 -9.741172e1
1.8982802e0 2.5762482e0 -1.01443713e2 -1.01443713e2
1.9321602e0 2.5762482e0 -1.05581656e2 -1.05581656e2
1.9660402e0 2.5762482e0 -1.098272e2 -1.098272e2
1.9999202e0 2.5762482e0 -1.14182529e2 -1.14182529e2

1.0e-3 2.6440442e0 -2.5963882e-5 -2.5963882e-5
3.4880005e-2 2.6440442e0 -3.1589542e-2 -3.1589542e-2
6.876001e-2 2.6440442e0 -1.22778012e-1 -1.22778012e-1
1.0264001e-1 2.6440442e0 -2.7364027e-1 -2.7364027e-1
1.3652002e-1 2.6440442e0 -4.8425523e-1 -4.8425523e-1
1.7040002e-1 2.6440442e0 -7.5473546e-1 -7.5473546e-1
2.0428003e-1 2.6440442e0 -1.08522333e0 -1.08522333e0
2.3816003e-1 2.6440442e0 -1.47589525e0 -1.47589525e0
2.7204004e-1 2.6440442e0 -1.92695505e0 -1.92695505e0
3.0592004e-1 2.6440442e0 -2.43864429e0 -2.43864429e0
3.3980005e-1 2.6440442e0 -3.01123e0 -3.01123e0
3.7368005e-1 2.6440442e0 -3.6450124e0 -3.6450124e0
4.0756006e-1 2.6440442e0 -4.340327e0 -4.340327e0
4.4144006e-1 2.6440442e0 -5.09754e0 -5.09754e0
4.7532007e-1 2.6440442e0 -5.9170464e0 -5.9170464e0
5.0920007e-1 2.6440442e0 -6.7992711e0 -6.7992711e0
5.4308008e-1 2.6440442e0 -7.7446729e0 -7.7446729e0
5.7696008e-1 2.6440442e0 -8.753747e0 -8.753747e0
6.1084009e-1 2.6440442e0 -9.8270152e0 -9.8270152e0
6.447201e-1 2.6440442e0 -1.09650296e1 -1.09650296e1
6.786001e-1 2.6440442e0 -1.21683781e1 -1.21683781e1
7.124801e-1 2.6440442e0 -1.34376811e1 -1.34376811e1
7.463601e-1 2.6440442e0 -1.47735803e1 -1.47735803e1
7.8024011e-1 2.6440442e0 -1.6176765e1 -1.6176765e1
8.1412012e-1 2.6440442e0 -1.76479387e1 -1.76479387e1
8.4800012e-1 2.6440442e0 -1.91878482e1 -1.91878482e1
8.8188013e-1 2.6440442e0 -2.07972762e1 -2.07972762e1
9.1576013e-1 2.6440442e0 -2.24770311e1 -2.24770311e1
9.4964014e-1 2.6440442e0 -2.42279398e1 -2.42279398e1
9.8352014e-1 2.6440442e0 -2.60508714e1 -2.60508714e1
1.0174e0 2.6440442e0 -2.7946692e1 -2.7946692e1
1.05128e0 2.6440442e0 -2.9916458e1 -2.9916458e1
1.08516e0 2.6440442e0 -3.1961003e1 -3.1961003e1
1.11904e0 2.6440442e0 -3.408143e1 -3.408143e1
1.15292e0 2.6440442e0 -3.6278682e1 -3.6278682e1
1.1868001e0 2.6440442e0 -3.85538e1 -3.85538e1
1.2206801e0 2.6440442e0 -4.0908041e1 -4.0908041e1
1.2545601e0 2.6440442e0 -4.3342386e1 -4.3342386e1
1.2884401e0 2.6440442e0 -4.5857901e1 -4.5857901e1
1.3223201e0 2.6440442e0 -4.8456052e1 -4.8456052e1
1.3562001e0 2.6440442e0 -5.1137733e1 -5.1137733e1
1.3900801e0 2.6440442e0 -5.3904478e1 -5.3904478e1
1.4239601e0 2.6440442e0 -5.6757327e1 -5.6757327e1
1.4578401e0 2.6440442e0 -5.969788e1 -5.969788e1
1.4917201e0 2.6440442e0 -6.2727281e1 -6.2727281e1
1.5256001e0 2.6440442e0 -6.5846771e1 -6.5846771e1
1.5594801e0 2.6440442e0 -6.9058142e1 -6.9058142e1
1.5933601e0 2.6440442e0 -7.2362445e1 -7.2362445e1
1.6272401e0 2.6440442e0 -7.5761461e1 -7.5761461e1
1.6611201e0 2.6440442e0 -7.9256561e1 -7.9256561e1
1.6950002e0 2.6440442e0 -8.2849146e1 -8.2849146e1
1.7288802e0 2.6440442e0 -8.6541045e1 -8.6541045e1
1.7627602e0 2.6440442e0 -9.0333727e1 -9.0333727e1
1.7966402e0 2.6440442e0 -9.4228687e1 -9.4228687e1
1.8305202e0 2.6440442e0 -9.8227853e1 -9.8227853e1
1.8644002e0 2.6440442e0 -1.0233255e2 -1.0233255e2
1.8982802e0 2.6440442e0 -1.06545016e2 -1.06545016e2
1.9321602e0 2.6440442e0 -1.10866681e2 -1.10866681e2
1.9660402e0 2.6440442e0 -1.15299188e2 -1.15299188e2
1.9999202e0 2.6440442e0 -1.19844737e2 -1.19844737e2

1.0e-3 2.71184021e0 -2.7416321e-5 -2.7416321e-5
3.4880005e-2 2.71184021e0 -3.33566e-2 -3.33566e-2
6.876001e-2 2.71184021e0 -1.29645052e-1 -1.29645052e-1
1.0264001e-1 2.71184021e0 -2.889417e-1 -2.889417e-1
1.3652002e-1 2.71184021e0 -5.113254e-1 -5.113254e-1
1.7040002e-1 2.71184021e0 -7.9690874e-1 -7.9690874e-1
2.0428003e-1 2.71184021e0 -1.14583409e0 -1.14583409e0
2.3816003e-1 2.71184021e0 -1.55827701e0 -1.55827701e0
2.7204004e-1 2.71184021e0 -2.03444392e0 -2.03444392e0
3.0592004e-1 2.71184021e0 -2.57457237e0 -2.57457237e0
3.3980005e-1 2.71184021e0 -3.1789346e0 -3.1789346e0
3.7368005e-1 2.71184021e0 -3.8478262e0 -3.8478262e0
4.0756006e-1 2.71184021e0 -4.5815845e0 -4.5815845e0
4.4144006e-1 2.71184021e0 -5.3805757e0 -5.3805757e0
4.7532007e-1 2.71184021e0 -6.2451913e0 -6.2451913e0
5.0920007e-1 2.71184021e0 -7.1758664e0 -7.1758664e0
5.4308008e-1 2.71184021e0 -8.1730493e0 -8.1730493e0
5.7696008e-1 2.71184021e0 -9.2372389e0 -9.2372389e0
6.1084009e-1 2.71184021e0 -1.03689574e1 -1.03689574e1
6.447201e-1 2.71184021e0 -1.15687561e1 -1.15687561e1
6.786001e-1 2.71184021e0 -1.28372234e1 -1.28372234e1
7.124801e-1 2.71184021e0 -1.41749796e1 -1.41749796e1
7.463601e-1 2.71184021e0 -1.55826663e1 -1.55826663e1
7.8024011e-1 2.71184021e0 -1.70609727e1 -1.70609727e1
8.1412012e-1 2.71184021e0 -1.86106026e1 -1.86106026e1
8.4800012e-1 2.71184021e0 -2.0232303e1 -2.0232303e1
8.8188013e-1 2.71184021e0 -2.1926856e1 -2.1926856e1
9.1576013e-1 2.71184021e0 -2.36950702e1 -2.36950702e1
9.4964014e-1 2.71184021e0 -2.5537759e1 -2.5537759e1
9.8352014e-1 2.71184021e0 -2.74558324e1 -2.74558324e1
1.0174e0 2.71184021e0 -2.9450098e1 -2.9450098e1
1.05128e0 2.71184021e0 -3.1521678e1 -3.1521678e1
1.08516e0 2.71184021e0 -3.3671335e1 -3.3671335e1
1.11904e0 2.71184021e0 -3.5900247e1 -3.5900247e1
1.15292e0 2.71184021e0 -3.82093e1 -3.82093e1
1.1868001e0 2.71184021e0 -4.0599548e1 -4.0599548e1
1.2206801e0 2.71184021e0 -4.3072263e1 -4.3072263e1
1.2545601e0 2.71184021e0 -4.5628412e1 -4.5628412e1
1.2884401e0 2.71184021e0 -4.8269061e1 -4.8269061e1
1.3223201e0 2.71184021e0 -5.0995686e1 -5.0995686e1
1.3562001e0 2.71184021e0 -5.380917e1 -5.380917e1
1.3900801e0 2.71184021e0 -5.6711058e1 -5.6711058e1
1.4239601e0 2.71184021e0 -5.9702379e1 -5.9702379e1
1.4578401e0 2.71184021e0 -6.2784712e1 -6.2784712e1
1.4917201e0 2.71184021e0 -6.5959291e1 -6.5959291e1
1.5256001e0 2.71184021e0 -6.9227254e1 -6.9227254e1
1.5594801e0 2.71184021e0 -7.2590442e1 -7.2590442e1
1.5933601e0 2.71184021e0 -7.6049847e1 -7.6049847e1
1.6272401e0 2.71184021e0 -7.9607346e1 -7.9607346e1
1.6611201e0 2.71184021e0 -8.3264305e1 -8.3264305e1
1.6950002e0 2.71184021e0 -8.7022035e1 -8.7022035e1
1.7288802e0 2.71184021e0 -9.0882423e1 -9.0882423e1
1.7627602e0 2.71184021e0 -9.4846927e1 -9.4846927e1
1.7966402e0 2.71184021e0 -9.8917035e1 -9.8917035e1
1.8305202e0 2.71184021e0 -1.03094641e2 -1.03094641e2
1.8644002e0 2.71184021e0 -1.07381204e2 -1.07381204e2
1.8982802e0 2.71184021e0 -1.11778831e2 -1.11778831e2
1.9321602e0 2.71184021e0 -1.1628899e2 -1.1628899e2
1.9660402e0 2.71184021e0 -1.20913318e2 -1.20913318e2
1.9999202e0 2.71184021e0 -1.2565403e2 -1.2565403e2

1.0e-3 2.77963622e0 -2.8905502e-5 -2.8905502e-5
3.4880005e-2 2.77963622e0 -3.5168343e-2 -3.5168343e-2
6.876001e-2 2.77963622e0 -1.36685739e-1 -1.36685739e-1
1.0264001e-1 2.77963622e0 -3.0463004e-1 -3.0463004e-1
1.3652002e-1 2.77963622e0 -5.3908006e-1 -5.3908006e-1
1.7040002e-1 2.77963622e0 -8.4014845e-1 -8.4014845e-1
2.0428003e-1 2.77963622e0 -1.20797751e0 -1.20797751e0
2.3816003e-1 2.77963622e0 -1.64274373e0 -1.64274373e0
2.7204004e-1 2.77963622e0 -2.14465202e0 -2.14465202e0
3.0592004e-1 2.77963622e0 -2.71394057e0 -2.71394057e0
3.3980005e-1 2.77963622e0 -3.3508817e0 -3.3508817e0
3.7368005e-1 2.77963622e0 -4.0557709e0 -4.0557709e0
4.0756006e-1 2.77963622e0 -4.8289427e0 -4.8289427e0
4.4144006e-1 2.77963622e0 -5.6707686e0 -5.6707686e0
4.7532007e-1 2.77963622e0 -6.581641e0 -6.581641e0
5.0920007e-1 2.77963622e0 -7.5619846e0 -7.5619846e0
5.4308008e-1 2.77963622e0 -8.6122581e0 -8.6122581e0
5.7696008e-1 2.77963622e0 -9.732957e0 -9.732957e0
6.1084009e-1 2.77963622e0 -1.09246094e1 -1.09246094e1
6.447201e-1 2.77963622e0 -1.2187749e1 -1.2187749e1
6.786001e-1 2.77963622e0 -1.35229887e1 -1.35229887e1
7.124801e-1 2.77963622e0 -1.49309221e1 -1.49309221e1
7.463601e-1 2.77963622e0 -1.64122116e1 -1.64122116e1
7.8024011e-1 2.77963622e0 -1.79675395e1 -1.79675395e1
8.1412012e-1 2.77963622e0 -1.95976094e1 -1.95976094e1
8.4800012e-1 2.77963622e0 -2.13031798e1 -2.13031798e1
8.8188013e-1 2.77963622e0 -2.30850113e1 -2.30850113e1
9.1576013e-1 2.77963622e0 -2.494391e1 -2.494391e1
9.4964014e-1 2.77963622e0 -2.68807275e1 -2.68807275e1
9.8352014e-1 2.77963622e0 -2.88963208e1 -2.88963208e1
1.0174e0 2.77963622e0 -3.0991551e1 -3.0991551e1
1.05128e0 2.77963622e0 -3.316749e1 -3.316749e1
1.08516e0 2.77963622e0 -3.5424951e1 -3.5424951e1
1.11904e0 2.77963622e0 -3.7765056e1 -3.7765056e1
1.15292e0 2.77963622e0 -4.0188757e1 -4.0188757e1
1.1868001e0 2.77963622e0 -4.2697029e1 -4.2697029e1
1.2206801e0 2.77963622e0 -4.5291211e1 -4.5291211e1
1.2545601e0 2.77963622e0 -4.7972244e1 -4.7972244e1
1.2884401e0 2.77963622e0 -5.0741191e1 -5.0741191e1
1.3223201e0 2.77963622e0 -5.359954e1 -5.359954e1
1.3562001e0 2.77963622e0 -5.6548161e1 -5.6548161e1
1.3900801e0 2.77963622e0 -5.9588608e1 -5.9588608e1
1.4239601e0 2.77963622e0 -6.2721901e1 -6.2721901e1
1.4578401e0 2.77963622e0 -6.5949666e1 -6.5949666e1
1.4917201e0 2.77963622e0 -6.9273029e1 -6.9273029e1
1.5256001e0 2.77963622e0 -7.269322e1 -7.269322e1
1.5594801e0 2.77963622e0 -7.62121e1 -7.62121e1
1.5933601e0 2.77963622e0 -7.9830573e1 -7.9830573e1
1.6272401e0 2.77963622e0 -8.3550563e1 -8.3550563e1
1.6611201e0 2.77963622e0 -8.7373393e1 -8.7373393e1
1.6950002e0 2.77963622e0 -9.1300446e1 -9.1300446e1
1.7288802e0 2.77963622e0 -9.5333582e1 -9.5333582e1
1.7627602e0 2.77963622e0 -9.9474251e1 -9.9474251e1
1.7966402e0 2.77963622e0 -1.03723938e2 -1.03723938e2
1.8305202e0 2.77963622e0 -1.08084598e2 -1.08084598e2
1.8644002e0 2.77963622e0 -1.12557579e2 -1.12557579e2
1.8982802e0 2.77963622e0 -1.17144995e2 -1.17144995e2
1.9321602e0 2.77963622e0 -1.21848413e2 -1.21848413e2
1.9660402e0 2.77963622e0 -1.26669472e2 -1.26669472e2
1.9999202e0 2.77963622e0 -1.31610283e2 -1.31610283e2

1.0e-3 2.84743222e0 -3.0431473e-5 -3.0431473e-5
3.4880005e-2 2.84743222e0 -3.702488e-2 -3.702488e-2
6.876001e-2 2.84743222e0 -1.43900505e-1 -1.43900505e-1
1.0264001e-1 2.84743222e0 -3.2070628e-1 -3.2070628e-1
1.3652002e-1 2.84743222e0 -5.6752097e-1 -5.6752097e-1
1.7040002e-1 2.84743222e0 -8.8445728e-1 -8.8445728e-1
2.0428003e-1 2.84743222e0 -1.27165742e0 -1.27165742e0
2.3816003e-1 2.84743222e0 -1.72929713e0 -1.72929713e0
2.7204004e-1 2.84743222e0 -2.2575827e0 -2.2575827e0
3.0592004e-1 2.84743222e0 -2.85675317e0 -2.85675317e0
3.3980005e-1 2.84743222e0 -3.5270766e0 -3.5270766e0
3.7368005e-1 2.84743222e0 -4.2688547e0 -4.2688547e0
4.0756006e-1 2.84743222e0 -5.0824168e0 -5.0824168e0
4.4144006e-1 2.84743222e0 -5.9681364e0 -5.9681364e0
4.7532007e-1 2.84743222e0 -6.9264058e0 -6.9264058e0
5.0920007e-1 2.84743222e0 -7.9576495e0 -7.9576495e0
5.4308008e-1 2.84743222e0 -9.0623264e0 -9.0623264e0
5.7696008e-1 2.84743222e0 -1.02409317e1 -1.02409317e1
6.1084009e-1 2.84743222e0 -1.14939883e1 -1.14939883e1
6.447201e-1 2.84743222e0 -1.28220464e1 -1.28220464e1
6.786001e-1 2.84743222e0 -1.42256955e1 -1.42256955e1
7.124801e-1 2.84743222e0 -1.57055551e1 -1.57055551e1
7.463601e-1 2.84743222e0 -1.72622673e1 -1.72622673e1
7.8024011e-1 2.84743222e0 -1.8896521e1 -1.8896521e1
8.1412012e-1 2.84743222e0 -2.060902e1 -2.060902e1
8.4800012e-1 2.84743222e0 -2.24005118e1 -2.24005118e1
8.8188013e-1 2.84743222e0 -2.4271778e1 -2.4271778e1
9.1576013e-1 2.84743222e0 -2.62236273e1 -2.62236273e1
9.4964014e-1 2.84743222e0 -2.82568866e1 -2.82568866e1
9.8352014e-1 2.84743222e0 -3.03724251e1 -3.03724251e1
1.0174e0 2.84743222e0 -3.2571101e1 -3.2571101e1
1.05128e0 2.84743222e0 -3.4853993e1 -3.4853993e1
1.08516e0 2.84743222e0 -3.7221909e1 -3.7221909e1
1.11904e0 2.84743222e0 -3.9675974e1 -3.9675974e1
1.15292e0 2.84743222e0 -4.2217116e1 -4.2217116e1
1.1868001e0 2.84743222e0 -4.484637e1 -4.484637e1
1.2206801e0 2.84743222e0 -4.7565022e1 -4.7565022e1
1.2545601e0 2.84743222e0 -5.0374028e1 -5.0374028e1
1.2884401e0 2.84743222e0 -5.3274445e1 -5.3274445e1
1.3223201e0 2.84743222e0 -5.6267776e1 -5.6267776e1
1.3562001e0 2.84743222e0 -5.9354872e1 -5.9354872e1
1.3900801e0 2.84743222e0 -6.2537305e1 -6.2537305e1
1.4239601e0 2.84743222e0 -6.581608e1 -6.581608e1
1.4578401e0 2.84743222e0 -6.9192839e1 -6.9192839e1
1.4917201e0 2.84743222e0 -7.2668698e1 -7.2668698e1
1.5256001e0 2.84743222e0 -7.624488e1 -7.624488e1
1.5594801e0 2.84743222e0 -7.992323e1 -7.992323e1
1.5933601e0 2.84743222e0 -8.3704736e1 -8.3704736e1
1.6272401e0 2.84743222e0 -8.7591235e1 -8.7591235e1
1.6611201e0 2.84743222e0 -9.1584079e1 -9.1584079e1
1.6950002e0 2.84743222e0 -9.5684639e1 -9.5684639e1
1.7288802e0 2.84743222e0 -9.9894795e1 -9.9894795e1
1.7627602e0 2.84743222e0 -1.04215985e2 -1.04215985e2
1.7966402e0 2.84743222e0 -1.08649692e2 -1.08649692e2
1.8305202e0 2.84743222e0 -1.1319788e2 -1.1319788e2
1.8644002e0 2.84743222e0 -1.1786183e2 -1.1786183e2
1.8982802e0 2.84743222e0 -1.22643837e2 -1.22643837e2
1.9321602e0 2.84743222e0 -1.27545293e2 -1.27545293e2
1.9660402e0 2.84743222e0 -1.32567827e2 -1.32567827e2
1.9999202e0 2.84743222e0 -1.37713681e2 -1.37713681e2

1.0e-3 2.91522823e0 -3.1994232e-5 -3.1994232e-5
3.4880005e-2 2.91522823e0 -3.8926138e-2 -3.8926138e-2
6.876001e-2 2.91522823e0 -1.51289137e-1 -1.51289137e-1
1.0264001e-1 2.91522823e0 -3.3716977e-1 -3.3716977e-1
1.3652002e-1 2.91522823e0 -5.9664696e-1 -5.9664696e-1
1.7040002e-1 2.91522823e0 -9.2983386e-1 -9.2983386e-1
2.0428003e-1 2.91522823e0 -1.33687128e0 -1.33687128e0
2.3816003e-1 2.91522823e0 -1.8179372e0 -1.8179372e0
2.7204004e-1 2.91522823e0 -2.37323598e0 -2.37323598e0
3.0592004e-1 2.91522823e0 -3.00300587e0 -3.00300587e0
3.3980005e-1 2.91522823e0 -3.7075194e0 -3.7075194e0
3.7368005e-1 2.91522823e0 -4.4870714e0 -4.4870714e0
4.0756006e-1 2.91522823e0 -5.3419994e0 -5.3419994e0
4.4144006e-1 2.91522823e0 -6.2726704e0 -6.2726704e0
4.7532007e-1 2.91522823e0 -7.2794754e0 -7.2794754e0
5.0920007e-1 2.91522823e0 -8.3628453e0 -8.3628453e0
5.4308008e-1 2.91522823e0 -9.5232405e0 -9.5232405e0
5.7696008e-1 2.91522823e0 -1.07611427e1 -1.07611427e1
6.1084009e-1 2.91522823e0 -1.20770941e1 -1.20770941e1
6.447201e-1 2.91522823e0 -1.34716293e1 -1.34716293e1
6.786001e-1 2.91522823e0 -1.49453433e1 -1.49453433e1
7.124801e-1 2.91522823e0 -1.64988556e1 -1.64988556e1
7.463601e-1 2.91522823e0 -1.81328079e1 -1.81328079e1
7.8024011e-1 2.91522823e0 -1.98478801e1 -1.98478801e1
8.1412012e-1 2.91522823e0 -2.16447937e1 -2.16447937e1
8.4800012e-1 2.91522823e0 -2.35242987e1 -2.35242987e1
8.8188013e-1 2.91522823e0 -2.54871558e1 -2.54871558e1
9.1576013e-1 2.91522823e0 -2.75341708e1 -2.75341708e1
9.4964014e-1 2.91522823e0 -2.96661952e1 -2.96661952e1
9.8352014e-1 2.91522823e0 -3.18840863e1 -3.18840863e1
1.0174e0 2.91522823e0 -3.41887e1 -3.41887e1
1.05128e0 2.91522823e0 -3.6581122e1 -3.6581122e1
1.08516e0 2.91522823e0 -3.906215e1 -3.906215e1
1.11904e0 2.91522823e0 -4.1632921e1 -4.1632921e1
1.15292e0 2.91522823e0 -4.4294376e1 -4.4294376e1
1.1868001e0 2.91522823e0 -4.7047505e1 -4.7047505e1
1.2206801e0 2.91522823e0 -4.9893605e1 -4.9893605e1
1.2545601e0 2.91522823e0 -5.2833667e1 -5.2833667e1
1.2884401e0 2.91522823e0 -5.586872e1 -5.586872e1
1.3223201e0 2.91522823e0 -5.9000284e1 -5.9000284e1
1.3562001e0 2.91522823e0 -6.222922e1 -6.222922e1
1.3900801e0 2.91522823e0 -6.555703e1 -6.555703e1
1.4239601e0 2.91522823e0 -6.8984793e1 -6.8984793e1
1.4578401e0 2.91522823e0 -7.2514136e1 -7.2514136e1
1.4917201e0 2.91522823e0 -7.6146164e1 -7.6146164e1
1.5256001e0 2.91522823e0 -7.9882095e1 -7.9882095e1
1.5594801e0 2.91522823e0 -8.3723828e1 -8.3723828e1
1.5933601e0 2.91522823e0 -8.7672221e1 -8.7672221e1
1.6272401e0 2.91522823e0 -9.172924e1 -9.172924e1
1.6611201e0 2.91522823e0 -9.5896234e1 -9.5896234e1
1.6950002e0 2.91522823e0 -1.0017444e2 -1.0017444e2
1.7288802e0 2.91522823e0 -1.0456588e2 -1.0456588e2
1.7627602e0 2.91522823e0 -1.0907194e2 -1.0907194e2
1.7966402e0 2.91522823e0 -1.136941e2 -1.136941e2
1.8305202e0 2.91522823e0 -1.18434332e2 -1.18434332e2
1.8644002e0 2.91522823e0 -1.23293959e2 -1.23293959e2
1.8982802e0 2.91522823e0 -1.28275136e2 -1.28275136e2
1.9321602e0 2.91522823e0 -1.33379459e2 -1.33379459e2
1.9660402e0 2.91522823e0 -1.38608382e2 -1.38608382e2
1.9999202e0 2.91522823e0 -1.43964223e2 -1.43964223e2

1.0e-3 2.98302423e0 -3.359375e-5 -3.359375e-5
3.4880005e-2 2.98302423e0 -4.0872136e-2 -4.0872136e-2
6.876001e-2 2.98302423e0 -1.5885156e-1 -1.5885156e-1
1.0264001e-1 2.98302423e0 -3.5402068e-1 -3.5402068e-1
1.3652002e-1 2.98302423e0 -6.2645833e-1 -6.2645833e-1
1.7040002e-1 2.98302423e0 -9.7627777e-1 -9.7627777e-1
2.0428003e-1 2.98302423e0 -1.40361972e0 -1.40361972e0
2.3816003e-1 2.98302423e0 -1.90866222e0 -1.90866222e0
2.7204004e-1 2.98302423e0 -2.4916096e0 -2.4916096e0
3.0592004e-1 2.98302423e0 -3.15270013e0 -3.15270013e0
3.3980005e-1 2.98302423e0 -3.8922063e0 -3.8922063e0
3.7368005e-1 2.98302423e0 -4.710423e0 -4.710423e0
4.0756006e-1 2.98302423e0 -5.6076875e0 -5.6076875e0
4.4144006e-1 2.98302423e0 -6.5843675e0 -6.5843675e0
4.7532007e-1 2.98302423e0 -7.6408533e0 -7.6408533e0
5.0920007e-1 2.98302423e0 -8.777576e0 -8.777576e0
5.4308008e-1 2.98302423e0 -9.994996e0 -9.994996e0
5.7696008e-1 2.98302423e0 -1.1293595e1 -1.1293595e1
6.1084009e-1 2.98302423e0 -1.26739154e1 -1.26739154e1
6.447201e-1 2.98302423e0 -1.41364914e1 -1.41364914e1
6.786001e-1 2.98302423e0 -1.56819185e1 -1.56819185e1
7.124801e-1 2.98302423e0 -1.73108157e1 -1.73108157e1
7.463601e-1 2.98302423e0 -1.9023825e1 -1.9023825e1
7.8024011e-1 2.98302423e0 -2.08216261e1 -2.08216261e1
8.1412012e-1 2.98302423e0 -2.27049406e1 -2.27049406e1
8.4800012e-1 2.98302423e0 -2.46745189e1 -2.46745189e1
8.8188013e-1 2.98302423e0 -2.6731121e1 -2.6731121e1
9.1576013e-1 2.98302423e0 -2.88755533e1 -2.88755533e1
9.4964014e-1 2.98302423e0 -3.11086668e1 -3.11086668e1
9.8352014e-1 2.98302423e0 -3.34313191e1 -3.34313191e1
1.0174e0 2.98302423e0 -3.5844362e1 -3.5844362e1
1.05128e0 2.98302423e0 -3.8348892e1 -3.8348892e1
1.08516e0 2.98302423e0 -4.0945697e1 -4.0945697e1
1.11904e0 2.98302423e0 -4.3635918e1 -4.3635918e1
1.15292e0 2.98302423e0 -4.6420494e1 -4.6420494e1
1.1868001e0 2.98302423e0 -4.9300415e1 -4.9300415e1
1.2206801e0 2.98302423e0 -5.2276984e1 -5.2276984e1
1.2545601e0 2.98302423e0 -5.5351184e1 -5.5351184e1
1.2884401e0 2.98302423e0 -5.8524043e1 -5.8524043e1
1.3223201e0 2.98302423e0 -6.1797093e1 -6.1797093e1
1.3562001e0 2.98302423e0 -6.5171178e1 -6.5171178e1
1.3900801e0 2.98302423e0 -6.8647815e1 -6.8647815e1
1.4239601e0 2.98302423e0 -7.2228072e1 -7.2228072e1
1.4578401e0 2.98302423e0 -7.5913586e1 -7.5913586e1
1.4917201e0 2.98302423e0 -7.970546e1 -7.970546e1
1.5256001e0 2.98302423e0 -8.3604935e1 -8.3604935e1
1.5594801e0 2.98302423e0 -8.7613823e1 -8.7613823e1
1.5933601e0 2.98302423e0 -9.1733067e1 -9.1733067e1
1.6272401e0 2.98302423e0 -9.596462e1 -9.596462e1
1.6611201e0 2.98302423e0 -1.00309776e2 -1.00309776e2
1.6950002e0 2.98302423e0 -1.04769894e2 -1.04769894e2
1.7288802e0 2.98302423e0 -1.09346883e2 -1.09346883e2
1.7627602e0 2.98302423e0 -1.14042163e2 -1.14042163e2
1.7966402e0 2.98302423e0 -1.18857208e2 -1.18857208e2
1.8305202e0 2.98302423e0 -1.23794005e2 -1.23794005e2
1.8644002e0 2.98302423e0 -1.2885386e2 -1.2885386e2
1.8982802e0 2.98302423e0 -1.34038948e2 -1.34038948e2
1.9321602e0 2.98302423e0 -1.39350851e2 -1.39350851e2
1.9660402e0 2.98302423e0 -1.4479102e2 -1.4479102e2
1.9999202e0 2.98302423e0 -1.50361786e2 -1.50361786e2

1.0e-3 3.05082024e0 -3.5230042e-5 -3.5230042e-5
3.4880005e-2 3.05082024e0 -4.2862874e-2 -4.2862874e-2
6.876001e-2 3.05082024e0 -1.66587773e-1 -1.66587773e-1
1.0264001e-1 3.05082024e0 -3.7125899e-1 -3.7125899e-1
1.3652002e-1 3.05082024e0 -6.569551e-1 -6.569551e-1
1.7040002e-1 3.05082024e0 -1.02378944e0 -1.02378944e0
2.0428003e-1 3.05082024e0 -1.47190337e0 -1.47190337e0
2.3816003e-1 3.05082024e0 -2.00147305e0 -2.00147305e0
2.7204004e-1 3.05082024e0 -2.61270468e0 -2.61270468e0
3.0592004e-1 3.05082024e0 -3.30583594e0 -3.30583594e0
3.3980005e-1 3.05082024e0 -4.0811394e0 -4.0811394e0
3.7368005e-1 3.05082024e0 -4.9389096e0 -4.9389096e0
4.0756006e-1 3.05082024e0 -5.8794815e0 -5.8794815e0
4.4144006e-1 3.05082024e0 -6.9032306e0 -6.9032306e0
4.7532007e-1 3.05082024e0 -8.0105394e0 -8.0105394e0
5.0920007e-1 3.05082024e0 -9.2018416e0 -9.2018416e0
5.4308008e-1 3.05082024e0 -1.04775974e1 -1.04775974e1
5.7696008e-1 3.05082024e0 -1.18382936e1 -1.18382936e1
6.1084009e-1 3.05082024e0 -1.32844579e1 -1.32844579e1
6.447201e-1 3.05082024e0 -1.4816639e1 -1.4816639e1
6.786001e-1 3.05082024e0 -1.64354277e1 -1.64354277e1
7.124801e-1 3.05082024e0 -1.8141443e1 -1.8141443e1
7.463601e-1 3.05082024e0 -1.9935327e1 -1.9935327e1
7.8024011e-1 3.05082024e0 -2.18177591e1 -2.18177591e1
8.1412012e-1 3.05082024e0 -2.37894609e1 -2.37894609e1
8.4800012e-1 3.05082024e0 -2.58511832e1 -2.58511832e1
8.8188013e-1 3.05082024e0 -2.80036858e1 -2.80036858e1
9.1576013e-1 3.05082024e0 -3.02477748e1 -3.02477748e1
9.4964014e-1 3.05082024e0 -3.25843016e1 -3.25843016e1
9.8352014e-1 3.05082024e0 -3.50141235e1 -3.50141235e1
1.0174e0 3.05082024e0 -3.753809e1 -3.753809e1
1.05128e0 3.05082024e0 -4.0157304e1 -4.0157304e1
1.08516e0 3.05082024e0 -4.2872546e1 -4.2872546e1
1.11904e0 3.05082024e0 -4.5684964e1 -4.5684964e1
1.15292e0 3.05082024e0 -4.8595494e1 -4.8595494e1
1.1868001e0 3.05082024e0 -5.1605121e1 -5.1605121e1
1.2206801e0 3.05082024e0 -5.4715157e1 -5.4715157e1
1.2545601e0 3.05082024e0 -5.7926581e1 -5.7926581e1
1.2884401e0 3.05082024e0 -6.1240413e1 -6.1240413e1
1.3223201e0 3.05082024e0 -6.4658202e1 -6.4658202e1
1.3562001e0 3.05082024e0 -6.8180743e1 -6.8180743e1
1.3900801e0 3.05082024e0 -7.1809659e1 -7.1809659e1
1.4239601e0 3.05082024e0 -7.5545914e1 -7.5545914e1
1.4578401e0 3.05082024e0 -7.9391194e1 -7.9391194e1
1.4917201e0 3.05082024e0 -8.3346585e1 -8.3346585e1
1.5256001e0 3.05082024e0 -8.7413292e1 -8.7413292e1
1.5594801e0 3.05082024e0 -9.159325e1 -9.159325e1
1.5933601e0 3.05082024e0 -9.5887274e1 -9.5887274e1
1.6272401e0 3.05082024e0 -1.00297371e2 -1.00297371e2
1.6611201e0 3.05082024e0 -1.04824873e2 -1.04824873e2
1.6950002e0 3.05082024e0 -1.09470999e2 -1.09470999e2
1.7288802e0 3.05082024e0 -1.14237848e2 -1.14237848e2
1.7627602e0 3.05082024e0 -1.19126654e2 -1.19126654e2
1.7966402e0 3.05082024e0 -1.2413902e2 -1.2413902e2
1.8305202e0 3.05082024e0 -1.292769e2 -1.292769e2
1.8644002e0 3.05082024e0 -1.34541586e2 -1.34541586e2
1.8982802e0 3.05082024e0 -1.39935327e2 -1.39935327e2
1.9321602e0 3.05082024e0 -1.4545953e2 -1.4545953e2
1.9660402e0 3.05082024e0 -1.511158e2 -1.511158e2
1.9999202e0 3.05082024e0 -1.56906433e2 -1.56906433e2

1.0e-3 3.11861624e0 -3.6903061e-5 -3.6903061e-5
3.4880005e-2 3.11861624e0 -4.4898312e-2 -4.4898312e-2
6.876001e-2 3.11861624e0 -1.74497778e-1 -1.74497778e-1
1.0264001e-1 3.11861624e0 -3.8888423e-1 -3.8888423e-1
1.3652002e-1 3.11861624e0 -6.8813637e-1 -6.8813637e-1
1.7040002e-1 3.11861624e0 -1.07236755e0 -1.07236755e0
2.0428003e-1 3.11861624e0 -1.54171904e0 -1.54171904e0
2.3816003e-1 3.11861624e0 -2.0963671e0 -2.0963671e0
2.7204004e-1 3.11861624e0 -2.73651785e0 -2.73651785e0
3.0592004e-1 3.11861624e0 -3.46240898e0 -3.46240898e0
3.3980005e-1 3.11861624e0 -4.2743132e0 -4.2743132e0
3.7368005e-1 3.11861624e0 -5.1725247e0 -5.1725247e0
4.0756006e-1 3.11861624e0 -6.1573813e0 -6.1573813e0
4.4144006e-1 3.11861624e0 -7.229251e0 -7.229251e0
4.7532007e-1 3.11861624e0 -8.3885236e0 -8.3885236e0
5.0920007e-1 3.11861624e0 -9.6356302e0 -9.6356302e0
5.4308008e-1 3.11861624e0 -1.09710312e1 -1.09710312e1
5.7696008e-1 3.11861624e0 -1.23952133e1 -1.23952133e1
6.1084009e-1 3.11861624e0 -1.39087045e1 -1.39087045e1
6.447201e-1 3.11861624e0 -1.5512053e1 -1.5512053e1
6.786001e-1 3.11861624e0 -1.72058502e1 -1.72058502e1
7.124801e-1 3.11861624e0 -1.89907146e1 -1.89907146e1
7.463601e-1 3.11861624e0 -2.08672884e1 -2.08672884e1
7.8024011e-1 3.11861624e0 -2.2836251e1 -2.2836251e1
8.1412012e-1 3.11861624e0 -2.48983342e1 -2.48983342e1
8.4800012e-1 3.11861624e0 -2.70542586e1 -2.70542586e1
8.8188013e-1 3.11861624e0 -2.93048143e1 -2.93048143e1
9.1576013e-1 3.11861624e0 -3.1650797e1 -3.1650797e1
9.4964014e-1 3.11861624e0 -3.40930582e1 -3.40930582e1
9.8352014e-1 3.11861624e0 -3.66324701e1 -3.66324701e1
1.0174e0 3.11861624e0 -3.9269835e1 -3.9269835e1
1.05128e0 3.11861624e0 -4.2006308e1 -4.2006308e1
1.08516e0 3.11861624e0 -4.4842645e1 -4.4842645e1
1.11904e0 3.11861624e0 -4.7780005e1 -4.7780005e1
1.15292e0 3.11861624e0 -5.0819313e1 -5.0819313e1
1.1868001e0 3.11861624e0 -5.3961557e1 -5.3961557e1
1.2206801e0 3.11861624e0 -5.7208057e1 -5.7208057e1
1.2545601e0 3.11861624e0 -6.0559784e1 -6.0559784e1
1.2884401e0 3.11861624e0 -6.4017778e1 -6.4017778e1
1.3223201e0 3.11861624e0 -6.7583556e1 -6.7583556e1
1.3562001e0 3.11861624e0 -7.125792e1 -7.125792e1
1.3900801e0 3.11861624e0 -7.5042502e1 -7.5042502e1
1.4239601e0 3.11861624e0 -7.8938226e1 -7.8938226e1
1.4578401e0 3.11861624e0 -8.2946858e1 -8.2946858e1
1.4917201e0 3.11861624e0 -8.706944e1 -8.706944e1
1.5256001e0 3.11861624e0 -9.1307202e1 -9.1307202e1
1.5594801e0 3.11861624e0 -9.5661998e1 -9.5661998e1
1.5933601e0 3.11861624e0 -1.00134726e2 -1.00134726e2
1.6272401e0 3.11861624e0 -1.04727376e2 -1.04727376e2
1.6611201e0 3.11861624e0 -1.09441272e2 -1.09441272e2
1.6950002e0 3.11861624e0 -1.14277623e2 -1.14277623e2
1.7288802e0 3.11861624e0 -1.19238548e2 -1.19238548e2
1.7627602e0 3.11861624e0 -1.24325317e2 -1.24325317e2
1.7966402e0 3.11861624e0 -1.29539435e2 -1.29539435e2
1.8305202e0 3.11861624e0 -1.34882863e2 -1.34882863e2
1.8644002e0 3.11861624e0 -1.40356978e2 -1.40356978e2
1.8982802e0 3.11861624e0 -1.45964e2 -1.45964e2
1.9321602e0 3.11861624e0 -1.51705322e2 -1.51705322e2
1.9660402e0 3.11861624e0 -1.57582545e2 -1.57582545e2
1.9999202e0 3.11861624e0 -1.6359798e2 -1.6359798e2

1.0e-3 3.18641225e0 -3.8612915e-5 -3.8612915e-5
3.4880005e-2 3.18641225e0 -4.6978548e-2 -4.6978548e-2
6.876001e-2 3.18641225e0 -1.82581865e-1 -1.82581865e-1
1.0264001e-1 3.18641225e0 -4.0689752e-1 -4.0689752e-1
1.3652002e-1 3.18641225e0 -7.2000444e-1 -7.2000444e-1
1.7040002e-1 3.18641225e0 -1.12201521e0 -1.12201521e0
2.0428003e-1 3.18641225e0 -1.61307185e0 -1.61307185e0
2.3816003e-1 3.18641225e0 -2.19335042e0 -2.19335042e0
2.7204004e-1 3.18641225e0 -2.86305699e0 -2.86305699e0
3.0592004e-1 3.18641225e0 -3.62242929e0 -3.62242929e0
3.3980005e-1 3.18641225e0 -4.4717401e0 -4.4717401e0
3.7368005e-1 3.18641225e0 -5.4112833e0 -5.4112833e0
4.0756006e-1 3.18641225e0 -6.441397e0 -6.441397e0
4.4144006e-1 3.18641225e0 -7.5624492e0 -7.5624492e0
4.7532007e-1 3.18641225e0 -8.7748296e0 -8.7748296e0
5.0920007e-1 3.18641225e0 -1.00789694e1 -1.00789694e1
5.4308008e-1 3.18641225e0 -1.14753288e1 -1.14753288e1
5.7696008e-1 3.18641225e0 -1.29643947e1 -1.29643947e1
6.1084009e-1 3.18641225e0 -1.45466951e1 -1.45466951e1
6.447201e-1 3.18641225e0 -1.62227779e1 -1.62227779e1
6.786001e-1 3.18641225e0 -1.79932349e1 -1.79932349e1
7.124801e-1 3.18641225e0 -1.98586845e1 -1.98586845e1
7.463601e-1 3.18641225e0 -2.18197685e1 -2.18197685e1
7.8024011e-1 3.18641225e0 -2.38771762e1 -2.38771762e1
8.1412012e-1 3.18641225e0 -2.60316112e1 -2.60316112e1
8.4800012e-1 3.18641225e0 -2.82838222e1 -2.82838222e1
8.8188013e-1 3.18641225e0 -3.06345895e1 -3.06345895e1
9.1576013e-1 3.18641225e0 -3.30847221e1 -3.30847221e1
9.4964014e-1 3.18641225e0 -3.5635033e1 -3.5635033e1
9.8352014e-1 3.18641225e0 -3.82864325e1 -3.82864325e1
1.0174e0 3.18641225e0 -4.1039706e1 -4.1039706e1
1.05128e0 3.18641225e0 -4.3896037e1 -4.3896037e1
1.08516e0 3.18641225e0 -4.685612e1 -4.685612e1
1.11904e0 3.18641225e0 -4.992119e1 -4.992119e1
1.15292e0 3.18641225e0 -5.3092094e1 -5.3092094e1
1.1868001e0 3.18641225e0 -5.6369875e1 -5.6369875e1
1.2206801e0 3.18641225e0 -5.9755865e1 -5.9755865e1
1.2545601e0 3.18641225e0 -6.3250986e1 -6.3250986e1
1.2884401e0 3.18641225e0 -6.6856268e1 -6.6856268e1
1.3223201e0 3.18641225e0 -7.0573291e1 -7.0573291e1
1.3562001e0 3.18641225e0 -7.4402815e1 -7.4402815e1
1.3900801e0 3.18641225e0 -7.834649e1 -7.834649e1
1.4239601e0 3.18641225e0 -8.240526e1 -8.240526e1
1.4578401e0 3.18641225e0 -8.6580806e1 -8.6580806e1
1.4917201e0 3.18641225e0 -9.0874292e1 -9.0874292e1
1.5256001e0 3.18641225e0 -9.5286809e1 -9.5286809e1
1.5594801e0 3.18641225e0 -9.9820328e1 -9.9820328e1
1.5933601e0 3.18641225e0 -1.04475693e2 -1.04475693e2
1.6272401e0 3.18641225e0 -1.09254915e2 -1.09254915e2
1.6611201e0 3.18641225e0 -1.1415931e2 -1.1415931e2
1.6950002e0 3.18641225e0 -1.19190076e2 -1.19190076e2
1.7288802e0 3.18641225e0 -1.2434935e2 -1.2434935e2
1.7627602e0 3.18641225e0 -1.29638391e2 -1.29638391e2
1.7966402e0 3.18641225e0 -1.350587e2 -1.350587e2
1.8305202e0 3.18641225e0 -1.40612251e2 -1.40612251e2
1.8644002e0 3.18641225e0 -1.46300406e2 -1.46300406e2
1.8982802e0 3.18641225e0 -1.52125404e2 -1.52125404e2
1.9321602e0 3.18641225e0 -1.58088629e2 -1.58088629e2
1.9660402e0 3.18641225e0 -1.64191667e2 -1.64191667e2
1.9999202e0 3.18641225e0 -1.70436853e2 -1.70436853e2

1.0e-3 3.25420825e0 -4.0359497e-5 -4.0359497e-5
3.4880005e-2 3.25420825e0 -4.9103465e-2 -4.9103465e-2
6.876001e-2 3.25420825e0 -1.90839598e-1 -1.90839598e-1
1.0264001e-1 3.25420825e0 -4.2529774e-1 -4.2529774e-1
1.3652002e-1 3.25420825e0 -7.5255676e-1 -7.5255676e-1
1.7040002e-1 3.25420825e0 -1.17272931e0 -1.17272931e0
2.0428003e-1 3.25420825e0 -1.68595732e0 -1.68595732e0
2.3816003e-1 3.25420825e0 -2.29241695e0 -2.29241695e0
2.7204004e-1 3.25420825e0 -2.99231422e0 -2.99231422e0
3.0592004e-1 3.25420825e0 -3.78588687e0 -3.78588687e0
3.3980005e-1 3.25420825e0 -4.6734077e0 -4.6734077e0
3.7368005e-1 3.25420825e0 -5.6551706e0 -5.6551706e0
4.0756006e-1 3.25420825e0 -6.7315132e0 -6.7315132e0
4.4144006e-1 3.25420825e0 -7.9028044e0 -7.9028044e0
4.7532007e-1 3.25420825e0 -9.1694336e0 -9.1694336e0
5.0920007e-1 3.25420825e0 -1.05318315e1 -1.05318315e1
5.4308008e-1 3.25420825e0 -1.19904588e1 -1.19904588e1
5.7696008e-1 3.25420825e0 -1.35458022e1 -1.35458022e1
6.1084009e-1 3.25420825e0 -1.51983899e1 -1.51983899e1
6.447201e-1 3.25420825e0 -1.69487694e1 -1.69487694e1
6.786001e-1 3.25420825e0 -1.87975328e1 -1.87975328e1
7.124801e-1 3.25420825e0 -2.07452985e1 -2.07452985e1
7.463601e-1 3.25420825e0 -2.27927083e1 -2.27927083e1
7.8024011e-1 3.25420825e0 -2.49404512e1 -2.49404512e1
8.1412012e-1 3.25420825e0 -2.7189231e1 -2.7189231e1
8.4800012e-1 3.25420825e0 -2.95397968e1 -2.95397968e1
8.8188013e-1 3.25420825e0 -3.19929286e1 -3.19929286e1
9.1576013e-1 3.25420825e0 -3.45494353e1 -3.45494353e1
9.4964014e-1 3.25420825e0 -3.72101295e1 -3.72101295e1
9.8352014e-1 3.25420825e0 -3.99759222e1 -3.99759222e1
1.0174e0 3.25420825e0 -4.2847597e1 -4.2847597e1
1.05128e0 3.25420825e0 -4.5826341e1 -4.5826341e1
1.08516e0 3.25420825e0 -4.8912845e1 -4.8912845e1
1.11904e0 3.25420825e0 -5.2108348e1 -5.2108348e1
1.15292e0 3.25420825e0 -5.5413696e1 -5.5413696e1
1.1868001e0 3.25420825e0 -5.8829922e1 -5.8829922e1
1.2206801e0 3.25420825e0 -6.2358377e1 -6.2358377e1
1.2545601e0 3.25420825e0 -6.5999971e1 -6.5999971e1
1.2884401e0 3.25420825e0 -6.9755728e1 -6.9755728e1
1.3223201e0 3.25420825e0 -7.3627246e1 -7.3627246e1
1.3562001e0 3.25420825e0 -7.7615265e1 -7.7615265e1
1.3900801e0 3.25420825e0 -8.1721451e1 -8.1721451e1
1.4239601e0 3.25420825e0 -8.5946735e1 -8.5946735e1
1.4578401e0 3.25420825e0 -9.0292813e1 -9.0292813e1
1.4917201e0 3.25420825e0 -9.476084e1 -9.476084e1
1.5256001e0 3.25420825e0 -9.9351897e1 -9.9351897e1
1.5594801e0 3.25420825e0 -1.0406798e2 -1.0406798e2
1.5933601e0 3.25420825e0 -1.08909904e2 -1.08909904e2
1.6272401e0 3.25420825e0 -1.13879706e2 -1.13879706e2
1.6611201e0 3.25420825e0 -1.18978691e2 -1.18978691e2
1.6950002e0 3.25420825e0 -1.24208047e2 -1.24208047e2
1.7288802e0 3.25420825e0 -1.29569931e2 -1.29569931e2
1.7627602e0 3.25420825e0 -1.35065591e2 -1.35065591e2
1.7966402e0 3.25420825e0 -1.4069652e2 -1.4069652e2
1.8305202e0 3.25420825e0 -1.4646471e2 -1.4646471e2
1.8644002e0 3.25420825e0 -1.52371501e2 -1.52371501e2
1.8982802e0 3.25420825e0 -1.58419157e2 -1.58419157e2
1.9321602e0 3.25420825e0 -1.64609048e2 -1.64609048e2
1.9660402e0 3.25420825e0 -1.70942755e2 -1.70942755e2
1.9999202e0 3.25420825e0 -1.77422627e2 -1.77422627e2

1.0e-3 3.32200426e0 -4.2142883e-5 -4.2142883e-5
3.4880005e-2 3.32200426e0 -5.1273161e-2 -5.1273161e-2
6.876001e-2 3.32200426e0 -1.99271338e-1 -1.99271338e-1
1.0264001e-1 3.32200426e0 -4.4408586e-1 -4.4408586e-1
1.3652002e-1 3.32200426e0 -7.8579501e-1 -7.8579501e-1
1.7040002e-1 3.32200426e0 -1.22451205e0 -1.22451205e0
2.0428003e-1 3.32200426e0 -1.76037865e0 -1.76037865e0
2.3816003e-1 3.32200426e0 -2.39357103e0 -2.39357103e0
2.7204004e-1 3.32200426e0 -3.12429517e0 -3.12429517e0
3.0592004e-1 3.32200426e0 -3.95278883e0 -3.95278883e0
3.3980005e-1 3.32200426e0 -4.879325e0 -4.879325e0
3.7368005e-1 3.32200426e0 -5.904197e0 -5.904197e0
4.0756006e-1 3.32200426e0 -7.027743e0 -7.027743e0
4.4144006e-1 3.32200426e0 -8.2503319e0 -8.2503319e0
4.7532007e-1 3.32200426e0 -9.5723561e0 -9.5723561e0
5.0920007e-1 3.32200426e0 -1.09942366e1 -1.09942366e1
5.4308008e-1 3.32200426e0 -1.25164438e1 -1.25164438e1
5.7696008e-1 3.32200426e0 -1.41394612e1 -1.41394612e1
6.1084009e-1 3.32200426e0 -1.58638173e1 -1.58638173e1
6.447201e-1 3.32200426e0 -1.76900589e1 -1.76900589e1
6.786001e-1 3.32200426e0 -1.9618779e1 -1.9618779e1
7.124801e-1 3.32200426e0 -2.16505952e1 -2.16505952e1
7.463601e-1 3.32200426e0 -2.37861499e1 -2.37861499e1
7.8024011e-1 3.32200426e0 -2.60261317e1 -2.60261317e1
8.1412012e-1 3.32200426e0 -2.83712444e1 -2.83712444e1
8.4800012e-1 3.32200426e0 -3.08222375e1 -3.08222375e1
8.8188013e-1 3.32200426e0 -3.33798907e1 -3.33798907e1
9.1576013e-1 3.32200426e0 -3.60450128e1 -3.60450128e1
9.4964014e-1 3.32200426e0 -3.88184169e1 -3.88184169e1
9.8352014e-1 3.32200426e0 -4.17010132e1 -4.17010132e1
1.0174e0 3.32200426e0 -4.4693582e1 -4.4693582e1
1.05128e0 3.32200426e0 -4.779732e1 -4.779732e1
1.08516e0 3.32200426e0 -5.1012909e1 -5.1012909e1
1.11904e0 3.32200426e0 -5.4341594e1 -5.4341594e1
1.15292e0 3.32200426e0 -5.7784218e1 -5.7784218e1
1.1868001e0 3.32200426e0 -6.1341809e1 -6.1341809e1
1.2206801e0 3.32200426e0 -6.501573e1 -6.501573e1
1.2545601e0 3.32200426e0 -6.8806883e1 -6.8806883e1
1.2884401e0 3.32200426e0 -7.2716287e1 -7.2716287e1
1.3223201e0 3.32200426e0 -7.6745554e1 -7.6745554e1
1.3562001e0 3.32200426e0 -8.0895407e1 -8.0895407e1
1.3900801e0 3.32200426e0 -8.516753e1 -8.516753e1
1.4239601e0 3.32200426e0 -8.9562834e1 -8.9562834e1
1.4578401e0 3.32200426e0 -9.408304e1 -9.408304e1
1.4917201e0 3.32200426e0 -9.8729285e1 -9.8729285e1
1.5256001e0 3.32200426e0 -1.03502646e2 -1.03502646e2
1.5594801e0 3.32200426e0 -1.08405138e2 -1.08405138e2
1.5933601e0 3.32200426e0 -1.13437555e2 -1.13437555e2
1.6272401e0 3.32200426e0 -1.18601952e2 -1.18601952e2
1.6611201e0 3.32200426e0 -1.23899628e2 -1.23899628e2
1.6950002e0 3.32200426e0 -1.29331758e2 -1.29331758e2
1.7288802e0 3.32200426e0 -1.34900522e2 -1.34900522e2
1.7627602e0 3.32200426e0 -1.40607153e2 -1.40607153e2
1.7966402e0 3.32200426e0 -1.4645314e2 -1.4645314e2
1.8305202e0 3.32200426e0 -1.52440489e2 -1.52440489e2
1.8644002e0 3.32200426e0 -1.58570526e2 -1.58570526e2
1.8982802e0 3.32200426e0 -1.64845534e2 -1.64845534e2
1.9321602e0 3.32200426e0 -1.71266869e2 -1.71266869e2
1.9660402e0 3.32200426e0 -1.77836102e2 -1.77836102e2
1.9999202e0 3.32200426e0 -1.84555606e2 -1.84555606e2

1.0e-3 3.38980026e0 -4.3962952e-5 -4.3962952e-5
3.4880005e-2 3.38980026e0 -5.3487483e-2 -5.3487483e-2
6.876001e-2 3.38980026e0 -2.0787651e-1 -2.0787651e-1
1.0264001e-1 3.38980026e0 -4.6326025e-1 -4.6326025e-1
1.3652002e-1 3.38980026e0 -8.1971667e-1 -8.1971667e-1
1.7040002e-1 3.38980026e0 -1.27735991e0 -1.27735991e0
2.0428003e-1 3.38980026e0 -1.83633073e0 -1.83633073e0
2.3816003e-1 3.38980026e0 -2.49680573e0 -2.49680573e0
2.7204004e-1 3.38980026e0 -3.25899081e0 -3.25899081e0
3.0592004e-1 3.38980026e0 -4.12312378e0 -4.12312378e0
3.3980005e-1 3.38980026e0 -5.0894777e0 -5.0894777e0
3.7368005e-1 3.38980026e0 -6.1583455e0 -6.1583455e0
4.0756006e-1 3.38980026e0 -7.3300658e0 -7.3300658e0
4.4144006e-1 3.38980026e0 -8.6050075e0 -8.6050075e0
4.7532007e-1 3.38980026e0 -9.9835628e0 -9.9835628e0
5.0920007e-1 3.38980026e0 -1.14661566e1 -1.14661566e1
5.4308008e-1 3.38980026e0 -1.30532475e1 -1.30532475e1
5.7696008e-1 3.38980026e0 -1.4745331e1 -1.4745331e1
6.1084009e-1 3.38980026e0 -1.65429317e1 -1.65429317e1
6.447201e-1 3.38980026e0 -1.84465959e1 -1.84465959e1
6.786001e-1 3.38980026e0 -2.04569171e1 -2.04569171e1
7.124801e-1 3.38980026e0 -2.2574513e1 -2.2574513e1
7.463601e-1 3.38980026e0 -2.48000253e1 -2.48000253e1
7.8024011e-1 3.38980026e0 -2.71341432e1 -2.71341432e1
8.1412012e-1 3.38980026e0 -2.95775705e1 -2.95775705e1
8.4800012e-1 3.38980026e0 -3.21310565e1 -3.21310565e1
8.8188013e-1 3.38980026e0 -3.4795381e1 -3.4795381e1
9.1576013e-1 3.38980026e0 -3.75713527e1 -3.75713527e1
9.4964014e-1 3.38980026e0 -4.04597984e1 -4.04597984e1
9.8352014e-1 3.38980026e0 -4.34615872e1 -4.34615872e1
1.0174e0 3.38980026e0 -4.6577538e1 -4.6577538e1
1.05128e0 3.38980026e0 -4.9808841e1 -4.9808841e1
1.08516e0 3.38980026e0 -5.3156169e1 -5.3156169e1
1.11904e0 3.38980026e0 -5.6620776e1 -5.6620776e1
1.15292e0 3.38980026e0 -6.0203499e1 -6.0203499e1
1.1868001e0 3.38980026e0 -6.3905363e1 -6.3905363e1
1.2206801e0 3.38980026e0 -6.7727744e1 -6.7727744e1
1.2545601e0 3.38980026e0 -7.167153e1 -7.167153e1
1.2884401e0 3.38980026e0 -7.5737741e1 -7.5737741e1
1.3223201e0 3.38980026e0 -7.9928001e1 -7.9928001e1
1.3562001e0 3.38980026e0 -8.4243019e1 -8.4243019e1
1.3900801e0 3.38980026e0 -8.8684488e1 -8.8684488e1
1.4239601e0 3.38980026e0 -9.3253313e1 -9.3253313e1
1.4578401e0 3.38980026e0 -9.7951225e1 -9.7951225e1
1.4917201e0 3.38980026e0 -1.02779356e2 -1.02779356e2
1.5256001e0 3.38980026e0 -1.0773877e2 -1.0773877e2
1.5594801e0 3.38980026e0 -1.12831506e2 -1.12831506e2
1.5933601e0 3.38980026e0 -1.18058334e2 -1.18058334e2
1.6272401e0 3.38980026e0 -1.23421327e2 -1.23421327e2
1.6611201e0 3.38980026e0 -1.2892178e2 -1.2892178e2
1.6950002e0 3.38980026e0 -1.34560902e2 -1.34560902e2
1.7288802e0 3.38980026e0 -1.40340756e2 -1.40340756e2
1.7627602e0 3.38980026e0 -1.46262698e2 -1.46262698e2
1.7966402e0 3.38980026e0 -1.5232817e2 -1.5232817e2
1.8305202e0 3.38980026e0 -1.58539185e2 -1.58539185e2
1.8644002e0 3.38980026e0 -1.64897058e2 -1.64897058e2
1.8982802e0 3.38980026e0 -1.71404092e2 -1.71404092e2
1.9321602e0 3.38980026e0 -1.7806163e2 -1.7806163e2
1.9660402e0 3.38980026e0 -1.84871237e2 -1.84871237e2
1.9999202e0 3.38980026e0 -1.91835301e2 -1.91835301e2

1.0e-3 3.45759627e0 -4.5819885e-5 -4.5819885e-5
3.4880005e-2 3.45759627e0 -5.5746658e-2 -5.5746658e-2
6.876001e-2 3.45759627e0 -2.16655978e-1 -2.16655978e-1
1.0264001e-1 3.45759627e0 -4.8282288e-1 -4.8282288e-1
1.3652002e-1 3.45759627e0 -8.5432597e-1 -8.5432597e-1
1.7040002e-1 3.45759627e0 -1.3312782e0 -1.3312782e0
2.0428003e-1 3.45759627e0 -1.91382121e0 -1.91382121e0
2.3816003e-1 3.45759627e0 -2.60213142e0 -2.60213142e0
2.7204004e-1 3.45759627e0 -3.39641469e0 -3.39641469e0
3.0592004e-1 3.45759627e0 -4.29690883e0 -4.29690883e0
3.3980005e-1 3.45759627e0 -5.3038869e0 -5.3038869e0
3.7368005e-1 3.45759627e0 -6.4176419e0 -6.4176419e0
4.0756006e-1 3.45759627e0 -7.6385121e0 -7.6385121e0
4.4144006e-1 3.45759627e0 -8.9668669e0 -8.9668669e0
4.7532007e-1 3.45759627e0 -1.04030984e1 -1.04030984e1
5.0920007e-1 3.45759627e0 -1.19476273e1 -1.19476273e1
5.4308008e-1 3.45759627e0 -1.36009242e1 -1.36009242e1
5.7696008e-1 3.45759627e0 -1.53634726e1 -1.53634726e1
6.1084009e-1 3.45759627e0 -1.72358014e1 -1.72358014e1
6.447201e-1 3.45759627e0 -1.92184564e1 -1.92184564e1
6.786001e-1 3.45759627e0 -2.13120317e1 -2.13120317e1
7.124801e-1 3.45759627e0 -2.35171445e1 -2.35171445e1
7.463601e-1 3.45759627e0 -2.58344368e1 -2.58344368e1
7.8024011e-1 3.45759627e0 -2.82645975e1 -2.82645975e1
8.1412012e-1 3.45759627e0 -3.08083304e1 -3.08083304e1
8.4800012e-1 3.45759627e0 -3.34663855e1 -3.34663855e1
8.8188013e-1 3.45759627e0 -3.6239542e1 -3.6239542e1
9.1576013e-1 3.45759627e0 -3.91286084e1 -3.91286084e1
9.4964014e-1 3.45759627e0 -4.21344118e1 -4.21344118e1
9.8352014e-1 3.45759627e0 -4.52578214e1 -4.52578214e1
1.0174e0 3.45759627e0 -4.849965e1 -4.849965e1
1.05128e0 3.45759627e0 -5.1861105e1 -5.1861105e1
1.08516e0 3.45759627e0 -5.534284e1 -5.534284e1
1.11904e0 3.45759627e0 -5.8946123e1 -5.8946123e1
1.15292e0 3.45759627e0 -6.267178e1 -6.267178e1
1.1868001e0 3.45759627e0 -6.6520842e1 -6.6520842e1
1.2206801e0 3.45759627e0 -7.0494685e1 -7.0494685e1
1.2545601e0 3.45759627e0 -7.45942e1 -7.45942e1
1.2884401e0 3.45759627e0 -7.8820393e1 -7.8820393e1
1.3223201e0 3.45759627e0 -8.317491e1 -8.317491e1
1.3562001e0 3.45759627e0 -8.7658435e1 -8.7658435e1
1.3900801e0 3.45759627e0 -9.2272684e1 -9.2272684e1
1.4239601e0 3.45759627e0 -9.7018542e1 -9.7018542e1
1.4578401e0 3.45759627e0 -1.01897763e2 -1.01897763e2
1.4917201e0 3.45759627e0 -1.06911462e2 -1.06911462e2
1.5256001e0 3.45759627e0 -1.12060696e2 -1.12060696e2
1.5594801e0 3.45759627e0 -1.17347531e2 -1.17347531e2
1.5933601e0 3.45759627e0 -1.22772705e2 -1.22772705e2
1.6272401e0 3.45759627e0 -1.2833832e2 -1.2833832e2
1.6611201e0 3.45759627e0 -1.34045657e2 -1.34045657e2
1.6950002e0 3.45759627e0 -1.39895917e2 -1.39895917e2
1.7288802e0 3.45759627e0 -1.45891182e2 -1.45891182e2
1.7627602e0 3.45759627e0 -1.52032796e2 -1.52032796e2
1.7966402e0 3.45759627e0 -1.58322194e2 -1.58322194e2
1.8305202e0 3.45759627e0 -1.64761409e2 -1.64761409e2
1.8644002e0 3.45759627e0 -1.71351732e2 -1.71351732e2
1.8982802e0 3.45759627e0 -1.78095494e2 -1.78095494e2
1.9321602e0 3.45759627e0 -1.8499402e2 -1.8499402e2
1.9660402e0 3.45759627e0 -1.9204887e2 -1.9204887e2
1.9999202e0 3.45759627e0 -1.99262447e2 -1.99262447e2

1.0e-3 3.52539227e0 -4.7713562e-5 -4.7713562e-5
3.4880005e-2 3.52539227e0 -5.8050534e-2 -5.8050534e-2
6.876001e-2 3.52539227e0 -2.25609166e-1 -2.25609166e-1
1.0264001e-1 3.52539227e0 -5.0277274e-1 -5.0277274e-1
1.3652002e-1 3.52539227e0 -8.8961952e-1 -8.8961952e-1
1.7040002e-1 3.52539227e0 -1.38626337e0 -1.38626337e0
2.0428003e-1 3.52539227e0 -1.992845e0 -1.992845e0
2.3816003e-1 3.52539227e0 -2.7095412e0 -2.7095412e0
2.7204004e-1 3.52539227e0 -3.53655779e0 -3.53655779e0
3.0592004e-1 3.52539227e0 -4.47413257e0 -4.47413257e0
3.3980005e-1 3.52539227e0 -5.5225388e0 -5.5225388e0
3.7368005e-1 3.52539227e0 -6.682069e0 -6.682069e0
4.0756006e-1 3.52539227e0 -7.9530617e0 -7.9530617e0
4.4144006e-1 3.52539227e0 -9.3358865e0 -9.3358865e0
4.7532007e-1 3.52539227e0 -1.0830932e1 -1.0830932e1
5.0920007e-1 3.52539227e0 -1.2438633e1 -1.2438633e1
5.4308008e-1 3.52539227e0 -1.41594377e1 -1.41594377e1
5.7696008e-1 3.52539227e0 -1.59938454e1 -1.59938454e1
6.1084009e-1 3.52539227e0 -1.7942381e1 -1.7942381e1
6.447201e-1 3.52539227e0 -2.00055898e1 -2.00055898e1
6.786001e-1 3.52539227e0 -2.21840665e1 -2.21840665e1
7.124801e-1 3.52539227e0 -2.44784279e1 -2.44784279e1
7.463601e-1 3.52539227e0 -2.68893161e1 -2.68893161e1
7.8024011e-1 3.52539227e0 -2.941742e1 -2.941742e1
8.1412012e-1 3.52539227e0 -3.20634435e1 -3.20634435e1
8.4800012e-1 3.52539227e0 -3.48281366e1 -3.48281366e1
8.8188013e-1 3.52539227e0 -3.77122783e1 -3.77122783e1
9.1576013e-1 3.52539227e0 -4.07166776e1 -4.07166776e1
9.4964014e-1 3.52539227e0 -4.3842161e1 -4.3842161e1
9.8352014e-1 3.52539227e0 -4.70895976e1 -4.70895976e1
1.0174e0 3.52539227e0 -5.0459799e1 -5.0459799e1
1.05128e0 3.52539227e0 -5.3953976e1 -5.3953976e1
1.08516e0 3.52539227e0 -5.757278e1 -5.757278e1
1.11904e0 3.52539227e0 -6.131748e1 -6.131748e1
1.15292e0 3.52539227e0 -6.5188904e1 -6.5188904e1
1.1868001e0 3.52539227e0 -6.9188072e1 -6.9188072e1
1.2206801e0 3.52539227e0 -7.3316379e1 -7.3316379e1
1.2545601e0 3.52539227e0 -7.7574701e1 -7.7574701e1
1.2884401e0 3.52539227e0 -8.1964043e1 -8.1964043e1
1.3223201e0 3.52539227e0 -8.6486064e1 -8.6486064e1
1.3562001e0 3.52539227e0 -9.1141432e1 -9.1141432e1
1.3900801e0 3.52539227e0 -9.5931877e1 -9.5931877e1
1.4239601e0 3.52539227e0 -1.00858275e2 -1.00858275e2
1.4578401e0 3.52539227e0 -1.05922389e2 -1.05922389e2
1.4917201e0 3.52539227e0 -1.1112533e2 -1.1112533e2
1.5256001e0 3.52539227e0 -1.16468141e2 -1.16468141e2
1.5594801e0 3.52539227e0 -1.21952914e2 -1.21952914e2
1.5933601e0 3.52539227e0 -1.2758036e2 -1.2758036e2
1.6272401e0 3.52539227e0 -1.33352605e2 -1.33352605e2
1.6611201e0 3.52539227e0 -1.39270921e2 -1.39270921e2
1.6950002e0 3.52539227e0 -1.45336496e2 -1.45336496e2
1.7288802e0 3.52539227e0 -1.51551433e2 -1.51551433e2
1.7627602e0 3.52539227e0 -1.57917067e2 -1.57917067e2
1.7966402e0 3.52539227e0 -1.64434824e2 -1.64434824e2
1.8305202e0 3.52539227e0 -1.7110675e2 -1.7110675e2
1.8644002e0 3.52539227e0 -1.77934125e2 -1.77934125e2
1.8982802e0 3.52539227e0 -1.84919298e2 -1.84919298e2
1.9321602e0 3.52539227e0 -1.92063582e2 -1.92063582e2
1.9660402e0 3.52539227e0 -1.99368524e2 -1.99368524e2
1.9999202e0 3.52539227e0 -2.06836552e2 -2.06836552e2

1.0e-3 3.59318828e0 -4.9644043e-5 -4.9644043e-5
3.4880005e-2 3.59318828e0 -6.0399187e-2 -6.0399187e-2
6.876001e-2 3.59318828e0 -2.34736363e-1 -2.34736363e-1
1.0264001e-1 3.59318828e0 -5.2311032e-1 -5.2311032e-1
1.3652002e-1 3.59318828e0 -9.2559958e-1 -9.2559958e-1
1.7040002e-1 3.59318828e0 -1.44231718e0 -1.44231718e0
2.0428003e-1 3.59318828e0 -2.07340463e0 -2.07340463e0
2.3816003e-1 3.59318828e0 -2.81903853e0 -2.81903853e0
2.7204004e-1 3.59318828e0 -3.67942459e0 -3.67942459e0
3.0592004e-1 3.59318828e0 -4.6548007e0 -4.6548007e0
3.3980005e-1 3.59318828e0 -5.74544e0 -5.74544e0
3.7368005e-1 3.59318828e0 -6.9516351e0 -6.9516351e0
4.0756006e-1 3.59318828e0 -8.2737245e0 -8.2737245e0
4.4144006e-1 3.59318828e0 -9.7120782e0 -9.7120782e0
4.7532007e-1 3.59318828e0 -1.12670842e1 -1.12670842e1
5.0920007e-1 3.59318828e0 -1.29391774e1 -1.29391774e1
5.4308008e-1 3.59318828e0 -1.47288063e1 -1.47288063e1
5.7696008e-1 3.59318828e0 -1.66364697e1 -1.66364697e1
6.1084009e-1 3.59318828e0 -1.86626932e1 -1.86626932e1
6.447201e-1 3.59318828e0 -2.08080214e1 -2.08080214e1
6.786001e-1 3.59318828e0 -2.30730495e1 -2.30730495e1
7.124801e-1 3.59318828e0 -2.54583942e1 -2.54583942e1
7.463601e-1 3.59318828e0 -2.79646973e1 -2.79646973e1
7.8024011e-1 3.59318828e0 -3.0592648e1 -3.0592648e1
8.1412012e-1 3.59318828e0 -3.334295e1 -3.334295e1
8.4800012e-1 3.59318828e0 -3.62163538e1 -3.62163538e1
8.8188013e-1 3.59318828e0 -3.92136378e1 -3.92136378e1
9.1576013e-1 3.59318828e0 -4.23356113e1 -4.23356113e1
9.4964014e-1 3.59318828e0 -4.55830869e1 -4.55830869e1
9.8352014e-1 3.59318828e0 -4.89569751e1 -4.89569751e1
1.0174e0 3.59318828e0 -5.2458041e1 -5.2458041e1
1.05128e0 3.59318828e0 -5.6087524e1 -5.6087524e1
1.08516e0 3.59318828e0 -5.9846059e1 -5.9846059e1
1.11904e0 3.59318828e0 -6.3734927e1 -6.3734927e1
1.15292e0 3.59318828e0 -6.7754947e1 -6.7754947e1
1.1868001e0 3.59318828e0 -7.1907141e1 -7.1907141e1
1.2206801e0 3.59318828e0 -7.6192912e1 -7.6192912e1
1.2545601e0 3.59318828e0 -8.0613129e1 -8.0613129e1
1.2884401e0 3.59318828e0 -8.5168788e1 -8.5168788e1
1.3223201e0 3.59318828e0 -8.9861572e1 -8.9861572e1
1.3562001e0 3.59318828e0 -9.4692123e1 -9.4692123e1
1.3900801e0 3.59318828e0 -9.966219e1 -9.966219e1
1.4239601e0 3.59318828e0 -1.04772633e2 -1.04772633e2
1.4578401e0 3.59318828e0 -1.10025235e2 -1.10025235e2
1.4917201e0 3.59318828e0 -1.15421094e2 -1.15421094e2
1.5256001e0 3.59318828e0 -1.20961247e2 -1.20961247e2
1.5594801e0 3.59318828e0 -1.26647804e2 -1.26647804e2
1.5933601e0 3.59318828e0 -1.32481454e2 -1.32481454e2
1.6272401e0 3.59318828e0 -1.38464343e2 -1.38464343e2
1.6611201e0 3.59318828e0 -1.44597739e2 -1.44597739e2
1.6950002e0 3.59318828e0 -1.50882814e2 -1.50882814e2
1.7288802e0 3.59318828e0 -1.57321693e2 -1.57321693e2
1.7627602e0 3.59318828e0 -1.639157e2 -1.639157e2
1.7966402e0 3.59318828e0 -1.70666254e2 -1.70666254e2
1.8305202e0 3.59318828e0 -1.77575418e2 -1.77575418e2
1.8644002e0 3.59318828e0 -1.8464445e2 -1.8464445e2
1.8982802e0 3.59318828e0 -1.91875725e2 -1.91875725e2
1.9321602e0 3.59318828e0 -1.99270541e2 -1.99270541e2
1.9660402e0 3.59318828e0 -2.06830438e2 -2.06830438e2
1.9999202e0 3.59318828e0 -2.14557864e2 -2.14557864e2

1.0e-3 3.66098428e0 -5.1611267e-5 -5.1611267e-5
3.4880005e-2 3.66098428e0 -6.2792542e-2 -6.2792542e-2
6.876001e-2 3.66098428e0 -2.44037277e-1 -2.44037277e-1
1.0264001e-1 3.66098428e0 -5.43835e-1 -5.43835e-1
1.3652002e-1 3.66098428e0 -9.6226416e-1 -9.6226416e-1
1.7040002e-1 3.66098428e0 -1.49943788e0 -1.49943788e0
2.0428003e-1 3.66098428e0 -2.15549759e0 -2.15549759e0
2.3816003e-1 3.66098428e0 -2.93061993e0 -2.93061993e0
2.7204004e-1 3.66098428e0 -3.82501062e0 -3.82501062e0
3.0592004e-1 3.66098428e0 -4.83890753e0 -4.83890753e0
3.3980005e-1 3.66098428e0 -5.972584e0 -5.972584e0
3.7368005e-1 3.66098428e0 -7.2263321e0 -7.2263321e0
4.0756006e-1 3.66098428e0 -8.6004907e0 -8.6004907e0
4.4144006e-1 3.66098428e0 -1.009543e1 -1.009543e1
4.7532007e-1 3.66098428e0 -1.17115376e1 -1.17115376e1
5.0920007e-1 3.66098428e0 -1.34492447e1 -1.34492447e1
5.4308008e-1 3.66098428e0 -1.53090115e1 -1.53090115e1
5.7696008e-1 3.66098428e0 -1.7291325e1 -1.7291325e1
6.1084009e-1 3.66098428e0 -1.93967152e1 -1.93967152e1
6.447201e-1 3.66098428e0 -2.16257257e1 -2.16257257e1
6.786001e-1 3.66098428e0 -2.39789526e1 -2.39789526e1
7.124801e-1 3.66098428e0 -2.64570122e1 -2.64570122e1
7.463601e-1 3.66098428e0 -2.90605464e1 -2.90605464e1
7.8024011e-1 3.66098428e0 -3.17902444e1 -3.17902444e1
8.1412012e-1 3.66098428e0 -3.46468095e1 -3.46468095e1
8.4800012e-1 3.66098428e0 -3.7630993e1 -3.7630993e1
8.8188013e-1 3.66098428e0 -4.07435732e1 -4.07435732e1
9.1576013e-1 3.66098428e0 -4.39853584e1 -4.39853584e1
9.4964014e-1 3.66098428e0 -4.73571622e1 -4.73571622e1
9.8352014e-1 3.66098428e0 -5.08598946e1 -5.08598946e1
1.0174e0 3.66098428e0 -5.4494318e1 -5.4494318e1
1.05128e0 3.66098428e0 -5.8261679e1 -5.8261679e1
1.08516e0 3.66098428e0 -6.2162604e1 -6.2162604e1
1.11904e0 3.66098428e0 -6.6198384e1 -6.6198384e1
1.15292e0 3.66098428e0 -7.0369832e1 -7.0369832e1
1.1868001e0 3.66098428e0 -7.4677962e1 -7.4677962e1
1.2206801e0 3.66098428e0 -7.9124194e1 -7.9124194e1
1.2545601e0 3.66098428e0 -8.3709389e1 -8.3709389e1
1.2884401e0 3.66098428e0 -8.8434532e1 -8.8434532e1
1.3223201e0 3.66098428e0 -9.3301326e1 -9.3301326e1
1.3562001e0 3.66098428e0 -9.8310394e1 -9.8310394e1
1.3900801e0 3.66098428e0 -1.03463501e2 -1.03463501e2
1.4239601e0 3.66098428e0 -1.08761493e2 -1.08761493e2
1.4578401e0 3.66098428e0 -1.14206172e2 -1.14206172e2
1.4917201e0 3.66098428e0 -1.1979862e2 -1.1979862e2
1.5256001e0 3.66098428e0 -1.2553987e2 -1.2553987e2
1.5594801e0 3.66098428e0 -1.31432053e2 -1.31432053e2
1.5933601e0 3.66098428e0 -1.3747583e2 -1.3747583e2
1.6272401e0 3.66098428e0 -1.43673375e2 -1.43673375e2
1.6611201e0 3.66098428e0 -1.50025943e2 -1.50025943e2
1.6950002e0 3.66098428e0 -1.56534653e2 -1.56534653e2
1.7288802e0 3.66098428e0 -1.6320178e2 -1.6320178e2
1.7627602e0 3.66098428e0 -1.70028505e2 -1.70028505e2
1.7966402e0 3.66098428e0 -1.77016287e2 -1.77016287e2
1.8305202e0 3.66098428e0 -1.84167203e2 -1.84167203e2
1.8644002e0 3.66098428e0 -1.91482492e2 -1.91482492e2
1.8982802e0 3.66098428e0 -1.98964555e2 -1.98964555e2
1.9321602e0 3.66098428e0 -2.06614673e2 -2.06614673e2
1.9660402e0 3.66098428e0 -2.14434377e2 -2.14434377e2
1.9999202e0 3.66098428e0 -2.22426135e2 -2.22426135e2

1.0e-3 3.72878029e0 -5.3615173e-5 -5.3615173e-5
3.4880005e-2 3.72878029e0 -6.5230524e-2 -6.5230524e-2
6.876001e-2 3.72878029e0 -2.53511624e-1 -2.53511624e-1
1.0264001e-1 3.72878029e0 -5.649463e-1 -5.649463e-1
1.3652002e-1 3.72878029e0 -9.9961241e-1 -9.9961241e-1
1.7040002e-1 3.72878029e0 -1.5576237e0 -1.5576237e0
2.0428003e-1 3.72878029e0 -2.23912129e0 -2.23912129e0
2.3816003e-1 3.72878029e0 -3.04428195e0 -3.04428195e0
2.7204004e-1 3.72878029e0 -3.97331133e0 -3.97331133e0
3.0592004e-1 3.72878029e0 -5.02644733e0 -5.02644733e0
3.3980005e-1 3.72878029e0 -6.2039635e0 -6.2039635e0
3.7368005e-1 3.72878029e0 -7.5061513e0 -7.5061513e0
4.0756006e-1 3.72878029e0 -8.9333499e0 -8.9333499e0
4.4144006e-1 3.72878029e0 -1.048593e1 -1.048593e1
4.7532007e-1 3.72878029e0 -1.2164282e1 -1.2164282e1
5.0920007e-1 3.72878029e0 -1.39688272e1 -1.39688272e1
5.4308008e-1 3.72878029e0 -1.59000359e1 -1.59000359e1
5.7696008e-1 3.72878029e0 -1.79583914e1 -1.79583914e1
6.1084009e-1 3.72878029e0 -2.01444243e1 -2.01444243e1
6.447201e-1 3.72878029e0 -2.24586775e1 -2.24586775e1
6.786001e-1 3.72878029e0 -2.49017479e1 -2.49017479e1
7.124801e-1 3.72878029e0 -2.74742513e1 -2.74742513e1
7.463601e-1 3.72878029e0 -3.01768295e1 -3.01768295e1
7.8024011e-1 3.72878029e0 -3.30101718e1 -3.30101718e1
8.1412012e-1 3.72878029e0 -3.59749818e1 -3.59749818e1
8.4800012e-1 3.72878029e0 -3.90720107e1 -3.90720107e1
8.8188013e-1 3.72878029e0 -4.23020364e1 -4.23020364e1
9.1576013e-1 3.72878029e0 -4.56658679e1 -4.56658679e1
9.4964014e-1 3.72878029e0 -4.9164318e1 -4.9164318e1
9.8352014e-1 3.72878029e0 -5.27982971e1 -5.27982971e1
1.0174e0 3.72878029e0 -5.6568564e1 -5.6568564e1
1.05128e0 3.72878029e0 -6.0476375e1 -6.0476375e1
1.08516e0 3.72878029e0 -6.4522346e1 -6.4522346e1
1.11904e0 3.72878029e0 -6.8707777e1 -6.8707777e1
1.15292e0 3.72878029e0 -7.3033475e1 -7.3033475e1
1.1868001e0 3.72878029e0 -7.750045e1 -7.750045e1
1.2206801e0 3.72878029e0 -8.2110136e1 -8.2110136e1
1.2545601e0 3.72878029e0 -8.6863382e1 -8.6863382e1
1.2884401e0 3.72878029e0 -9.1761171e1 -9.1761171e1
1.3223201e0 3.72878029e0 -9.6805222e1 -9.6805222e1
1.3562001e0 3.72878029e0 -1.01996135e2 -1.01996135e2
1.3900801e0 3.72878029e0 -1.07335695e2 -1.07335695e2
1.4239601e0 3.72878029e0 -1.12824733e2 -1.12824733e2
1.4578401e0 3.72878029e0 -1.1846507e2 -1.1846507e2
1.4917201e0 3.72878029e0 -1.24257774e2 -1.24257774e2
1.5256001e0 3.72878029e0 -1.30203868e2 -1.30203868e2
1.5594801e0 3.72878029e0 -1.36305511e2 -1.36305511e2
1.5933601e0 3.72878029e0 -1.42563336e2 -1.42563336e2
1.6272401e0 3.72878029e0 -1.48979538e2 -1.48979538e2
1.6611201e0 3.72878029e0 -1.55555365e2 -1.55555365e2
1.6950002e0 3.72878029e0 -1.62291924e2 -1.62291924e2
1.7288802e0 3.72878029e0 -1.69191512e2 -1.69191512e2
1.7627602e0 3.72878029e0 -1.76255295e2 -1.76255295e2
1.7966402e0 3.72878029e0 -1.83484729e2 -1.83484729e2
1.8305202e0 3.72878029e0 -1.90881905e2 -1.90881905e2
1.8644002e0 3.72878029e0 -1.98448042e2 -1.98448042e2
1.8982802e0 3.72878029e0 -2.06185567e2 -2.06185567e2
1.9321602e0 3.72878029e0 -2.14095747e2 -2.14095747e2
1.9660402e0 3.72878029e0 -2.22180103e2 -2.22180103e2
1.9999202e0 3.72878029e0 -2.30441125e2 -2.30441125e2

1.0e-3 3.7965763e0 -5.5655945e-5 -5.5655945e-5
3.4880005e-2 3.7965763e0 -6.7713358e-2 -6.7713358e-2
6.876001e-2 3.7965763e0 -2.63160266e-1 -2.63160266e-1
1.0264001e-1 3.7965763e0 -5.8644565e-1 -5.8644565e-1
1.3652002e-1 3.7965763e0 -1.03764748e0 -1.03764748e0
1.7040002e-1 3.7965763e0 -1.61687993e0 -1.61687993e0
2.0428003e-1 3.7965763e0 -2.32428339e0 -2.32428339e0
2.3816003e-1 3.7965763e0 -3.16003499e0 -3.16003499e0
2.7204004e-1 3.7965763e0 -4.12434029e0 -4.12434029e0
3.0592004e-1 3.7965763e0 -5.21743724e0 -5.21743724e0
3.3980005e-1 3.7965763e0 -6.4395995e0 -6.4395995e0
3.7368005e-1 3.7965763e0 -7.7911182e0 -7.7911182e0
4.0756006e-1 3.7965763e0 -9.2723328e0 -9.2723328e0
4.4144006e-1 3.7965763e0 -1.08836139e1 -1.08836139e1
4.7532007e-1 3.7965763e0 -1.26253487e1 -1.26253487e1
5.0920007e-1 3.7965763e0 -1.44979723e1 -1.44979723e1
5.4308008e-1 3.7965763e0 -1.6501933e1 -1.6501933e1
5.7696008e-1 3.7965763e0 -1.86377295e1 -1.86377295e1
6.1084009e-1 3.7965763e0 -2.09058887e1 -2.09058887e1
6.447201e-1 3.7965763e0 -2.3306953e1 -2.3306953e1
6.786001e-1 3.7965763e0 -2.58415195e1 -2.58415195e1
7.124801e-1 3.7965763e0 -2.8510204e1 -2.8510204e1
7.463601e-1 3.7965763e0 -3.13136485e1 -3.13136485e1
7.8024011e-1 3.7965763e0 -3.4252542e1 -3.4252542e1
8.1412012e-1 3.7965763e0 -3.7327588e1 -3.7327588e1
8.4800012e-1 3.7965763e0 -4.05395383e1 -4.05395383e1
8.8188013e-1 3.7965763e0 -4.38891704e1 -4.38891704e1
9.1576013e-1 3.7965763e0 -4.73772931e1 -4.73772931e1
9.4964014e-1 3.7965763e0 -5.10047195e1 -5.10047195e1
9.8352014e-1 3.7965763e0 -5.477236e1 -5.477236e1
1.0174e0 3.7965763e0 -5.868097e1 -5.868097e1
1.05128e0 3.7965763e0 -6.2731815e1 -6.2731815e1
1.08516e0 3.7965763e0 -6.69255e1 -6.69255e1
1.11904e0 3.7965763e0 -7.1263335e1 -7.1263335e1
1.15292e0 3.7965763e0 -7.5746118e1 -7.5746118e1
1.1868001e0 3.7965763e0 -8.0374863e1 -8.0374863e1
1.2206801e0 3.7965763e0 -8.5151009e1 -8.5151009e1
1.2545601e0 3.7965763e0 -9.0075398e1 -9.0075398e1
1.2884401e0 3.7965763e0 -9.5149008e1 -9.5149008e1
1.3223201e0 3.7965763e0 -1.00373575e2 -1.00373575e2
1.3562001e0 3.7965763e0 -1.0574968e2 -1.0574968e2
1.3900801e0 3.7965763e0 -1.11279124e2 -1.11279124e2
1.4239601e0 3.7965763e0 -1.16962723e2 -1.16962723e2
1.4578401e0 3.7965763e0 -1.22802316e2 -1.22802316e2
1.4917201e0 3.7965763e0 -1.28798961e2 -1.28798961e2
1.5256001e0 3.7965763e0 -1.3495367e2 -1.3495367e2
1.5594801e0 3.7965763e0 -1.41268625e2 -1.41268625e2
1.5933601e0 3.7965763e0 -1.47744434e2 -1.47744434e2
1.6272401e0 3.7965763e0 -1.54383316e2 -1.54383316e2
1.6611201e0 3.7965763e0 -1.6118651e2 -1.6118651e2
1.6950002e0 3.7965763e0 -1.68155153e2 -1.68155153e2
1.7288802e0 3.7965763e0 -1.75291432e2 -1.75291432e2
1.7627602e0 3.7965763e0 -1.82596637e2 -1.82596637e2
1.7966402e0 3.7965763e0 -1.90072168e2 -1.90072168e2
1.8305202e0 3.7965763e0 -1.97720132e2 -1.97720132e2
1.8644002e0 3.7965763e0 -2.05541734e2 -2.05541734e2
1.8982802e0 3.7965763e0 -2.13539423e2 -2.13539423e2
1.9321602e0 3.7965763e0 -2.21714449e2 -2.21714449e2
1.9660402e0 3.7965763e0 -2.30068324e2 -2.30068324e2
1.9999202e0 3.7965763e0 -2.38603563e2 -2.38603563e2

1.0e-3 3.8643723e0 -5.773352e-5 -5.773352e-5
3.4880005e-2 3.8643723e0 -7.0240968e-2 -7.0240968e-2
6.876001e-2 3.8643723e0 -2.72982918e-1 -2.72982918e-1
1.0264001e-1 3.8643723e0 -6.0833304e-1 -6.0833304e-1
1.3652002e-1 3.8643723e0 -1.07636876e0 -1.07636876e0
1.7040002e-1 3.8643723e0 -1.67720482e0 -1.67720482e0
2.0428003e-1 3.8643723e0 -2.41098134e0 -2.41098134e0
2.3816003e-1 3.8643723e0 -3.27787555e0 -3.27787555e0
2.7204004e-1 3.8643723e0 -4.27809296e0 -4.27809296e0
3.0592004e-1 3.8643723e0 -5.41187155e0 -5.41187155e0
3.3980005e-1 3.8643723e0 -6.679485e0 -6.679485e0
3.7368005e-1 3.8643723e0 -8.0812242e0 -8.0812242e0
4.0756006e-1 3.8643723e0 -9.6174289e0 -9.6174289e0
4.4144006e-1 3.8643723e0 -1.12884697e1 -1.12884697e1
4.7532007e-1 3.8643723e0 -1.30947372e1 -1.30947372e1
5.0920007e-1 3.8643723e0 -1.5036652e1 -1.5036652e1
5.4308008e-1 3.8643723e0 -1.71146849e1 -1.71146849e1
5.7696008e-1 3.8643723e0 -1.93293192e1 -1.93293192e1
6.1084009e-1 3.8643723e0 -2.16810857e1 -2.16810857e1
6.447201e-1 3.8643723e0 -2.41705264e1 -2.41705264e1
6.786001e-1 3.8643723e0 -2.67982393e1 -2.67982393e1
7.124801e-1 3.8643723e0 -2.95648396e1 -2.95648396e1
7.463601e-1 3.8643723e0 -3.24709694e1 -3.24709694e1
7.8024011e-1 3.8643723e0 -3.55173175e1 -3.55173175e1
8.1412012e-1 3.8643723e0 -3.87045877e1 -3.87045877e1
8.4800012e-1 3.8643723e0 -4.2033532e1 -4.2033532e1
8.8188013e-1 3.8643723e0 -4.55049274e1 -4.55049274e1
9.1576013e-1 3.8643723e0 -4.9119583e1 -4.9119583e1
9.4964014e-1 3.8643723e0 -5.28783253e1 -5.28783253e1
9.8352014e-1 3.8643723e0 -5.6782024e1 -5.6782024e1
1.0174e0 3.8643723e0 -6.0831471e1 -6.0831471e1
1.05128e0 3.8643723e0 -6.502793e1 -6.502793e1
1.08516e0 3.8643723e0 -6.9371992e1 -6.9371992e1
1.11904e0 3.8643723e0 -7.3864981e1 -7.3864981e1
1.15292e0 3.8643723e0 -7.8507684e1 -7.8507684e1
1.1868001e0 3.8643723e0 -8.3301114e1 -8.3301114e1
1.2206801e0 3.8643723e0 -8.8246722e1 -8.8246722e1
1.2545601e0 3.8643723e0 -9.3345341e1 -9.3345341e1
1.2884401e0 3.8643723e0 -9.8597943e1 -9.8597943e1
1.3223201e0 3.8643723e0 -1.04006284e2 -1.04006284e2
1.3562001e0 3.8643723e0 -1.09570918e2 -1.09570918e2
1.3900801e0 3.8643723e0 -1.1529367e2 -1.1529367e2
1.4239601e0 3.8643723e0 -1.21175339e2 -1.21175339e2
1.4578401e0 3.8643723e0 -1.27217783e2 -1.27217783e2
1.4917201e0 3.8643723e0 -1.33422046e2 -1.33422046e2
1.5256001e0 3.8643723e0 -1.39789131e2 -1.39789131e2
1.5594801e0 3.8643723e0 -1.46321246e2 -1.46321246e2
1.5933601e0 3.8643723e0 -1.53018971e2 -1.53018971e2
1.6272401e0 3.8643723e0 -1.59884547e2 -1.59884547e2
1.6611201e0 3.8643723e0 -1.6691921e2 -1.6691921e2
1.6950002e0 3.8643723e0 -1.74124034e2 -1.74124034e2
1.7288802e0 3.8643723e0 -1.81501364e2 -1.81501364e2
1.7627602e0 3.8643723e0 -1.8905234e2 -1.8905234e2
1.7966402e0 3.8643723e0 -1.96778407e2 -1.96778407e2
1.8305202e0 3.8643723e0 -2.04681685e2 -2.04681685e2
1.8644002e0 3.8643723e0 -2.12763358e2 -2.12763358e2
1.8982802e0 3.8643723e0 -2.210259e2 -2.210259e2
1.9321602e0 3.8643723e0 -2.29470549e2 -2.29470549e2
1.9660402e0 3.8643723e0 -2.38098807e2 -2.38098807e2
1.9999202e0 3.8643723e0 -2.46913206e2 -2.46913206e2

1.0e-3 3.9321683e0 -5.9847778e-5 -5.9847778e-5
3.4880005e-2 3.9321683e0 -7.2813206e-2 -7.2813206e-2
6.876001e-2 3.9321683e0 -2.82979e-1 -2.82979e-1
1.0264001e-1 3.9321683e0 -6.3060672e-1 -6.3060672e-1
1.3652002e-1 3.9321683e0 -1.115774e0 -1.115774e0
1.7040002e-1 3.9321683e0 -1.73859482e0 -1.73859482e0
2.0428003e-1 3.9321683e0 -2.49921005e0 -2.49921005e0
2.3816003e-1 3.9321683e0 -3.39779675e0 -3.39779675e0
2.7204004e-1 3.9321683e0 -4.43456033e0 -4.43456033e0
3.0592004e-1 3.9321683e0 -5.60973883e0 -5.60973883e0
3.3980005e-1 3.9321683e0 -6.923606e0 -6.923606e0
3.7368005e-1 3.9321683e0 -8.3764525e0 -8.3764525e0
4.0756006e-1 3.9321683e0 -9.968618e0 -9.968618e0
4.4144006e-1 3.9321683e0 -1.17004738e1 -1.17004738e1
4.7532007e-1 3.9321683e0 -1.357241e1 -1.357241e1
5.0920007e-1 3.9321683e0 -1.55848471e1 -1.55848471e1
5.4308008e-1 3.9321683e0 -1.77382558e1 -1.77382558e1
5.7696008e-1 3.9321683e0 -2.00331197e1 -2.00331197e1
6.1084009e-1 3.9321683e0 -2.24699698e1 -2.24699698e1
6.447201e-1 3.9321683e0 -2.50493475e1 -2.50493475e1
6.786001e-1 3.9321683e0 -2.77718512e1 -2.77718512e1
7.124801e-1 3.9321683e0 -3.06380962e1 -3.06380962e1
7.463601e-1 3.9321683e0 -3.3648724e1 -3.3648724e1
7.8024011e-1 3.9321683e0 -3.68044241e1 -3.68044241e1
8.1412012e-1 3.9321683e0 -4.01059e1 -4.01059e1
8.4800012e-1 3.9321683e0 -4.35539038e1 -4.35539038e1
8.8188013e-1 3.9321683e0 -4.71492125e1 -4.71492125e1
9.1576013e-1 3.9321683e0 -5.0892635e1 -5.0892635e1
9.4964014e-1 3.9321683e0 -5.47849982e1 -5.47849982e1
9.8352014e-1 3.9321683e0 -5.88271709e1 -5.88271709e1
1.0174e0 3.9321683e0 -6.3019942e1 -6.3019942e1
1.05128e0 3.9321683e0 -6.7364586e1 -6.7364586e1
1.08516e0 3.9321683e0 -7.1861682e1 -7.1861682e1
1.11904e0 3.9321683e0 -7.6512561e1 -7.6512561e1
1.15292e0 3.9321683e0 -8.131801e1 -8.131801e1
1.1868001e0 3.9321683e0 -8.6279031e1 -8.6279031e1
1.2206801e0 3.9321683e0 -9.1397095e1 -9.1397095e1
1.2545601e0 3.9321683e0 -9.6673021e1 -9.6673021e1
1.2884401e0 3.9321683e0 -1.02107774e2 -1.02107774e2
1.3223201e0 3.9321683e0 -1.07703131e2 -1.07703131e2
1.3562001e0 3.9321683e0 -1.13459625e2 -1.13459625e2
1.3900801e0 3.9321683e0 -1.19379099e2 -1.19379099e2
1.4239601e0 3.9321683e0 -1.25462335e2 -1.25462335e2
1.4578401e0 3.9321683e0 -1.31711209e2 -1.31711209e2
1.4917201e0 3.9321683e0 -1.38126756e2 -1.38126756e2
1.5256001e0 3.9321683e0 -1.44709967e2 -1.44709967e2
1.5594801e0 3.9321683e0 -1.51463078e2 -1.51463078e2
1.5933601e0 3.9321683e0 -1.58386636e2 -1.58386636e2
1.6272401e0 3.9321683e0 -1.65482912e2 -1.65482912e2
1.6611201e0 3.9321683e0 -1.72753127e2 -1.72753127e2
1.6950002e0 3.9321683e0 -1.80198347e2 -1.80198347e2
1.7288802e0 3.9321683e0 -1.87820938e2 -1.87820938e2
1.7627602e0 3.9321683e0 -1.95622029e2 -1.95622029e2
1.7966402e0 3.9321683e0 -2.03603053e2 -2.03603053e2
1.8305202e0 3.9321683e0 -2.11766151e2 -2.11766151e2
1.8644002e0 3.9321683e0 -2.20112488e2 -2.20112488e2
1.8982802e0 3.9321683e0 -2.28644562e2 -2.28644562e2
1.9321602e0 3.9321683e0 -2.37363594e2 -2.37363594e2
1.9660402e0 3.9321683e0 -2.46271077e2 -2.46271077e2
1.9999202e0 3.9321683e0 -2.55369566e2 -2.55369566e2

1.0e-3 3.99996431e0 -6.1998901e-5 -6.1998901e-5
3.4880005e-2 3.99996431e0 -7.5430296e-2 -7.5430296e-2
6.876001e-2 3.99996431e0 -2.93149377e-1 -2.93149377e-1
1.0264001e-1 3.99996431e0 -6.5326878e-1 -6.5326878e-1
1.3652002e-1 3.99996431e0 -1.15586604e0 -1.15586604e0
1.7040002e-1 3.99996431e0 -1.80105525e0 -1.80105525e0
2.0428003e-1 3.99996431e0 -2.58897716e0 -2.58897716e0
2.3816003e-1 3.99996431e0 -3.51980894e0 -3.51980894e0
2.7204004e-1 3.99996431e0 -4.59375594e0 -4.59375594e0
3.0592004e-1 3.99996431e0 -5.81105623e0 -5.81105623e0
3.3980005e-1 3.99996431e0 -7.1719836e0 -7.1719836e0
3.7368005e-1 3.99996431e0 -8.6768286e0 -8.6768286e0
4.0756006e-1 3.99996431e0 -1.03259308e1 -1.03259308e1
4.4144006e-1 3.99996431e0 -1.21196619e1 -1.21196619e1
4.7532007e-1 3.99996431e0 -1.40584082e1 -1.40584082e1
5.0920007e-1 3.99996431e0 -1.61426006e1 -1.61426006e1
5.4308008e-1 3.99996431e0 -1.83726996e1 -1.83726996e1
5.7696008e-1 3.99996431e0 -2.07491919e1 -2.07491919e1
6.1084009e-1 3.99996431e0 -2.32726091e1 -2.32726091e1
6.447201e-1 3.99996431e0 -2.5943492e1 -2.5943492e1
6.786001e-1 3.99996431e0 -2.87624394e1 -2.87624394e1
7.124801e-1 3.99996431e0 -3.17300664e1 -3.17300664e1
7.463601e-1 3.99996431e0 -3.48470148e1 -3.48470148e1
7.8024011e-1 3.99996431e0 -3.81139735e1 -3.81139735e1
8.1412012e-1 3.99996431e0 -4.15316463e1 -4.15316463e1
8.4800012e-1 3.99996431e0 -4.51007857e1 -4.51007857e1
8.8188013e-1 3.99996431e0 -4.88221683e1 -4.88221683e1
9.1576013e-1 3.99996431e0 -5.2696603e1 -5.2696603e1
9.4964014e-1 3.99996431e0 -5.67249165e1 -5.67249165e1
9.8352014e-1 3.99996431e0 -6.0907978e1 -6.0907978e1
1.0174e0 3.99996431e0 -6.5246573e1 -6.5246573e1
1.05128e0 3.99996431e0 -6.9741985e1 -6.9741985e1
1.08516e0 3.99996431e0 -7.4394783e1 -7.4394783e1
1.11904e0 3.99996431e0 -7.9206306e1 -7.9206306e1
1.15292e0 3.99996431e0 -8.4177336e1 -8.4177336e1
1.1868001e0 3.99996431e0 -8.9308873e1 -8.9308873e1
1.2206801e0 3.99996431e0 -9.4602397e1 -9.4602397e1
1.2545601e0 3.99996431e0 -1.00058722e2 -1.00058722e2
1.2884401e0 3.99996431e0 -1.05678804e2 -1.05678804e2
1.3223201e0 3.99996431e0 -1.11464438e2 -1.11464438e2
1.3562001e0 3.99996431e0 -1.17416138e2 -1.17416138e2
1.3900801e0 3.99996431e0 -1.23535764e2 -1.23535764e2
1.4239601e0 3.99996431e0 -1.2982408e2 -1.2982408e2
1.4578401e0 3.99996431e0 -1.36282985e2 -1.36282985e2
1.4917201e0 3.99996431e0 -1.42913501e2 -1.42913501e2
1.5256001e0 3.99996431e0 -1.49716606e2 -1.49716606e2
1.5594801e0 3.99996431e0 -1.56694565e2 -1.56694565e2
1.5933601e0 3.99996431e0 -1.63847894e2 -1.63847894e2
1.6272401e0 3.99996431e0 -1.71178891e2 -1.71178891e2
1.6611201e0 3.99996431e0 -1.78688766e2 -1.78688766e2
1.6950002e0 3.99996431e0 -1.86378575e2 -1.86378575e2
1.7288802e0 3.99996431e0 -1.94250703e2 -1.94250703e2
1.7627602e0 3.99996431e0 -2.0230627e2 -2.0230627e2
1.7966402e0 3.99996431e0 -2.10546698e2 -2.10546698e2
1.8305202e0 3.99996431e0 -2.18974147e2 -2.18974147e2
1.8644002e0 3.99996431e0 -2.27589761e2 -2.27589761e2
1.8982802e0 3.99996431e0 -2.36396066e2 -2.36396066e2
1.9321602e0 3.99996431e0 -2.45394266e2 -2.45394266e2
1.9660402e0 3.99996431e0 -2.54585841e2 -2.54585841e2
1.9999202e0 3.99996431e0 -2.63973376e2 -2.63973376e2
