1.0e-3 -2.5e-1 2.3828232e1 2.3828232e1
2.1190002e-2 -2.5e-1 7.3973846e0 7.3973846e0
4.1380005e-2 -2.5e-1 5.0417404e0 5.0417404e0
6.1570007e-2 -2.5e-1 3.8552513e0 3.8552513e0
8.176001e-2 -2.5e-1 3.1046829e0 3.1046829e0
1.0195001e-1 -2.5e-1 2.5764542e0 2.5764542e0
1.2214001e-1 -2.5e-1 2.1801903e0 2.1801903e0
1.4233002e-1 -2.5e-1 1.870295e0 1.870295e0
1.6252002e-1 -2.5e-1 1.620562e0 1.620562e0
1.8271002e-1 -2.5e-1 1.4147263e0 1.4147263e0
2.0290002e-1 -2.5e-1 1.241819e0 1.241819e0
2.2309003e-1 -2.5e-1 1.0950264e0 1.0950264e0
2.4328003e-1 -2.5e-1 9.688034e-1 9.688034e-1
2.6347003e-1 -2.5e-1 8.5930481e-1 8.5930481e-1
2.8366003e-1 -2.5e-1 7.6357727e-1 7.6357727e-1
3.0385004e-1 -2.5e-1 6.7928925e-1 6.7928925e-1
3.2404004e-1 -2.5e-1 6.047226e-1 6.047226e-1
3.4423004e-1 -2.5e-1 5.3844833e-1 5.3844833e-1
3.6442004e-1 -2.5e-1 4.7934265e-1 4.7934265e-1
3.8461005e-1 -2.5e-1 4.2636955e-1 4.2636955e-1
4.0480005e-1 -2.5e-1 3.7868713e-1 3.7868713e-1
4.2499005e-1 -2.5e-1 3.3583786e-1 3.3583786e-1
4.4518005e-1 -2.5e-1 2.9721786e-1 2.9721786e-1
4.6537006e-1 -2.5e-1 2.623008e-1 2.623008e-1
4.8556006e-1 -2.5e-1 2.3070084e-1 2.3070084e-1
5.0575006e-1 -2.5e-1 2.0209763e-1 2.0209763e-1
5.2594006e-1 -2.5e-1 1.7618103e-1 1.7618103e-1
5.4613007e-1 -2.5e-1 1.5269669e-1 1.5269669e-1
5.6632007e-1 -2.5e-1 1.3139664e-1 1.3139664e-1
5.8651007e-1 -2.5e-1 1.1211777e-1 1.1211777e-1
6.0670007e-1 -2.5e-1 9.460655e-2 9.460655e-2
6.2689008e-1 -2.5e-1 7.87851e-2 7.87851e-2
6.4708008e-1 -2.5e-1 6.4495697e-2 6.4495697e-2
6.6727008e-1 -2.5e-1 5.160141e-2 5.160141e-2
6.8746008e-1 -2.5e-1 3.995285e-2 3.995285e-2
7.0765009e-1 -2.5e-1 2.9549942e-2 2.9549942e-2
7.2784009e-1 -2.5e-1 2.0237656e-2 2.0237656e-2
7.4803009e-1 -2.5e-1 1.1921692e-2 1.1921692e-2
7.682201e-1 -2.5e-1 4.521797e-3 4.521797e-3
7.884101e-1 -2.5e-1 -1.982361e-3 -1.982361e-3
8.086001e-1 -2.5e-1 -7.703804e-3 -7.703804e-3
8.287901e-1 -2.5e-1 -1.2635269e-2 -1.2635269e-2
8.489801e-1 -2.5e-1 -1.6864754e-2 -1.6864754e-2
8.691701e-1 -2.5e-1 -2.0439804e-2 -2.0439804e-2
8.893601e-1 -2.5e-1 -2.3393799e-2 -2.3393799e-2
9.0955011e-1 -2.5e-1 -2.5775175e-2 -2.5775175e-2
9.2974011e-1 -2.5e-1 -2.7617691e-2 -2.7617691e-2
9.4993011e-1 -2.5e-1 -2.8953485e-2 -2.8953485e-2
9.7012012e-1 -2.5e-1 -2.9813484e-2 -2.9813484e-2
9.9031012e-1 -2.5e-1 -3.0226004e-2 -3.0226004e-2
1.0105e0 -2.5e-1 -3.021915e-2 -3.021915e-2
1.03069e0 -2.5e-1 -2.9817116e-2 -2.9817116e-2
1.05088e0 -2.5e-1 -2.9043358e-2 -2.9043358e-2
1.0710701e0 -2.5e-1 -2.7917027e-2 -2.7917027e-2
1.09126e0 -2.5e-1 -2.646192e-2 -2.646192e-2
1.11145e0 -2.5e-1 -2.4690361e-2 -2.4690361e-2
1.13164e0 -2.5e-1 -2.2631241e-2 -2.2631241e-2
1.15183e0 -2.5e-1 -2.0289185e-2 -2.0289185e-2
1.1720201e0 -2.5e-1 -1.7677429e-2 -1.7677429e-2
1.1922101e0 -2.5e-1 -1.481887e-2 -1.481887e-2
1.2124e0 -2.5e-1 -1.1726067e-2 -1.1726067e-2
1.23259e0 -2.5e-1 -8.412025e-3 -8.412025e-3
1.25278e0 -2.5e-1 -4.879883e-3 -4.879883e-3
1.2729701e0 -2.5e-1 -1.153366e-3 -1.153366e-3
1.2931601e0 -2.5e-1 2.771606e-3 2.771606e-3
1.31335e0 -2.5e-1 6.873772e-3 6.873772e-3
1.33354e0 -2.5e-1 1.1140976e-2 1.1140976e-2
1.35373e0 -2.5e-1 1.5582588e-2 1.5582588e-2
1.3739201e0 -2.5e-1 2.0170975e-2 2.0170975e-2
1.3941101e0 -2.5e-1 2.4905014e-2 2.4905014e-2
1.4143001e0 -2.5e-1 2.9792328e-2 2.9792328e-2
1.43449e0 -2.5e-1 3.4807663e-2 3.4807663e-2
1.45468e0 -2.5e-1 3.9949112e-2 3.9949112e-2
1.4748701e0 -2.5e-1 4.52005e-2 4.52005e-2
1.4950601e0 -2.5e-1 5.0588837e-2 5.0588837e-2
1.5152501e0 -2.5e-1 5.6046677e-2 5.6046677e-2
1.53544e0 -2.5e-1 6.1631241e-2 6.1631241e-2
1.55563e0 -2.5e-1 6.733345e-2 6.733345e-2
1.5758202e0 -2.5e-1 7.31163e-2 7.31163e-2
1.5960101e0 -2.5e-1 7.899063e-2 7.899063e-2
1.6162001e0 -2.5e-1 8.493141e-2 8.493141e-2
1.63639e0 -2.5e-1 9.098007e-2 9.098007e-2
1.65658e0 -2.5e-1 9.708763e-2 9.708763e-2
1.6767702e0 -2.5e-1 1.0328316e-1 1.0328316e-1
1.6969601e0 -2.5e-1 1.0954659e-1 1.0954659e-1
1.7171501e0 -2.5e-1 1.1581833e-1 1.1581833e-1
1.7373401e0 -2.5e-1 1.2222214e-1 1.2222214e-1
1.75753e0 -2.5e-1 1.286618e-1 1.286618e-1
1.7777202e0 -2.5e-1 1.3519432e-1 1.3519432e-1
1.7979102e0 -2.5e-1 1.4175293e-1 1.4175293e-1
1.8181001e0 -2.5e-1 1.4834923e-1 1.4834923e-1
1.8382901e0 -2.5e-1 1.5502098e-1 1.5502098e-1
1.85848e0 -2.5e-1 1.61753e-1 1.61753e-1
1.8786702e0 -2.5e-1 1.6849792e-1 1.6849792e-1
1.8988602e0 -2.5e-1 1.7528893e-1 1.7528893e-1
1.9190501e0 -2.5e-1 1.8204391e-1 1.8204391e-1
1.9392401e0 -2.5e-1 1.889148e-1 1.889148e-1
1.9594301e0 -2.5e-1 1.9584793e-1 1.9584793e-1
1.9796202e0 -2.5e-1 2.0281395e-1 2.0281395e-1
1.9998102e0 -2.5e-1 2.0976097e-1 2.0976097e-1

1.0e-3 -2.0707101e-1 2.3837526e1 2.3837526e1
2.1190002e-2 -2.0707101e-1 7.4066786e0 7.4066786e0
4.1380005e-2 -2.0707101e-1 5.0510344e0 5.0510344e0
6.1570007e-2 -2.0707101e-1 3.8645453e0 3.8645453e0
8.176001e-2 -2.0707101e-1 3.1139769e0 3.1139769e0
1.0195001e-1 -2.0707101e-1 2.5857481e0 2.5857481e0
1.2214001e-1 -2.0707101e-1 2.1894843e0 2.1894843e0
1.4233002e-1 -2.0707101e-1 1.879589e0 1.879589e0
1.6252002e-1 -2.0707101e-1 1.629856e0 1.629856e0
1.8271002e-1 -2.0707101e-1 1.4240202e0 1.4240202e0
2.0290002e-1 -2.0707101e-1 1.251113e0 1.251113e0
2.2309003e-1 -2.0707101e-1 1.1043204e0 1.1043204e0
2.4328003e-1 -2.0707101e-1 9.7809727e-1 9.7809727e-1
2.6347003e-1 -2.0707101e-1 8.6859868e-1 8.6859868e-1
2.8366003e-1 -2.0707101e-1 7.7287114e-1 7.7287114e-1
3.0385004e-1 -2.0707101e-1 6.8858311e-1 6.8858311e-1
3.2404004e-1 -2.0707101e-1 6.1401646e-1 6.1401646e-1
3.4423004e-1 -2.0707101e-1 5.477422e-1 5.477422e-1
3.6442004e-1 -2.0707101e-1 4.8863652e-1 4.8863652e-1
3.8461005e-1 -2.0707101e-1 4.3566342e-1 4.3566342e-1
4.0480005e-1 -2.0707101e-1 3.87981e-1 3.87981e-1
4.2499005e-1 -2.0707101e-1 3.4513173e-1 3.4513173e-1
4.4518005e-1 -2.0707101e-1 3.0651173e-1 3.0651173e-1
4.6537006e-1 -2.0707101e-1 2.7159467e-1 2.7159467e-1
4.8556006e-1 -2.0707101e-1 2.399947e-1 2.399947e-1
5.0575006e-1 -2.0707101e-1 2.113915e-1 2.113915e-1
5.2594006e-1 -2.0707101e-1 1.854749e-1 1.854749e-1
5.4613007e-1 -2.0707101e-1 1.6199055e-1 1.6199055e-1
5.6632007e-1 -2.0707101e-1 1.406905e-1 1.406905e-1
5.8651007e-1 -2.0707101e-1 1.2141164e-1 1.2141164e-1
6.0670007e-1 -2.0707101e-1 1.0390042e-1 1.0390042e-1
6.2689008e-1 -2.0707101e-1 8.807896e-2 8.807896e-2
6.4708008e-1 -2.0707101e-1 7.3789566e-2 7.3789566e-2
6.6727008e-1 -2.0707101e-1 6.0895279e-2 6.0895279e-2
6.8746008e-1 -2.0707101e-1 4.924672e-2 4.924672e-2
7.0765009e-1 -2.0707101e-1 3.8843811e-2 3.8843811e-2
7.2784009e-1 -2.0707101e-1 2.9531525e-2 2.9531525e-2
7.4803009e-1 -2.0707101e-1 2.1215561e-2 2.1215561e-2
7.682201e-1 -2.0707101e-1 1.3815666e-2 1.3815666e-2
7.884101e-1 -2.0707101e-1 7.311508e-3 7.311508e-3
8.086001e-1 -2.0707101e-1 1.590065e-3 1.590065e-3
8.287901e-1 -2.0707101e-1 -3.3414e-3 -3.3414e-3
8.489801e-1 -2.0707101e-1 -7.570885e-3 -7.570885e-3
8.691701e-1 -2.0707101e-1 -1.1145935e-2 -1.1145935e-2
8.893601e-1 -2.0707101e-1 -1.409993e-2 -1.409993e-2
9.0955011e-1 -2.0707101e-1 -1.6481306e-2 -1.6481306e-2
9.2974011e-1 -2.0707101e-1 -1.8323822e-2 -1.8323822e-2
9.4993011e-1 -2.0707101e-1 -1.9659616e-2 -1.9659616e-2
9.7012012e-1 -2.0707101e-1 -2.0519615e-2 -2.0519615e-2
9.9031012e-1 -2.0707101e-1 -2.0932135e-2 -2.0932135e-2
1.0105e0 -2.0707101e-1 -2.092528e-2 -2.092528e-2
1.03069e0 -2.0707101e-1 -2.0523247e-2 -2.0523247e-2
1.05088e0 -2.0707101e-1 -1.9749489e-2 -1.9749489e-2
1.0710701e0 -2.0707101e-1 -1.8623158e-2 -1.8623158e-2
1.09126e0 -2.0707101e-1 -1.7168051e-2 -1.7168051e-2
1.11145e0 -2.0707101e-1 -1.5396492e-2 -1.5396492e-2
1.13164e0 -2.0707101e-1 -1.3337372e-2 -1.3337372e-2
1.15183e0 -2.0707101e-1 -1.0995316e-2 -1.0995316e-2
1.1720201e0 -2.0707101e-1 -8.38356e-3 -8.38356e-3
1.1922101e0 -2.0707101e-1 -5.525002e-3 -5.525002e-3
1.2124e0 -2.0707101e-1 -2.432198e-3 -2.432198e-3
1.23259e0 -2.0707101e-1 8.81844e-4 8.81844e-4
1.25278e0 -2.0707101e-1 4.413986e-3 4.413986e-3
1.2729701e0 -2.0707101e-1 8.140503e-3 8.140503e-3
1.2931601e0 -2.0707101e-1 1.2065475e-2 1.2065475e-2
1.31335e0 -2.0707101e-1 1.616764e-2 1.616764e-2
1.33354e0 -2.0707101e-1 2.0434845e-2 2.0434845e-2
1.35373e0 -2.0707101e-1 2.4876457e-2 2.4876457e-2
1.3739201e0 -2.0707101e-1 2.9464844e-2 2.9464844e-2
1.3941101e0 -2.0707101e-1 3.4198883e-2 3.4198883e-2
1.4143001e0 -2.0707101e-1 3.9086197e-2 3.9086197e-2
1.43449e0 -2.0707101e-1 4.4101532e-2 4.4101532e-2
1.45468e0 -2.0707101e-1 4.9242981e-2 4.9242981e-2
1.4748701e0 -2.0707101e-1 5.449437e-2 5.449437e-2
1.4950601e0 -2.0707101e-1 5.9882706e-2 5.9882706e-2
1.5152501e0 -2.0707101e-1 6.5340546e-2 6.5340546e-2
1.53544e0 -2.0707101e-1 7.092511e-2 7.092511e-2
1.55563e0 -2.0707101e-1 7.662732e-2 7.662732e-2
1.5758202e0 -2.0707101e-1 8.241017e-2 8.241017e-2
1.5960101e0 -2.0707101e-1 8.82845e-2 8.82845e-2
1.6162001e0 -2.0707101e-1 9.422528e-2 9.422528e-2
1.63639e0 -2.0707101e-1 1.0027394e-1 1.0027394e-1
1.65658e0 -2.0707101e-1 1.063815e-1 1.063815e-1
1.6767702e0 -2.0707101e-1 1.1257703e-1 1.1257703e-1
1.6969601e0 -2.0707101e-1 1.1884045e-1 1.1884045e-1
1.7171501e0 -2.0707101e-1 1.251122e-1 1.251122e-1
1.7373401e0 -2.0707101e-1 1.31516e-1 1.31516e-1
1.75753e0 -2.0707101e-1 1.3795567e-1 1.3795567e-1
1.7777202e0 -2.0707101e-1 1.4448819e-1 1.4448819e-1
1.7979102e0 -2.0707101e-1 1.510468e-1 1.510468e-1
1.8181001e0 -2.0707101e-1 1.576431e-1 1.576431e-1
1.8382901e0 -2.0707101e-1 1.6431485e-1 1.6431485e-1
1.85848e0 -2.0707101e-1 1.7104688e-1 1.7104688e-1
1.8786702e0 -2.0707101e-1 1.777918e-1 1.777918e-1
1.8988602e0 -2.0707101e-1 1.845828e-1 1.845828e-1
1.9190501e0 -2.0707101e-1 1.9133778e-1 1.9133778e-1
1.9392401e0 -2.0707101e-1 1.9820866e-1 1.9820866e-1
1.9594301e0 -2.0707101e-1 2.051418e-1 2.051418e-1
1.9796202e0 -2.0707101e-1 2.1210782e-1 2.1210782e-1
1.9998102e0 -2.0707101e-1 2.1905484e-1 2.1905484e-1

1.0e-3 -1.6414203e-1 2.3845216e1 2.3845216e1
2.1190002e-2 -1.6414203e-1 7.4143683e0 7.4143683e0
4.1380005e-2 -1.6414203e-1 5.058724e0 5.058724e0
6.1570007e-2 -1.6414203e-1 3.872235e0 3.872235e0
8.176001e-2 -1.6414203e-1 3.1216666e0 3.1216666e0
1.0195001e-1 -1.6414203e-1 2.5934378e0 2.5934378e0
1.2214001e-1 -1.6414203e-1 2.1971739e0 2.1971739e0
1.4233002e-1 -1.6414203e-1 1.8872786e0 1.8872786e0
1.6252002e-1 -1.6414203e-1 1.6375456e0 1.6375456e0
1.8271002e-1 -1.6414203e-1 1.4317099e0 1.4317099e0
2.0290002e-1 -1.6414203e-1 1.2588026e0 1.2588026e0
2.2309003e-1 -1.6414203e-1 1.11201e0 1.11201e0
2.4328003e-1 -1.6414203e-1 9.8578703e-1 9.8578703e-1
2.6347003e-1 -1.6414203e-1 8.7628844e-1 8.7628844e-1
2.8366003e-1 -1.6414203e-1 7.805609e-1 7.805609e-1
3.0385004e-1 -1.6414203e-1 6.9627287e-1 6.9627287e-1
3.2404004e-1 -1.6414203e-1 6.2170622e-1 6.2170622e-1
3.4423004e-1 -1.6414203e-1 5.5543196e-1 5.5543196e-1
3.6442004e-1 -1.6414203e-1 4.9632628e-1 4.9632628e-1
3.8461005e-1 -1.6414203e-1 4.4335318e-1 4.4335318e-1
4.0480005e-1 -1.6414203e-1 3.9567076e-1 3.9567076e-1
4.2499005e-1 -1.6414203e-1 3.5282149e-1 3.5282149e-1
4.4518005e-1 -1.6414203e-1 3.1420149e-1 3.1420149e-1
4.6537006e-1 -1.6414203e-1 2.7928442e-1 2.7928442e-1
4.8556006e-1 -1.6414203e-1 2.4768446e-1 2.4768446e-1
5.0575006e-1 -1.6414203e-1 2.1908125e-1 2.1908125e-1
5.2594006e-1 -1.6414203e-1 1.9316466e-1 1.9316466e-1
5.4613007e-1 -1.6414203e-1 1.6968031e-1 1.6968031e-1
5.6632007e-1 -1.6414203e-1 1.4838026e-1 1.4838026e-1
5.8651007e-1 -1.6414203e-1 1.291014e-1 1.291014e-1
6.0670007e-1 -1.6414203e-1 1.1159018e-1 1.1159018e-1
6.2689008e-1 -1.6414203e-1 9.576872e-2 9.576872e-2
6.4708008e-1 -1.6414203e-1 8.147931e-2 8.147931e-2
6.6727008e-1 -1.6414203e-1 6.8585023e-2 6.8585023e-2
6.8746008e-1 -1.6414203e-1 5.6936464e-2 5.6936464e-2
7.0765009e-1 -1.6414203e-1 4.6533556e-2 4.6533556e-2
7.2784009e-1 -1.6414203e-1 3.7221269e-2 3.7221269e-2
7.4803009e-1 -1.6414203e-1 2.8905305e-2 2.8905305e-2
7.682201e-1 -1.6414203e-1 2.1505411e-2 2.1505411e-2
7.884101e-1 -1.6414203e-1 1.5001253e-2 1.5001253e-2
8.086001e-1 -1.6414203e-1 9.27981e-3 9.27981e-3
8.287901e-1 -1.6414203e-1 4.348344e-3 4.348344e-3
8.489801e-1 -1.6414203e-1 1.1886e-4 1.1886e-4
8.691701e-1 -1.6414203e-1 -3.45619e-3 -3.45619e-3
8.893601e-1 -1.6414203e-1 -6.410185e-3 -6.410185e-3
9.0955011e-1 -1.6414203e-1 -8.791562e-3 -8.791562e-3
9.2974011e-1 -1.6414203e-1 -1.0634077e-2 -1.0634077e-2
9.4993011e-1 -1.6414203e-1 -1.1969872e-2 -1.1969872e-2
9.7012012e-1 -1.6414203e-1 -1.282987e-2 -1.282987e-2
9.9031012e-1 -1.6414203e-1 -1.324239e-2 -1.324239e-2
1.0105e0 -1.6414203e-1 -1.3235536e-2 -1.3235536e-2
1.03069e0 -1.6414203e-1 -1.2833502e-2 -1.2833502e-2
1.05088e0 -1.6414203e-1 -1.2059744e-2 -1.2059744e-2
1.0710701e0 -1.6414203e-1 -1.0933414e-2 -1.0933414e-2
1.09126e0 -1.6414203e-1 -9.478307e-3 -9.478307e-3
1.11145e0 -1.6414203e-1 -7.706747e-3 -7.706747e-3
1.13164e0 -1.6414203e-1 -5.647627e-3 -5.647627e-3
1.15183e0 -1.6414203e-1 -3.305571e-3 -3.305571e-3
1.1720201e0 -1.6414203e-1 -6.93816e-4 -6.93816e-4
1.1922101e0 -1.6414203e-1 2.164743e-3 2.164743e-3
1.2124e0 -1.6414203e-1 5.257547e-3 5.257547e-3
1.23259e0 -1.6414203e-1 8.571588e-3 8.571588e-3
1.25278e0 -1.6414203e-1 1.2103731e-2 1.2103731e-2
1.2729701e0 -1.6414203e-1 1.5830247e-2 1.5830247e-2
1.2931601e0 -1.6414203e-1 1.975522e-2 1.975522e-2
1.31335e0 -1.6414203e-1 2.3857385e-2 2.3857385e-2
1.33354e0 -1.6414203e-1 2.812459e-2 2.812459e-2
1.35373e0 -1.6414203e-1 3.2566202e-2 3.2566202e-2
1.3739201e0 -1.6414203e-1 3.7154588e-2 3.7154588e-2
1.3941101e0 -1.6414203e-1 4.1888628e-2 4.1888628e-2
1.4143001e0 -1.6414203e-1 4.6775941e-2 4.6775941e-2
1.43449e0 -1.6414203e-1 5.1791277e-2 5.1791277e-2
1.45468e0 -1.6414203e-1 5.6932726e-2 5.6932726e-2
1.4748701e0 -1.6414203e-1 6.2184114e-2 6.2184114e-2
1.4950601e0 -1.6414203e-1 6.757245e-2 6.757245e-2
1.5152501e0 -1.6414203e-1 7.303029e-2 7.303029e-2
1.53544e0 -1.6414203e-1 7.8614854e-2 7.8614854e-2
1.55563e0 -1.6414203e-1 8.4317064e-2 8.4317064e-2
1.5758202e0 -1.6414203e-1 9.009993e-2 9.009993e-2
1.5960101e0 -1.6414203e-1 9.597426e-2 9.597426e-2
1.6162001e0 -1.6414203e-1 1.0191504e-1 1.0191504e-1
1.63639e0 -1.6414203e-1 1.079637e-1 1.079637e-1
1.65658e0 -1.6414203e-1 1.1407126e-1 1.1407126e-1
1.6767702e0 -1.6414203e-1 1.2026678e-1 1.2026678e-1
1.6969601e0 -1.6414203e-1 1.2653021e-1 1.2653021e-1
1.7171501e0 -1.6414203e-1 1.3280196e-1 1.3280196e-1
1.7373401e0 -1.6414203e-1 1.3920576e-1 1.3920576e-1
1.75753e0 -1.6414203e-1 1.4564543e-1 1.4564543e-1
1.7777202e0 -1.6414203e-1 1.5217795e-1 1.5217795e-1
1.7979102e0 -1.6414203e-1 1.5873656e-1 1.5873656e-1
1.8181001e0 -1.6414203e-1 1.6533286e-1 1.6533286e-1
1.8382901e0 -1.6414203e-1 1.7200461e-1 1.7200461e-1
1.85848e0 -1.6414203e-1 1.7873663e-1 1.7873663e-1
1.8786702e0 -1.6414203e-1 1.8548155e-1 1.8548155e-1
1.8988602e0 -1.6414203e-1 1.9227255e-1 1.9227255e-1
1.9190501e0 -1.6414203e-1 1.9902754e-1 1.9902754e-1
1.9392401e0 -1.6414203e-1 2.0589842e-1 2.0589842e-1
1.9594301e0 -1.6414203e-1 2.1283156e-1 2.1283156e-1
1.9796202e0 -1.6414203e-1 2.1979758e-1 2.1979758e-1
1.9998102e0 -1.6414203e-1 2.267446e-1 2.267446e-1

1.0e-3 -1.2121304e-1 2.3851213e1 2.3851213e1
2.1190002e-2 -1.2121304e-1 7.4203658e0 7.4203658e0
4.1380005e-2 -1.2121304e-1 5.0647215e0 5.0647215e0
6.1570007e-2 -1.2121304e-1 3.8782324e0 3.8782324e0
8.176001e-2 -1.2121304e-1 3.127664e0 3.127664e0
1.0195001e-1 -1.2121304e-1 2.5994353e0 2.5994353e0
1.2214001e-1 -1.2121304e-1 2.2031714e0 2.2031714e0
1.4233002e-1 -1.2121304e-1 1.893276e0 1.893276e0
1.6252002e-1 -1.2121304e-1 1.6435431e0 1.6435431e0
1.8271002e-1 -1.2121304e-1 1.4377074e0 1.4377074e0
2.0290002e-1 -1.2121304e-1 1.2648001e0 1.2648001e0
2.2309003e-1 -1.2121304e-1 1.1180075e0 1.1180075e0
2.4328003e-1 -1.2121304e-1 9.9178452e-1 9.9178452e-1
2.6347003e-1 -1.2121304e-1 8.8228592e-1 8.8228592e-1
2.8366003e-1 -1.2121304e-1 7.8655838e-1 7.8655838e-1
3.0385004e-1 -1.2121304e-1 7.0227036e-1 7.0227036e-1
3.2404004e-1 -1.2121304e-1 6.277037e-1 6.277037e-1
3.4423004e-1 -1.2121304e-1 5.6142944e-1 5.6142944e-1
3.6442004e-1 -1.2121304e-1 5.0232376e-1 5.0232376e-1
3.8461005e-1 -1.2121304e-1 4.4935066e-1 4.4935066e-1
4.0480005e-1 -1.2121304e-1 4.0166824e-1 4.0166824e-1
4.2499005e-1 -1.2121304e-1 3.5881897e-1 3.5881897e-1
4.4518005e-1 -1.2121304e-1 3.2019897e-1 3.2019897e-1
4.6537006e-1 -1.2121304e-1 2.852819e-1 2.852819e-1
4.8556006e-1 -1.2121304e-1 2.5368195e-1 2.5368195e-1
5.0575006e-1 -1.2121304e-1 2.2507874e-1 2.2507874e-1
5.2594006e-1 -1.2121304e-1 1.9916214e-1 1.9916214e-1
5.4613007e-1 -1.2121304e-1 1.756778e-1 1.756778e-1
5.6632007e-1 -1.2121304e-1 1.5437775e-1 1.5437775e-1
5.8651007e-1 -1.2121304e-1 1.3509888e-1 1.3509888e-1
6.0670007e-1 -1.2121304e-1 1.1758766e-1 1.1758766e-1
6.2689008e-1 -1.2121304e-1 1.017662e-1 1.017662e-1
6.4708008e-1 -1.2121304e-1 8.7476797e-2 8.7476797e-2
6.6727008e-1 -1.2121304e-1 7.458251e-2 7.458251e-2
6.8746008e-1 -1.2121304e-1 6.2933951e-2 6.2933951e-2
7.0765009e-1 -1.2121304e-1 5.2531042e-2 5.2531042e-2
7.2784009e-1 -1.2121304e-1 4.3218756e-2 4.3218756e-2
7.4803009e-1 -1.2121304e-1 3.4902792e-2 3.4902792e-2
7.682201e-1 -1.2121304e-1 2.7502898e-2 2.7502898e-2
7.884101e-1 -1.2121304e-1 2.099874e-2 2.099874e-2
8.086001e-1 -1.2121304e-1 1.5277296e-2 1.5277296e-2
8.287901e-1 -1.2121304e-1 1.0345831e-2 1.0345831e-2
8.489801e-1 -1.2121304e-1 6.116347e-3 6.116347e-3
8.691701e-1 -1.2121304e-1 2.541295e-3 2.541295e-3
8.893601e-1 -1.2121304e-1 -4.126997e-4 -4.126997e-4
9.0955011e-1 -1.2121304e-1 -2.7940764e-3 -2.7940764e-3
9.2974011e-1 -1.2121304e-1 -4.6365912e-3 -4.6365912e-3
9.4993011e-1 -1.2121304e-1 -5.972386e-3 -5.972386e-3
9.7012012e-1 -1.2121304e-1 -6.8323839e-3 -6.8323839e-3
9.9031012e-1 -1.2121304e-1 -7.2449046e-3 -7.2449046e-3
1.0105e0 -1.2121304e-1 -7.2380502e-3 -7.2380502e-3
1.03069e0 -1.2121304e-1 -6.8360162e-3 -6.8360162e-3
1.05088e0 -1.2121304e-1 -6.062258e-3 -6.062258e-3
1.0710701e0 -1.2121304e-1 -4.9359274e-3 -4.9359274e-3
1.09126e0 -1.2121304e-1 -3.4808203e-3 -3.4808203e-3
1.11145e0 -1.2121304e-1 -1.709262e-3 -1.709262e-3
1.13164e0 -1.2121304e-1 3.498582e-4 3.498582e-4
1.15183e0 -1.2121304e-1 2.6919145e-3 2.6919145e-3
1.1720201e0 -1.2121304e-1 5.303671e-3 5.303671e-3
1.1922101e0 -1.2121304e-1 8.16223e-3 8.16223e-3
1.2124e0 -1.2121304e-1 1.1255034e-2 1.1255034e-2
1.23259e0 -1.2121304e-1 1.4569075e-2 1.4569075e-2
1.25278e0 -1.2121304e-1 1.8101218e-2 1.8101218e-2
1.2729701e0 -1.2121304e-1 2.1827734e-2 2.1827734e-2
1.2931601e0 -1.2121304e-1 2.5752707e-2 2.5752707e-2
1.31335e0 -1.2121304e-1 2.9854872e-2 2.9854872e-2
1.33354e0 -1.2121304e-1 3.4122076e-2 3.4122076e-2
1.35373e0 -1.2121304e-1 3.8563689e-2 3.8563689e-2
1.3739201e0 -1.2121304e-1 4.3152075e-2 4.3152075e-2
1.3941101e0 -1.2121304e-1 4.7886115e-2 4.7886115e-2
1.4143001e0 -1.2121304e-1 5.2773428e-2 5.2773428e-2
1.43449e0 -1.2121304e-1 5.7788763e-2 5.7788763e-2
1.45468e0 -1.2121304e-1 6.2930212e-2 6.2930212e-2
1.4748701e0 -1.2121304e-1 6.8181601e-2 6.8181601e-2
1.4950601e0 -1.2121304e-1 7.3569937e-2 7.3569937e-2
1.5152501e0 -1.2121304e-1 7.9027777e-2 7.9027777e-2
1.53544e0 -1.2121304e-1 8.4612341e-2 8.4612341e-2
1.55563e0 -1.2121304e-1 9.0314551e-2 9.0314551e-2
1.5758202e0 -1.2121304e-1 9.609741e-2 9.609741e-2
1.5960101e0 -1.2121304e-1 1.0197174e-1 1.0197174e-1
1.6162001e0 -1.2121304e-1 1.0791252e-1 1.0791252e-1
1.63639e0 -1.2121304e-1 1.1396118e-1 1.1396118e-1
1.65658e0 -1.2121304e-1 1.2006874e-1 1.2006874e-1
1.6767702e0 -1.2121304e-1 1.2626427e-1 1.2626427e-1
1.6969601e0 -1.2121304e-1 1.325277e-1 1.325277e-1
1.7171501e0 -1.2121304e-1 1.3879944e-1 1.3879944e-1
1.7373401e0 -1.2121304e-1 1.4520325e-1 1.4520325e-1
1.75753e0 -1.2121304e-1 1.5164291e-1 1.5164291e-1
1.7777202e0 -1.2121304e-1 1.5817543e-1 1.5817543e-1
1.7979102e0 -1.2121304e-1 1.6473404e-1 1.6473404e-1
1.8181001e0 -1.2121304e-1 1.7133034e-1 1.7133034e-1
1.8382901e0 -1.2121304e-1 1.7800209e-1 1.7800209e-1
1.85848e0 -1.2121304e-1 1.8473412e-1 1.8473412e-1
1.8786702e0 -1.2121304e-1 1.9147903e-1 1.9147903e-1
1.8988602e0 -1.2121304e-1 1.9827003e-1 1.9827003e-1
1.9190501e0 -1.2121304e-1 2.0502502e-1 2.0502502e-1
1.9392401e0 -1.2121304e-1 2.118959e-1 2.118959e-1
1.9594301e0 -1.2121304e-1 2.1882904e-1 2.1882904e-1
1.9796202e0 -1.2121304e-1 2.2579506e-1 2.2579506e-1
1.9998102e0 -1.2121304e-1 2.3274208e-1 2.3274208e-1

1.0e-3 -7.828406e-2 2.3855452e1 2.3855452e1
2.1190002e-2 -7.828406e-2 7.4246034e0 7.4246034e0
4.1380005e-2 -7.828406e-2 5.0689592e0 5.0689592e0
6.1570007e-2 -7.828406e-2 3.8824701e0 3.8824701e0
8.176001e-2 -7.828406e-2 3.1319017e0 3.1319017e0
1.0195001e-1 -7.828406e-2 2.603673e0 2.603673e0
1.2214001e-1 -7.828406e-2 2.207409e0 2.207409e0
1.4233002e-1 -7.828406e-2 1.8975137e0 1.8975137e0
1.6252002e-1 -7.828406e-2 1.6477808e0 1.6477808e0
1.8271002e-1 -7.828406e-2 1.441945e0 1.441945e0
2.0290002e-1 -7.828406e-2 1.2690378e0 1.2690378e0
2.2309003e-1 -7.828406e-2 1.1222452e0 1.1222452e0
2.4328003e-1 -7.828406e-2 9.9602205e-1 9.9602205e-1
2.6347003e-1 -7.828406e-2 8.8652345e-1 8.8652345e-1
2.8366003e-1 -7.828406e-2 7.9079591e-1 7.9079591e-1
3.0385004e-1 -7.828406e-2 7.0650789e-1 7.0650789e-1
3.2404004e-1 -7.828406e-2 6.3194124e-1 6.3194124e-1
3.4423004e-1 -7.828406e-2 5.6566698e-1 5.6566698e-1
3.6442004e-1 -7.828406e-2 5.065613e-1 5.065613e-1
3.8461005e-1 -7.828406e-2 4.535882e-1 4.535882e-1
4.0480005e-1 -7.828406e-2 4.0590578e-1 4.0590578e-1
4.2499005e-1 -7.828406e-2 3.630565e-1 3.630565e-1
4.4518005e-1 -7.828406e-2 3.2443651e-1 3.2443651e-1
4.6537006e-1 -7.828406e-2 2.8951944e-1 2.8951944e-1
4.8556006e-1 -7.828406e-2 2.5791948e-1 2.5791948e-1
5.0575006e-1 -7.828406e-2 2.2931627e-1 2.2931627e-1
5.2594006e-1 -7.828406e-2 2.0339967e-1 2.0339967e-1
5.4613007e-1 -7.828406e-2 1.7991533e-1 1.7991533e-1
5.6632007e-1 -7.828406e-2 1.5861528e-1 1.5861528e-1
5.8651007e-1 -7.828406e-2 1.3933641e-1 1.3933641e-1
6.0670007e-1 -7.828406e-2 1.218252e-1 1.218252e-1
6.2689008e-1 -7.828406e-2 1.0600374e-1 1.0600374e-1
6.4708008e-1 -7.828406e-2 9.1714328e-2 9.1714328e-2
6.6727008e-1 -7.828406e-2 7.8820041e-2 7.8820041e-2
6.8746008e-1 -7.828406e-2 6.7171481e-2 6.7171481e-2
7.0765009e-1 -7.828406e-2 5.6768573e-2 5.6768573e-2
7.2784009e-1 -7.828406e-2 4.7456287e-2 4.7456287e-2
7.4803009e-1 -7.828406e-2 3.9140323e-2 3.9140323e-2
7.682201e-1 -7.828406e-2 3.1740428e-2 3.1740428e-2
7.884101e-1 -7.828406e-2 2.523627e-2 2.523627e-2
8.086001e-1 -7.828406e-2 1.9514827e-2 1.9514827e-2
8.287901e-1 -7.828406e-2 1.4583362e-2 1.4583362e-2
8.489801e-1 -7.828406e-2 1.0353877e-2 1.0353877e-2
8.691701e-1 -7.828406e-2 6.7788257e-3 6.7788257e-3
8.893601e-1 -7.828406e-2 3.824831e-3 3.824831e-3
9.0955011e-1 -7.828406e-2 1.4434543e-3 1.4434543e-3
9.2974011e-1 -7.828406e-2 -3.990605e-4 -3.990605e-4
9.4993011e-1 -7.828406e-2 -1.7348553e-3 -1.7348553e-3
9.7012012e-1 -7.828406e-2 -2.5948532e-3 -2.5948532e-3
9.9031012e-1 -7.828406e-2 -3.007374e-3 -3.007374e-3
1.0105e0 -7.828406e-2 -3.0005196e-3 -3.0005196e-3
1.03069e0 -7.828406e-2 -2.5984856e-3 -2.5984856e-3
1.05088e0 -7.828406e-2 -1.8247273e-3 -1.8247273e-3
1.0710701e0 -7.828406e-2 -6.983968e-4 -6.983968e-4
1.09126e0 -7.828406e-2 7.567104e-4 7.567104e-4
1.11145e0 -7.828406e-2 2.5282687e-3 2.5282687e-3
1.13164e0 -7.828406e-2 4.5873889e-3 4.5873889e-3
1.15183e0 -7.828406e-2 6.9294452e-3 6.9294452e-3
1.1720201e0 -7.828406e-2 9.541202e-3 9.541202e-3
1.1922101e0 -7.828406e-2 1.239976e-2 1.239976e-2
1.2124e0 -7.828406e-2 1.5492564e-2 1.5492564e-2
1.23259e0 -7.828406e-2 1.8806606e-2 1.8806606e-2
1.25278e0 -7.828406e-2 2.2338748e-2 2.2338748e-2
1.2729701e0 -7.828406e-2 2.6065265e-2 2.6065265e-2
1.2931601e0 -7.828406e-2 2.9990237e-2 2.9990237e-2
1.31335e0 -7.828406e-2 3.4092403e-2 3.4092403e-2
1.33354e0 -7.828406e-2 3.8359607e-2 3.8359607e-2
1.35373e0 -7.828406e-2 4.2801219e-2 4.2801219e-2
1.3739201e0 -7.828406e-2 4.7389606e-2 4.7389606e-2
1.3941101e0 -7.828406e-2 5.2123645e-2 5.2123645e-2
1.4143001e0 -7.828406e-2 5.7010959e-2 5.7010959e-2
1.43449e0 -7.828406e-2 6.2026294e-2 6.2026294e-2
1.45468e0 -7.828406e-2 6.7167743e-2 6.7167743e-2
1.4748701e0 -7.828406e-2 7.2419131e-2 7.2419131e-2
1.4950601e0 -7.828406e-2 7.7807468e-2 7.7807468e-2
1.5152501e0 -7.828406e-2 8.3265308e-2 8.3265308e-2
1.53544e0 -7.828406e-2 8.8849872e-2 8.8849872e-2
1.55563e0 -7.828406e-2 9.4552081e-2 9.4552081e-2
1.5758202e0 -7.828406e-2 1.0033495e-1 1.0033495e-1
1.5960101e0 -7.828406e-2 1.0620927e-1 1.0620927e-1
1.6162001e0 -7.828406e-2 1.1215005e-1 1.1215005e-1
1.63639e0 -7.828406e-2 1.1819872e-1 1.1819872e-1
1.65658e0 -7.828406e-2 1.2430627e-1 1.2430627e-1
1.6767702e0 -7.828406e-2 1.305018e-1 1.305018e-1
1.6969601e0 -7.828406e-2 1.3676523e-1 1.3676523e-1
1.7171501e0 -7.828406e-2 1.4303697e-1 1.4303697e-1
1.7373401e0 -7.828406e-2 1.4944078e-1 1.4944078e-1
1.75753e0 -7.828406e-2 1.5588045e-1 1.5588045e-1
1.7777202e0 -7.828406e-2 1.6241296e-1 1.6241296e-1
1.7979102e0 -7.828406e-2 1.6897157e-1 1.6897157e-1
1.8181001e0 -7.828406e-2 1.7556787e-1 1.7556787e-1
1.8382901e0 -7.828406e-2 1.8223962e-1 1.8223962e-1
1.85848e0 -7.828406e-2 1.8897165e-1 1.8897165e-1
1.8786702e0 -7.828406e-2 1.9571657e-1 1.9571657e-1
1.8988602e0 -7.828406e-2 2.0250757e-1 2.0250757e-1
1.9190501e0 -7.828406e-2 2.0926256e-1 2.0926256e-1
1.9392401e0 -7.828406e-2 2.1613344e-1 2.1613344e-1
1.9594301e0 -7.828406e-2 2.2306657e-1 2.2306657e-1
1.9796202e0 -7.828406e-2 2.300326e-1 2.300326e-1
1.9998102e0 -7.828406e-2 2.3697961e-1 2.3697961e-1

1.0e-3 -3.535507e-2 2.3857881e1 2.3857881e1
2.1190002e-2 -3.535507e-2 7.4270335e0 7.4270335e0
4.1380005e-2 -3.535507e-2 5.0713893e0 5.0713893e0
6.1570007e-2 -3.535507e-2 3.8849002e0 3.8849002e0
8.176001e-2 -3.535507e-2 3.1343318e0 3.1343318e0
1.0195001e-1 -3.535507e-2 2.606103e0 2.606103e0
1.2214001e-1 -3.535507e-2 2.2098392e0 2.2098392e0
1.4233002e-1 -3.535507e-2 1.8999438e0 1.8999438e0
1.6252002e-1 -3.535507e-2 1.6502109e0 1.6502109e0
1.8271002e-1 -3.535507e-2 1.4443752e0 1.4443752e0
2.0290002e-1 -3.535507e-2 1.2714679e0 1.2714679e0
2.2309003e-1 -3.535507e-2 1.1246753e0 1.1246753e0
2.4328003e-1 -3.535507e-2 9.9845226e-1 9.9845226e-1
2.6347003e-1 -3.535507e-2 8.8895366e-1 8.8895366e-1
2.8366003e-1 -3.535507e-2 7.9322612e-1 7.9322612e-1
3.0385004e-1 -3.535507e-2 7.089381e-1 7.089381e-1
3.2404004e-1 -3.535507e-2 6.3437144e-1 6.3437144e-1
3.4423004e-1 -3.535507e-2 5.6809718e-1 5.6809718e-1
3.6442004e-1 -3.535507e-2 5.089915e-1 5.089915e-1
3.8461005e-1 -3.535507e-2 4.560184e-1 4.560184e-1
4.0480005e-1 -3.535507e-2 4.0833598e-1 4.0833598e-1
4.2499005e-1 -3.535507e-2 3.6548671e-1 3.6548671e-1
4.4518005e-1 -3.535507e-2 3.2686671e-1 3.2686671e-1
4.6537006e-1 -3.535507e-2 2.9194965e-1 2.9194965e-1
4.8556006e-1 -3.535507e-2 2.6034969e-1 2.6034969e-1
5.0575006e-1 -3.535507e-2 2.3174648e-1 2.3174648e-1
5.2594006e-1 -3.535507e-2 2.0582988e-1 2.0582988e-1
5.4613007e-1 -3.535507e-2 1.8234554e-1 1.8234554e-1
5.6632007e-1 -3.535507e-2 1.6104549e-1 1.6104549e-1
5.8651007e-1 -3.535507e-2 1.4176662e-1 1.4176662e-1
6.0670007e-1 -3.535507e-2 1.242554e-1 1.242554e-1
6.2689008e-1 -3.535507e-2 1.0843394e-1 1.0843394e-1
6.4708008e-1 -3.535507e-2 9.4144534e-2 9.4144534e-2
6.6727008e-1 -3.535507e-2 8.1250247e-2 8.1250247e-2
6.8746008e-1 -3.535507e-2 6.9601688e-2 6.9601688e-2
7.0765009e-1 -3.535507e-2 5.919878e-2 5.919878e-2
7.2784009e-1 -3.535507e-2 4.9886493e-2 4.9886493e-2
7.4803009e-1 -3.535507e-2 4.1570529e-2 4.1570529e-2
7.682201e-1 -3.535507e-2 3.4170634e-2 3.4170634e-2
7.884101e-1 -3.535507e-2 2.7666476e-2 2.7666476e-2
8.086001e-1 -3.535507e-2 2.1945033e-2 2.1945033e-2
8.287901e-1 -3.535507e-2 1.7013568e-2 1.7013568e-2
8.489801e-1 -3.535507e-2 1.2784084e-2 1.2784084e-2
8.691701e-1 -3.535507e-2 9.2090332e-3 9.2090332e-3
8.893601e-1 -3.535507e-2 6.2550385e-3 6.2550385e-3
9.0955011e-1 -3.535507e-2 3.8736618e-3 3.8736618e-3
9.2974011e-1 -3.535507e-2 2.031147e-3 2.031147e-3
9.4993011e-1 -3.535507e-2 6.953522e-4 6.953522e-4
9.7012012e-1 -3.535507e-2 -1.646458e-4 -1.646458e-4
9.9031012e-1 -3.535507e-2 -5.7716653e-4 -5.7716653e-4
1.0105e0 -3.535507e-2 -5.7031215e-4 -5.7031215e-4
1.03069e0 -3.535507e-2 -1.6827808e-4 -1.6827808e-4
1.05088e0 -3.535507e-2 6.054802e-4 6.054802e-4
1.0710701e0 -3.535507e-2 1.7318108e-3 1.7318108e-3
1.09126e0 -3.535507e-2 3.1869179e-3 3.1869179e-3
1.11145e0 -3.535507e-2 4.9584763e-3 4.9584763e-3
1.13164e0 -3.535507e-2 7.0175964e-3 7.0175964e-3
1.15183e0 -3.535507e-2 9.3596527e-3 9.3596527e-3
1.1720201e0 -3.535507e-2 1.1971408e-2 1.1971408e-2
1.1922101e0 -3.535507e-2 1.4829967e-2 1.4829967e-2
1.2124e0 -3.535507e-2 1.792277e-2 1.792277e-2
1.23259e0 -3.535507e-2 2.1236812e-2 2.1236812e-2
1.25278e0 -3.535507e-2 2.4768954e-2 2.4768954e-2
1.2729701e0 -3.535507e-2 2.8495471e-2 2.8495471e-2
1.2931601e0 -3.535507e-2 3.2420444e-2 3.2420444e-2
1.31335e0 -3.535507e-2 3.6522609e-2 3.6522609e-2
1.33354e0 -3.535507e-2 4.0789813e-2 4.0789813e-2
1.35373e0 -3.535507e-2 4.5231425e-2 4.5231425e-2
1.3739201e0 -3.535507e-2 4.9819812e-2 4.9819812e-2
1.3941101e0 -3.535507e-2 5.4553851e-2 5.4553851e-2
1.4143001e0 -3.535507e-2 5.9441165e-2 5.9441165e-2
1.43449e0 -3.535507e-2 6.44565e-2 6.44565e-2
1.45468e0 -3.535507e-2 6.9597949e-2 6.9597949e-2
1.4748701e0 -3.535507e-2 7.4849338e-2 7.4849338e-2
1.4950601e0 -3.535507e-2 8.0237674e-2 8.0237674e-2
1.5152501e0 -3.535507e-2 8.5695514e-2 8.5695514e-2
1.53544e0 -3.535507e-2 9.1280078e-2 9.1280078e-2
1.55563e0 -3.535507e-2 9.6982288e-2 9.6982288e-2
1.5758202e0 -3.535507e-2 1.0276515e-1 1.0276515e-1
1.5960101e0 -3.535507e-2 1.0863948e-1 1.0863948e-1
1.6162001e0 -3.535507e-2 1.1458026e-1 1.1458026e-1
1.63639e0 -3.535507e-2 1.2062892e-1 1.2062892e-1
1.65658e0 -3.535507e-2 1.2673648e-1 1.2673648e-1
1.6767702e0 -3.535507e-2 1.32932e-1 1.32932e-1
1.6969601e0 -3.535507e-2 1.3919543e-1 1.3919543e-1
1.7171501e0 -3.535507e-2 1.4546718e-1 1.4546718e-1
1.7373401e0 -3.535507e-2 1.5187099e-1 1.5187099e-1
1.75753e0 -3.535507e-2 1.5831065e-1 1.5831065e-1
1.7777202e0 -3.535507e-2 1.6484317e-1 1.6484317e-1
1.7979102e0 -3.535507e-2 1.7140178e-1 1.7140178e-1
1.8181001e0 -3.535507e-2 1.7799808e-1 1.7799808e-1
1.8382901e0 -3.535507e-2 1.8466983e-1 1.8466983e-1
1.85848e0 -3.535507e-2 1.9140186e-1 1.9140186e-1
1.8786702e0 -3.535507e-2 1.9814677e-1 1.9814677e-1
1.8988602e0 -3.535507e-2 2.0493777e-1 2.0493777e-1
1.9190501e0 -3.535507e-2 2.1169276e-1 2.1169276e-1
1.9392401e0 -3.535507e-2 2.1856364e-1 2.1856364e-1
1.9594301e0 -3.535507e-2 2.2549678e-1 2.2549678e-1
1.9796202e0 -3.535507e-2 2.324628e-1 2.324628e-1
1.9998102e0 -3.535507e-2 2.3940982e-1 2.3940982e-1

1.0e-3 7.57391e-3 2.3858478e1 2.3858478e1
2.1190002e-2 7.57391e-3 7.4276295e0 7.4276295e0
4.1380005e-2 7.57391e-3 5.0719853e0 5.0719853e0
6.1570007e-2 7.57391e-3 3.8854962e0 3.8854962e0
8.176001e-2 7.57391e-3 3.1349278e0 3.1349278e0
1.0195001e-1 7.57391e-3 2.606699e0 2.606699e0
1.2214001e-1 7.57391e-3 2.2104352e0 2.2104352e0
1.4233002e-1 7.57391e-3 1.9005399e0 1.9005399e0
1.6252002e-1 7.57391e-3 1.6508069e0 1.6508069e0
1.8271002e-1 7.57391e-3 1.4449712e0 1.4449712e0
2.0290002e-1 7.57391e-3 1.2720639e0 1.2720639e0
2.2309003e-1 7.57391e-3 1.1252713e0 1.1252713e0
2.4328003e-1 7.57391e-3 9.9904817e-1 9.9904817e-1
2.6347003e-1 7.57391e-3 8.8954958e-1 8.8954958e-1
2.8366003e-1 7.57391e-3 7.9382204e-1 7.9382204e-1
3.0385004e-1 7.57391e-3 7.0953401e-1 7.0953401e-1
3.2404004e-1 7.57391e-3 6.3496736e-1 6.3496736e-1
3.4423004e-1 7.57391e-3 5.686931e-1 5.686931e-1
3.6442004e-1 7.57391e-3 5.0958742e-1 5.0958742e-1
3.8461005e-1 7.57391e-3 4.5661432e-1 4.5661432e-1
4.0480005e-1 7.57391e-3 4.089319e-1 4.089319e-1
4.2499005e-1 7.57391e-3 3.6608263e-1 3.6608263e-1
4.4518005e-1 7.57391e-3 3.2746263e-1 3.2746263e-1
4.6537006e-1 7.57391e-3 2.9254556e-1 2.9254556e-1
4.8556006e-1 7.57391e-3 2.609456e-1 2.609456e-1
5.0575006e-1 7.57391e-3 2.3234239e-1 2.3234239e-1
5.2594006e-1 7.57391e-3 2.064258e-1 2.064258e-1
5.4613007e-1 7.57391e-3 1.8294145e-1 1.8294145e-1
5.6632007e-1 7.57391e-3 1.616414e-1 1.616414e-1
5.8651007e-1 7.57391e-3 1.4236253e-1 1.4236253e-1
6.0670007e-1 7.57391e-3 1.2485132e-1 1.2485132e-1
6.2689008e-1 7.57391e-3 1.0902986e-1 1.0902986e-1
6.4708008e-1 7.57391e-3 9.4740454e-2 9.4740454e-2
6.6727008e-1 7.57391e-3 8.1846167e-2 8.1846167e-2
6.8746008e-1 7.57391e-3 7.0197607e-2 7.0197607e-2
7.0765009e-1 7.57391e-3 5.9794699e-2 5.9794699e-2
7.2784009e-1 7.57391e-3 5.0482413e-2 5.0482413e-2
7.4803009e-1 7.57391e-3 4.2166449e-2 4.2166449e-2
7.682201e-1 7.57391e-3 3.4766554e-2 3.4766554e-2
7.884101e-1 7.57391e-3 2.8262396e-2 2.8262396e-2
8.086001e-1 7.57391e-3 2.2540953e-2 2.2540953e-2
8.287901e-1 7.57391e-3 1.7609488e-2 1.7609488e-2
8.489801e-1 7.57391e-3 1.3380003e-2 1.3380003e-2
8.691701e-1 7.57391e-3 9.8049522e-3 9.8049522e-3
8.893601e-1 7.57391e-3 6.8509575e-3 6.8509575e-3
9.0955011e-1 7.57391e-3 4.4695808e-3 4.4695808e-3
9.2974011e-1 7.57391e-3 2.627066e-3 2.627066e-3
9.4993011e-1 7.57391e-3 1.2912712e-3 1.2912712e-3
9.7012012e-1 7.57391e-3 4.312733e-4 4.312733e-4
9.9031012e-1 7.57391e-3 1.8752557e-5 1.8752557e-5
1.0105e0 7.57391e-3 2.5606943e-5 2.5606943e-5
1.03069e0 7.57391e-3 4.2764102e-4 4.2764102e-4
1.05088e0 7.57391e-3 1.2013992e-3 1.2013992e-3
1.0710701e0 7.57391e-3 2.3277298e-3 2.3277298e-3
1.09126e0 7.57391e-3 3.7828369e-3 3.7828369e-3
1.11145e0 7.57391e-3 5.5543953e-3 5.5543953e-3
1.13164e0 7.57391e-3 7.6135155e-3 7.6135155e-3
1.15183e0 7.57391e-3 9.9555717e-3 9.9555717e-3
1.1720201e0 7.57391e-3 1.2567328e-2 1.2567328e-2
1.1922101e0 7.57391e-3 1.5425887e-2 1.5425887e-2
1.2124e0 7.57391e-3 1.851869e-2 1.851869e-2
1.23259e0 7.57391e-3 2.1832732e-2 2.1832732e-2
1.25278e0 7.57391e-3 2.5364874e-2 2.5364874e-2
1.2729701e0 7.57391e-3 2.9091391e-2 2.9091391e-2
1.2931601e0 7.57391e-3 3.3016364e-2 3.3016364e-2
1.31335e0 7.57391e-3 3.7118529e-2 3.7118529e-2
1.33354e0 7.57391e-3 4.1385733e-2 4.1385733e-2
1.35373e0 7.57391e-3 4.5827345e-2 4.5827345e-2
1.3739201e0 7.57391e-3 5.0415732e-2 5.0415732e-2
1.3941101e0 7.57391e-3 5.5149771e-2 5.5149771e-2
1.4143001e0 7.57391e-3 6.0037085e-2 6.0037085e-2
1.43449e0 7.57391e-3 6.505242e-2 6.505242e-2
1.45468e0 7.57391e-3 7.0193869e-2 7.0193869e-2
1.4748701e0 7.57391e-3 7.5445258e-2 7.5445258e-2
1.4950601e0 7.57391e-3 8.0833594e-2 8.0833594e-2
1.5152501e0 7.57391e-3 8.6291434e-2 8.6291434e-2
1.53544e0 7.57391e-3 9.1875998e-2 9.1875998e-2
1.55563e0 7.57391e-3 9.7578207e-2 9.7578207e-2
1.5758202e0 7.57391e-3 1.0336107e-1 1.0336107e-1
1.5960101e0 7.57391e-3 1.092354e-1 1.092354e-1
1.6162001e0 7.57391e-3 1.1517618e-1 1.1517618e-1
1.63639e0 7.57391e-3 1.2122484e-1 1.2122484e-1
1.65658e0 7.57391e-3 1.273324e-1 1.273324e-1
1.6767702e0 7.57391e-3 1.3352792e-1 1.3352792e-1
1.6969601e0 7.57391e-3 1.3979135e-1 1.3979135e-1
1.7171501e0 7.57391e-3 1.460631e-1 1.460631e-1
1.7373401e0 7.57391e-3 1.524669e-1 1.524669e-1
1.75753e0 7.57391e-3 1.5890657e-1 1.5890657e-1
1.7777202e0 7.57391e-3 1.6543909e-1 1.6543909e-1
1.7979102e0 7.57391e-3 1.719977e-1 1.719977e-1
1.8181001e0 7.57391e-3 1.78594e-1 1.78594e-1
1.8382901e0 7.57391e-3 1.8526575e-1 1.8526575e-1
1.85848e0 7.57391e-3 1.9199777e-1 1.9199777e-1
1.8786702e0 7.57391e-3 1.9874269e-1 1.9874269e-1
1.8988602e0 7.57391e-3 2.0553369e-1 2.0553369e-1
1.9190501e0 7.57391e-3 2.1228868e-1 2.1228868e-1
1.9392401e0 7.57391e-3 2.1915956e-1 2.1915956e-1
1.9594301e0 7.57391e-3 2.260927e-1 2.260927e-1
1.9796202e0 7.57391e-3 2.3305872e-1 2.3305872e-1
1.9998102e0 7.57391e-3 2.4000574e-1 2.4000574e-1

1.0e-3 5.05029e-2 2.3857233e1 2.3857233e1
2.1190002e-2 5.05029e-2 7.4263846e0 7.4263846e0
4.1380005e-2 5.05029e-2 5.0707404e0 5.0707404e0
6.1570007e-2 5.05029e-2 3.8842513e0 3.8842513e0
8.176001e-2 5.05029e-2 3.1336829e0 3.1336829e0
1.0195001e-1 5.05029e-2 2.6054541e0 2.6054541e0
1.2214001e-1 5.05029e-2 2.2091902e0 2.2091902e0
1.4233002e-1 5.05029e-2 1.8992949e0 1.8992949e0
1.6252002e-1 5.05029e-2 1.6495619e0 1.6495619e0
1.8271002e-1 5.05029e-2 1.4437262e0 1.4437262e0
2.0290002e-1 5.05029e-2 1.270819e0 1.270819e0
2.2309003e-1 5.05029e-2 1.1240263e0 1.1240263e0
2.4328003e-1 5.05029e-2 9.978032e-1 9.978032e-1
2.6347003e-1 5.05029e-2 8.8830461e-1 8.8830461e-1
2.8366003e-1 5.05029e-2 7.9257707e-1 7.9257707e-1
3.0385004e-1 5.05029e-2 7.0828905e-1 7.0828905e-1
3.2404004e-1 5.05029e-2 6.337224e-1 6.337224e-1
3.4423004e-1 5.05029e-2 5.6744814e-1 5.6744814e-1
3.6442004e-1 5.05029e-2 5.0834245e-1 5.0834245e-1
3.8461005e-1 5.05029e-2 4.5536935e-1 4.5536935e-1
4.0480005e-1 5.05029e-2 4.0768694e-1 4.0768694e-1
4.2499005e-1 5.05029e-2 3.6483766e-1 3.6483766e-1
4.4518005e-1 5.05029e-2 3.2621767e-1 3.2621767e-1
4.6537006e-1 5.05029e-2 2.913006e-1 2.913006e-1
4.8556006e-1 5.05029e-2 2.5970064e-1 2.5970064e-1
5.0575006e-1 5.05029e-2 2.3109743e-1 2.3109743e-1
5.2594006e-1 5.05029e-2 2.0518083e-1 2.0518083e-1
5.4613007e-1 5.05029e-2 1.8169649e-1 1.8169649e-1
5.6632007e-1 5.05029e-2 1.6039644e-1 1.6039644e-1
5.8651007e-1 5.05029e-2 1.4111757e-1 1.4111757e-1
6.0670007e-1 5.05029e-2 1.2360635e-1 1.2360635e-1
6.2689008e-1 5.05029e-2 1.077849e-1 1.077849e-1
6.4708008e-1 5.05029e-2 9.349549e-2 9.349549e-2
6.6727008e-1 5.05029e-2 8.0601202e-2 8.0601202e-2
6.8746008e-1 5.05029e-2 6.8952643e-2 6.8952643e-2
7.0765009e-1 5.05029e-2 5.8549734e-2 5.8549734e-2
7.2784009e-1 5.05029e-2 4.9237448e-2 4.9237448e-2
7.4803009e-1 5.05029e-2 4.0921484e-2 4.0921484e-2
7.682201e-1 5.05029e-2 3.352159e-2 3.352159e-2
7.884101e-1 5.05029e-2 2.7017432e-2 2.7017432e-2
8.086001e-1 5.05029e-2 2.1295988e-2 2.1295988e-2
8.287901e-1 5.05029e-2 1.6364523e-2 1.6364523e-2
8.489801e-1 5.05029e-2 1.2135039e-2 1.2135039e-2
8.691701e-1 5.05029e-2 8.5599881e-3 8.5599881e-3
8.893601e-1 5.05029e-2 5.6059933e-3 5.6059933e-3
9.0955011e-1 5.05029e-2 3.2246167e-3 3.2246167e-3
9.2974011e-1 5.05029e-2 1.3821019e-3 1.3821019e-3
9.4993011e-1 5.05029e-2 4.6307e-5 4.6307e-5
9.7012012e-1 5.05029e-2 -8.136908e-4 -8.136908e-4
9.9031012e-1 5.05029e-2 -1.2262115e-3 -1.2262115e-3
1.0105e0 5.05029e-2 -1.2193571e-3 -1.2193571e-3
1.03069e0 5.05029e-2 -8.173232e-4 -8.173232e-4
1.05088e0 5.05029e-2 -4.35649e-5 -4.35649e-5
1.0710701e0 5.05029e-2 1.0827657e-3 1.0827657e-3
1.09126e0 5.05029e-2 2.5378728e-3 2.5378728e-3
1.11145e0 5.05029e-2 4.3094312e-3 4.3094312e-3
1.13164e0 5.05029e-2 6.3685513e-3 6.3685513e-3
1.15183e0 5.05029e-2 8.7106076e-3 8.7106076e-3
1.1720201e0 5.05029e-2 1.1322363e-2 1.1322363e-2
1.1922101e0 5.05029e-2 1.4180922e-2 1.4180922e-2
1.2124e0 5.05029e-2 1.7273726e-2 1.7273726e-2
1.23259e0 5.05029e-2 2.0587767e-2 2.0587767e-2
1.25278e0 5.05029e-2 2.411991e-2 2.411991e-2
1.2729701e0 5.05029e-2 2.7846426e-2 2.7846426e-2
1.2931601e0 5.05029e-2 3.1771399e-2 3.1771399e-2
1.31335e0 5.05029e-2 3.5873564e-2 3.5873564e-2
1.33354e0 5.05029e-2 4.0140768e-2 4.0140768e-2
1.35373e0 5.05029e-2 4.458238e-2 4.458238e-2
1.3739201e0 5.05029e-2 4.9170767e-2 4.9170767e-2
1.3941101e0 5.05029e-2 5.3904807e-2 5.3904807e-2
1.4143001e0 5.05029e-2 5.879212e-2 5.879212e-2
1.43449e0 5.05029e-2 6.3807455e-2 6.3807455e-2
1.45468e0 5.05029e-2 6.8948904e-2 6.8948904e-2
1.4748701e0 5.05029e-2 7.4200293e-2 7.4200293e-2
1.4950601e0 5.05029e-2 7.9588629e-2 7.9588629e-2
1.5152501e0 5.05029e-2 8.5046469e-2 8.5046469e-2
1.53544e0 5.05029e-2 9.0631033e-2 9.0631033e-2
1.55563e0 5.05029e-2 9.6333243e-2 9.6333243e-2
1.5758202e0 5.05029e-2 1.021161e-1 1.021161e-1
1.5960101e0 5.05029e-2 1.0799043e-1 1.0799043e-1
1.6162001e0 5.05029e-2 1.1393121e-1 1.1393121e-1
1.63639e0 5.05029e-2 1.1997987e-1 1.1997987e-1
1.65658e0 5.05029e-2 1.2608743e-1 1.2608743e-1
1.6767702e0 5.05029e-2 1.3228296e-1 1.3228296e-1
1.6969601e0 5.05029e-2 1.3854639e-1 1.3854639e-1
1.7171501e0 5.05029e-2 1.4481813e-1 1.4481813e-1
1.7373401e0 5.05029e-2 1.5122194e-1 1.5122194e-1
1.75753e0 5.05029e-2 1.576616e-1 1.576616e-1
1.7777202e0 5.05029e-2 1.6419412e-1 1.6419412e-1
1.7979102e0 5.05029e-2 1.7075273e-1 1.7075273e-1
1.8181001e0 5.05029e-2 1.7734903e-1 1.7734903e-1
1.8382901e0 5.05029e-2 1.8402078e-1 1.8402078e-1
1.85848e0 5.05029e-2 1.907528e-1 1.907528e-1
1.8786702e0 5.05029e-2 1.9749773e-1 1.9749773e-1
1.8988602e0 5.05029e-2 2.0428873e-1 2.0428873e-1
1.9190501e0 5.05029e-2 2.1104372e-1 2.1104372e-1
1.9392401e0 5.05029e-2 2.179146e-1 2.179146e-1
1.9594301e0 5.05029e-2 2.2484773e-1 2.2484773e-1
1.9796202e0 5.05029e-2 2.3181375e-1 2.3181375e-1
1.9998102e0 5.05029e-2 2.3876077e-1 2.3876077e-1

1.0e-3 9.343188e-2 2.385416e1 2.385416e1
2.1190002e-2 9.343188e-2 7.4233124e0 7.4233124e0
4.1380005e-2 9.343188e-2 5.0676682e0 5.0676682e0
6.1570007e-2 9.343188e-2 3.881179e0 3.881179e0
8.176001e-2 9.343188e-2 3.1306107e0 3.1306107e0
1.0195001e-1 9.343188e-2 2.6023819e0 2.6023819e0
1.2214001e-1 9.343188e-2 2.206118e0 2.206118e0
1.4233002e-1 9.343188e-2 1.8962227e0 1.8962227e0
1.6252002e-1 9.343188e-2 1.6464897e0 1.6464897e0
1.8271002e-1 9.343188e-2 1.440654e0 1.440654e0
2.0290002e-1 9.343188e-2 1.2677467e0 1.2677467e0
2.2309003e-1 9.343188e-2 1.1209541e0 1.1209541e0
2.4328003e-1 9.343188e-2 9.9473114e-1 9.9473114e-1
2.6347003e-1 9.343188e-2 8.8523254e-1 8.8523254e-1
2.8366003e-1 9.343188e-2 7.89505e-1 7.89505e-1
3.0385004e-1 9.343188e-2 7.0521698e-1 7.0521698e-1
3.2404004e-1 9.343188e-2 6.3065033e-1 6.3065033e-1
3.4423004e-1 9.343188e-2 5.6437607e-1 5.6437607e-1
3.6442004e-1 9.343188e-2 5.0527039e-1 5.0527039e-1
3.8461005e-1 9.343188e-2 4.5229729e-1 4.5229729e-1
4.0480005e-1 9.343188e-2 4.0461487e-1 4.0461487e-1
4.2499005e-1 9.343188e-2 3.617656e-1 3.617656e-1
4.4518005e-1 9.343188e-2 3.231456e-1 3.231456e-1
4.6537006e-1 9.343188e-2 2.8822853e-1 2.8822853e-1
4.8556006e-1 9.343188e-2 2.5662857e-1 2.5662857e-1
5.0575006e-1 9.343188e-2 2.2802536e-1 2.2802536e-1
5.2594006e-1 9.343188e-2 2.0210876e-1 2.0210876e-1
5.4613007e-1 9.343188e-2 1.7862442e-1 1.7862442e-1
5.6632007e-1 9.343188e-2 1.5732437e-1 1.5732437e-1
5.8651007e-1 9.343188e-2 1.380455e-1 1.380455e-1
6.0670007e-1 9.343188e-2 1.2053429e-1 1.2053429e-1
6.2689008e-1 9.343188e-2 1.0471283e-1 1.0471283e-1
6.4708008e-1 9.343188e-2 9.0423427e-2 9.0423427e-2
6.6727008e-1 9.343188e-2 7.752914e-2 7.752914e-2
6.8746008e-1 9.343188e-2 6.588058e-2 6.588058e-2
7.0765009e-1 9.343188e-2 5.5477672e-2 5.5477672e-2
7.2784009e-1 9.343188e-2 4.6165385e-2 4.6165385e-2
7.4803009e-1 9.343188e-2 3.7849422e-2 3.7849422e-2
7.682201e-1 9.343188e-2 3.0449527e-2 3.0449527e-2
7.884101e-1 9.343188e-2 2.3945369e-2 2.3945369e-2
8.086001e-1 9.343188e-2 1.8223926e-2 1.8223926e-2
8.287901e-1 9.343188e-2 1.329246e-2 1.329246e-2
8.489801e-1 9.343188e-2 9.062976e-3 9.062976e-3
8.691701e-1 9.343188e-2 5.4879257e-3 5.4879257e-3
8.893601e-1 9.343188e-2 2.533931e-3 2.533931e-3
9.0955011e-1 9.343188e-2 1.525543e-4 1.525543e-4
9.2974011e-1 9.343188e-2 -1.6899605e-3 -1.6899605e-3
9.4993011e-1 9.343188e-2 -3.0257553e-3 -3.0257553e-3
9.7012012e-1 9.343188e-2 -3.8857532e-3 -3.8857532e-3
9.9031012e-1 9.343188e-2 -4.298274e-3 -4.298274e-3
1.0105e0 9.343188e-2 -4.2914195e-3 -4.2914195e-3
1.03069e0 9.343188e-2 -3.8893855e-3 -3.8893855e-3
1.05088e0 9.343188e-2 -3.1156273e-3 -3.1156273e-3
1.0710701e0 9.343188e-2 -1.9892967e-3 -1.9892967e-3
1.09126e0 9.343188e-2 -5.341896e-4 -5.341896e-4
1.11145e0 9.343188e-2 1.2373688e-3 1.2373688e-3
1.13164e0 9.343188e-2 3.296489e-3 3.296489e-3
1.15183e0 9.343188e-2 5.6385452e-3 5.6385452e-3
1.1720201e0 9.343188e-2 8.2503e-3 8.2503e-3
1.1922101e0 9.343188e-2 1.110886e-2 1.110886e-2
1.2124e0 9.343188e-2 1.4201663e-2 1.4201663e-2
1.23259e0 9.343188e-2 1.7515704e-2 1.7515704e-2
1.25278e0 9.343188e-2 2.1047847e-2 2.1047847e-2
1.2729701e0 9.343188e-2 2.4774364e-2 2.4774364e-2
1.2931601e0 9.343188e-2 2.8699336e-2 2.8699336e-2
1.31335e0 9.343188e-2 3.2801501e-2 3.2801501e-2
1.33354e0 9.343188e-2 3.7068706e-2 3.7068706e-2
1.35373e0 9.343188e-2 4.1510318e-2 4.1510318e-2
1.3739201e0 9.343188e-2 4.6098705e-2 4.6098705e-2
1.3941101e0 9.343188e-2 5.0832744e-2 5.0832744e-2
1.4143001e0 9.343188e-2 5.5720058e-2 5.5720058e-2
1.43449e0 9.343188e-2 6.0735393e-2 6.0735393e-2
1.45468e0 9.343188e-2 6.5876842e-2 6.5876842e-2
1.4748701e0 9.343188e-2 7.112823e-2 7.112823e-2
1.4950601e0 9.343188e-2 7.6516566e-2 7.6516566e-2
1.5152501e0 9.343188e-2 8.1974406e-2 8.1974406e-2
1.53544e0 9.343188e-2 8.755897e-2 8.755897e-2
1.55563e0 9.343188e-2 9.326118e-2 9.326118e-2
1.5758202e0 9.343188e-2 9.904404e-2 9.904404e-2
1.5960101e0 9.343188e-2 1.0491837e-1 1.0491837e-1
1.6162001e0 9.343188e-2 1.1085915e-1 1.1085915e-1
1.63639e0 9.343188e-2 1.169078e-1 1.169078e-1
1.65658e0 9.343188e-2 1.2301537e-1 1.2301537e-1
1.6767702e0 9.343188e-2 1.2921089e-1 1.2921089e-1
1.6969601e0 9.343188e-2 1.3547432e-1 1.3547432e-1
1.7171501e0 9.343188e-2 1.4174606e-1 1.4174606e-1
1.7373401e0 9.343188e-2 1.4814987e-1 1.4814987e-1
1.75753e0 9.343188e-2 1.5458954e-1 1.5458954e-1
1.7777202e0 9.343188e-2 1.6112206e-1 1.6112206e-1
1.7979102e0 9.343188e-2 1.6768066e-1 1.6768066e-1
1.8181001e0 9.343188e-2 1.7427696e-1 1.7427696e-1
1.8382901e0 9.343188e-2 1.8094872e-1 1.8094872e-1
1.85848e0 9.343188e-2 1.8768074e-1 1.8768074e-1
1.8786702e0 9.343188e-2 1.9442566e-1 1.9442566e-1
1.8988602e0 9.343188e-2 2.0121666e-1 2.0121666e-1
1.9190501e0 9.343188e-2 2.0797165e-1 2.0797165e-1
1.9392401e0 9.343188e-2 2.1484253e-1 2.1484253e-1
1.9594301e0 9.343188e-2 2.2177567e-1 2.2177567e-1
1.9796202e0 9.343188e-2 2.2874168e-1 2.2874168e-1
1.9998102e0 9.343188e-2 2.356887e-1 2.356887e-1

1.0e-3 1.3636087e-1 2.3849295e1 2.3849295e1
2.1190002e-2 1.3636087e-1 7.4184474e0 7.4184474e0
4.1380005e-2 1.3636087e-1 5.0628032e0 5.0628032e0
6.1570007e-2 1.3636087e-1 3.8763141e0 3.8763141e0
8.176001e-2 1.3636087e-1 3.1257457e0 3.1257457e0
1.0195001e-1 1.3636087e-1 2.597517e0 2.597517e0
1.2214001e-1 1.3636087e-1 2.201253e0 2.201253e0
1.4233002e-1 1.3636087e-1 1.8913577e0 1.8913577e0
1.6252002e-1 1.3636087e-1 1.6416248e0 1.6416248e0
1.8271002e-1 1.3636087e-1 1.435789e0 1.435789e0
2.0290002e-1 1.3636087e-1 1.2628818e0 1.2628818e0
2.2309003e-1 1.3636087e-1 1.1160892e0 1.1160892e0
2.4328003e-1 1.3636087e-1 9.8986613e-1 9.8986613e-1
2.6347003e-1 1.3636087e-1 8.8036754e-1 8.8036754e-1
2.8366003e-1 1.3636087e-1 7.8464e-1 7.8464e-1
3.0385004e-1 1.3636087e-1 7.0035197e-1 7.0035197e-1
3.2404004e-1 1.3636087e-1 6.2578532e-1 6.2578532e-1
3.4423004e-1 1.3636087e-1 5.5951106e-1 5.5951106e-1
3.6442004e-1 1.3636087e-1 5.0040538e-1 5.0040538e-1
3.8461005e-1 1.3636087e-1 4.4743228e-1 4.4743228e-1
4.0480005e-1 1.3636087e-1 3.9974986e-1 3.9974986e-1
4.2499005e-1 1.3636087e-1 3.5690059e-1 3.5690059e-1
4.4518005e-1 1.3636087e-1 3.182806e-1 3.182806e-1
4.6537006e-1 1.3636087e-1 2.8336353e-1 2.8336353e-1
4.8556006e-1 1.3636087e-1 2.5176357e-1 2.5176357e-1
5.0575006e-1 1.3636087e-1 2.2316035e-1 2.2316035e-1
5.2594006e-1 1.3636087e-1 1.9724376e-1 1.9724376e-1
5.4613007e-1 1.3636087e-1 1.7375941e-1 1.7375941e-1
5.6632007e-1 1.3636087e-1 1.5245937e-1 1.5245937e-1
5.8651007e-1 1.3636087e-1 1.331805e-1 1.331805e-1
6.0670007e-1 1.3636087e-1 1.1566928e-1 1.1566928e-1
6.2689008e-1 1.3636087e-1 9.984782e-2 9.984782e-2
6.4708008e-1 1.3636087e-1 8.5558421e-2 8.5558421e-2
6.6727008e-1 1.3636087e-1 7.2664134e-2 7.2664134e-2
6.8746008e-1 1.3636087e-1 6.1015575e-2 6.1015575e-2
7.0765009e-1 1.3636087e-1 5.0612666e-2 5.0612666e-2
7.2784009e-1 1.3636087e-1 4.130038e-2 4.130038e-2
7.4803009e-1 1.3636087e-1 3.2984416e-2 3.2984416e-2
7.682201e-1 1.3636087e-1 2.5584521e-2 2.5584521e-2
7.884101e-1 1.3636087e-1 1.9080363e-2 1.9080363e-2
8.086001e-1 1.3636087e-1 1.335892e-2 1.335892e-2
8.287901e-1 1.3636087e-1 8.427455e-3 8.427455e-3
8.489801e-1 1.3636087e-1 4.19797e-3 4.19797e-3
8.691701e-1 1.3636087e-1 6.229196e-4 6.229196e-4
8.893601e-1 1.3636087e-1 -2.3310751e-3 -2.3310751e-3
9.0955011e-1 1.3636087e-1 -4.7124518e-3 -4.7124518e-3
9.2974011e-1 1.3636087e-1 -6.5549666e-3 -6.5549666e-3
9.4993011e-1 1.3636087e-1 -7.8907614e-3 -7.8907614e-3
9.7012012e-1 1.3636087e-1 -8.7507593e-3 -8.7507593e-3
9.9031012e-1 1.3636087e-1 -9.16328e-3 -9.16328e-3
1.0105e0 1.3636087e-1 -9.1564256e-3 -9.1564256e-3
1.03069e0 1.3636087e-1 -8.7543916e-3 -8.7543916e-3
1.05088e0 1.3636087e-1 -7.9806334e-3 -7.9806334e-3
1.0710701e0 1.3636087e-1 -6.8543028e-3 -6.8543028e-3
1.09126e0 1.3636087e-1 -5.3991957e-3 -5.3991957e-3
1.11145e0 1.3636087e-1 -3.6276373e-3 -3.6276373e-3
1.13164e0 1.3636087e-1 -1.5685172e-3 -1.5685172e-3
1.15183e0 1.3636087e-1 7.735391e-4 7.735391e-4
1.1720201e0 1.3636087e-1 3.385295e-3 3.385295e-3
1.1922101e0 1.3636087e-1 6.243854e-3 6.243854e-3
1.2124e0 1.3636087e-1 9.336658e-3 9.336658e-3
1.23259e0 1.3636087e-1 1.2650699e-2 1.2650699e-2
1.25278e0 1.3636087e-1 1.6182841e-2 1.6182841e-2
1.2729701e0 1.3636087e-1 1.9909358e-2 1.9909358e-2
1.2931601e0 1.3636087e-1 2.383433e-2 2.383433e-2
1.31335e0 1.3636087e-1 2.7936496e-2 2.7936496e-2
1.33354e0 1.3636087e-1 3.22037e-2 3.22037e-2
1.35373e0 1.3636087e-1 3.6645313e-2 3.6645313e-2
1.3739201e0 1.3636087e-1 4.1233699e-2 4.1233699e-2
1.3941101e0 1.3636087e-1 4.5967738e-2 4.5967738e-2
1.4143001e0 1.3636087e-1 5.0855052e-2 5.0855052e-2
1.43449e0 1.3636087e-1 5.5870387e-2 5.5870387e-2
1.45468e0 1.3636087e-1 6.1011836e-2 6.1011836e-2
1.4748701e0 1.3636087e-1 6.6263225e-2 6.6263225e-2
1.4950601e0 1.3636087e-1 7.1651561e-2 7.1651561e-2
1.5152501e0 1.3636087e-1 7.7109401e-2 7.7109401e-2
1.53544e0 1.3636087e-1 8.2693965e-2 8.2693965e-2
1.55563e0 1.3636087e-1 8.8396175e-2 8.8396175e-2
1.5758202e0 1.3636087e-1 9.417903e-2 9.417903e-2
1.5960101e0 1.3636087e-1 1.0005336e-1 1.0005336e-1
1.6162001e0 1.3636087e-1 1.0599414e-1 1.0599414e-1
1.63639e0 1.3636087e-1 1.120428e-1 1.120428e-1
1.65658e0 1.3636087e-1 1.1815036e-1 1.1815036e-1
1.6767702e0 1.3636087e-1 1.2434589e-1 1.2434589e-1
1.6969601e0 1.3636087e-1 1.3060931e-1 1.3060931e-1
1.7171501e0 1.3636087e-1 1.3688106e-1 1.3688106e-1
1.7373401e0 1.3636087e-1 1.4328487e-1 1.4328487e-1
1.75753e0 1.3636087e-1 1.4972453e-1 1.4972453e-1
1.7777202e0 1.3636087e-1 1.5625705e-1 1.5625705e-1
1.7979102e0 1.3636087e-1 1.6281566e-1 1.6281566e-1
1.8181001e0 1.3636087e-1 1.6941196e-1 1.6941196e-1
1.8382901e0 1.3636087e-1 1.7608371e-1 1.7608371e-1
1.85848e0 1.3636087e-1 1.8281573e-1 1.8281573e-1
1.8786702e0 1.3636087e-1 1.8956065e-1 1.8956065e-1
1.8988602e0 1.3636087e-1 1.9635165e-1 1.9635165e-1
1.9190501e0 1.3636087e-1 2.0310664e-1 2.0310664e-1
1.9392401e0 1.3636087e-1 2.0997752e-1 2.0997752e-1
1.9594301e0 1.3636087e-1 2.1691066e-1 2.1691066e-1
1.9796202e0 1.3636087e-1 2.2387668e-1 2.2387668e-1
1.9998102e0 1.3636087e-1 2.308237e-1 2.308237e-1

1.0e-3 1.7928986e-1 2.3842693e1 2.3842693e1
2.1190002e-2 1.7928986e-1 7.411844e0 7.411844e0
4.1380005e-2 1.7928986e-1 5.0561998e0 5.0561998e0
6.1570007e-2 1.7928986e-1 3.8697107e0 3.8697107e0
8.176001e-2 1.7928986e-1 3.1191423e0 3.1191423e0
1.0195001e-1 1.7928986e-1 2.5909135e0 2.5909135e0
1.2214001e-1 1.7928986e-1 2.1946497e0 2.1946497e0
1.4233002e-1 1.7928986e-1 1.8847543e0 1.8847543e0
1.6252002e-1 1.7928986e-1 1.6350214e0 1.6350214e0
1.8271002e-1 1.7928986e-1 1.4291856e0 1.4291856e0
2.0290002e-1 1.7928986e-1 1.2562784e0 1.2562784e0
2.2309003e-1 1.7928986e-1 1.1094858e0 1.1094858e0
2.4328003e-1 1.7928986e-1 9.8326276e-1 9.8326276e-1
2.6347003e-1 1.7928986e-1 8.7376416e-1 8.7376416e-1
2.8366003e-1 1.7928986e-1 7.7803662e-1 7.7803662e-1
3.0385004e-1 1.7928986e-1 6.937486e-1 6.937486e-1
3.2404004e-1 1.7928986e-1 6.1918195e-1 6.1918195e-1
3.4423004e-1 1.7928986e-1 5.5290768e-1 5.5290768e-1
3.6442004e-1 1.7928986e-1 4.93802e-1 4.93802e-1
3.8461005e-1 1.7928986e-1 4.408289e-1 4.408289e-1
4.0480005e-1 1.7928986e-1 3.9314648e-1 3.9314648e-1
4.2499005e-1 1.7928986e-1 3.5029721e-1 3.5029721e-1
4.4518005e-1 1.7928986e-1 3.1167722e-1 3.1167722e-1
4.6537006e-1 1.7928986e-1 2.7676015e-1 2.7676015e-1
4.8556006e-1 1.7928986e-1 2.4516019e-1 2.4516019e-1
5.0575006e-1 1.7928986e-1 2.1655698e-1 2.1655698e-1
5.2594006e-1 1.7928986e-1 1.9064038e-1 1.9064038e-1
5.4613007e-1 1.7928986e-1 1.6715604e-1 1.6715604e-1
5.6632007e-1 1.7928986e-1 1.4585599e-1 1.4585599e-1
5.8651007e-1 1.7928986e-1 1.2657712e-1 1.2657712e-1
6.0670007e-1 1.7928986e-1 1.090659e-1 1.090659e-1
6.2689008e-1 1.7928986e-1 9.324445e-2 9.324445e-2
6.4708008e-1 1.7928986e-1 7.8955038e-2 7.8955038e-2
6.6727008e-1 1.7928986e-1 6.6060751e-2 6.6060751e-2
6.8746008e-1 1.7928986e-1 5.4412192e-2 5.4412192e-2
7.0765009e-1 1.7928986e-1 4.4009283e-2 4.4009283e-2
7.2784009e-1 1.7928986e-1 3.4696997e-2 3.4696997e-2
7.4803009e-1 1.7928986e-1 2.6381033e-2 2.6381033e-2
7.682201e-1 1.7928986e-1 1.8981139e-2 1.8981139e-2
7.884101e-1 1.7928986e-1 1.247698e-2 1.247698e-2
8.086001e-1 1.7928986e-1 6.755537e-3 6.755537e-3
8.287901e-1 1.7928986e-1 1.824072e-3 1.824072e-3
8.489801e-1 1.7928986e-1 -2.405412e-3 -2.405412e-3
8.691701e-1 1.7928986e-1 -5.980463e-3 -5.980463e-3
8.893601e-1 1.7928986e-1 -8.934457e-3 -8.934457e-3
9.0955011e-1 1.7928986e-1 -1.1315834e-2 -1.1315834e-2
9.2974011e-1 1.7928986e-1 -1.315835e-2 -1.315835e-2
9.4993011e-1 1.7928986e-1 -1.4494144e-2 -1.4494144e-2
9.7012012e-1 1.7928986e-1 -1.5354143e-2 -1.5354143e-2
9.9031012e-1 1.7928986e-1 -1.5766663e-2 -1.5766663e-2
1.0105e0 1.7928986e-1 -1.5759808e-2 -1.5759808e-2
1.03069e0 1.7928986e-1 -1.5357774e-2 -1.5357774e-2
1.05088e0 1.7928986e-1 -1.4584016e-2 -1.4584016e-2
1.0710701e0 1.7928986e-1 -1.3457686e-2 -1.3457686e-2
1.09126e0 1.7928986e-1 -1.2002579e-2 -1.2002579e-2
1.11145e0 1.7928986e-1 -1.023102e-2 -1.023102e-2
1.13164e0 1.7928986e-1 -8.1719e-3 -8.1719e-3
1.15183e0 1.7928986e-1 -5.829843e-3 -5.829843e-3
1.1720201e0 1.7928986e-1 -3.218088e-3 -3.218088e-3
1.1922101e0 1.7928986e-1 -3.59529e-4 -3.59529e-4
1.2124e0 1.7928986e-1 2.733275e-3 2.733275e-3
1.23259e0 1.7928986e-1 6.047316e-3 6.047316e-3
1.25278e0 1.7928986e-1 9.579459e-3 9.579459e-3
1.2729701e0 1.7928986e-1 1.3305975e-2 1.3305975e-2
1.2931601e0 1.7928986e-1 1.7230948e-2 1.7230948e-2
1.31335e0 1.7928986e-1 2.1333113e-2 2.1333113e-2
1.33354e0 1.7928986e-1 2.5600317e-2 2.5600317e-2
1.35373e0 1.7928986e-1 3.004193e-2 3.004193e-2
1.3739201e0 1.7928986e-1 3.4630316e-2 3.4630316e-2
1.3941101e0 1.7928986e-1 3.9364355e-2 3.9364355e-2
1.4143001e0 1.7928986e-1 4.425167e-2 4.425167e-2
1.43449e0 1.7928986e-1 4.9267004e-2 4.9267004e-2
1.45468e0 1.7928986e-1 5.4408453e-2 5.4408453e-2
1.4748701e0 1.7928986e-1 5.9659842e-2 5.9659842e-2
1.4950601e0 1.7928986e-1 6.5048178e-2 6.5048178e-2
1.5152501e0 1.7928986e-1 7.0506018e-2 7.0506018e-2
1.53544e0 1.7928986e-1 7.6090582e-2 7.6090582e-2
1.55563e0 1.7928986e-1 8.1792792e-2 8.1792792e-2
1.5758202e0 1.7928986e-1 8.757565e-2 8.757565e-2
1.5960101e0 1.7928986e-1 9.344998e-2 9.344998e-2
1.6162001e0 1.7928986e-1 9.939076e-2 9.939076e-2
1.63639e0 1.7928986e-1 1.0543942e-1 1.0543942e-1
1.65658e0 1.7928986e-1 1.1154698e-1 1.1154698e-1
1.6767702e0 1.7928986e-1 1.1774251e-1 1.1774251e-1
1.6969601e0 1.7928986e-1 1.2400594e-1 1.2400594e-1
1.7171501e0 1.7928986e-1 1.3027768e-1 1.3027768e-1
1.7373401e0 1.7928986e-1 1.3668149e-1 1.3668149e-1
1.75753e0 1.7928986e-1 1.4312115e-1 1.4312115e-1
1.7777202e0 1.7928986e-1 1.4965367e-1 1.4965367e-1
1.7979102e0 1.7928986e-1 1.5621228e-1 1.5621228e-1
1.8181001e0 1.7928986e-1 1.6280858e-1 1.6280858e-1
1.8382901e0 1.7928986e-1 1.6948033e-1 1.6948033e-1
1.85848e0 1.7928986e-1 1.7621236e-1 1.7621236e-1
1.8786702e0 1.7928986e-1 1.8295728e-1 1.8295728e-1
1.8988602e0 1.7928986e-1 1.8974828e-1 1.8974828e-1
1.9190501e0 1.7928986e-1 1.9650327e-1 1.9650327e-1
1.9392401e0 1.7928986e-1 2.0337415e-1 2.0337415e-1
1.9594301e0 1.7928986e-1 2.1030728e-1 2.1030728e-1
1.9796202e0 1.7928986e-1 2.172733e-1 2.172733e-1
1.9998102e0 1.7928986e-1 2.2422032e-1 2.2422032e-1

1.0e-3 2.2221884e-1 2.3834425e1 2.3834425e1
2.1190002e-2 2.2221884e-1 7.4035773e0 7.4035773e0
4.1380005e-2 2.2221884e-1 5.047933e0 5.047933e0
6.1570007e-2 2.2221884e-1 3.861444e0 3.861444e0
8.176001e-2 2.2221884e-1 3.1108755e0 3.1108755e0
1.0195001e-1 2.2221884e-1 2.5826468e0 2.5826468e0
1.2214001e-1 2.2221884e-1 2.1863829e0 2.1863829e0
1.4233002e-1 2.2221884e-1 1.8764876e0 1.8764876e0
1.6252002e-1 2.2221884e-1 1.6267546e0 1.6267546e0
1.8271002e-1 2.2221884e-1 1.4209189e0 1.4209189e0
2.0290002e-1 2.2221884e-1 1.2480116e0 1.2480116e0
2.2309003e-1 2.2221884e-1 1.101219e0 1.101219e0
2.4328003e-1 2.2221884e-1 9.749959e-1 9.749959e-1
2.6347003e-1 2.2221884e-1 8.654973e-1 8.654973e-1
2.8366003e-1 2.2221884e-1 7.6976976e-1 7.6976976e-1
3.0385004e-1 2.2221884e-1 6.8548174e-1 6.8548174e-1
3.2404004e-1 2.2221884e-1 6.1091508e-1 6.1091508e-1
3.4423004e-1 2.2221884e-1 5.4464082e-1 5.4464082e-1
3.6442004e-1 2.2221884e-1 4.8553514e-1 4.8553514e-1
3.8461005e-1 2.2221884e-1 4.3256204e-1 4.3256204e-1
4.0480005e-1 2.2221884e-1 3.8487962e-1 3.8487962e-1
4.2499005e-1 2.2221884e-1 3.4203035e-1 3.4203035e-1
4.4518005e-1 2.2221884e-1 3.0341035e-1 3.0341035e-1
4.6537006e-1 2.2221884e-1 2.6849329e-1 2.6849329e-1
4.8556006e-1 2.2221884e-1 2.3689333e-1 2.3689333e-1
5.0575006e-1 2.2221884e-1 2.0829012e-1 2.0829012e-1
5.2594006e-1 2.2221884e-1 1.8237352e-1 1.8237352e-1
5.4613007e-1 2.2221884e-1 1.5888918e-1 1.5888918e-1
5.6632007e-1 2.2221884e-1 1.3758913e-1 1.3758913e-1
5.8651007e-1 2.2221884e-1 1.1831026e-1 1.1831026e-1
6.0670007e-1 2.2221884e-1 1.0079904e-1 1.0079904e-1
6.2689008e-1 2.2221884e-1 8.497758e-2 8.497758e-2
6.4708008e-1 2.2221884e-1 7.0688176e-2 7.0688176e-2
6.6727008e-1 2.2221884e-1 5.7793889e-2 5.7793889e-2
6.8746008e-1 2.2221884e-1 4.614533e-2 4.614533e-2
7.0765009e-1 2.2221884e-1 3.5742421e-2 3.5742421e-2
7.2784009e-1 2.2221884e-1 2.6430135e-2 2.6430135e-2
7.4803009e-1 2.2221884e-1 1.8114171e-2 1.8114171e-2
7.682201e-1 2.2221884e-1 1.0714276e-2 1.0714276e-2
7.884101e-1 2.2221884e-1 4.210118e-3 4.210118e-3
8.086001e-1 2.2221884e-1 -1.511325e-3 -1.511325e-3
8.287901e-1 2.2221884e-1 -6.44279e-3 -6.44279e-3
8.489801e-1 2.2221884e-1 -1.0672275e-2 -1.0672275e-2
8.691701e-1 2.2221884e-1 -1.4247325e-2 -1.4247325e-2
8.893601e-1 2.2221884e-1 -1.720132e-2 -1.720132e-2
9.0955011e-1 2.2221884e-1 -1.9582697e-2 -1.9582697e-2
9.2974011e-1 2.2221884e-1 -2.1425212e-2 -2.1425212e-2
9.4993011e-1 2.2221884e-1 -2.2761006e-2 -2.2761006e-2
9.7012012e-1 2.2221884e-1 -2.3621005e-2 -2.3621005e-2
9.9031012e-1 2.2221884e-1 -2.4033525e-2 -2.4033525e-2
1.0105e0 2.2221884e-1 -2.4026671e-2 -2.4026671e-2
1.03069e0 2.2221884e-1 -2.3624637e-2 -2.3624637e-2
1.05088e0 2.2221884e-1 -2.2850879e-2 -2.2850879e-2
1.0710701e0 2.2221884e-1 -2.1724548e-2 -2.1724548e-2
1.09126e0 2.2221884e-1 -2.0269441e-2 -2.0269441e-2
1.11145e0 2.2221884e-1 -1.8497882e-2 -1.8497882e-2
1.13164e0 2.2221884e-1 -1.6438762e-2 -1.6438762e-2
1.15183e0 2.2221884e-1 -1.4096706e-2 -1.4096706e-2
1.1720201e0 2.2221884e-1 -1.148495e-2 -1.148495e-2
1.1922101e0 2.2221884e-1 -8.626392e-3 -8.626392e-3
1.2124e0 2.2221884e-1 -5.533588e-3 -5.533588e-3
1.23259e0 2.2221884e-1 -2.219547e-3 -2.219547e-3
1.25278e0 2.2221884e-1 1.312596e-3 1.312596e-3
1.2729701e0 2.2221884e-1 5.039113e-3 5.039113e-3
1.2931601e0 2.2221884e-1 8.964085e-3 8.964085e-3
1.31335e0 2.2221884e-1 1.306625e-2 1.306625e-2
1.33354e0 2.2221884e-1 1.7333455e-2 1.7333455e-2
1.35373e0 2.2221884e-1 2.1775067e-2 2.1775067e-2
1.3739201e0 2.2221884e-1 2.6363454e-2 2.6363454e-2
1.3941101e0 2.2221884e-1 3.1097493e-2 3.1097493e-2
1.4143001e0 2.2221884e-1 3.5984807e-2 3.5984807e-2
1.43449e0 2.2221884e-1 4.1000142e-2 4.1000142e-2
1.45468e0 2.2221884e-1 4.6141591e-2 4.6141591e-2
1.4748701e0 2.2221884e-1 5.139298e-2 5.139298e-2
1.4950601e0 2.2221884e-1 5.6781316e-2 5.6781316e-2
1.5152501e0 2.2221884e-1 6.2239156e-2 6.2239156e-2
1.53544e0 2.2221884e-1 6.782372e-2 6.782372e-2
1.55563e0 2.2221884e-1 7.352593e-2 7.352593e-2
1.5758202e0 2.2221884e-1 7.930879e-2 7.930879e-2
1.5960101e0 2.2221884e-1 8.518312e-2 8.518312e-2
1.6162001e0 2.2221884e-1 9.11239e-2 9.11239e-2
1.63639e0 2.2221884e-1 9.717256e-2 9.717256e-2
1.65658e0 2.2221884e-1 1.0328012e-1 1.0328012e-1
1.6767702e0 2.2221884e-1 1.0947565e-1 1.0947565e-1
1.6969601e0 2.2221884e-1 1.1573907e-1 1.1573907e-1
1.7171501e0 2.2221884e-1 1.2201082e-1 1.2201082e-1
1.7373401e0 2.2221884e-1 1.2841463e-1 1.2841463e-1
1.75753e0 2.2221884e-1 1.348543e-1 1.348543e-1
1.7777202e0 2.2221884e-1 1.4138681e-1 1.4138681e-1
1.7979102e0 2.2221884e-1 1.4794542e-1 1.4794542e-1
1.8181001e0 2.2221884e-1 1.5454172e-1 1.5454172e-1
1.8382901e0 2.2221884e-1 1.6121347e-1 1.6121347e-1
1.85848e0 2.2221884e-1 1.679455e-1 1.679455e-1
1.8786702e0 2.2221884e-1 1.7469041e-1 1.7469041e-1
1.8988602e0 2.2221884e-1 1.8148141e-1 1.8148141e-1
1.9190501e0 2.2221884e-1 1.882364e-1 1.882364e-1
1.9392401e0 2.2221884e-1 1.9510728e-1 1.9510728e-1
1.9594301e0 2.2221884e-1 2.0204042e-1 2.0204042e-1
1.9796202e0 2.2221884e-1 2.0900644e-1 2.0900644e-1
1.9998102e0 2.2221884e-1 2.1595346e-1 2.1595346e-1

1.0e-3 2.6514783e-1 2.382459e1 2.382459e1
2.1190002e-2 2.6514783e-1 7.393742e0 7.393742e0
4.1380005e-2 2.6514783e-1 5.0380978e0 5.0380978e0
6.1570007e-2 2.6514783e-1 3.8516087e0 3.8516087e0
8.176001e-2 2.6514783e-1 3.1010403e0 3.1010403e0
1.0195001e-1 2.6514783e-1 2.5728116e0 2.5728116e0
1.2214001e-1 2.6514783e-1 2.1765477e0 2.1765477e0
1.4233002e-1 2.6514783e-1 1.8666524e0 1.8666524e0
1.6252002e-1 2.6514783e-1 1.6169194e0 1.6169194e0
1.8271002e-1 2.6514783e-1 1.4110837e0 1.4110837e0
2.0290002e-1 2.6514783e-1 1.2381764e0 1.2381764e0
2.2309003e-1 2.6514783e-1 1.0913838e0 1.0913838e0
2.4328003e-1 2.6514783e-1 9.6516078e-1 9.6516078e-1
2.6347003e-1 2.6514783e-1 8.5566219e-1 8.5566219e-1
2.8366003e-1 2.6514783e-1 7.5993465e-1 7.5993465e-1
3.0385004e-1 2.6514783e-1 6.7564662e-1 6.7564662e-1
3.2404004e-1 2.6514783e-1 6.0107997e-1 6.0107997e-1
3.4423004e-1 2.6514783e-1 5.3480571e-1 5.3480571e-1
3.6442004e-1 2.6514783e-1 4.7570003e-1 4.7570003e-1
3.8461005e-1 2.6514783e-1 4.2272693e-1 4.2272693e-1
4.0480005e-1 2.6514783e-1 3.7504451e-1 3.7504451e-1
4.2499005e-1 2.6514783e-1 3.3219524e-1 3.3219524e-1
4.4518005e-1 2.6514783e-1 2.9357524e-1 2.9357524e-1
4.6537006e-1 2.6514783e-1 2.5865817e-1 2.5865817e-1
4.8556006e-1 2.6514783e-1 2.2705821e-1 2.2705821e-1
5.0575006e-1 2.6514783e-1 1.98455e-1 1.98455e-1
5.2594006e-1 2.6514783e-1 1.725384e-1 1.725384e-1
5.4613007e-1 2.6514783e-1 1.4905406e-1 1.4905406e-1
5.6632007e-1 2.6514783e-1 1.2775401e-1 1.2775401e-1
5.8651007e-1 2.6514783e-1 1.0847514e-1 1.0847514e-1
6.0670007e-1 2.6514783e-1 9.096393e-2 9.096393e-2
6.2689008e-1 2.6514783e-1 7.514247e-2 7.514247e-2
6.4708008e-1 2.6514783e-1 6.0853073e-2 6.0853073e-2
6.6727008e-1 2.6514783e-1 4.7958786e-2 4.7958786e-2
6.8746008e-1 2.6514783e-1 3.6310226e-2 3.6310226e-2
7.0765009e-1 2.6514783e-1 2.5907318e-2 2.5907318e-2
7.2784009e-1 2.6514783e-1 1.6595032e-2 1.6595032e-2
7.4803009e-1 2.6514783e-1 8.279068e-3 8.279068e-3
7.682201e-1 2.6514783e-1 8.79173e-4 8.79173e-4
7.884101e-1 2.6514783e-1 -5.624985e-3 -5.624985e-3
8.086001e-1 2.6514783e-1 -1.1346428e-2 -1.1346428e-2
8.287901e-1 2.6514783e-1 -1.6277893e-2 -1.6277893e-2
8.489801e-1 2.6514783e-1 -2.0507378e-2 -2.0507378e-2
8.691701e-1 2.6514783e-1 -2.4082428e-2 -2.4082428e-2
8.893601e-1 2.6514783e-1 -2.7036423e-2 -2.7036423e-2
9.0955011e-1 2.6514783e-1 -2.94178e-2 -2.94178e-2
9.2974011e-1 2.6514783e-1 -3.1260315e-2 -3.1260315e-2
9.4993011e-1 2.6514783e-1 -3.2596109e-2 -3.2596109e-2
9.7012012e-1 2.6514783e-1 -3.3456108e-2 -3.3456108e-2
9.9031012e-1 2.6514783e-1 -3.3868628e-2 -3.3868628e-2
1.0105e0 2.6514783e-1 -3.3861774e-2 -3.3861774e-2
1.03069e0 2.6514783e-1 -3.345974e-2 -3.345974e-2
1.05088e0 2.6514783e-1 -3.2685982e-2 -3.2685982e-2
1.0710701e0 2.6514783e-1 -3.1559651e-2 -3.1559651e-2
1.09126e0 2.6514783e-1 -3.0104544e-2 -3.0104544e-2
1.11145e0 2.6514783e-1 -2.8332985e-2 -2.8332985e-2
1.13164e0 2.6514783e-1 -2.6273865e-2 -2.6273865e-2
1.15183e0 2.6514783e-1 -2.3931808e-2 -2.3931808e-2
1.1720201e0 2.6514783e-1 -2.1320053e-2 -2.1320053e-2
1.1922101e0 2.6514783e-1 -1.8461494e-2 -1.8461494e-2
1.2124e0 2.6514783e-1 -1.536869e-2 -1.536869e-2
1.23259e0 2.6514783e-1 -1.205465e-2 -1.205465e-2
1.25278e0 2.6514783e-1 -8.522507e-3 -8.522507e-3
1.2729701e0 2.6514783e-1 -4.79599e-3 -4.79599e-3
1.2931601e0 2.6514783e-1 -8.71017e-4 -8.71017e-4
1.31335e0 2.6514783e-1 3.231148e-3 3.231148e-3
1.33354e0 2.6514783e-1 7.498352e-3 7.498352e-3
1.35373e0 2.6514783e-1 1.1939964e-2 1.1939964e-2
1.3739201e0 2.6514783e-1 1.6528351e-2 1.6528351e-2
1.3941101e0 2.6514783e-1 2.126239e-2 2.126239e-2
1.4143001e0 2.6514783e-1 2.6149704e-2 2.6149704e-2
1.43449e0 2.6514783e-1 3.1165039e-2 3.1165039e-2
1.45468e0 2.6514783e-1 3.6306488e-2 3.6306488e-2
1.4748701e0 2.6514783e-1 4.1557877e-2 4.1557877e-2
1.4950601e0 2.6514783e-1 4.6946213e-2 4.6946213e-2
1.5152501e0 2.6514783e-1 5.2404053e-2 5.2404053e-2
1.53544e0 2.6514783e-1 5.7988617e-2 5.7988617e-2
1.55563e0 2.6514783e-1 6.3690826e-2 6.3690826e-2
1.5758202e0 2.6514783e-1 6.947368e-2 6.947368e-2
1.5960101e0 2.6514783e-1 7.5348e-2 7.5348e-2
1.6162001e0 2.6514783e-1 8.128879e-2 8.128879e-2
1.63639e0 2.6514783e-1 8.733745e-2 8.733745e-2
1.65658e0 2.6514783e-1 9.3445e-2 9.3445e-2
1.6767702e0 2.6514783e-1 9.964053e-2 9.964053e-2
1.6969601e0 2.6514783e-1 1.0590396e-1 1.0590396e-1
1.7171501e0 2.6514783e-1 1.121757e-1 1.121757e-1
1.7373401e0 2.6514783e-1 1.1857951e-1 1.1857951e-1
1.75753e0 2.6514783e-1 1.2501918e-1 1.2501918e-1
1.7777202e0 2.6514783e-1 1.315517e-1 1.315517e-1
1.7979102e0 2.6514783e-1 1.381103e-1 1.381103e-1
1.8181001e0 2.6514783e-1 1.447066e-1 1.447066e-1
1.8382901e0 2.6514783e-1 1.5137836e-1 1.5137836e-1
1.85848e0 2.6514783e-1 1.5811038e-1 1.5811038e-1
1.8786702e0 2.6514783e-1 1.648553e-1 1.648553e-1
1.8988602e0 2.6514783e-1 1.716463e-1 1.716463e-1
1.9190501e0 2.6514783e-1 1.7840129e-1 1.7840129e-1
1.9392401e0 2.6514783e-1 1.8527217e-1 1.8527217e-1
1.9594301e0 2.6514783e-1 1.922053e-1 1.922053e-1
1.9796202e0 2.6514783e-1 1.9917133e-1 1.9917133e-1
1.9998102e0 2.6514783e-1 2.0611835e-1 2.0611835e-1

1.0e-3 3.0807681e-1 2.3813303e1 2.3813303e1
2.1190002e-2 3.0807681e-1 7.3824545e0 7.3824545e0
4.1380005e-2 3.0807681e-1 5.0268103e0 5.0268103e0
6.1570007e-2 3.0807681e-1 3.8403212e0 3.8403212e0
8.176001e-2 3.0807681e-1 3.0897528e0 3.0897528e0
1.0195001e-1 3.0807681e-1 2.561524e0 2.561524e0
1.2214001e-1 3.0807681e-1 2.1652602e0 2.1652602e0
1.4233002e-1 3.0807681e-1 1.8553648e0 1.8553648e0
1.6252002e-1 3.0807681e-1 1.6056319e0 1.6056319e0
1.8271002e-1 3.0807681e-1 1.3997961e0 1.3997961e0
2.0290002e-1 3.0807681e-1 1.2268889e0 1.2268889e0
2.2309003e-1 3.0807681e-1 1.0800963e0 1.0800963e0
2.4328003e-1 3.0807681e-1 9.5387325e-1 9.5387325e-1
2.6347003e-1 3.0807681e-1 8.4437465e-1 8.4437465e-1
2.8366003e-1 3.0807681e-1 7.4864711e-1 7.4864711e-1
3.0385004e-1 3.0807681e-1 6.6435909e-1 6.6435909e-1
3.2404004e-1 3.0807681e-1 5.8979243e-1 5.8979243e-1
3.4423004e-1 3.0807681e-1 5.2351817e-1 5.2351817e-1
3.6442004e-1 3.0807681e-1 4.6441249e-1 4.6441249e-1
3.8461005e-1 3.0807681e-1 4.1143939e-1 4.1143939e-1
4.0480005e-1 3.0807681e-1 3.6375697e-1 3.6375697e-1
4.2499005e-1 3.0807681e-1 3.209077e-1 3.209077e-1
4.4518005e-1 3.0807681e-1 2.822877e-1 2.822877e-1
4.6537006e-1 3.0807681e-1 2.4737064e-1 2.4737064e-1
4.8556006e-1 3.0807681e-1 2.1577068e-1 2.1577068e-1
5.0575006e-1 3.0807681e-1 1.8716747e-1 1.8716747e-1
5.2594006e-1 3.0807681e-1 1.6125087e-1 1.6125087e-1
5.4613007e-1 3.0807681e-1 1.3776653e-1 1.3776653e-1
5.6632007e-1 3.0807681e-1 1.1646648e-1 1.1646648e-1
5.8651007e-1 3.0807681e-1 9.71876e-2 9.71876e-2
6.0670007e-1 3.0807681e-1 7.967639e-2 7.967639e-2
6.2689008e-1 3.0807681e-1 6.385493e-2 6.385493e-2
6.4708008e-1 3.0807681e-1 4.9565527e-2 4.9565527e-2
6.6727008e-1 3.0807681e-1 3.667124e-2 3.667124e-2
6.8746008e-1 3.0807681e-1 2.502268e-2 2.502268e-2
7.0765009e-1 3.0807681e-1 1.4619772e-2 1.4619772e-2
7.2784009e-1 3.0807681e-1 5.307486e-3 5.307486e-3
7.4803009e-1 3.0807681e-1 -3.008478e-3 -3.008478e-3
7.682201e-1 3.0807681e-1 -1.0408372e-2 -1.0408372e-2
7.884101e-1 3.0807681e-1 -1.691253e-2 -1.691253e-2
8.086001e-1 3.0807681e-1 -2.2633974e-2 -2.2633974e-2
8.287901e-1 3.0807681e-1 -2.7565439e-2 -2.7565439e-2
8.489801e-1 3.0807681e-1 -3.1794923e-2 -3.1794923e-2
8.691701e-1 3.0807681e-1 -3.5369974e-2 -3.5369974e-2
8.893601e-1 3.0807681e-1 -3.8323969e-2 -3.8323969e-2
9.0955011e-1 3.0807681e-1 -4.0705345e-2 -4.0705345e-2
9.2974011e-1 3.0807681e-1 -4.254786e-2 -4.254786e-2
9.4993011e-1 3.0807681e-1 -4.3883655e-2 -4.3883655e-2
9.7012012e-1 3.0807681e-1 -4.4743654e-2 -4.4743654e-2
9.9031012e-1 3.0807681e-1 -4.5156174e-2 -4.5156174e-2
1.0105e0 3.0807681e-1 -4.514932e-2 -4.514932e-2
1.03069e0 3.0807681e-1 -4.4747285e-2 -4.4747285e-2
1.05088e0 3.0807681e-1 -4.3973528e-2 -4.3973528e-2
1.0710701e0 3.0807681e-1 -4.2847197e-2 -4.2847197e-2
1.09126e0 3.0807681e-1 -4.139209e-2 -4.139209e-2
1.11145e0 3.0807681e-1 -3.962053e-2 -3.962053e-2
1.13164e0 3.0807681e-1 -3.756141e-2 -3.756141e-2
1.15183e0 3.0807681e-1 -3.5219354e-2 -3.5219354e-2
1.1720201e0 3.0807681e-1 -3.2607599e-2 -3.2607599e-2
1.1922101e0 3.0807681e-1 -2.974904e-2 -2.974904e-2
1.2124e0 3.0807681e-1 -2.6656236e-2 -2.6656236e-2
1.23259e0 3.0807681e-1 -2.3342195e-2 -2.3342195e-2
1.25278e0 3.0807681e-1 -1.9810052e-2 -1.9810052e-2
1.2729701e0 3.0807681e-1 -1.6083536e-2 -1.6083536e-2
1.2931601e0 3.0807681e-1 -1.2158563e-2 -1.2158563e-2
1.31335e0 3.0807681e-1 -8.056398e-3 -8.056398e-3
1.33354e0 3.0807681e-1 -3.789194e-3 -3.789194e-3
1.35373e0 3.0807681e-1 6.52419e-4 6.52419e-4
1.3739201e0 3.0807681e-1 5.240805e-3 5.240805e-3
1.3941101e0 3.0807681e-1 9.974844e-3 9.974844e-3
1.4143001e0 3.0807681e-1 1.4862158e-2 1.4862158e-2
1.43449e0 3.0807681e-1 1.9877493e-2 1.9877493e-2
1.45468e0 3.0807681e-1 2.5018942e-2 2.5018942e-2
1.4748701e0 3.0807681e-1 3.0270331e-2 3.0270331e-2
1.4950601e0 3.0807681e-1 3.5658667e-2 3.5658667e-2
1.5152501e0 3.0807681e-1 4.1116507e-2 4.1116507e-2
1.53544e0 3.0807681e-1 4.6701071e-2 4.6701071e-2
1.55563e0 3.0807681e-1 5.240328e-2 5.240328e-2
1.5758202e0 3.0807681e-1 5.818614e-2 5.818614e-2
1.5960101e0 3.0807681e-1 6.406047e-2 6.406047e-2
1.6162001e0 3.0807681e-1 7.000125e-2 7.000125e-2
1.63639e0 3.0807681e-1 7.604991e-2 7.604991e-2
1.65658e0 3.0807681e-1 8.215747e-2 8.215747e-2
1.6767702e0 3.0807681e-1 8.8353e-2 8.8353e-2
1.6969601e0 3.0807681e-1 9.461642e-2 9.461642e-2
1.7171501e0 3.0807681e-1 1.0088817e-1 1.0088817e-1
1.7373401e0 3.0807681e-1 1.0729198e-1 1.0729198e-1
1.75753e0 3.0807681e-1 1.1373164e-1 1.1373164e-1
1.7777202e0 3.0807681e-1 1.2026416e-1 1.2026416e-1
1.7979102e0 3.0807681e-1 1.2682277e-1 1.2682277e-1
1.8181001e0 3.0807681e-1 1.3341907e-1 1.3341907e-1
1.8382901e0 3.0807681e-1 1.4009082e-1 1.4009082e-1
1.85848e0 3.0807681e-1 1.4682285e-1 1.4682285e-1
1.8786702e0 3.0807681e-1 1.5356776e-1 1.5356776e-1
1.8988602e0 3.0807681e-1 1.6035876e-1 1.6035876e-1
1.9190501e0 3.0807681e-1 1.6711375e-1 1.6711375e-1
1.9392401e0 3.0807681e-1 1.7398463e-1 1.7398463e-1
1.9594301e0 3.0807681e-1 1.8091777e-1 1.8091777e-1
1.9796202e0 3.0807681e-1 1.8788379e-1 1.8788379e-1
1.9998102e0 3.0807681e-1 1.9483081e-1 1.9483081e-1

1.0e-3 3.510058e-1 2.3800699e1 2.3800699e1
2.1190002e-2 3.510058e-1 7.3698505e0 7.3698505e0
4.1380005e-2 3.510058e-1 5.0142062e0 5.0142062e0
6.1570007e-2 3.510058e-1 3.8277171e0 3.8277171e0
8.176001e-2 3.510058e-1 3.0771487e0 3.0771487e0
1.0195001e-1 3.510058e-1 2.54892e0 2.54892e0
1.2214001e-1 3.510058e-1 2.1526561e0 2.1526561e0
1.4233002e-1 3.510058e-1 1.8427608e0 1.8427608e0
1.6252002e-1 3.510058e-1 1.5930278e0 1.5930278e0
1.8271002e-1 3.510058e-1 1.3871921e0 1.3871921e0
2.0290002e-1 3.510058e-1 1.2142848e0 1.2142848e0
2.2309003e-1 3.510058e-1 1.0674922e0 1.0674922e0
2.4328003e-1 3.510058e-1 9.4126917e-1 9.4126917e-1
2.6347003e-1 3.510058e-1 8.3177057e-1 8.3177057e-1
2.8366003e-1 3.510058e-1 7.3604303e-1 7.3604303e-1
3.0385004e-1 3.510058e-1 6.51755e-1 6.51755e-1
3.2404004e-1 3.510058e-1 5.7718835e-1 5.7718835e-1
3.4423004e-1 3.510058e-1 5.109141e-1 5.109141e-1
3.6442004e-1 3.510058e-1 4.5180841e-1 4.5180841e-1
3.8461005e-1 3.510058e-1 3.9883531e-1 3.9883531e-1
4.0480005e-1 3.510058e-1 3.511529e-1 3.511529e-1
4.2499005e-1 3.510058e-1 3.0830362e-1 3.0830362e-1
4.4518005e-1 3.510058e-1 2.6968362e-1 2.6968362e-1
4.6537006e-1 3.510058e-1 2.3476656e-1 2.3476656e-1
4.8556006e-1 3.510058e-1 2.031666e-1 2.031666e-1
5.0575006e-1 3.510058e-1 1.7456339e-1 1.7456339e-1
5.2594006e-1 3.510058e-1 1.4864679e-1 1.4864679e-1
5.4613007e-1 3.510058e-1 1.2516245e-1 1.2516245e-1
5.6632007e-1 3.510058e-1 1.038624e-1 1.038624e-1
5.8651007e-1 3.510058e-1 8.458353e-2 8.458353e-2
6.0670007e-1 3.510058e-1 6.707231e-2 6.707231e-2
6.2689008e-1 3.510058e-1 5.125085e-2 5.125085e-2
6.4708008e-1 3.510058e-1 3.696145e-2 3.696145e-2
6.6727008e-1 3.510058e-1 2.4067163e-2 2.4067163e-2
6.8746008e-1 3.510058e-1 1.2418604e-2 1.2418604e-2
7.0765009e-1 3.510058e-1 2.015695e-3 2.015695e-3
7.2784009e-1 3.510058e-1 -7.296591e-3 -7.296591e-3
7.4803009e-1 3.510058e-1 -1.5612555e-2 -1.5612555e-2
7.682201e-1 3.510058e-1 -2.301245e-2 -2.301245e-2
7.884101e-1 3.510058e-1 -2.9516608e-2 -2.9516608e-2
8.086001e-1 3.510058e-1 -3.5238051e-2 -3.5238051e-2
8.287901e-1 3.510058e-1 -4.0169516e-2 -4.0169516e-2
8.489801e-1 3.510058e-1 -4.4399e-2 -4.4399e-2
8.691701e-1 3.510058e-1 -4.7974051e-2 -4.7974051e-2
8.893601e-1 3.510058e-1 -5.0928046e-2 -5.0928046e-2
9.0955011e-1 3.510058e-1 -5.3309422e-2 -5.3309422e-2
9.2974011e-1 3.510058e-1 -5.5151938e-2 -5.5151938e-2
9.4993011e-1 3.510058e-1 -5.6487732e-2 -5.6487732e-2
9.7012012e-1 3.510058e-1 -5.7347731e-2 -5.7347731e-2
9.9031012e-1 3.510058e-1 -5.7760251e-2 -5.7760251e-2
1.0105e0 3.510058e-1 -5.7753397e-2 -5.7753397e-2
1.03069e0 3.510058e-1 -5.7351363e-2 -5.7351363e-2
1.05088e0 3.510058e-1 -5.6577605e-2 -5.6577605e-2
1.0710701e0 3.510058e-1 -5.5451274e-2 -5.5451274e-2
1.09126e0 3.510058e-1 -5.3996167e-2 -5.3996167e-2
1.11145e0 3.510058e-1 -5.2224608e-2 -5.2224608e-2
1.13164e0 3.510058e-1 -5.0165488e-2 -5.0165488e-2
1.15183e0 3.510058e-1 -4.7823431e-2 -4.7823431e-2
1.1720201e0 3.510058e-1 -4.5211676e-2 -4.5211676e-2
1.1922101e0 3.510058e-1 -4.2353117e-2 -4.2353117e-2
1.2124e0 3.510058e-1 -3.9260313e-2 -3.9260313e-2
1.23259e0 3.510058e-1 -3.5946272e-2 -3.5946272e-2
1.25278e0 3.510058e-1 -3.241413e-2 -3.241413e-2
1.2729701e0 3.510058e-1 -2.8687613e-2 -2.8687613e-2
1.2931601e0 3.510058e-1 -2.476264e-2 -2.476264e-2
1.31335e0 3.510058e-1 -2.0660475e-2 -2.0660475e-2
1.33354e0 3.510058e-1 -1.6393271e-2 -1.6393271e-2
1.35373e0 3.510058e-1 -1.1951659e-2 -1.1951659e-2
1.3739201e0 3.510058e-1 -7.363272e-3 -7.363272e-3
1.3941101e0 3.510058e-1 -2.629233e-3 -2.629233e-3
1.4143001e0 3.510058e-1 2.258081e-3 2.258081e-3
1.43449e0 3.510058e-1 7.273416e-3 7.273416e-3
1.45468e0 3.510058e-1 1.2414865e-2 1.2414865e-2
1.4748701e0 3.510058e-1 1.7666254e-2 1.7666254e-2
1.4950601e0 3.510058e-1 2.305459e-2 2.305459e-2
1.5152501e0 3.510058e-1 2.851243e-2 2.851243e-2
1.53544e0 3.510058e-1 3.4096994e-2 3.4096994e-2
1.55563e0 3.510058e-1 3.9799203e-2 3.9799203e-2
1.5758202e0 3.510058e-1 4.558206e-2 4.558206e-2
1.5960101e0 3.510058e-1 5.145639e-2 5.145639e-2
1.6162001e0 3.510058e-1 5.739717e-2 5.739717e-2
1.63639e0 3.510058e-1 6.344583e-2 6.344583e-2
1.65658e0 3.510058e-1 6.955339e-2 6.955339e-2
1.6767702e0 3.510058e-1 7.574892e-2 7.574892e-2
1.6969601e0 3.510058e-1 8.201234e-2 8.201234e-2
1.7171501e0 3.510058e-1 8.828409e-2 8.828409e-2
1.7373401e0 3.510058e-1 9.46879e-2 9.46879e-2
1.75753e0 3.510058e-1 1.0112756e-1 1.0112756e-1
1.7777202e0 3.510058e-1 1.0766008e-1 1.0766008e-1
1.7979102e0 3.510058e-1 1.1421869e-1 1.1421869e-1
1.8181001e0 3.510058e-1 1.2081499e-1 1.2081499e-1
1.8382901e0 3.510058e-1 1.2748674e-1 1.2748674e-1
1.85848e0 3.510058e-1 1.3421877e-1 1.3421877e-1
1.8786702e0 3.510058e-1 1.4096368e-1 1.4096368e-1
1.8988602e0 3.510058e-1 1.4775468e-1 1.4775468e-1
1.9190501e0 3.510058e-1 1.5450967e-1 1.5450967e-1
1.9392401e0 3.510058e-1 1.6138055e-1 1.6138055e-1
1.9594301e0 3.510058e-1 1.6831369e-1 1.6831369e-1
1.9796202e0 3.510058e-1 1.7527971e-1 1.7527971e-1
1.9998102e0 3.510058e-1 1.8222673e-1 1.8222673e-1

1.0e-3 3.9393478e-1 2.3786934e1 2.3786934e1
2.1190002e-2 3.9393478e-1 7.3560864e0 7.3560864e0
4.1380005e-2 3.9393478e-1 5.0004422e0 5.0004422e0
6.1570007e-2 3.9393478e-1 3.8139531e0 3.8139531e0
8.176001e-2 3.9393478e-1 3.0633847e0 3.0633847e0
1.0195001e-1 3.9393478e-1 2.535156e0 2.535156e0
1.2214001e-1 3.9393478e-1 2.138892e0 2.138892e0
1.4233002e-1 3.9393478e-1 1.8289967e0 1.8289967e0
1.6252002e-1 3.9393478e-1 1.5792638e0 1.5792638e0
1.8271002e-1 3.9393478e-1 1.373428e0 1.373428e0
2.0290002e-1 3.9393478e-1 1.2005208e0 1.2005208e0
2.2309003e-1 3.9393478e-1 1.0537282e0 1.0537282e0
2.4328003e-1 3.9393478e-1 9.275051e-1 9.275051e-1
2.6347003e-1 3.9393478e-1 8.180065e-1 8.180065e-1
2.8366003e-1 3.9393478e-1 7.2227896e-1 7.2227896e-1
3.0385004e-1 3.9393478e-1 6.3799094e-1 6.3799094e-1
3.2404004e-1 3.9393478e-1 5.6342429e-1 5.6342429e-1
3.4423004e-1 3.9393478e-1 4.9715002e-1 4.9715002e-1
3.6442004e-1 3.9393478e-1 4.3804434e-1 4.3804434e-1
3.8461005e-1 3.9393478e-1 3.8507124e-1 3.8507124e-1
4.0480005e-1 3.9393478e-1 3.3738882e-1 3.3738882e-1
4.2499005e-1 3.9393478e-1 2.9453955e-1 2.9453955e-1
4.4518005e-1 3.9393478e-1 2.5591956e-1 2.5591956e-1
4.6537006e-1 3.9393478e-1 2.2100249e-1 2.2100249e-1
4.8556006e-1 3.9393478e-1 1.8940253e-1 1.8940253e-1
5.0575006e-1 3.9393478e-1 1.6079932e-1 1.6079932e-1
5.2594006e-1 3.9393478e-1 1.3488272e-1 1.3488272e-1
5.4613007e-1 3.9393478e-1 1.1139838e-1 1.1139838e-1
5.6632007e-1 3.9393478e-1 9.009833e-2 9.009833e-2
5.8651007e-1 3.9393478e-1 7.081946e-2 7.081946e-2
6.0670007e-1 3.9393478e-1 5.330824e-2 5.330824e-2
6.2689008e-1 3.9393478e-1 3.748679e-2 3.748679e-2
6.4708008e-1 3.9393478e-1 2.3197386e-2 2.3197386e-2
6.6727008e-1 3.9393478e-1 1.0303099e-2 1.0303099e-2
6.8746008e-1 3.9393478e-1 -1.34546e-3 -1.34546e-3
7.0765009e-1 3.9393478e-1 -1.1748369e-2 -1.1748369e-2
7.2784009e-1 3.9393478e-1 -2.1060655e-2 -2.1060655e-2
7.4803009e-1 3.9393478e-1 -2.9376619e-2 -2.9376619e-2
7.682201e-1 3.9393478e-1 -3.6776514e-2 -3.6776514e-2
7.884101e-1 3.9393478e-1 -4.3280672e-2 -4.3280672e-2
8.086001e-1 3.9393478e-1 -4.9002115e-2 -4.9002115e-2
8.287901e-1 3.9393478e-1 -5.393358e-2 -5.393358e-2
8.489801e-1 3.9393478e-1 -5.8163065e-2 -5.8163065e-2
8.691701e-1 3.9393478e-1 -6.1738115e-2 -6.1738115e-2
8.893601e-1 3.9393478e-1 -6.469211e-2 -6.469211e-2
9.0955011e-1 3.9393478e-1 -6.7073486e-2 -6.7073486e-2
9.2974011e-1 3.9393478e-1 -6.8916002e-2 -6.8916002e-2
9.4993011e-1 3.9393478e-1 -7.0251796e-2 -7.0251796e-2
9.7012012e-1 3.9393478e-1 -7.1111795e-2 -7.1111795e-2
9.9031012e-1 3.9393478e-1 -7.1524315e-2 -7.1524315e-2
1.0105e0 3.9393478e-1 -7.151746e-2 -7.151746e-2
1.03069e0 3.9393478e-1 -7.1115427e-2 -7.1115427e-2
1.05088e0 3.9393478e-1 -7.0341669e-2 -7.0341669e-2
1.0710701e0 3.9393478e-1 -6.9215338e-2 -6.9215338e-2
1.09126e0 3.9393478e-1 -6.7760231e-2 -6.7760231e-2
1.11145e0 3.9393478e-1 -6.5988672e-2 -6.5988672e-2
1.13164e0 3.9393478e-1 -6.3929552e-2 -6.3929552e-2
1.15183e0 3.9393478e-1 -6.1587495e-2 -6.1587495e-2
1.1720201e0 3.9393478e-1 -5.897574e-2 -5.897574e-2
1.1922101e0 3.9393478e-1 -5.6117181e-2 -5.6117181e-2
1.2124e0 3.9393478e-1 -5.3024377e-2 -5.3024377e-2
1.23259e0 3.9393478e-1 -4.9710336e-2 -4.9710336e-2
1.25278e0 3.9393478e-1 -4.6178194e-2 -4.6178194e-2
1.2729701e0 3.9393478e-1 -4.2451677e-2 -4.2451677e-2
1.2931601e0 3.9393478e-1 -3.8526704e-2 -3.8526704e-2
1.31335e0 3.9393478e-1 -3.4424539e-2 -3.4424539e-2
1.33354e0 3.9393478e-1 -3.0157335e-2 -3.0157335e-2
1.35373e0 3.9393478e-1 -2.5715723e-2 -2.5715723e-2
1.3739201e0 3.9393478e-1 -2.1127336e-2 -2.1127336e-2
1.3941101e0 3.9393478e-1 -1.6393297e-2 -1.6393297e-2
1.4143001e0 3.9393478e-1 -1.1505983e-2 -1.1505983e-2
1.43449e0 3.9393478e-1 -6.490648e-3 -6.490648e-3
1.45468e0 3.9393478e-1 -1.349199e-3 -1.349199e-3
1.4748701e0 3.9393478e-1 3.90219e-3 3.90219e-3
1.4950601e0 3.9393478e-1 9.290526e-3 9.290526e-3
1.5152501e0 3.9393478e-1 1.4748366e-2 1.4748366e-2
1.53544e0 3.9393478e-1 2.033293e-2 2.033293e-2
1.55563e0 3.9393478e-1 2.603514e-2 2.603514e-2
1.5758202e0 3.9393478e-1 3.1818e-2 3.1818e-2
1.5960101e0 3.9393478e-1 3.769232e-2 3.769232e-2
1.6162001e0 3.9393478e-1 4.36331e-2 4.36331e-2
1.63639e0 3.9393478e-1 4.968176e-2 4.968176e-2
1.65658e0 3.9393478e-1 5.578932e-2 5.578932e-2
1.6767702e0 3.9393478e-1 6.198485e-2 6.198485e-2
1.6969601e0 3.9393478e-1 6.824828e-2 6.824828e-2
1.7171501e0 3.9393478e-1 7.452002e-2 7.452002e-2
1.7373401e0 3.9393478e-1 8.092383e-2 8.092383e-2
1.75753e0 3.9393478e-1 8.73635e-2 8.73635e-2
1.7777202e0 3.9393478e-1 9.389601e-2 9.389601e-2
1.7979102e0 3.9393478e-1 1.0045462e-1 1.0045462e-1
1.8181001e0 3.9393478e-1 1.0705092e-1 1.0705092e-1
1.8382901e0 3.9393478e-1 1.1372267e-1 1.1372267e-1
1.85848e0 3.9393478e-1 1.204547e-1 1.204547e-1
1.8786702e0 3.9393478e-1 1.2719962e-1 1.2719962e-1
1.8988602e0 3.9393478e-1 1.3399062e-1 1.3399062e-1
1.9190501e0 3.9393478e-1 1.407456e-1 1.407456e-1
1.9392401e0 3.9393478e-1 1.4761649e-1 1.4761649e-1
1.9594301e0 3.9393478e-1 1.5454962e-1 1.5454962e-1
1.9796202e0 3.9393478e-1 1.6151564e-1 1.6151564e-1
1.9998102e0 3.9393478e-1 1.6846266e-1 1.6846266e-1

1.0e-3 4.3686377e-1 2.3772186e1 2.3772186e1
2.1190002e-2 4.3686377e-1 7.3413391e0 7.3413391e0
4.1380005e-2 4.3686377e-1 4.9856949e0 4.9856949e0
6.1570007e-2 4.3686377e-1 3.7992058e0 3.7992058e0
8.176001e-2 4.3686377e-1 3.0486374e0 3.0486374e0
1.0195001e-1 4.3686377e-1 2.5204086e0 2.5204086e0
1.2214001e-1 4.3686377e-1 2.1241447e0 2.1241447e0
1.4233002e-1 4.3686377e-1 1.8142494e0 1.8142494e0
1.6252002e-1 4.3686377e-1 1.5645164e0 1.5645164e0
1.8271002e-1 4.3686377e-1 1.3586807e0 1.3586807e0
2.0290002e-1 4.3686377e-1 1.1857735e0 1.1857735e0
2.2309003e-1 4.3686377e-1 1.0389809e0 1.0389809e0
2.4328003e-1 4.3686377e-1 9.1275781e-1 9.1275781e-1
2.6347003e-1 4.3686377e-1 8.0325922e-1 8.0325922e-1
2.8366003e-1 4.3686377e-1 7.0753168e-1 7.0753168e-1
3.0385004e-1 4.3686377e-1 6.2324365e-1 6.2324365e-1
3.2404004e-1 4.3686377e-1 5.48677e-1 5.48677e-1
3.4423004e-1 4.3686377e-1 4.8240274e-1 4.8240274e-1
3.6442004e-1 4.3686377e-1 4.2329706e-1 4.2329706e-1
3.8461005e-1 4.3686377e-1 3.7032396e-1 3.7032396e-1
4.0480005e-1 4.3686377e-1 3.2264154e-1 3.2264154e-1
4.2499005e-1 4.3686377e-1 2.7979227e-1 2.7979227e-1
4.4518005e-1 4.3686377e-1 2.4117227e-1 2.4117227e-1
4.6537006e-1 4.3686377e-1 2.062552e-1 2.062552e-1
4.8556006e-1 4.3686377e-1 1.7465524e-1 1.7465524e-1
5.0575006e-1 4.3686377e-1 1.4605203e-1 1.4605203e-1
5.2594006e-1 4.3686377e-1 1.2013544e-1 1.2013544e-1
5.4613007e-1 4.3686377e-1 9.66511e-2 9.66511e-2
5.6632007e-1 4.3686377e-1 7.535104e-2 7.535104e-2
5.8651007e-1 4.3686377e-1 5.607217e-2 5.607217e-2
6.0670007e-1 4.3686377e-1 3.856096e-2 3.856096e-2
6.2689008e-1 4.3686377e-1 2.27395e-2 2.27395e-2
6.4708008e-1 4.3686377e-1 8.450099e-3 8.450099e-3
6.6727008e-1 4.3686377e-1 -4.444188e-3 -4.444188e-3
6.8746008e-1 4.3686377e-1 -1.6092747e-2 -1.6092747e-2
7.0765009e-1 4.3686377e-1 -2.6495656e-2 -2.6495656e-2
7.2784009e-1 4.3686377e-1 -3.5807942e-2 -3.5807942e-2
7.4803009e-1 4.3686377e-1 -4.4123906e-2 -4.4123906e-2
7.682201e-1 4.3686377e-1 -5.15238e-2 -5.15238e-2
7.884101e-1 4.3686377e-1 -5.8027959e-2 -5.8027959e-2
8.086001e-1 4.3686377e-1 -6.3749402e-2 -6.3749402e-2
8.287901e-1 4.3686377e-1 -6.8680867e-2 -6.8680867e-2
8.489801e-1 4.3686377e-1 -7.2910352e-2 -7.2910352e-2
8.691701e-1 4.3686377e-1 -7.6485402e-2 -7.6485402e-2
8.893601e-1 4.3686377e-1 -7.9439397e-2 -7.9439397e-2
9.0955011e-1 4.3686377e-1 -8.1820773e-2 -8.1820773e-2
9.2974011e-1 4.3686377e-1 -8.3663289e-2 -8.3663289e-2
9.4993011e-1 4.3686377e-1 -8.4999083e-2 -8.4999083e-2
9.7012012e-1 4.3686377e-1 -8.5859082e-2 -8.5859082e-2
9.9031012e-1 4.3686377e-1 -8.6271602e-2 -8.6271602e-2
1.0105e0 4.3686377e-1 -8.6264748e-2 -8.6264748e-2
1.03069e0 4.3686377e-1 -8.5862714e-2 -8.5862714e-2
1.05088e0 4.3686377e-1 -8.5088956e-2 -8.5088956e-2
1.0710701e0 4.3686377e-1 -8.3962625e-2 -8.3962625e-2
1.09126e0 4.3686377e-1 -8.2507518e-2 -8.2507518e-2
1.11145e0 4.3686377e-1 -8.0735959e-2 -8.0735959e-2
1.13164e0 4.3686377e-1 -7.8676839e-2 -7.8676839e-2
1.15183e0 4.3686377e-1 -7.6334782e-2 -7.6334782e-2
1.1720201e0 4.3686377e-1 -7.3723027e-2 -7.3723027e-2
1.1922101e0 4.3686377e-1 -7.0864468e-2 -7.0864468e-2
1.2124e0 4.3686377e-1 -6.7771664e-2 -6.7771664e-2
1.23259e0 4.3686377e-1 -6.4457623e-2 -6.4457623e-2
1.25278e0 4.3686377e-1 -6.092548e-2 -6.092548e-2
1.2729701e0 4.3686377e-1 -5.7198964e-2 -5.7198964e-2
1.2931601e0 4.3686377e-1 -5.3273991e-2 -5.3273991e-2
1.31335e0 4.3686377e-1 -4.9171826e-2 -4.9171826e-2
1.33354e0 4.3686377e-1 -4.4904622e-2 -4.4904622e-2
1.35373e0 4.3686377e-1 -4.046301e-2 -4.046301e-2
1.3739201e0 4.3686377e-1 -3.5874623e-2 -3.5874623e-2
1.3941101e0 4.3686377e-1 -3.1140584e-2 -3.1140584e-2
1.4143001e0 4.3686377e-1 -2.625327e-2 -2.625327e-2
1.43449e0 4.3686377e-1 -2.1237935e-2 -2.1237935e-2
1.45468e0 4.3686377e-1 -1.6096486e-2 -1.6096486e-2
1.4748701e0 4.3686377e-1 -1.0845097e-2 -1.0845097e-2
1.4950601e0 4.3686377e-1 -5.456761e-3 -5.456761e-3
1.5152501e0 4.3686377e-1 1.079e-6 1.079e-6
1.53544e0 4.3686377e-1 5.585643e-3 5.585643e-3
1.55563e0 4.3686377e-1 1.1287852e-2 1.1287852e-2
1.5758202e0 4.3686377e-1 1.707071e-2 1.707071e-2
1.5960101e0 4.3686377e-1 2.294504e-2 2.294504e-2
1.6162001e0 4.3686377e-1 2.888582e-2 2.888582e-2
1.63639e0 4.3686377e-1 3.493448e-2 3.493448e-2
1.65658e0 4.3686377e-1 4.104204e-2 4.104204e-2
1.6767702e0 4.3686377e-1 4.723756e-2 4.723756e-2
1.6969601e0 4.3686377e-1 5.350099e-2 5.350099e-2
1.7171501e0 4.3686377e-1 5.977274e-2 5.977274e-2
1.7373401e0 4.3686377e-1 6.617654e-2 6.617654e-2
1.75753e0 4.3686377e-1 7.261621e-2 7.261621e-2
1.7777202e0 4.3686377e-1 7.914873e-2 7.914873e-2
1.7979102e0 4.3686377e-1 8.570734e-2 8.570734e-2
1.8181001e0 4.3686377e-1 9.230363e-2 9.230363e-2
1.8382901e0 4.3686377e-1 9.897539e-2 9.897539e-2
1.85848e0 4.3686377e-1 1.0570741e-1 1.0570741e-1
1.8786702e0 4.3686377e-1 1.1245233e-1 1.1245233e-1
1.8988602e0 4.3686377e-1 1.1924333e-1 1.1924333e-1
1.9190501e0 4.3686377e-1 1.2599832e-1 1.2599832e-1
1.9392401e0 4.3686377e-1 1.328692e-1 1.328692e-1
1.9594301e0 4.3686377e-1 1.3980234e-1 1.3980234e-1
1.9796202e0 4.3686377e-1 1.4676836e-1 1.4676836e-1
1.9998102e0 4.3686377e-1 1.5371538e-1 1.5371538e-1

1.0e-3 4.7979276e-1 2.3756653e1 2.3756653e1
2.1190002e-2 4.7979276e-1 7.3258057e0 7.3258057e0
4.1380005e-2 4.7979276e-1 4.9701614e0 4.9701614e0
6.1570007e-2 4.7979276e-1 3.7836723e0 3.7836723e0
8.176001e-2 4.7979276e-1 3.033104e0 3.033104e0
1.0195001e-1 4.7979276e-1 2.5048752e0 2.5048752e0
1.2214001e-1 4.7979276e-1 2.1086113e0 2.1086113e0
1.4233002e-1 4.7979276e-1 1.798716e0 1.798716e0
1.6252002e-1 4.7979276e-1 1.548983e0 1.548983e0
1.8271002e-1 4.7979276e-1 1.3431473e0 1.3431473e0
2.0290002e-1 4.7979276e-1 1.17024e0 1.17024e0
2.2309003e-1 4.7979276e-1 1.0234474e0 1.0234474e0
2.4328003e-1 4.7979276e-1 8.9722443e-1 8.9722443e-1
2.6347003e-1 4.7979276e-1 7.8772583e-1 7.8772583e-1
2.8366003e-1 4.7979276e-1 6.9199829e-1 6.9199829e-1
3.0385004e-1 4.7979276e-1 6.0771027e-1 6.0771027e-1
3.2404004e-1 4.7979276e-1 5.3314362e-1 5.3314362e-1
3.4423004e-1 4.7979276e-1 4.6686935e-1 4.6686935e-1
3.6442004e-1 4.7979276e-1 4.0776367e-1 4.0776367e-1
3.8461005e-1 4.7979276e-1 3.5479057e-1 3.5479057e-1
4.0480005e-1 4.7979276e-1 3.0710815e-1 3.0710815e-1
4.2499005e-1 4.7979276e-1 2.6425888e-1 2.6425888e-1
4.4518005e-1 4.7979276e-1 2.2563889e-1 2.2563889e-1
4.6537006e-1 4.7979276e-1 1.9072182e-1 1.9072182e-1
4.8556006e-1 4.7979276e-1 1.5912186e-1 1.5912186e-1
5.0575006e-1 4.7979276e-1 1.3051865e-1 1.3051865e-1
5.2594006e-1 4.7979276e-1 1.0460205e-1 1.0460205e-1
5.4613007e-1 4.7979276e-1 8.11177e-2 8.11177e-2
5.6632007e-1 4.7979276e-1 5.981766e-2 5.981766e-2
5.8651007e-1 4.7979276e-1 4.053879e-2 4.053879e-2
6.0670007e-1 4.7979276e-1 2.302757e-2 2.302757e-2
6.2689008e-1 4.7979276e-1 7.20612e-3 7.20612e-3
6.4708008e-1 4.7979276e-1 -7.08328e-3 -7.08328e-3
6.6727008e-1 4.7979276e-1 -1.997757e-2 -1.997757e-2
6.8746008e-1 4.7979276e-1 -3.162613e-2 -3.162613e-2
7.0765009e-1 4.7979276e-1 -4.202904e-2 -4.202904e-2
7.2784009e-1 4.7979276e-1 -5.134132e-2 -5.134132e-2
7.4803009e-1 4.7979276e-1 -5.965729e-2 -5.965729e-2
7.682201e-1 4.7979276e-1 -6.705719e-2 -6.705719e-2
7.884101e-1 4.7979276e-1 -7.356134e-2 -7.356134e-2
8.086001e-1 4.7979276e-1 -7.928279e-2 -7.928279e-2
8.287901e-1 4.7979276e-1 -8.421425e-2 -8.421425e-2
8.489801e-1 4.7979276e-1 -8.844374e-2 -8.844374e-2
8.691701e-1 4.7979276e-1 -9.201878e-2 -9.201878e-2
8.893601e-1 4.7979276e-1 -9.497278e-2 -9.497278e-2
9.0955011e-1 4.7979276e-1 -9.735416e-2 -9.735416e-2
9.2974011e-1 4.7979276e-1 -9.919667e-2 -9.919667e-2
9.4993011e-1 4.7979276e-1 -1.0053247e-1 -1.0053247e-1
9.7012012e-1 4.7979276e-1 -1.0139247e-1 -1.0139247e-1
9.9031012e-1 4.7979276e-1 -1.01805e-1 -1.01805e-1
1.0105e0 4.7979276e-1 -1.0179814e-1 -1.0179814e-1
1.03069e0 4.7979276e-1 -1.013961e-1 -1.013961e-1
1.05088e0 4.7979276e-1 -1.0062234e-1 -1.0062234e-1
1.0710701e0 4.7979276e-1 -9.949602e-2 -9.949602e-2
1.09126e0 4.7979276e-1 -9.804091e-2 -9.804091e-2
1.11145e0 4.7979276e-1 -9.626935e-2 -9.626935e-2
1.13164e0 4.7979276e-1 -9.421022e-2 -9.421022e-2
1.15183e0 4.7979276e-1 -9.186816e-2 -9.186816e-2
1.1720201e0 4.7979276e-1 -8.925641e-2 -8.925641e-2
1.1922101e0 4.7979276e-1 -8.639786e-2 -8.639786e-2
1.2124e0 4.7979276e-1 -8.330505e-2 -8.330505e-2
1.23259e0 4.7979276e-1 -7.999101e-2 -7.999101e-2
1.25278e0 4.7979276e-1 -7.645886e-2 -7.645886e-2
1.2729701e0 4.7979276e-1 -7.273235e-2 -7.273235e-2
1.2931601e0 4.7979276e-1 -6.880737e-2 -6.880737e-2
1.31335e0 4.7979276e-1 -6.470522e-2 -6.470522e-2
1.33354e0 4.7979276e-1 -6.0438e-2 -6.0438e-2
1.35373e0 4.7979276e-1 -5.59964e-2 -5.59964e-2
1.3739201e0 4.7979276e-1 -5.1408e-2 -5.1408e-2
1.3941101e0 4.7979276e-1 -4.667397e-2 -4.667397e-2
1.4143001e0 4.7979276e-1 -4.178665e-2 -4.178665e-2
1.43449e0 4.7979276e-1 -3.677132e-2 -3.677132e-2
1.45468e0 4.7979276e-1 -3.162987e-2 -3.162987e-2
1.4748701e0 4.7979276e-1 -2.637848e-2 -2.637848e-2
1.4950601e0 4.7979276e-1 -2.099014e-2 -2.099014e-2
1.5152501e0 4.7979276e-1 -1.55323e-2 -1.55323e-2
1.53544e0 4.7979276e-1 -9.94774e-3 -9.94774e-3
1.55563e0 4.7979276e-1 -4.24553e-3 -4.24553e-3
1.5758202e0 4.7979276e-1 1.53732e-3 1.53732e-3
1.5960101e0 4.7979276e-1 7.41165e-3 7.41165e-3
1.6162001e0 4.7979276e-1 1.335243e-2 1.335243e-2
1.63639e0 4.7979276e-1 1.94011e-2 1.94011e-2
1.65658e0 4.7979276e-1 2.550865e-2 2.550865e-2
1.6767702e0 4.7979276e-1 3.170418e-2 3.170418e-2
1.6969601e0 4.7979276e-1 3.79676e-2 3.79676e-2
1.7171501e0 4.7979276e-1 4.423935e-2 4.423935e-2
1.7373401e0 4.7979276e-1 5.064316e-2 5.064316e-2
1.75753e0 4.7979276e-1 5.708282e-2 5.708282e-2
1.7777202e0 4.7979276e-1 6.361534e-2 6.361534e-2
1.7979102e0 4.7979276e-1 7.017395e-2 7.017395e-2
1.8181001e0 4.7979276e-1 7.677025e-2 7.677025e-2
1.8382901e0 4.7979276e-1 8.3442e-2 8.3442e-2
1.85848e0 4.7979276e-1 9.017403e-2 9.017403e-2
1.8786702e0 4.7979276e-1 9.691895e-2 9.691895e-2
1.8988602e0 4.7979276e-1 1.0370995e-1 1.0370995e-1
1.9190501e0 4.7979276e-1 1.1046494e-1 1.1046494e-1
1.9392401e0 4.7979276e-1 1.1733582e-1 1.1733582e-1
1.9594301e0 4.7979276e-1 1.2426895e-1 1.2426895e-1
1.9796202e0 4.7979276e-1 1.3123497e-1 1.3123497e-1
1.9998102e0 4.7979276e-1 1.3818199e-1 1.3818199e-1

1.0e-3 5.2272174e-1 2.3740552e1 2.3740552e1
2.1190002e-2 5.2272174e-1 7.309704e0 7.309704e0
4.1380005e-2 5.2272174e-1 4.9540598e0 4.9540598e0
6.1570007e-2 5.2272174e-1 3.7675706e0 3.7675706e0
8.176001e-2 5.2272174e-1 3.0170023e0 3.0170023e0
1.0195001e-1 5.2272174e-1 2.4887735e0 2.4887735e0
1.2214001e-1 5.2272174e-1 2.0925096e0 2.0925096e0
1.4233002e-1 5.2272174e-1 1.7826143e0 1.7826143e0
1.6252002e-1 5.2272174e-1 1.5328813e0 1.5328813e0
1.8271002e-1 5.2272174e-1 1.3270456e0 1.3270456e0
2.0290002e-1 5.2272174e-1 1.1541383e0 1.1541383e0
2.2309003e-1 5.2272174e-1 1.0073457e0 1.0073457e0
2.4328003e-1 5.2272174e-1 8.8112262e-1 8.8112262e-1
2.6347003e-1 5.2272174e-1 7.7162402e-1 7.7162402e-1
2.8366003e-1 5.2272174e-1 6.7589648e-1 6.7589648e-1
3.0385004e-1 5.2272174e-1 5.9160846e-1 5.9160846e-1
3.2404004e-1 5.2272174e-1 5.1704181e-1 5.1704181e-1
3.4423004e-1 5.2272174e-1 4.5076755e-1 4.5076755e-1
3.6442004e-1 5.2272174e-1 3.9166187e-1 3.9166187e-1
3.8461005e-1 5.2272174e-1 3.3868877e-1 3.3868877e-1
4.0480005e-1 5.2272174e-1 2.9100635e-1 2.9100635e-1
4.2499005e-1 5.2272174e-1 2.4815707e-1 2.4815707e-1
4.4518005e-1 5.2272174e-1 2.0953708e-1 2.0953708e-1
4.6537006e-1 5.2272174e-1 1.7462001e-1 1.7462001e-1
4.8556006e-1 5.2272174e-1 1.4302005e-1 1.4302005e-1
5.0575006e-1 5.2272174e-1 1.1441684e-1 1.1441684e-1
5.2594006e-1 5.2272174e-1 8.850024e-2 8.850024e-2
5.4613007e-1 5.2272174e-1 6.50159e-2 6.50159e-2
5.6632007e-1 5.2272174e-1 4.371585e-2 4.371585e-2
5.8651007e-1 5.2272174e-1 2.443698e-2 2.443698e-2
6.0670007e-1 5.2272174e-1 6.92577e-3 6.92577e-3
6.2689008e-1 5.2272174e-1 -8.89569e-3 -8.89569e-3
6.4708008e-1 5.2272174e-1 -2.318509e-2 -2.318509e-2
6.6727008e-1 5.2272174e-1 -3.607938e-2 -3.607938e-2
6.8746008e-1 5.2272174e-1 -4.772794e-2 -4.772794e-2
7.0765009e-1 5.2272174e-1 -5.813084e-2 -5.813084e-2
7.2784009e-1 5.2272174e-1 -6.744313e-2 -6.744313e-2
7.4803009e-1 5.2272174e-1 -7.57591e-2 -7.57591e-2
7.682201e-1 5.2272174e-1 -8.3159e-2 -8.3159e-2
7.884101e-1 5.2272174e-1 -8.966315e-2 -8.966315e-2
8.086001e-1 5.2272174e-1 -9.53846e-2 -9.53846e-2
8.287901e-1 5.2272174e-1 -1.0031606e-1 -1.0031606e-1
8.489801e-1 5.2272174e-1 -1.0454555e-1 -1.0454555e-1
8.691701e-1 5.2272174e-1 -1.0812059e-1 -1.0812059e-1
8.893601e-1 5.2272174e-1 -1.1107458e-1 -1.1107458e-1
9.0955011e-1 5.2272174e-1 -1.1345596e-1 -1.1345596e-1
9.2974011e-1 5.2272174e-1 -1.1529848e-1 -1.1529848e-1
9.4993011e-1 5.2272174e-1 -1.1663428e-1 -1.1663428e-1
9.7012012e-1 5.2272174e-1 -1.1749428e-1 -1.1749428e-1
9.9031012e-1 5.2272174e-1 -1.179068e-1 -1.179068e-1
1.0105e0 5.2272174e-1 -1.1789995e-1 -1.1789995e-1
1.03069e0 5.2272174e-1 -1.1749791e-1 -1.1749791e-1
1.05088e0 5.2272174e-1 -1.1672415e-1 -1.1672415e-1
1.0710701e0 5.2272174e-1 -1.1559782e-1 -1.1559782e-1
1.09126e0 5.2272174e-1 -1.1414272e-1 -1.1414272e-1
1.11145e0 5.2272174e-1 -1.1237115e-1 -1.1237115e-1
1.13164e0 5.2272174e-1 -1.1031203e-1 -1.1031203e-1
1.15183e0 5.2272174e-1 -1.0796997e-1 -1.0796997e-1
1.1720201e0 5.2272174e-1 -1.0535822e-1 -1.0535822e-1
1.1922101e0 5.2272174e-1 -1.0249966e-1 -1.0249966e-1
1.2124e0 5.2272174e-1 -9.940686e-2 -9.940686e-2
1.23259e0 5.2272174e-1 -9.609282e-2 -9.609282e-2
1.25278e0 5.2272174e-1 -9.256067e-2 -9.256067e-2
1.2729701e0 5.2272174e-1 -8.883415e-2 -8.883415e-2
1.2931601e0 5.2272174e-1 -8.490918e-2 -8.490918e-2
1.31335e0 5.2272174e-1 -8.080702e-2 -8.080702e-2
1.33354e0 5.2272174e-1 -7.653981e-2 -7.653981e-2
1.35373e0 5.2272174e-1 -7.20982e-2 -7.20982e-2
1.3739201e0 5.2272174e-1 -6.750981e-2 -6.750981e-2
1.3941101e0 5.2272174e-1 -6.277577e-2 -6.277577e-2
1.4143001e0 5.2272174e-1 -5.788846e-2 -5.788846e-2
1.43449e0 5.2272174e-1 -5.287312e-2 -5.287312e-2
1.45468e0 5.2272174e-1 -4.773167e-2 -4.773167e-2
1.4748701e0 5.2272174e-1 -4.248029e-2 -4.248029e-2
1.4950601e0 5.2272174e-1 -3.709195e-2 -3.709195e-2
1.5152501e0 5.2272174e-1 -3.163411e-2 -3.163411e-2
1.53544e0 5.2272174e-1 -2.604955e-2 -2.604955e-2
1.55563e0 5.2272174e-1 -2.034734e-2 -2.034734e-2
1.5758202e0 5.2272174e-1 -1.456448e-2 -1.456448e-2
1.5960101e0 5.2272174e-1 -8.69016e-3 -8.69016e-3
1.6162001e0 5.2272174e-1 -2.74937e-3 -2.74937e-3
1.63639e0 5.2272174e-1 3.29929e-3 3.29929e-3
1.65658e0 5.2272174e-1 9.40685e-3 9.40685e-3
1.6767702e0 5.2272174e-1 1.560237e-2 1.560237e-2
1.6969601e0 5.2272174e-1 2.18658e-2 2.18658e-2
1.7171501e0 5.2272174e-1 2.813754e-2 2.813754e-2
1.7373401e0 5.2272174e-1 3.454135e-2 3.454135e-2
1.75753e0 5.2272174e-1 4.098102e-2 4.098102e-2
1.7777202e0 5.2272174e-1 4.751353e-2 4.751353e-2
1.7979102e0 5.2272174e-1 5.407214e-2 5.407214e-2
1.8181001e0 5.2272174e-1 6.066844e-2 6.066844e-2
1.8382901e0 5.2272174e-1 6.73402e-2 6.73402e-2
1.85848e0 5.2272174e-1 7.407222e-2 7.407222e-2
1.8786702e0 5.2272174e-1 8.081714e-2 8.081714e-2
1.8988602e0 5.2272174e-1 8.760814e-2 8.760814e-2
1.9190501e0 5.2272174e-1 9.436313e-2 9.436313e-2
1.9392401e0 5.2272174e-1 1.0123401e-1 1.0123401e-1
1.9594301e0 5.2272174e-1 1.0816714e-1 1.0816714e-1
1.9796202e0 5.2272174e-1 1.1513316e-1 1.1513316e-1
1.9998102e0 5.2272174e-1 1.2208018e-1 1.2208018e-1

1.0e-3 5.6565073e-1 2.372412e1 2.372412e1
2.1190002e-2 5.6565073e-1 7.2932715e0 7.2932715e0
4.1380005e-2 5.6565073e-1 4.9376273e0 4.9376273e0
6.1570007e-2 5.6565073e-1 3.7511382e0 3.7511382e0
8.176001e-2 5.6565073e-1 3.0005698e0 3.0005698e0
1.0195001e-1 5.6565073e-1 2.472341e0 2.472341e0
1.2214001e-1 5.6565073e-1 2.0760771e0 2.0760771e0
1.4233002e-1 5.6565073e-1 1.7661818e0 1.7661818e0
1.6252002e-1 5.6565073e-1 1.5164488e0 1.5164488e0
1.8271002e-1 5.6565073e-1 1.3106131e0 1.3106131e0
2.0290002e-1 5.6565073e-1 1.1377058e0 1.1377058e0
2.2309003e-1 5.6565073e-1 9.909132e-1 9.909132e-1
2.4328003e-1 5.6565073e-1 8.6469023e-1 8.6469023e-1
2.6347003e-1 5.6565073e-1 7.5519164e-1 7.5519164e-1
2.8366003e-1 5.6565073e-1 6.594641e-1 6.594641e-1
3.0385004e-1 5.6565073e-1 5.7517607e-1 5.7517607e-1
3.2404004e-1 5.6565073e-1 5.0060942e-1 5.0060942e-1
3.4423004e-1 5.6565073e-1 4.3433516e-1 4.3433516e-1
3.6442004e-1 5.6565073e-1 3.7522948e-1 3.7522948e-1
3.8461005e-1 5.6565073e-1 3.2225638e-1 3.2225638e-1
4.0480005e-1 5.6565073e-1 2.7457396e-1 2.7457396e-1
4.2499005e-1 5.6565073e-1 2.3172469e-1 2.3172469e-1
4.4518005e-1 5.6565073e-1 1.9310469e-1 1.9310469e-1
4.6537006e-1 5.6565073e-1 1.5818762e-1 1.5818762e-1
4.8556006e-1 5.6565073e-1 1.2658766e-1 1.2658766e-1
5.0575006e-1 5.6565073e-1 9.798445e-2 9.798445e-2
5.2594006e-1 5.6565073e-1 7.206786e-2 7.206786e-2
5.4613007e-1 5.6565073e-1 4.858351e-2 4.858351e-2
5.6632007e-1 5.6565073e-1 2.728346e-2 2.728346e-2
5.8651007e-1 5.6565073e-1 8.0046e-3 8.0046e-3
6.0670007e-1 5.6565073e-1 -9.50662e-3 -9.50662e-3
6.2689008e-1 5.6565073e-1 -2.532808e-2 -2.532808e-2
6.4708008e-1 5.6565073e-1 -3.961748e-2 -3.961748e-2
6.6727008e-1 5.6565073e-1 -5.251176e-2 -5.251176e-2
6.8746008e-1 5.6565073e-1 -6.416032e-2 -6.416032e-2
7.0765009e-1 5.6565073e-1 -7.456323e-2 -7.456323e-2
7.2784009e-1 5.6565073e-1 -8.387552e-2 -8.387552e-2
7.4803009e-1 5.6565073e-1 -9.219148e-2 -9.219148e-2
7.682201e-1 5.6565073e-1 -9.959138e-2 -9.959138e-2
7.884101e-1 5.6565073e-1 -1.0609554e-1 -1.0609554e-1
8.086001e-1 5.6565073e-1 -1.1181699e-1 -1.1181699e-1
8.287901e-1 5.6565073e-1 -1.1674844e-1 -1.1674844e-1
8.489801e-1 5.6565073e-1 -1.2097794e-1 -1.2097794e-1
8.691701e-1 5.6565073e-1 -1.2455298e-1 -1.2455298e-1
8.893601e-1 5.6565073e-1 -1.2750697e-1 -1.2750697e-1
9.0955011e-1 5.6565073e-1 -1.2988835e-1 -1.2988835e-1
9.2974011e-1 5.6565073e-1 -1.3173087e-1 -1.3173087e-1
9.4993011e-1 5.6565073e-1 -1.3306667e-1 -1.3306667e-1
9.7012012e-1 5.6565073e-1 -1.3392667e-1 -1.3392667e-1
9.9031012e-1 5.6565073e-1 -1.3433919e-1 -1.3433919e-1
1.0105e0 5.6565073e-1 -1.3433234e-1 -1.3433234e-1
1.03069e0 5.6565073e-1 -1.339303e-1 -1.339303e-1
1.05088e0 5.6565073e-1 -1.3315654e-1 -1.3315654e-1
1.0710701e0 5.6565073e-1 -1.3203021e-1 -1.3203021e-1
1.09126e0 5.6565073e-1 -1.305751e-1 -1.305751e-1
1.11145e0 5.6565073e-1 -1.2880354e-1 -1.2880354e-1
1.13164e0 5.6565073e-1 -1.2674442e-1 -1.2674442e-1
1.15183e0 5.6565073e-1 -1.2440236e-1 -1.2440236e-1
1.1720201e0 5.6565073e-1 -1.217906e-1 -1.217906e-1
1.1922101e0 5.6565073e-1 -1.1893205e-1 -1.1893205e-1
1.2124e0 5.6565073e-1 -1.1583925e-1 -1.1583925e-1
1.23259e0 5.6565073e-1 -1.125252e-1 -1.125252e-1
1.25278e0 5.6565073e-1 -1.0899306e-1 -1.0899306e-1
1.2729701e0 5.6565073e-1 -1.0526654e-1 -1.0526654e-1
1.2931601e0 5.6565073e-1 -1.0134157e-1 -1.0134157e-1
1.31335e0 5.6565073e-1 -9.723941e-2 -9.723941e-2
1.33354e0 5.6565073e-1 -9.29722e-2 -9.29722e-2
1.35373e0 5.6565073e-1 -8.85306e-2 -8.85306e-2
1.3739201e0 5.6565073e-1 -8.39422e-2 -8.39422e-2
1.3941101e0 5.6565073e-1 -7.920816e-2 -7.920816e-2
1.4143001e0 5.6565073e-1 -7.432085e-2 -7.432085e-2
1.43449e0 5.6565073e-1 -6.930551e-2 -6.930551e-2
1.45468e0 5.6565073e-1 -6.416406e-2 -6.416406e-2
1.4748701e0 5.6565073e-1 -5.891267e-2 -5.891267e-2
1.4950601e0 5.6565073e-1 -5.352434e-2 -5.352434e-2
1.5152501e0 5.6565073e-1 -4.80665e-2 -4.80665e-2
1.53544e0 5.6565073e-1 -4.248193e-2 -4.248193e-2
1.55563e0 5.6565073e-1 -3.677972e-2 -3.677972e-2
1.5758202e0 5.6565073e-1 -3.099687e-2 -3.099687e-2
1.5960101e0 5.6565073e-1 -2.512254e-2 -2.512254e-2
1.6162001e0 5.6565073e-1 -1.918176e-2 -1.918176e-2
1.63639e0 5.6565073e-1 -1.31331e-2 -1.31331e-2
1.65658e0 5.6565073e-1 -7.02554e-3 -7.02554e-3
1.6767702e0 5.6565073e-1 -8.3002e-4 -8.3002e-4
1.6969601e0 5.6565073e-1 5.43341e-3 5.43341e-3
1.7171501e0 5.6565073e-1 1.170515e-2 1.170515e-2
1.7373401e0 5.6565073e-1 1.810896e-2 1.810896e-2
1.75753e0 5.6565073e-1 2.454863e-2 2.454863e-2
1.7777202e0 5.6565073e-1 3.108115e-2 3.108115e-2
1.7979102e0 5.6565073e-1 3.763976e-2 3.763976e-2
1.8181001e0 5.6565073e-1 4.423605e-2 4.423605e-2
1.8382901e0 5.6565073e-1 5.09078e-2 5.09078e-2
1.85848e0 5.6565073e-1 5.763983e-2 5.763983e-2
1.8786702e0 5.6565073e-1 6.438475e-2 6.438475e-2
1.8988602e0 5.6565073e-1 7.117575e-2 7.117575e-2
1.9190501e0 5.6565073e-1 7.793074e-2 7.793074e-2
1.9392401e0 5.6565073e-1 8.480162e-2 8.480162e-2
1.9594301e0 5.6565073e-1 9.173476e-2 9.173476e-2
1.9796202e0 5.6565073e-1 9.870078e-2 9.870078e-2
1.9998102e0 5.6565073e-1 1.056478e-1 1.056478e-1

1.0e-3 6.0857971e-1 2.3707614e1 2.3707614e1
2.1190002e-2 6.0857971e-1 7.2767668e0 7.2767668e0
4.1380005e-2 6.0857971e-1 4.9211226e0 4.9211226e0
6.1570007e-2 6.0857971e-1 3.7346335e0 3.7346335e0
8.176001e-2 6.0857971e-1 2.9840651e0 2.9840651e0
1.0195001e-1 6.0857971e-1 2.4558363e0 2.4558363e0
1.2214001e-1 6.0857971e-1 2.0595724e0 2.0595724e0
1.4233002e-1 6.0857971e-1 1.7496771e0 1.7496771e0
1.6252002e-1 6.0857971e-1 1.4999442e0 1.4999442e0
1.8271002e-1 6.0857971e-1 1.2941084e0 1.2941084e0
2.0290002e-1 6.0857971e-1 1.1212012e0 1.1212012e0
2.2309003e-1 6.0857971e-1 9.744086e-1 9.744086e-1
2.4328003e-1 6.0857971e-1 8.4818556e-1 8.4818556e-1
2.6347003e-1 6.0857971e-1 7.3868697e-1 7.3868697e-1
2.8366003e-1 6.0857971e-1 6.4295943e-1 6.4295943e-1
3.0385004e-1 6.0857971e-1 5.586714e-1 5.586714e-1
3.2404004e-1 6.0857971e-1 4.8410475e-1 4.8410475e-1
3.4423004e-1 6.0857971e-1 4.1783049e-1 4.1783049e-1
3.6442004e-1 6.0857971e-1 3.5872481e-1 3.5872481e-1
3.8461005e-1 6.0857971e-1 3.0575171e-1 3.0575171e-1
4.0480005e-1 6.0857971e-1 2.5806929e-1 2.5806929e-1
4.2499005e-1 6.0857971e-1 2.1522002e-1 2.1522002e-1
4.4518005e-1 6.0857971e-1 1.7660002e-1 1.7660002e-1
4.6537006e-1 6.0857971e-1 1.4168295e-1 1.4168295e-1
4.8556006e-1 6.0857971e-1 1.10083e-1 1.10083e-1
5.0575006e-1 6.0857971e-1 8.147978e-2 8.147978e-2
5.2594006e-1 6.0857971e-1 5.556319e-2 5.556319e-2
5.4613007e-1 6.0857971e-1 3.207884e-2 3.207884e-2
5.6632007e-1 6.0857971e-1 1.07788e-2 1.07788e-2
5.8651007e-1 6.0857971e-1 -8.50008e-3 -8.50008e-3
6.0670007e-1 6.0857971e-1 -2.601129e-2 -2.601129e-2
6.2689008e-1 6.0857971e-1 -4.183275e-2 -4.183275e-2
6.4708008e-1 6.0857971e-1 -5.612215e-2 -5.612215e-2
6.6727008e-1 6.0857971e-1 -6.901643e-2 -6.901643e-2
6.8746008e-1 6.0857971e-1 -8.0665e-2 -8.0665e-2
7.0765009e-1 6.0857971e-1 -9.10679e-2 -9.10679e-2
7.2784009e-1 6.0857971e-1 -1.0038019e-1 -1.0038019e-1
7.4803009e-1 6.0857971e-1 -1.0869615e-1 -1.0869615e-1
7.682201e-1 6.0857971e-1 -1.1609605e-1 -1.1609605e-1
7.884101e-1 6.0857971e-1 -1.226002e-1 -1.226002e-1
8.086001e-1 6.0857971e-1 -1.2832166e-1 -1.2832166e-1
8.287901e-1 6.0857971e-1 -1.3325311e-1 -1.3325311e-1
8.489801e-1 6.0857971e-1 -1.374826e-1 -1.374826e-1
8.691701e-1 6.0857971e-1 -1.4105765e-1 -1.4105765e-1
8.893601e-1 6.0857971e-1 -1.4401164e-1 -1.4401164e-1
9.0955011e-1 6.0857971e-1 -1.4639302e-1 -1.4639302e-1
9.2974011e-1 6.0857971e-1 -1.4823553e-1 -1.4823553e-1
9.4993011e-1 6.0857971e-1 -1.4957133e-1 -1.4957133e-1
9.7012012e-1 6.0857971e-1 -1.5043134e-1 -1.5043134e-1
9.9031012e-1 6.0857971e-1 -1.5084386e-1 -1.5084386e-1
1.0105e0 6.0857971e-1 -1.50837e-1 -1.50837e-1
1.03069e0 6.0857971e-1 -1.5043497e-1 -1.5043497e-1
1.05088e0 6.0857971e-1 -1.4966121e-1 -1.4966121e-1
1.0710701e0 6.0857971e-1 -1.4853488e-1 -1.4853488e-1
1.09126e0 6.0857971e-1 -1.4707977e-1 -1.4707977e-1
1.11145e0 6.0857971e-1 -1.4530821e-1 -1.4530821e-1
1.13164e0 6.0857971e-1 -1.4324908e-1 -1.4324908e-1
1.15183e0 6.0857971e-1 -1.4090703e-1 -1.4090703e-1
1.1720201e0 6.0857971e-1 -1.3829527e-1 -1.3829527e-1
1.1922101e0 6.0857971e-1 -1.3543672e-1 -1.3543672e-1
1.2124e0 6.0857971e-1 -1.3234392e-1 -1.3234392e-1
1.23259e0 6.0857971e-1 -1.2902988e-1 -1.2902988e-1
1.25278e0 6.0857971e-1 -1.2549773e-1 -1.2549773e-1
1.2729701e0 6.0857971e-1 -1.2177121e-1 -1.2177121e-1
1.2931601e0 6.0857971e-1 -1.1784624e-1 -1.1784624e-1
1.31335e0 6.0857971e-1 -1.1374408e-1 -1.1374408e-1
1.33354e0 6.0857971e-1 -1.0947687e-1 -1.0947687e-1
1.35373e0 6.0857971e-1 -1.0503526e-1 -1.0503526e-1
1.3739201e0 6.0857971e-1 -1.0044687e-1 -1.0044687e-1
1.3941101e0 6.0857971e-1 -9.571283e-2 -9.571283e-2
1.4143001e0 6.0857971e-1 -9.082552e-2 -9.082552e-2
1.43449e0 6.0857971e-1 -8.581018e-2 -8.581018e-2
1.45468e0 6.0857971e-1 -8.066873e-2 -8.066873e-2
1.4748701e0 6.0857971e-1 -7.541734e-2 -7.541734e-2
1.4950601e0 6.0857971e-1 -7.0029e-2 -7.0029e-2
1.5152501e0 6.0857971e-1 -6.457117e-2 -6.457117e-2
1.53544e0 6.0857971e-1 -5.89866e-2 -5.89866e-2
1.55563e0 6.0857971e-1 -5.32844e-2 -5.32844e-2
1.5758202e0 6.0857971e-1 -4.750154e-2 -4.750154e-2
1.5960101e0 6.0857971e-1 -4.162721e-2 -4.162721e-2
1.6162001e0 6.0857971e-1 -3.568643e-2 -3.568643e-2
1.63639e0 6.0857971e-1 -2.963777e-2 -2.963777e-2
1.65658e0 6.0857971e-1 -2.353021e-2 -2.353021e-2
1.6767702e0 6.0857971e-1 -1.733469e-2 -1.733469e-2
1.6969601e0 6.0857971e-1 -1.107126e-2 -1.107126e-2
1.7171501e0 6.0857971e-1 -4.79951e-3 -4.79951e-3
1.7373401e0 6.0857971e-1 1.6043e-3 1.6043e-3
1.75753e0 6.0857971e-1 8.04396e-3 8.04396e-3
1.7777202e0 6.0857971e-1 1.457648e-2 1.457648e-2
1.7979102e0 6.0857971e-1 2.113509e-2 2.113509e-2
1.8181001e0 6.0857971e-1 2.773138e-2 2.773138e-2
1.8382901e0 6.0857971e-1 3.440314e-2 3.440314e-2
1.85848e0 6.0857971e-1 4.113516e-2 4.113516e-2
1.8786702e0 6.0857971e-1 4.788008e-2 4.788008e-2
1.8988602e0 6.0857971e-1 5.467108e-2 5.467108e-2
1.9190501e0 6.0857971e-1 6.142607e-2 6.142607e-2
1.9392401e0 6.0857971e-1 6.829695e-2 6.829695e-2
1.9594301e0 6.0857971e-1 7.523009e-2 7.523009e-2
1.9796202e0 6.0857971e-1 8.21961e-2 8.21961e-2
1.9998102e0 6.0857971e-1 8.914313e-2 8.914313e-2

1.0e-3 6.515087e-1 2.3691316e1 2.3691316e1
2.1190002e-2 6.515087e-1 7.2604688e0 7.2604688e0
4.1380005e-2 6.515087e-1 4.9048245e0 4.9048245e0
6.1570007e-2 6.515087e-1 3.7183354e0 3.7183354e0
8.176001e-2 6.515087e-1 2.967767e0 2.967767e0
1.0195001e-1 6.515087e-1 2.4395383e0 2.4395383e0
1.2214001e-1 6.515087e-1 2.0432744e0 2.0432744e0
1.4233002e-1 6.515087e-1 1.733379e0 1.733379e0
1.6252002e-1 6.515087e-1 1.4836461e0 1.4836461e0
1.8271002e-1 6.515087e-1 1.2778104e0 1.2778104e0
2.0290002e-1 6.515087e-1 1.1049031e0 1.1049031e0
2.2309003e-1 6.515087e-1 9.581105e-1 9.581105e-1
2.4328003e-1 6.515087e-1 8.318874e-1 8.318874e-1
2.6347003e-1 6.515087e-1 7.2238881e-1 7.2238881e-1
2.8366003e-1 6.515087e-1 6.2666127e-1 6.2666127e-1
3.0385004e-1 6.515087e-1 5.4237325e-1 5.4237325e-1
3.2404004e-1 6.515087e-1 4.678066e-1 4.678066e-1
3.4423004e-1 6.515087e-1 4.0153233e-1 4.0153233e-1
3.6442004e-1 6.515087e-1 3.4242665e-1 3.4242665e-1
3.8461005e-1 6.515087e-1 2.8945355e-1 2.8945355e-1
4.0480005e-1 6.515087e-1 2.4177113e-1 2.4177113e-1
4.2499005e-1 6.515087e-1 1.9892186e-1 1.9892186e-1
4.4518005e-1 6.515087e-1 1.6030186e-1 1.6030186e-1
4.6537006e-1 6.515087e-1 1.253848e-1 1.253848e-1
4.8556006e-1 6.515087e-1 9.378484e-2 9.378484e-2
5.0575006e-1 6.515087e-1 6.518163e-2 6.518163e-2
5.2594006e-1 6.515087e-1 3.926503e-2 3.926503e-2
5.4613007e-1 6.515087e-1 1.578069e-2 1.578069e-2
5.6632007e-1 6.515087e-1 -5.51936e-3 -5.51936e-3
5.8651007e-1 6.515087e-1 -2.479823e-2 -2.479823e-2
6.0670007e-1 6.515087e-1 -4.230945e-2 -4.230945e-2
6.2689008e-1 6.515087e-1 -5.81309e-2 -5.81309e-2
6.4708008e-1 6.515087e-1 -7.24203e-2 -7.24203e-2
6.6727008e-1 6.515087e-1 -8.531459e-2 -8.531459e-2
6.8746008e-1 6.515087e-1 -9.696315e-2 -9.696315e-2
7.0765009e-1 6.515087e-1 -1.0736606e-1 -1.0736606e-1
7.2784009e-1 6.515087e-1 -1.1667834e-1 -1.1667834e-1
7.4803009e-1 6.515087e-1 -1.2499431e-1 -1.2499431e-1
7.682201e-1 6.515087e-1 -1.3239421e-1 -1.3239421e-1
7.884101e-1 6.515087e-1 -1.3889836e-1 -1.3889836e-1
8.086001e-1 6.515087e-1 -1.4461981e-1 -1.4461981e-1
8.287901e-1 6.515087e-1 -1.4955127e-1 -1.4955127e-1
8.489801e-1 6.515087e-1 -1.5378076e-1 -1.5378076e-1
8.691701e-1 6.515087e-1 -1.573558e-1 -1.573558e-1
8.893601e-1 6.515087e-1 -1.603098e-1 -1.603098e-1
9.0955011e-1 6.515087e-1 -1.6269118e-1 -1.6269118e-1
9.2974011e-1 6.515087e-1 -1.6453369e-1 -1.6453369e-1
9.4993011e-1 6.515087e-1 -1.6586949e-1 -1.6586949e-1
9.7012012e-1 6.515087e-1 -1.6672949e-1 -1.6672949e-1
9.9031012e-1 6.515087e-1 -1.6714201e-1 -1.6714201e-1
1.0105e0 6.515087e-1 -1.6713516e-1 -1.6713516e-1
1.03069e0 6.515087e-1 -1.6673312e-1 -1.6673312e-1
1.05088e0 6.515087e-1 -1.6595937e-1 -1.6595937e-1
1.0710701e0 6.515087e-1 -1.6483304e-1 -1.6483304e-1
1.09126e0 6.515087e-1 -1.6337793e-1 -1.6337793e-1
1.11145e0 6.515087e-1 -1.6160637e-1 -1.6160637e-1
1.13164e0 6.515087e-1 -1.5954724e-1 -1.5954724e-1
1.15183e0 6.515087e-1 -1.5720518e-1 -1.5720518e-1
1.1720201e0 6.515087e-1 -1.5459343e-1 -1.5459343e-1
1.1922101e0 6.515087e-1 -1.5173488e-1 -1.5173488e-1
1.2124e0 6.515087e-1 -1.4864207e-1 -1.4864207e-1
1.23259e0 6.515087e-1 -1.4532803e-1 -1.4532803e-1
1.25278e0 6.515087e-1 -1.4179588e-1 -1.4179588e-1
1.2729701e0 6.515087e-1 -1.3806937e-1 -1.3806937e-1
1.2931601e0 6.515087e-1 -1.341444e-1 -1.341444e-1
1.31335e0 6.515087e-1 -1.3004224e-1 -1.3004224e-1
1.33354e0 6.515087e-1 -1.2577502e-1 -1.2577502e-1
1.35373e0 6.515087e-1 -1.2133342e-1 -1.2133342e-1
1.3739201e0 6.515087e-1 -1.1674503e-1 -1.1674503e-1
1.3941101e0 6.515087e-1 -1.1201099e-1 -1.1201099e-1
1.4143001e0 6.515087e-1 -1.0712367e-1 -1.0712367e-1
1.43449e0 6.515087e-1 -1.0210834e-1 -1.0210834e-1
1.45468e0 6.515087e-1 -9.696689e-2 -9.696689e-2
1.4748701e0 6.515087e-1 -9.17155e-2 -9.17155e-2
1.4950601e0 6.515087e-1 -8.632716e-2 -8.632716e-2
1.5152501e0 6.515087e-1 -8.086932e-2 -8.086932e-2
1.53544e0 6.515087e-1 -7.528476e-2 -7.528476e-2
1.55563e0 6.515087e-1 -6.958255e-2 -6.958255e-2
1.5758202e0 6.515087e-1 -6.37997e-2 -6.37997e-2
1.5960101e0 6.515087e-1 -5.792537e-2 -5.792537e-2
1.6162001e0 6.515087e-1 -5.198459e-2 -5.198459e-2
1.63639e0 6.515087e-1 -4.593593e-2 -4.593593e-2
1.65658e0 6.515087e-1 -3.982837e-2 -3.982837e-2
1.6767702e0 6.515087e-1 -3.363284e-2 -3.363284e-2
1.6969601e0 6.515087e-1 -2.736942e-2 -2.736942e-2
1.7171501e0 6.515087e-1 -2.109767e-2 -2.109767e-2
1.7373401e0 6.515087e-1 -1.469386e-2 -1.469386e-2
1.75753e0 6.515087e-1 -8.2542e-3 -8.2542e-3
1.7777202e0 6.515087e-1 -1.72168e-3 -1.72168e-3
1.7979102e0 6.515087e-1 4.83693e-3 4.83693e-3
1.8181001e0 6.515087e-1 1.143323e-2 1.143323e-2
1.8382901e0 6.515087e-1 1.810498e-2 1.810498e-2
1.85848e0 6.515087e-1 2.4837e-2 2.4837e-2
1.8786702e0 6.515087e-1 3.158192e-2 3.158192e-2
1.8988602e0 6.515087e-1 3.837292e-2 3.837292e-2
1.9190501e0 6.515087e-1 4.512791e-2 4.512791e-2
1.9392401e0 6.515087e-1 5.19988e-2 5.19988e-2
1.9594301e0 6.515087e-1 5.893193e-2 5.893193e-2
1.9796202e0 6.515087e-1 6.589795e-2 6.589795e-2
1.9998102e0 6.515087e-1 7.284497e-2 7.284497e-2

1.0e-3 6.9443768e-1 2.3675523e1 2.3675523e1
2.1190002e-2 6.9443768e-1 7.244676e0 7.244676e0
4.1380005e-2 6.9443768e-1 4.8890318e0 4.8890318e0
6.1570007e-2 6.9443768e-1 3.7025427e0 3.7025427e0
8.176001e-2 6.9443768e-1 2.9519743e0 2.9519743e0
1.0195001e-1 6.9443768e-1 2.4237456e0 2.4237456e0
1.2214001e-1 6.9443768e-1 2.0274817e0 2.0274817e0
1.4233002e-1 6.9443768e-1 1.7175864e0 1.7175864e0
1.6252002e-1 6.9443768e-1 1.4678534e0 1.4678534e0
1.8271002e-1 6.9443768e-1 1.2620177e0 1.2620177e0
2.0290002e-1 6.9443768e-1 1.0891104e0 1.0891104e0
2.2309003e-1 6.9443768e-1 9.423178e-1 9.423178e-1
2.4328003e-1 6.9443768e-1 8.1609476e-1 8.1609476e-1
2.6347003e-1 6.9443768e-1 7.0659616e-1 7.0659616e-1
2.8366003e-1 6.9443768e-1 6.1086862e-1 6.1086862e-1
3.0385004e-1 6.9443768e-1 5.265806e-1 5.265806e-1
3.2404004e-1 6.9443768e-1 4.5201395e-1 4.5201395e-1
3.4423004e-1 6.9443768e-1 3.8573969e-1 3.8573969e-1
3.6442004e-1 6.9443768e-1 3.26634e-1 3.26634e-1
3.8461005e-1 6.9443768e-1 2.736609e-1 2.736609e-1
4.0480005e-1 6.9443768e-1 2.2597849e-1 2.2597849e-1
4.2499005e-1 6.9443768e-1 1.8312921e-1 1.8312921e-1
4.4518005e-1 6.9443768e-1 1.4450922e-1 1.4450922e-1
4.6537006e-1 6.9443768e-1 1.0959215e-1 1.0959215e-1
4.8556006e-1 6.9443768e-1 7.799219e-2 7.799219e-2
5.0575006e-1 6.9443768e-1 4.938898e-2 4.938898e-2
5.2594006e-1 6.9443768e-1 2.347238e-2 2.347238e-2
5.4613007e-1 6.9443768e-1 -1.196e-5 -1.196e-5
5.6632007e-1 6.9443768e-1 -2.131201e-2 -2.131201e-2
5.8651007e-1 6.9443768e-1 -4.059088e-2 -4.059088e-2
6.0670007e-1 6.9443768e-1 -5.81021e-2 -5.81021e-2
6.2689008e-1 6.9443768e-1 -7.392355e-2 -7.392355e-2
6.4708008e-1 6.9443768e-1 -8.821295e-2 -8.821295e-2
6.6727008e-1 6.9443768e-1 -1.0110724e-1 -1.0110724e-1
6.8746008e-1 6.9443768e-1 -1.127558e-1 -1.127558e-1
7.0765009e-1 6.9443768e-1 -1.231587e-1 -1.231587e-1
7.2784009e-1 6.9443768e-1 -1.32471e-1 -1.32471e-1
7.4803009e-1 6.9443768e-1 -1.4078696e-1 -1.4078696e-1
7.682201e-1 6.9443768e-1 -1.4818686e-1 -1.4818686e-1
7.884101e-1 6.9443768e-1 -1.5469101e-1 -1.5469101e-1
8.086001e-1 6.9443768e-1 -1.6041246e-1 -1.6041246e-1
8.287901e-1 6.9443768e-1 -1.6534392e-1 -1.6534392e-1
8.489801e-1 6.9443768e-1 -1.6957341e-1 -1.6957341e-1
8.691701e-1 6.9443768e-1 -1.7314845e-1 -1.7314845e-1
8.893601e-1 6.9443768e-1 -1.7610245e-1 -1.7610245e-1
9.0955011e-1 6.9443768e-1 -1.7848383e-1 -1.7848383e-1
9.2974011e-1 6.9443768e-1 -1.8032634e-1 -1.8032634e-1
9.4993011e-1 6.9443768e-1 -1.8166214e-1 -1.8166214e-1
9.7012012e-1 6.9443768e-1 -1.8252214e-1 -1.8252214e-1
9.9031012e-1 6.9443768e-1 -1.8293466e-1 -1.8293466e-1
1.0105e0 6.9443768e-1 -1.8292781e-1 -1.8292781e-1
1.03069e0 6.9443768e-1 -1.8252577e-1 -1.8252577e-1
1.05088e0 6.9443768e-1 -1.8175201e-1 -1.8175201e-1
1.0710701e0 6.9443768e-1 -1.8062569e-1 -1.8062569e-1
1.09126e0 6.9443768e-1 -1.7917058e-1 -1.7917058e-1
1.11145e0 6.9443768e-1 -1.7739902e-1 -1.7739902e-1
1.13164e0 6.9443768e-1 -1.7533989e-1 -1.7533989e-1
1.15183e0 6.9443768e-1 -1.7299783e-1 -1.7299783e-1
1.1720201e0 6.9443768e-1 -1.7038608e-1 -1.7038608e-1
1.1922101e0 6.9443768e-1 -1.6752753e-1 -1.6752753e-1
1.2124e0 6.9443768e-1 -1.6443472e-1 -1.6443472e-1
1.23259e0 6.9443768e-1 -1.6112068e-1 -1.6112068e-1
1.25278e0 6.9443768e-1 -1.5758853e-1 -1.5758853e-1
1.2729701e0 6.9443768e-1 -1.5386201e-1 -1.5386201e-1
1.2931601e0 6.9443768e-1 -1.4993704e-1 -1.4993704e-1
1.31335e0 6.9443768e-1 -1.4583488e-1 -1.4583488e-1
1.33354e0 6.9443768e-1 -1.4156767e-1 -1.4156767e-1
1.35373e0 6.9443768e-1 -1.3712607e-1 -1.3712607e-1
1.3739201e0 6.9443768e-1 -1.3253767e-1 -1.3253767e-1
1.3941101e0 6.9443768e-1 -1.2780363e-1 -1.2780363e-1
1.4143001e0 6.9443768e-1 -1.2291632e-1 -1.2291632e-1
1.43449e0 6.9443768e-1 -1.1790099e-1 -1.1790099e-1
1.45468e0 6.9443768e-1 -1.1275954e-1 -1.1275954e-1
1.4748701e0 6.9443768e-1 -1.0750815e-1 -1.0750815e-1
1.4950601e0 6.9443768e-1 -1.0211981e-1 -1.0211981e-1
1.5152501e0 6.9443768e-1 -9.666197e-2 -9.666197e-2
1.53544e0 6.9443768e-1 -9.107741e-2 -9.107741e-2
1.55563e0 6.9443768e-1 -8.53752e-2 -8.53752e-2
1.5758202e0 6.9443768e-1 -7.959235e-2 -7.959235e-2
1.5960101e0 6.9443768e-1 -7.371802e-2 -7.371802e-2
1.6162001e0 6.9443768e-1 -6.777724e-2 -6.777724e-2
1.63639e0 6.9443768e-1 -6.172858e-2 -6.172858e-2
1.65658e0 6.9443768e-1 -5.562102e-2 -5.562102e-2
1.6767702e0 6.9443768e-1 -4.942549e-2 -4.942549e-2
1.6969601e0 6.9443768e-1 -4.316206e-2 -4.316206e-2
1.7171501e0 6.9443768e-1 -3.689032e-2 -3.689032e-2
1.7373401e0 6.9443768e-1 -3.048651e-2 -3.048651e-2
1.75753e0 6.9443768e-1 -2.404684e-2 -2.404684e-2
1.7777202e0 6.9443768e-1 -1.751433e-2 -1.751433e-2
1.7979102e0 6.9443768e-1 -1.095572e-2 -1.095572e-2
1.8181001e0 6.9443768e-1 -4.35942e-3 -4.35942e-3
1.8382901e0 6.9443768e-1 2.31233e-3 2.31233e-3
1.85848e0 6.9443768e-1 9.04436e-3 9.04436e-3
1.8786702e0 6.9443768e-1 1.578928e-2 1.578928e-2
1.8988602e0 6.9443768e-1 2.258028e-2 2.258028e-2
1.9190501e0 6.9443768e-1 2.933527e-2 2.933527e-2
1.9392401e0 6.9443768e-1 3.620615e-2 3.620615e-2
1.9594301e0 6.9443768e-1 4.313928e-2 4.313928e-2
1.9796202e0 6.9443768e-1 5.01053e-2 5.01053e-2
1.9998102e0 6.9443768e-1 5.705232e-2 5.705232e-2

1.0e-3 7.3736667e-1 2.3660556e1 2.3660556e1
2.1190002e-2 7.3736667e-1 7.2297084e0 7.2297084e0
4.1380005e-2 7.3736667e-1 4.8740642e0 4.8740642e0
6.1570007e-2 7.3736667e-1 3.687575e0 3.687575e0
8.176001e-2 7.3736667e-1 2.9370067e0 2.9370067e0
1.0195001e-1 7.3736667e-1 2.4087779e0 2.4087779e0
1.2214001e-1 7.3736667e-1 2.012514e0 2.012514e0
1.4233002e-1 7.3736667e-1 1.7026187e0 1.7026187e0
1.6252002e-1 7.3736667e-1 1.4528857e0 1.4528857e0
1.8271002e-1 7.3736667e-1 1.24705e0 1.24705e0
2.0290002e-1 7.3736667e-1 1.0741428e0 1.0741428e0
2.2309003e-1 7.3736667e-1 9.273502e-1 9.273502e-1
2.4328003e-1 7.3736667e-1 8.0112712e-1 8.0112712e-1
2.6347003e-1 7.3736667e-1 6.9162852e-1 6.9162852e-1
2.8366003e-1 7.3736667e-1 5.9590099e-1 5.9590099e-1
3.0385004e-1 7.3736667e-1 5.1161296e-1 5.1161296e-1
3.2404004e-1 7.3736667e-1 4.3704631e-1 4.3704631e-1
3.4423004e-1 7.3736667e-1 3.7077205e-1 3.7077205e-1
3.6442004e-1 7.3736667e-1 3.1166637e-1 3.1166637e-1
3.8461005e-1 7.3736667e-1 2.5869327e-1 2.5869327e-1
4.0480005e-1 7.3736667e-1 2.1101085e-1 2.1101085e-1
4.2499005e-1 7.3736667e-1 1.6816158e-1 1.6816158e-1
4.4518005e-1 7.3736667e-1 1.2954158e-1 1.2954158e-1
4.6537006e-1 7.3736667e-1 9.462451e-2 9.462451e-2
4.8556006e-1 7.3736667e-1 6.302455e-2 6.302455e-2
5.0575006e-1 7.3736667e-1 3.442134e-2 3.442134e-2
5.2594006e-1 7.3736667e-1 8.50475e-3 8.50475e-3
5.4613007e-1 7.3736667e-1 -1.49796e-2 -1.49796e-2
5.6632007e-1 7.3736667e-1 -3.627965e-2 -3.627965e-2
5.8651007e-1 7.3736667e-1 -5.555852e-2 -5.555852e-2
6.0670007e-1 7.3736667e-1 -7.306973e-2 -7.306973e-2
6.2689008e-1 7.3736667e-1 -8.889119e-2 -8.889119e-2
6.4708008e-1 7.3736667e-1 -1.0318059e-1 -1.0318059e-1
6.6727008e-1 7.3736667e-1 -1.1607487e-1 -1.1607487e-1
6.8746008e-1 7.3736667e-1 -1.2772343e-1 -1.2772343e-1
7.0765009e-1 7.3736667e-1 -1.3812634e-1 -1.3812634e-1
7.2784009e-1 7.3736667e-1 -1.4743863e-1 -1.4743863e-1
7.4803009e-1 7.3736667e-1 -1.557546e-1 -1.557546e-1
7.682201e-1 7.3736667e-1 -1.631545e-1 -1.631545e-1
7.884101e-1 7.3736667e-1 -1.6965865e-1 -1.6965865e-1
8.086001e-1 7.3736667e-1 -1.753801e-1 -1.753801e-1
8.287901e-1 7.3736667e-1 -1.8031155e-1 -1.8031155e-1
8.489801e-1 7.3736667e-1 -1.8454105e-1 -1.8454105e-1
8.691701e-1 7.3736667e-1 -1.8811609e-1 -1.8811609e-1
8.893601e-1 7.3736667e-1 -1.9107008e-1 -1.9107008e-1
9.0955011e-1 7.3736667e-1 -1.9345146e-1 -1.9345146e-1
9.2974011e-1 7.3736667e-1 -1.9529398e-1 -1.9529398e-1
9.4993011e-1 7.3736667e-1 -1.9662978e-1 -1.9662978e-1
9.7012012e-1 7.3736667e-1 -1.9748978e-1 -1.9748978e-1
9.9031012e-1 7.3736667e-1 -1.979023e-1 -1.979023e-1
1.0105e0 7.3736667e-1 -1.9789545e-1 -1.9789545e-1
1.03069e0 7.3736667e-1 -1.9749341e-1 -1.9749341e-1
1.05088e0 7.3736667e-1 -1.9671965e-1 -1.9671965e-1
1.0710701e0 7.3736667e-1 -1.9559332e-1 -1.9559332e-1
1.09126e0 7.3736667e-1 -1.9413821e-1 -1.9413821e-1
1.11145e0 7.3736667e-1 -1.9236665e-1 -1.9236665e-1
1.13164e0 7.3736667e-1 -1.9030753e-1 -1.9030753e-1
1.15183e0 7.3736667e-1 -1.8796547e-1 -1.8796547e-1
1.1720201e0 7.3736667e-1 -1.8535371e-1 -1.8535371e-1
1.1922101e0 7.3736667e-1 -1.8249516e-1 -1.8249516e-1
1.2124e0 7.3736667e-1 -1.7940236e-1 -1.7940236e-1
1.23259e0 7.3736667e-1 -1.7608832e-1 -1.7608832e-1
1.25278e0 7.3736667e-1 -1.7255617e-1 -1.7255617e-1
1.2729701e0 7.3736667e-1 -1.6882965e-1 -1.6882965e-1
1.2931601e0 7.3736667e-1 -1.6490468e-1 -1.6490468e-1
1.31335e0 7.3736667e-1 -1.6080252e-1 -1.6080252e-1
1.33354e0 7.3736667e-1 -1.5653531e-1 -1.5653531e-1
1.35373e0 7.3736667e-1 -1.520937e-1 -1.520937e-1
1.3739201e0 7.3736667e-1 -1.4750531e-1 -1.4750531e-1
1.3941101e0 7.3736667e-1 -1.4277127e-1 -1.4277127e-1
1.4143001e0 7.3736667e-1 -1.3788396e-1 -1.3788396e-1
1.43449e0 7.3736667e-1 -1.3286862e-1 -1.3286862e-1
1.45468e0 7.3736667e-1 -1.2772717e-1 -1.2772717e-1
1.4748701e0 7.3736667e-1 -1.2247578e-1 -1.2247578e-1
1.4950601e0 7.3736667e-1 -1.1708745e-1 -1.1708745e-1
1.5152501e0 7.3736667e-1 -1.1162961e-1 -1.1162961e-1
1.53544e0 7.3736667e-1 -1.0604504e-1 -1.0604504e-1
1.55563e0 7.3736667e-1 -1.0034283e-1 -1.0034283e-1
1.5758202e0 7.3736667e-1 -9.455998e-2 -9.455998e-2
1.5960101e0 7.3736667e-1 -8.868565e-2 -8.868565e-2
1.6162001e0 7.3736667e-1 -8.274487e-2 -8.274487e-2
1.63639e0 7.3736667e-1 -7.669621e-2 -7.669621e-2
1.65658e0 7.3736667e-1 -7.058865e-2 -7.058865e-2
1.6767702e0 7.3736667e-1 -6.439313e-2 -6.439313e-2
1.6969601e0 7.3736667e-1 -5.81297e-2 -5.81297e-2
1.7171501e0 7.3736667e-1 -5.185796e-2 -5.185796e-2
1.7373401e0 7.3736667e-1 -4.545415e-2 -4.545415e-2
1.75753e0 7.3736667e-1 -3.901448e-2 -3.901448e-2
1.7777202e0 7.3736667e-1 -3.248196e-2 -3.248196e-2
1.7979102e0 7.3736667e-1 -2.592336e-2 -2.592336e-2
1.8181001e0 7.3736667e-1 -1.932706e-2 -1.932706e-2
1.8382901e0 7.3736667e-1 -1.26553e-2 -1.26553e-2
1.85848e0 7.3736667e-1 -5.92328e-3 -5.92328e-3
1.8786702e0 7.3736667e-1 8.2164e-4 8.2164e-4
1.8988602e0 7.3736667e-1 7.61264e-3 7.61264e-3
1.9190501e0 7.3736667e-1 1.436763e-2 1.436763e-2
1.9392401e0 7.3736667e-1 2.123851e-2 2.123851e-2
1.9594301e0 7.3736667e-1 2.817165e-2 2.817165e-2
1.9796202e0 7.3736667e-1 3.513766e-2 3.513766e-2
1.9998102e0 7.3736667e-1 4.208469e-2 4.208469e-2

1.0e-3 7.802957e-1 2.3646753e1 2.3646753e1
2.1190002e-2 7.802957e-1 7.2159055e0 7.2159055e0
4.1380005e-2 7.802957e-1 4.8602612e0 4.8602612e0
6.1570007e-2 7.802957e-1 3.6737721e0 3.6737721e0
8.176001e-2 7.802957e-1 2.9232037e0 2.9232037e0
1.0195001e-1 7.802957e-1 2.394975e0 2.394975e0
1.2214001e-1 7.802957e-1 1.9987111e0 1.9987111e0
1.4233002e-1 7.802957e-1 1.6888158e0 1.6888158e0
1.6252002e-1 7.802957e-1 1.4390828e0 1.4390828e0
1.8271002e-1 7.802957e-1 1.233247e0 1.233247e0
2.0290002e-1 7.802957e-1 1.0603398e0 1.0603398e0
2.2309003e-1 7.802957e-1 9.135472e-1 9.135472e-1
2.4328003e-1 7.802957e-1 7.873242e-1 7.873242e-1
2.6347003e-1 7.802957e-1 6.778256e-1 6.778256e-1
2.8366003e-1 7.802957e-1 5.8209807e-1 5.8209807e-1
3.0385004e-1 7.802957e-1 4.9781004e-1 4.9781004e-1
3.2404004e-1 7.802957e-1 4.232434e-1 4.232434e-1
3.4423004e-1 7.802957e-1 3.5696913e-1 3.5696913e-1
3.6442004e-1 7.802957e-1 2.9786345e-1 2.9786345e-1
3.8461005e-1 7.802957e-1 2.4489035e-1 2.4489035e-1
4.0480005e-1 7.802957e-1 1.9720793e-1 1.9720793e-1
4.2499005e-1 7.802957e-1 1.5435866e-1 1.5435866e-1
4.4518005e-1 7.802957e-1 1.1573866e-1 1.1573866e-1
4.6537006e-1 7.802957e-1 8.08216e-2 8.08216e-2
4.8556006e-1 7.802957e-1 4.922163e-2 4.922163e-2
5.0575006e-1 7.802957e-1 2.061842e-2 2.061842e-2
5.2594006e-1 7.802957e-1 -5.29817e-3 -5.29817e-3
5.4613007e-1 7.802957e-1 -2.878252e-2 -2.878252e-2
5.6632007e-1 7.802957e-1 -5.008257e-2 -5.008257e-2
5.8651007e-1 7.802957e-1 -6.936143e-2 -6.936143e-2
6.0670007e-1 7.802957e-1 -8.687265e-2 -8.687265e-2
6.2689008e-1 7.802957e-1 -1.026941e-1 -1.026941e-1
6.4708008e-1 7.802957e-1 -1.169835e-1 -1.169835e-1
6.6727008e-1 7.802957e-1 -1.2987779e-1 -1.2987779e-1
6.8746008e-1 7.802957e-1 -1.4152635e-1 -1.4152635e-1
7.0765009e-1 7.802957e-1 -1.5192926e-1 -1.5192926e-1
7.2784009e-1 7.802957e-1 -1.6124155e-1 -1.6124155e-1
7.4803009e-1 7.802957e-1 -1.6955751e-1 -1.6955751e-1
7.682201e-1 7.802957e-1 -1.7695741e-1 -1.7695741e-1
7.884101e-1 7.802957e-1 -1.8346156e-1 -1.8346156e-1
8.086001e-1 7.802957e-1 -1.8918301e-1 -1.8918301e-1
8.287901e-1 7.802957e-1 -1.9411447e-1 -1.9411447e-1
8.489801e-1 7.802957e-1 -1.9834396e-1 -1.9834396e-1
8.691701e-1 7.802957e-1 -2.01919e-1 -2.01919e-1
8.893601e-1 7.802957e-1 -2.04873e-1 -2.04873e-1
9.0955011e-1 7.802957e-1 -2.0725438e-1 -2.0725438e-1
9.2974011e-1 7.802957e-1 -2.090969e-1 -2.090969e-1
9.4993011e-1 7.802957e-1 -2.104327e-1 -2.104327e-1
9.7012012e-1 7.802957e-1 -2.112927e-1 -2.112927e-1
9.9031012e-1 7.802957e-1 -2.1170522e-1 -2.1170522e-1
1.0105e0 7.802957e-1 -2.1169836e-1 -2.1169836e-1
1.03069e0 7.802957e-1 -2.1129633e-1 -2.1129633e-1
1.05088e0 7.802957e-1 -2.1052257e-1 -2.1052257e-1
1.0710701e0 7.802957e-1 -2.0939624e-1 -2.0939624e-1
1.09126e0 7.802957e-1 -2.0794113e-1 -2.0794113e-1
1.11145e0 7.802957e-1 -2.0616957e-1 -2.0616957e-1
1.13164e0 7.802957e-1 -2.0411044e-1 -2.0411044e-1
1.15183e0 7.802957e-1 -2.0176839e-1 -2.0176839e-1
1.1720201e0 7.802957e-1 -1.9915663e-1 -1.9915663e-1
1.1922101e0 7.802957e-1 -1.9629808e-1 -1.9629808e-1
1.2124e0 7.802957e-1 -1.9320528e-1 -1.9320528e-1
1.23259e0 7.802957e-1 -1.8989124e-1 -1.8989124e-1
1.25278e0 7.802957e-1 -1.8635909e-1 -1.8635909e-1
1.2729701e0 7.802957e-1 -1.8263257e-1 -1.8263257e-1
1.2931601e0 7.802957e-1 -1.787076e-1 -1.787076e-1
1.31335e0 7.802957e-1 -1.7460544e-1 -1.7460544e-1
1.33354e0 7.802957e-1 -1.7033823e-1 -1.7033823e-1
1.35373e0 7.802957e-1 -1.6589662e-1 -1.6589662e-1
1.3739201e0 7.802957e-1 -1.6130823e-1 -1.6130823e-1
1.3941101e0 7.802957e-1 -1.5657419e-1 -1.5657419e-1
1.4143001e0 7.802957e-1 -1.5168687e-1 -1.5168687e-1
1.43449e0 7.802957e-1 -1.4667154e-1 -1.4667154e-1
1.45468e0 7.802957e-1 -1.4153009e-1 -1.4153009e-1
1.4748701e0 7.802957e-1 -1.362787e-1 -1.362787e-1
1.4950601e0 7.802957e-1 -1.3089037e-1 -1.3089037e-1
1.5152501e0 7.802957e-1 -1.2543253e-1 -1.2543253e-1
1.53544e0 7.802957e-1 -1.1984796e-1 -1.1984796e-1
1.55563e0 7.802957e-1 -1.1414575e-1 -1.1414575e-1
1.5758202e0 7.802957e-1 -1.083629e-1 -1.083629e-1
1.5960101e0 7.802957e-1 -1.0248857e-1 -1.0248857e-1
1.6162001e0 7.802957e-1 -9.654779e-2 -9.654779e-2
1.63639e0 7.802957e-1 -9.049913e-2 -9.049913e-2
1.65658e0 7.802957e-1 -8.439157e-2 -8.439157e-2
1.6767702e0 7.802957e-1 -7.819604e-2 -7.819604e-2
1.6969601e0 7.802957e-1 -7.193262e-2 -7.193262e-2
1.7171501e0 7.802957e-1 -6.566087e-2 -6.566087e-2
1.7373401e0 7.802957e-1 -5.925706e-2 -5.925706e-2
1.75753e0 7.802957e-1 -5.28174e-2 -5.28174e-2
1.7777202e0 7.802957e-1 -4.628488e-2 -4.628488e-2
1.7979102e0 7.802957e-1 -3.972627e-2 -3.972627e-2
1.8181001e0 7.802957e-1 -3.312997e-2 -3.312997e-2
1.8382901e0 7.802957e-1 -2.645822e-2 -2.645822e-2
1.85848e0 7.802957e-1 -1.97262e-2 -1.97262e-2
1.8786702e0 7.802957e-1 -1.298128e-2 -1.298128e-2
1.8988602e0 7.802957e-1 -6.19028e-3 -6.19028e-3
1.9190501e0 7.802957e-1 5.6471e-4 5.6471e-4
1.9392401e0 7.802957e-1 7.4356e-3 7.4356e-3
1.9594301e0 7.802957e-1 1.436873e-2 1.436873e-2
1.9796202e0 7.802957e-1 2.133475e-2 2.133475e-2
1.9998102e0 7.802957e-1 2.828177e-2 2.828177e-2

1.0e-3 8.232246e-1 2.3634476e1 2.3634476e1
2.1190002e-2 8.232246e-1 7.2036276e0 7.2036276e0
4.1380005e-2 8.232246e-1 4.8479834e0 4.8479834e0
6.1570007e-2 8.232246e-1 3.6614943e0 3.6614943e0
8.176001e-2 8.232246e-1 2.9109259e0 2.9109259e0
1.0195001e-1 8.232246e-1 2.3826971e0 2.3826971e0
1.2214001e-1 8.232246e-1 1.9864333e0 1.9864333e0
1.4233002e-1 8.232246e-1 1.676538e0 1.676538e0
1.6252002e-1 8.232246e-1 1.426805e0 1.426805e0
1.8271002e-1 8.232246e-1 1.2209692e0 1.2209692e0
2.0290002e-1 8.232246e-1 1.048062e0 1.048062e0
2.2309003e-1 8.232246e-1 9.012694e-1 9.012694e-1
2.4328003e-1 8.232246e-1 7.7504639e-1 7.7504639e-1
2.6347003e-1 8.232246e-1 6.6554779e-1 6.6554779e-1
2.8366003e-1 8.232246e-1 5.6982025e-1 5.6982025e-1
3.0385004e-1 8.232246e-1 4.8553223e-1 4.8553223e-1
3.2404004e-1 8.232246e-1 4.1096558e-1 4.1096558e-1
3.4423004e-1 8.232246e-1 3.4469131e-1 3.4469131e-1
3.6442004e-1 8.232246e-1 2.8558563e-1 2.8558563e-1
3.8461005e-1 8.232246e-1 2.3261253e-1 2.3261253e-1
4.0480005e-1 8.232246e-1 1.8493011e-1 1.8493011e-1
4.2499005e-1 8.232246e-1 1.4208084e-1 1.4208084e-1
4.4518005e-1 8.232246e-1 1.0346085e-1 1.0346085e-1
4.6537006e-1 8.232246e-1 6.854378e-2 6.854378e-2
4.8556006e-1 8.232246e-1 3.694382e-2 3.694382e-2
5.0575006e-1 8.232246e-1 8.3406e-3 8.3406e-3
5.2594006e-1 8.232246e-1 -1.757599e-2 -1.757599e-2
5.4613007e-1 8.232246e-1 -4.106033e-2 -4.106033e-2
5.6632007e-1 8.232246e-1 -6.236038e-2 -6.236038e-2
5.8651007e-1 8.232246e-1 -8.163925e-2 -8.163925e-2
6.0670007e-1 8.232246e-1 -9.915047e-2 -9.915047e-2
6.2689008e-1 8.232246e-1 -1.1497192e-1 -1.1497192e-1
6.4708008e-1 8.232246e-1 -1.2926132e-1 -1.2926132e-1
6.6727008e-1 8.232246e-1 -1.4215561e-1 -1.4215561e-1
6.8746008e-1 8.232246e-1 -1.5380417e-1 -1.5380417e-1
7.0765009e-1 8.232246e-1 -1.6420708e-1 -1.6420708e-1
7.2784009e-1 8.232246e-1 -1.7351936e-1 -1.7351936e-1
7.4803009e-1 8.232246e-1 -1.8183533e-1 -1.8183533e-1
7.682201e-1 8.232246e-1 -1.8923523e-1 -1.8923523e-1
7.884101e-1 8.232246e-1 -1.9573938e-1 -1.9573938e-1
8.086001e-1 8.232246e-1 -2.0146083e-1 -2.0146083e-1
8.287901e-1 8.232246e-1 -2.0639229e-1 -2.0639229e-1
8.489801e-1 8.232246e-1 -2.1062178e-1 -2.1062178e-1
8.691701e-1 8.232246e-1 -2.1419682e-1 -2.1419682e-1
8.893601e-1 8.232246e-1 -2.1715082e-1 -2.1715082e-1
9.0955011e-1 8.232246e-1 -2.195322e-1 -2.195322e-1
9.2974011e-1 8.232246e-1 -2.2137471e-1 -2.2137471e-1
9.4993011e-1 8.232246e-1 -2.2271051e-1 -2.2271051e-1
9.7012012e-1 8.232246e-1 -2.2357051e-1 -2.2357051e-1
9.9031012e-1 8.232246e-1 -2.2398303e-1 -2.2398303e-1
1.0105e0 8.232246e-1 -2.2397618e-1 -2.2397618e-1
1.03069e0 8.232246e-1 -2.2357414e-1 -2.2357414e-1
1.05088e0 8.232246e-1 -2.2280038e-1 -2.2280038e-1
1.0710701e0 8.232246e-1 -2.2167406e-1 -2.2167406e-1
1.09126e0 8.232246e-1 -2.2021895e-1 -2.2021895e-1
1.11145e0 8.232246e-1 -2.1844739e-1 -2.1844739e-1
1.13164e0 8.232246e-1 -2.1638826e-1 -2.1638826e-1
1.15183e0 8.232246e-1 -2.140462e-1 -2.140462e-1
1.1720201e0 8.232246e-1 -2.1143445e-1 -2.1143445e-1
1.1922101e0 8.232246e-1 -2.085759e-1 -2.085759e-1
1.2124e0 8.232246e-1 -2.054831e-1 -2.054831e-1
1.23259e0 8.232246e-1 -2.0216905e-1 -2.0216905e-1
1.25278e0 8.232246e-1 -1.986369e-1 -1.986369e-1
1.2729701e0 8.232246e-1 -1.9491039e-1 -1.9491039e-1
1.2931601e0 8.232246e-1 -1.9098541e-1 -1.9098541e-1
1.31335e0 8.232246e-1 -1.8688326e-1 -1.8688326e-1
1.33354e0 8.232246e-1 -1.8261604e-1 -1.8261604e-1
1.35373e0 8.232246e-1 -1.7817444e-1 -1.7817444e-1
1.3739201e0 8.232246e-1 -1.7358604e-1 -1.7358604e-1
1.3941101e0 8.232246e-1 -1.68852e-1 -1.68852e-1
1.4143001e0 8.232246e-1 -1.6396469e-1 -1.6396469e-1
1.43449e0 8.232246e-1 -1.5894936e-1 -1.5894936e-1
1.45468e0 8.232246e-1 -1.538079e-1 -1.538079e-1
1.4748701e0 8.232246e-1 -1.4855652e-1 -1.4855652e-1
1.4950601e0 8.232246e-1 -1.4316818e-1 -1.4316818e-1
1.5152501e0 8.232246e-1 -1.3771034e-1 -1.3771034e-1
1.53544e0 8.232246e-1 -1.3212578e-1 -1.3212578e-1
1.55563e0 8.232246e-1 -1.2642357e-1 -1.2642357e-1
1.5758202e0 8.232246e-1 -1.2064072e-1 -1.2064072e-1
1.5960101e0 8.232246e-1 -1.1476639e-1 -1.1476639e-1
1.6162001e0 8.232246e-1 -1.088256e-1 -1.088256e-1
1.63639e0 8.232246e-1 -1.0277695e-1 -1.0277695e-1
1.65658e0 8.232246e-1 -9.666939e-2 -9.666939e-2
1.6767702e0 8.232246e-1 -9.047386e-2 -9.047386e-2
1.6969601e0 8.232246e-1 -8.421043e-2 -8.421043e-2
1.7171501e0 8.232246e-1 -7.793869e-2 -7.793869e-2
1.7373401e0 8.232246e-1 -7.153488e-2 -7.153488e-2
1.75753e0 8.232246e-1 -6.509521e-2 -6.509521e-2
1.7777202e0 8.232246e-1 -5.85627e-2 -5.85627e-2
1.7979102e0 8.232246e-1 -5.200409e-2 -5.200409e-2
1.8181001e0 8.232246e-1 -4.540779e-2 -4.540779e-2
1.8382901e0 8.232246e-1 -3.873604e-2 -3.873604e-2
1.85848e0 8.232246e-1 -3.200401e-2 -3.200401e-2
1.8786702e0 8.232246e-1 -2.52591e-2 -2.52591e-2
1.8988602e0 8.232246e-1 -1.84681e-2 -1.84681e-2
1.9190501e0 8.232246e-1 -1.17131e-2 -1.17131e-2
1.9392401e0 8.232246e-1 -4.84222e-3 -4.84222e-3
1.9594301e0 8.232246e-1 2.09091e-3 2.09091e-3
1.9796202e0 8.232246e-1 9.05693e-3 9.05693e-3
1.9998102e0 8.232246e-1 1.600395e-2 1.600395e-2

1.0e-3 8.661536e-1 2.3624103e1 2.3624103e1
2.1190002e-2 8.661536e-1 7.1932553e0 7.1932553e0
4.1380005e-2 8.661536e-1 4.8376111e0 4.8376111e0
6.1570007e-2 8.661536e-1 3.651122e0 3.651122e0
8.176001e-2 8.661536e-1 2.9005536e0 2.9005536e0
1.0195001e-1 8.661536e-1 2.3723248e0 2.3723248e0
1.2214001e-1 8.661536e-1 1.976061e0 1.976061e0
1.4233002e-1 8.661536e-1 1.6661656e0 1.6661656e0
1.6252002e-1 8.661536e-1 1.4164326e0 1.4164326e0
1.8271002e-1 8.661536e-1 1.210597e0 1.210597e0
2.0290002e-1 8.661536e-1 1.0376897e0 1.0376897e0
2.2309003e-1 8.661536e-1 8.90897e-1 8.90897e-1
2.4328003e-1 8.661536e-1 7.6467403e-1 7.6467403e-1
2.6347003e-1 8.661536e-1 6.5517543e-1 6.5517543e-1
2.8366003e-1 8.661536e-1 5.5944789e-1 5.5944789e-1
3.0385004e-1 8.661536e-1 4.7515987e-1 4.7515987e-1
3.2404004e-1 8.661536e-1 4.0059322e-1 4.0059322e-1
3.4423004e-1 8.661536e-1 3.3431895e-1 3.3431895e-1
3.6442004e-1 8.661536e-1 2.7521327e-1 2.7521327e-1
3.8461005e-1 8.661536e-1 2.2224017e-1 2.2224017e-1
4.0480005e-1 8.661536e-1 1.7455775e-1 1.7455775e-1
4.2499005e-1 8.661536e-1 1.3170848e-1 1.3170848e-1
4.4518005e-1 8.661536e-1 9.308849e-2 9.308849e-2
4.6537006e-1 8.661536e-1 5.817142e-2 5.817142e-2
4.8556006e-1 8.661536e-1 2.657146e-2 2.657146e-2
5.0575006e-1 8.661536e-1 -2.03175e-3 -2.03175e-3
5.2594006e-1 8.661536e-1 -2.794835e-2 -2.794835e-2
5.4613007e-1 8.661536e-1 -5.14327e-2 -5.14327e-2
5.6632007e-1 8.661536e-1 -7.273274e-2 -7.273274e-2
5.8651007e-1 8.661536e-1 -9.201161e-2 -9.201161e-2
6.0670007e-1 8.661536e-1 -1.0952283e-1 -1.0952283e-1
6.2689008e-1 8.661536e-1 -1.2534428e-1 -1.2534428e-1
6.4708008e-1 8.661536e-1 -1.3963368e-1 -1.3963368e-1
6.6727008e-1 8.661536e-1 -1.5252797e-1 -1.5252797e-1
6.8746008e-1 8.661536e-1 -1.6417653e-1 -1.6417653e-1
7.0765009e-1 8.661536e-1 -1.7457944e-1 -1.7457944e-1
7.2784009e-1 8.661536e-1 -1.8389172e-1 -1.8389172e-1
7.4803009e-1 8.661536e-1 -1.9220769e-1 -1.9220769e-1
7.682201e-1 8.661536e-1 -1.9960759e-1 -1.9960759e-1
7.884101e-1 8.661536e-1 -2.0611174e-1 -2.0611174e-1
8.086001e-1 8.661536e-1 -2.1183319e-1 -2.1183319e-1
8.287901e-1 8.661536e-1 -2.1676465e-1 -2.1676465e-1
8.489801e-1 8.661536e-1 -2.2099414e-1 -2.2099414e-1
8.691701e-1 8.661536e-1 -2.2456918e-1 -2.2456918e-1
8.893601e-1 8.661536e-1 -2.2752318e-1 -2.2752318e-1
9.0955011e-1 8.661536e-1 -2.2990456e-1 -2.2990456e-1
9.2974011e-1 8.661536e-1 -2.3174707e-1 -2.3174707e-1
9.4993011e-1 8.661536e-1 -2.3308287e-1 -2.3308287e-1
9.7012012e-1 8.661536e-1 -2.3394287e-1 -2.3394287e-1
9.9031012e-1 8.661536e-1 -2.343554e-1 -2.343554e-1
1.0105e0 8.661536e-1 -2.3434854e-1 -2.3434854e-1
1.03069e0 8.661536e-1 -2.339465e-1 -2.339465e-1
1.05088e0 8.661536e-1 -2.3317274e-1 -2.3317274e-1
1.0710701e0 8.661536e-1 -2.3204642e-1 -2.3204642e-1
1.09126e0 8.661536e-1 -2.3059131e-1 -2.3059131e-1
1.11145e0 8.661536e-1 -2.2881975e-1 -2.2881975e-1
1.13164e0 8.661536e-1 -2.2676062e-1 -2.2676062e-1
1.15183e0 8.661536e-1 -2.2441856e-1 -2.2441856e-1
1.1720201e0 8.661536e-1 -2.2180681e-1 -2.2180681e-1
1.1922101e0 8.661536e-1 -2.1894826e-1 -2.1894826e-1
1.2124e0 8.661536e-1 -2.1585545e-1 -2.1585545e-1
1.23259e0 8.661536e-1 -2.1254141e-1 -2.1254141e-1
1.25278e0 8.661536e-1 -2.0900926e-1 -2.0900926e-1
1.2729701e0 8.661536e-1 -2.0528275e-1 -2.0528275e-1
1.2931601e0 8.661536e-1 -2.0135777e-1 -2.0135777e-1
1.31335e0 8.661536e-1 -1.9725562e-1 -1.9725562e-1
1.33354e0 8.661536e-1 -1.929884e-1 -1.929884e-1
1.35373e0 8.661536e-1 -1.885468e-1 -1.885468e-1
1.3739201e0 8.661536e-1 -1.839584e-1 -1.839584e-1
1.3941101e0 8.661536e-1 -1.7922437e-1 -1.7922437e-1
1.4143001e0 8.661536e-1 -1.7433705e-1 -1.7433705e-1
1.43449e0 8.661536e-1 -1.6932172e-1 -1.6932172e-1
1.45468e0 8.661536e-1 -1.6418027e-1 -1.6418027e-1
1.4748701e0 8.661536e-1 -1.5892888e-1 -1.5892888e-1
1.4950601e0 8.661536e-1 -1.5354054e-1 -1.5354054e-1
1.5152501e0 8.661536e-1 -1.480827e-1 -1.480827e-1
1.53544e0 8.661536e-1 -1.4249814e-1 -1.4249814e-1
1.55563e0 8.661536e-1 -1.3679593e-1 -1.3679593e-1
1.5758202e0 8.661536e-1 -1.3101308e-1 -1.3101308e-1
1.5960101e0 8.661536e-1 -1.2513875e-1 -1.2513875e-1
1.6162001e0 8.661536e-1 -1.1919797e-1 -1.1919797e-1
1.63639e0 8.661536e-1 -1.131493e-1 -1.131493e-1
1.65658e0 8.661536e-1 -1.0704175e-1 -1.0704175e-1
1.6767702e0 8.661536e-1 -1.0084622e-1 -1.0084622e-1
1.6969601e0 8.661536e-1 -9.45828e-2 -9.45828e-2
1.7171501e0 8.661536e-1 -8.831105e-2 -8.831105e-2
1.7373401e0 8.661536e-1 -8.190724e-2 -8.190724e-2
1.75753e0 8.661536e-1 -7.546758e-2 -7.546758e-2
1.7777202e0 8.661536e-1 -6.893506e-2 -6.893506e-2
1.7979102e0 8.661536e-1 -6.237645e-2 -6.237645e-2
1.8181001e0 8.661536e-1 -5.578015e-2 -5.578015e-2
1.8382901e0 8.661536e-1 -4.91084e-2 -4.91084e-2
1.85848e0 8.661536e-1 -4.237637e-2 -4.237637e-2
1.8786702e0 8.661536e-1 -3.563145e-2 -3.563145e-2
1.8988602e0 8.661536e-1 -2.884045e-2 -2.884045e-2
1.9190501e0 8.661536e-1 -2.208546e-2 -2.208546e-2
1.9392401e0 8.661536e-1 -1.521458e-2 -1.521458e-2
1.9594301e0 8.661536e-1 -8.28145e-3 -8.28145e-3
1.9796202e0 8.661536e-1 -1.31543e-3 -1.31543e-3
1.9998102e0 8.661536e-1 5.63159e-3 5.63159e-3

1.0e-3 9.090826e-1 2.3616037e1 2.3616037e1
2.1190002e-2 9.090826e-1 7.1851897e0 7.1851897e0
4.1380005e-2 9.090826e-1 4.8295454e0 4.8295454e0
6.1570007e-2 9.090826e-1 3.6430563e0 3.6430563e0
8.176001e-2 9.090826e-1 2.892488e0 2.892488e0
1.0195001e-1 9.090826e-1 2.3642592e0 2.3642592e0
1.2214001e-1 9.090826e-1 1.9679953e0 1.9679953e0
1.4233002e-1 9.090826e-1 1.6581e0 1.6581e0
1.6252002e-1 9.090826e-1 1.408367e0 1.408367e0
1.8271002e-1 9.090826e-1 1.2025313e0 1.2025313e0
2.0290002e-1 9.090826e-1 1.029624e0 1.029624e0
2.2309003e-1 9.090826e-1 8.828314e-1 8.828314e-1
2.4328003e-1 9.090826e-1 7.5660837e-1 7.5660837e-1
2.6347003e-1 9.090826e-1 6.4710977e-1 6.4710977e-1
2.8366003e-1 9.090826e-1 5.5138223e-1 5.5138223e-1
3.0385004e-1 9.090826e-1 4.6709421e-1 4.6709421e-1
3.2404004e-1 9.090826e-1 3.9252756e-1 3.9252756e-1
3.4423004e-1 9.090826e-1 3.262533e-1 3.262533e-1
3.6442004e-1 9.090826e-1 2.6714761e-1 2.6714761e-1
3.8461005e-1 9.090826e-1 2.1417451e-1 2.1417451e-1
4.0480005e-1 9.090826e-1 1.664921e-1 1.664921e-1
4.2499005e-1 9.090826e-1 1.2364282e-1 1.2364282e-1
4.4518005e-1 9.090826e-1 8.502283e-2 8.502283e-2
4.6537006e-1 9.090826e-1 5.010576e-2 5.010576e-2
4.8556006e-1 9.090826e-1 1.85058e-2 1.85058e-2
5.0575006e-1 9.090826e-1 -1.009741e-2 -1.009741e-2
5.2594006e-1 9.090826e-1 -3.6014e-2 -3.6014e-2
5.4613007e-1 9.090826e-1 -5.949835e-2 -5.949835e-2
5.6632007e-1 9.090826e-1 -8.07984e-2 -8.07984e-2
5.8651007e-1 9.090826e-1 -1.0007727e-1 -1.0007727e-1
6.0670007e-1 9.090826e-1 -1.1758849e-1 -1.1758849e-1
6.2689008e-1 9.090826e-1 -1.3340994e-1 -1.3340994e-1
6.4708008e-1 9.090826e-1 -1.4769934e-1 -1.4769934e-1
6.6727008e-1 9.090826e-1 -1.6059363e-1 -1.6059363e-1
6.8746008e-1 9.090826e-1 -1.7224219e-1 -1.7224219e-1
7.0765009e-1 9.090826e-1 -1.826451e-1 -1.826451e-1
7.2784009e-1 9.090826e-1 -1.9195738e-1 -1.9195738e-1
7.4803009e-1 9.090826e-1 -2.0027335e-1 -2.0027335e-1
7.682201e-1 9.090826e-1 -2.0767325e-1 -2.0767325e-1
7.884101e-1 9.090826e-1 -2.141774e-1 -2.141774e-1
8.086001e-1 9.090826e-1 -2.1989885e-1 -2.1989885e-1
8.287901e-1 9.090826e-1 -2.248303e-1 -2.248303e-1
8.489801e-1 9.090826e-1 -2.290598e-1 -2.290598e-1
8.691701e-1 9.090826e-1 -2.3263484e-1 -2.3263484e-1
8.893601e-1 9.090826e-1 -2.3558884e-1 -2.3558884e-1
9.0955011e-1 9.090826e-1 -2.3797021e-1 -2.3797021e-1
9.2974011e-1 9.090826e-1 -2.3981273e-1 -2.3981273e-1
9.4993011e-1 9.090826e-1 -2.4114853e-1 -2.4114853e-1
9.7012012e-1 9.090826e-1 -2.4200853e-1 -2.4200853e-1
9.9031012e-1 9.090826e-1 -2.4242105e-1 -2.4242105e-1
1.0105e0 9.090826e-1 -2.424142e-1 -2.424142e-1
1.03069e0 9.090826e-1 -2.4201216e-1 -2.4201216e-1
1.05088e0 9.090826e-1 -2.412384e-1 -2.412384e-1
1.0710701e0 9.090826e-1 -2.4011208e-1 -2.4011208e-1
1.09126e0 9.090826e-1 -2.3865697e-1 -2.3865697e-1
1.11145e0 9.090826e-1 -2.368854e-1 -2.368854e-1
1.13164e0 9.090826e-1 -2.3482628e-1 -2.3482628e-1
1.15183e0 9.090826e-1 -2.3248422e-1 -2.3248422e-1
1.1720201e0 9.090826e-1 -2.2987247e-1 -2.2987247e-1
1.1922101e0 9.090826e-1 -2.2701392e-1 -2.2701392e-1
1.2124e0 9.090826e-1 -2.2392111e-1 -2.2392111e-1
1.23259e0 9.090826e-1 -2.2060707e-1 -2.2060707e-1
1.25278e0 9.090826e-1 -2.1707492e-1 -2.1707492e-1
1.2729701e0 9.090826e-1 -2.133484e-1 -2.133484e-1
1.2931601e0 9.090826e-1 -2.0942343e-1 -2.0942343e-1
1.31335e0 9.090826e-1 -2.0532127e-1 -2.0532127e-1
1.33354e0 9.090826e-1 -2.0105406e-1 -2.0105406e-1
1.35373e0 9.090826e-1 -1.9661246e-1 -1.9661246e-1
1.3739201e0 9.090826e-1 -1.9202406e-1 -1.9202406e-1
1.3941101e0 9.090826e-1 -1.8729002e-1 -1.8729002e-1
1.4143001e0 9.090826e-1 -1.8240271e-1 -1.8240271e-1
1.43449e0 9.090826e-1 -1.7738737e-1 -1.7738737e-1
1.45468e0 9.090826e-1 -1.7224593e-1 -1.7224593e-1
1.4748701e0 9.090826e-1 -1.6699454e-1 -1.6699454e-1
1.4950601e0 9.090826e-1 -1.616062e-1 -1.616062e-1
1.5152501e0 9.090826e-1 -1.5614836e-1 -1.5614836e-1
1.53544e0 9.090826e-1 -1.505638e-1 -1.505638e-1
1.55563e0 9.090826e-1 -1.4486159e-1 -1.4486159e-1
1.5758202e0 9.090826e-1 -1.3907874e-1 -1.3907874e-1
1.5960101e0 9.090826e-1 -1.332044e-1 -1.332044e-1
1.6162001e0 9.090826e-1 -1.2726363e-1 -1.2726363e-1
1.63639e0 9.090826e-1 -1.2121497e-1 -1.2121497e-1
1.65658e0 9.090826e-1 -1.151074e-1 -1.151074e-1
1.6767702e0 9.090826e-1 -1.0891188e-1 -1.0891188e-1
1.6969601e0 9.090826e-1 -1.0264845e-1 -1.0264845e-1
1.7171501e0 9.090826e-1 -9.637671e-2 -9.637671e-2
1.7373401e0 9.090826e-1 -8.99729e-2 -8.99729e-2
1.75753e0 9.090826e-1 -8.353323e-2 -8.353323e-2
1.7777202e0 9.090826e-1 -7.700072e-2 -7.700072e-2
1.7979102e0 9.090826e-1 -7.044211e-2 -7.044211e-2
1.8181001e0 9.090826e-1 -6.384581e-2 -6.384581e-2
1.8382901e0 9.090826e-1 -5.717406e-2 -5.717406e-2
1.85848e0 9.090826e-1 -5.044203e-2 -5.044203e-2
1.8786702e0 9.090826e-1 -4.369711e-2 -4.369711e-2
1.8988602e0 9.090826e-1 -3.690611e-2 -3.690611e-2
1.9190501e0 9.090826e-1 -3.015112e-2 -3.015112e-2
1.9392401e0 9.090826e-1 -2.328024e-2 -2.328024e-2
1.9594301e0 9.090826e-1 -1.63471e-2 -1.63471e-2
1.9796202e0 9.090826e-1 -9.38109e-3 -9.38109e-3
1.9998102e0 9.090826e-1 -2.43407e-3 -2.43407e-3

1.0e-3 9.520116e-1 2.36107e1 2.36107e1
2.1190002e-2 9.520116e-1 7.1798518e0 7.1798518e0
4.1380005e-2 9.520116e-1 4.8242076e0 4.8242076e0
6.1570007e-2 9.520116e-1 3.6377185e0 3.6377185e0
8.176001e-2 9.520116e-1 2.8871501e0 2.8871501e0
1.0195001e-1 9.520116e-1 2.3589214e0 2.3589214e0
1.2214001e-1 9.520116e-1 1.9626575e0 1.9626575e0
1.4233002e-1 9.520116e-1 1.6527621e0 1.6527621e0
1.6252002e-1 9.520116e-1 1.4030292e0 1.4030292e0
1.8271002e-1 9.520116e-1 1.1971935e0 1.1971935e0
2.0290002e-1 9.520116e-1 1.0242862e0 1.0242862e0
2.2309003e-1 9.520116e-1 8.774936e-1 8.774936e-1
2.4328003e-1 9.520116e-1 7.5127055e-1 7.5127055e-1
2.6347003e-1 9.520116e-1 6.4177196e-1 6.4177196e-1
2.8366003e-1 9.520116e-1 5.4604442e-1 5.4604442e-1
3.0385004e-1 9.520116e-1 4.617564e-1 4.617564e-1
3.2404004e-1 9.520116e-1 3.8718974e-1 3.8718974e-1
3.4423004e-1 9.520116e-1 3.2091548e-1 3.2091548e-1
3.6442004e-1 9.520116e-1 2.618098e-1 2.618098e-1
3.8461005e-1 9.520116e-1 2.088367e-1 2.088367e-1
4.0480005e-1 9.520116e-1 1.6115428e-1 1.6115428e-1
4.2499005e-1 9.520116e-1 1.1830501e-1 1.1830501e-1
4.4518005e-1 9.520116e-1 7.968501e-2 7.968501e-2
4.6537006e-1 9.520116e-1 4.476794e-2 4.476794e-2
4.8556006e-1 9.520116e-1 1.316798e-2 1.316798e-2
5.0575006e-1 9.520116e-1 -1.543523e-2 -1.543523e-2
5.2594006e-1 9.520116e-1 -4.135182e-2 -4.135182e-2
5.4613007e-1 9.520116e-1 -6.483617e-2 -6.483617e-2
5.6632007e-1 9.520116e-1 -8.613622e-2 -8.613622e-2
5.8651007e-1 9.520116e-1 -1.0541508e-1 -1.0541508e-1
6.0670007e-1 9.520116e-1 -1.229263e-1 -1.229263e-1
6.2689008e-1 9.520116e-1 -1.3874776e-1 -1.3874776e-1
6.4708008e-1 9.520116e-1 -1.5303716e-1 -1.5303716e-1
6.6727008e-1 9.520116e-1 -1.6593144e-1 -1.6593144e-1
6.8746008e-1 9.520116e-1 -1.7758e-1 -1.7758e-1
7.0765009e-1 9.520116e-1 -1.8798291e-1 -1.8798291e-1
7.2784009e-1 9.520116e-1 -1.972952e-1 -1.972952e-1
7.4803009e-1 9.520116e-1 -2.0561116e-1 -2.0561116e-1
7.682201e-1 9.520116e-1 -2.1301106e-1 -2.1301106e-1
7.884101e-1 9.520116e-1 -2.1951521e-1 -2.1951521e-1
8.086001e-1 9.520116e-1 -2.2523666e-1 -2.2523666e-1
8.287901e-1 9.520116e-1 -2.3016812e-1 -2.3016812e-1
8.489801e-1 9.520116e-1 -2.3439761e-1 -2.3439761e-1
8.691701e-1 9.520116e-1 -2.3797266e-1 -2.3797266e-1
8.893601e-1 9.520116e-1 -2.4092665e-1 -2.4092665e-1
9.0955011e-1 9.520116e-1 -2.4330803e-1 -2.4330803e-1
9.2974011e-1 9.520116e-1 -2.4515054e-1 -2.4515054e-1
9.4993011e-1 9.520116e-1 -2.4648634e-1 -2.4648634e-1
9.7012012e-1 9.520116e-1 -2.4734634e-1 -2.4734634e-1
9.9031012e-1 9.520116e-1 -2.4775887e-1 -2.4775887e-1
1.0105e0 9.520116e-1 -2.4775201e-1 -2.4775201e-1
1.03069e0 9.520116e-1 -2.4734998e-1 -2.4734998e-1
1.05088e0 9.520116e-1 -2.4657622e-1 -2.4657622e-1
1.0710701e0 9.520116e-1 -2.4544989e-1 -2.4544989e-1
1.09126e0 9.520116e-1 -2.4399478e-1 -2.4399478e-1
1.11145e0 9.520116e-1 -2.4222322e-1 -2.4222322e-1
1.13164e0 9.520116e-1 -2.401641e-1 -2.401641e-1
1.15183e0 9.520116e-1 -2.3782204e-1 -2.3782204e-1
1.1720201e0 9.520116e-1 -2.3521028e-1 -2.3521028e-1
1.1922101e0 9.520116e-1 -2.3235173e-1 -2.3235173e-1
1.2124e0 9.520116e-1 -2.2925893e-1 -2.2925893e-1
1.23259e0 9.520116e-1 -2.2594489e-1 -2.2594489e-1
1.25278e0 9.520116e-1 -2.2241273e-1 -2.2241273e-1
1.2729701e0 9.520116e-1 -2.1868622e-1 -2.1868622e-1
1.2931601e0 9.520116e-1 -2.1476125e-1 -2.1476125e-1
1.31335e0 9.520116e-1 -2.1065909e-1 -2.1065909e-1
1.33354e0 9.520116e-1 -2.0639188e-1 -2.0639188e-1
1.35373e0 9.520116e-1 -2.0195027e-1 -2.0195027e-1
1.3739201e0 9.520116e-1 -1.9736188e-1 -1.9736188e-1
1.3941101e0 9.520116e-1 -1.9262784e-1 -1.9262784e-1
1.4143001e0 9.520116e-1 -1.8774052e-1 -1.8774052e-1
1.43449e0 9.520116e-1 -1.8272519e-1 -1.8272519e-1
1.45468e0 9.520116e-1 -1.7758374e-1 -1.7758374e-1
1.4748701e0 9.520116e-1 -1.7233235e-1 -1.7233235e-1
1.4950601e0 9.520116e-1 -1.6694402e-1 -1.6694402e-1
1.5152501e0 9.520116e-1 -1.6148618e-1 -1.6148618e-1
1.53544e0 9.520116e-1 -1.5590161e-1 -1.5590161e-1
1.55563e0 9.520116e-1 -1.501994e-1 -1.501994e-1
1.5758202e0 9.520116e-1 -1.4441655e-1 -1.4441655e-1
1.5960101e0 9.520116e-1 -1.3854222e-1 -1.3854222e-1
1.6162001e0 9.520116e-1 -1.3260144e-1 -1.3260144e-1
1.63639e0 9.520116e-1 -1.2655278e-1 -1.2655278e-1
1.65658e0 9.520116e-1 -1.2044522e-1 -1.2044522e-1
1.6767702e0 9.520116e-1 -1.142497e-1 -1.142497e-1
1.6969601e0 9.520116e-1 -1.0798627e-1 -1.0798627e-1
1.7171501e0 9.520116e-1 -1.0171452e-1 -1.0171452e-1
1.7373401e0 9.520116e-1 -9.531071e-2 -9.531071e-2
1.75753e0 9.520116e-1 -8.887105e-2 -8.887105e-2
1.7777202e0 9.520116e-1 -8.233853e-2 -8.233853e-2
1.7979102e0 9.520116e-1 -7.577992e-2 -7.577992e-2
1.8181001e0 9.520116e-1 -6.918362e-2 -6.918362e-2
1.8382901e0 9.520116e-1 -6.251187e-2 -6.251187e-2
1.85848e0 9.520116e-1 -5.577985e-2 -5.577985e-2
1.8786702e0 9.520116e-1 -4.903493e-2 -4.903493e-2
1.8988602e0 9.520116e-1 -4.224393e-2 -4.224393e-2
1.9190501e0 9.520116e-1 -3.548894e-2 -3.548894e-2
1.9392401e0 9.520116e-1 -2.861806e-2 -2.861806e-2
1.9594301e0 9.520116e-1 -2.168492e-2 -2.168492e-2
1.9796202e0 9.520116e-1 -1.47189e-2 -1.47189e-2
1.9998102e0 9.520116e-1 -7.77188e-3 -7.77188e-3

1.0e-3 9.949406e-1 2.3608531e1 2.3608531e1
2.1190002e-2 9.949406e-1 7.1776836e0 7.1776836e0
4.1380005e-2 9.949406e-1 4.8220393e0 4.8220393e0
6.1570007e-2 9.949406e-1 3.6355502e0 3.6355502e0
8.176001e-2 9.949406e-1 2.8849818e0 2.8849818e0
1.0195001e-1 9.949406e-1 2.3567531e0 2.3567531e0
1.2214001e-1 9.949406e-1 1.9604892e0 1.9604892e0
1.4233002e-1 9.949406e-1 1.6505939e0 1.6505939e0
1.6252002e-1 9.949406e-1 1.4008609e0 1.4008609e0
1.8271002e-1 9.949406e-1 1.1950252e0 1.1950252e0
2.0290002e-1 9.949406e-1 1.0221179e0 1.0221179e0
2.2309003e-1 9.949406e-1 8.753253e-1 8.753253e-1
2.4328003e-1 9.949406e-1 7.4910231e-1 7.4910231e-1
2.6347003e-1 9.949406e-1 6.3960371e-1 6.3960371e-1
2.8366003e-1 9.949406e-1 5.4387617e-1 5.4387617e-1
3.0385004e-1 9.949406e-1 4.5958815e-1 4.5958815e-1
3.2404004e-1 9.949406e-1 3.850215e-1 3.850215e-1
3.4423004e-1 9.949406e-1 3.1874724e-1 3.1874724e-1
3.6442004e-1 9.949406e-1 2.5964156e-1 2.5964156e-1
3.8461005e-1 9.949406e-1 2.0666846e-1 2.0666846e-1
4.0480005e-1 9.949406e-1 1.5898604e-1 1.5898604e-1
4.2499005e-1 9.949406e-1 1.1613676e-1 1.1613676e-1
4.4518005e-1 9.949406e-1 7.751677e-2 7.751677e-2
4.6537006e-1 9.949406e-1 4.25997e-2 4.25997e-2
4.8556006e-1 9.949406e-1 1.099974e-2 1.099974e-2
5.0575006e-1 9.949406e-1 -1.760347e-2 -1.760347e-2
5.2594006e-1 9.949406e-1 -4.352007e-2 -4.352007e-2
5.4613007e-1 9.949406e-1 -6.700441e-2 -6.700441e-2
5.6632007e-1 9.949406e-1 -8.830446e-2 -8.830446e-2
5.8651007e-1 9.949406e-1 -1.0758333e-1 -1.0758333e-1
6.0670007e-1 9.949406e-1 -1.2509454e-1 -1.2509454e-1
6.2689008e-1 9.949406e-1 -1.40916e-1 -1.40916e-1
6.4708008e-1 9.949406e-1 -1.552054e-1 -1.552054e-1
6.6727008e-1 9.949406e-1 -1.6809969e-1 -1.6809969e-1
6.8746008e-1 9.949406e-1 -1.7974825e-1 -1.7974825e-1
7.0765009e-1 9.949406e-1 -1.9015115e-1 -1.9015115e-1
7.2784009e-1 9.949406e-1 -1.9946344e-1 -1.9946344e-1
7.4803009e-1 9.949406e-1 -2.077794e-1 -2.077794e-1
7.682201e-1 9.949406e-1 -2.151793e-1 -2.151793e-1
7.884101e-1 9.949406e-1 -2.2168346e-1 -2.2168346e-1
8.086001e-1 9.949406e-1 -2.274049e-1 -2.274049e-1
8.287901e-1 9.949406e-1 -2.3233636e-1 -2.3233636e-1
8.489801e-1 9.949406e-1 -2.3656586e-1 -2.3656586e-1
8.691701e-1 9.949406e-1 -2.401409e-1 -2.401409e-1
8.893601e-1 9.949406e-1 -2.430949e-1 -2.430949e-1
9.0955011e-1 9.949406e-1 -2.4547627e-1 -2.4547627e-1
9.2974011e-1 9.949406e-1 -2.4731879e-1 -2.4731879e-1
9.4993011e-1 9.949406e-1 -2.4865459e-1 -2.4865459e-1
9.7012012e-1 9.949406e-1 -2.4951459e-1 -2.4951459e-1
9.9031012e-1 9.949406e-1 -2.4992711e-1 -2.4992711e-1
1.0105e0 9.949406e-1 -2.4992026e-1 -2.4992026e-1
1.03069e0 9.949406e-1 -2.4951822e-1 -2.4951822e-1
1.05088e0 9.949406e-1 -2.4874446e-1 -2.4874446e-1
1.0710701e0 9.949406e-1 -2.4761813e-1 -2.4761813e-1
1.09126e0 9.949406e-1 -2.4616302e-1 -2.4616302e-1
1.11145e0 9.949406e-1 -2.4439146e-1 -2.4439146e-1
1.13164e0 9.949406e-1 -2.4233234e-1 -2.4233234e-1
1.15183e0 9.949406e-1 -2.3999028e-1 -2.3999028e-1
1.1720201e0 9.949406e-1 -2.3737852e-1 -2.3737852e-1
1.1922101e0 9.949406e-1 -2.3451997e-1 -2.3451997e-1
1.2124e0 9.949406e-1 -2.3142717e-1 -2.3142717e-1
1.23259e0 9.949406e-1 -2.2811313e-1 -2.2811313e-1
1.25278e0 9.949406e-1 -2.2458098e-1 -2.2458098e-1
1.2729701e0 9.949406e-1 -2.2085446e-1 -2.2085446e-1
1.2931601e0 9.949406e-1 -2.1692949e-1 -2.1692949e-1
1.31335e0 9.949406e-1 -2.1282733e-1 -2.1282733e-1
1.33354e0 9.949406e-1 -2.0856012e-1 -2.0856012e-1
1.35373e0 9.949406e-1 -2.0411852e-1 -2.0411852e-1
1.3739201e0 9.949406e-1 -1.9953012e-1 -1.9953012e-1
1.3941101e0 9.949406e-1 -1.9479608e-1 -1.9479608e-1
1.4143001e0 9.949406e-1 -1.8990877e-1 -1.8990877e-1
1.43449e0 9.949406e-1 -1.8489343e-1 -1.8489343e-1
1.45468e0 9.949406e-1 -1.7975198e-1 -1.7975198e-1
1.4748701e0 9.949406e-1 -1.745006e-1 -1.745006e-1
1.4950601e0 9.949406e-1 -1.6911226e-1 -1.6911226e-1
1.5152501e0 9.949406e-1 -1.6365442e-1 -1.6365442e-1
1.53544e0 9.949406e-1 -1.5806985e-1 -1.5806985e-1
1.55563e0 9.949406e-1 -1.5236765e-1 -1.5236765e-1
1.5758202e0 9.949406e-1 -1.465848e-1 -1.465848e-1
1.5960101e0 9.949406e-1 -1.4071046e-1 -1.4071046e-1
1.6162001e0 9.949406e-1 -1.3476968e-1 -1.3476968e-1
1.63639e0 9.949406e-1 -1.2872102e-1 -1.2872102e-1
1.65658e0 9.949406e-1 -1.2261346e-1 -1.2261346e-1
1.6767702e0 9.949406e-1 -1.1641794e-1 -1.1641794e-1
1.6969601e0 9.949406e-1 -1.1015451e-1 -1.1015451e-1
1.7171501e0 9.949406e-1 -1.0388277e-1 -1.0388277e-1
1.7373401e0 9.949406e-1 -9.747896e-2 -9.747896e-2
1.75753e0 9.949406e-1 -9.103929e-2 -9.103929e-2
1.7777202e0 9.949406e-1 -8.450677e-2 -8.450677e-2
1.7979102e0 9.949406e-1 -7.794817e-2 -7.794817e-2
1.8181001e0 9.949406e-1 -7.135187e-2 -7.135187e-2
1.8382901e0 9.949406e-1 -6.468011e-2 -6.468011e-2
1.85848e0 9.949406e-1 -5.794809e-2 -5.794809e-2
1.8786702e0 9.949406e-1 -5.120317e-2 -5.120317e-2
1.8988602e0 9.949406e-1 -4.441217e-2 -4.441217e-2
1.9190501e0 9.949406e-1 -3.765718e-2 -3.765718e-2
1.9392401e0 9.949406e-1 -3.07863e-2 -3.07863e-2
1.9594301e0 9.949406e-1 -2.385316e-2 -2.385316e-2
1.9796202e0 9.949406e-1 -1.688715e-2 -1.688715e-2
1.9998102e0 9.949406e-1 -9.94012e-3 -9.94012e-3

1.0e-3 1.0378696e0 2.3609995e1 2.3609995e1
2.1190002e-2 1.0378696e0 7.179147e0 7.179147e0
4.1380005e-2 1.0378696e0 4.8235028e0 4.8235028e0
6.1570007e-2 1.0378696e0 3.6370137e0 3.6370137e0
8.176001e-2 1.0378696e0 2.8864453e0 2.8864453e0
1.0195001e-1 1.0378696e0 2.3582166e0 2.3582166e0
1.2214001e-1 1.0378696e0 1.9619527e0 1.9619527e0
1.4233002e-1 1.0378696e0 1.6520573e0 1.6520573e0
1.6252002e-1 1.0378696e0 1.4023244e0 1.4023244e0
1.8271002e-1 1.0378696e0 1.1964886e0 1.1964886e0
2.0290002e-1 1.0378696e0 1.0235814e0 1.0235814e0
2.2309003e-1 1.0378696e0 8.767888e-1 8.767888e-1
2.4328003e-1 1.0378696e0 7.5056575e-1 7.5056575e-1
2.6347003e-1 1.0378696e0 6.4106715e-1 6.4106715e-1
2.8366003e-1 1.0378696e0 5.4533961e-1 5.4533961e-1
3.0385004e-1 1.0378696e0 4.6105159e-1 4.6105159e-1
3.2404004e-1 1.0378696e0 3.8648494e-1 3.8648494e-1
3.4423004e-1 1.0378696e0 3.2021068e-1 3.2021068e-1
3.6442004e-1 1.0378696e0 2.61105e-1 2.61105e-1
3.8461005e-1 1.0378696e0 2.081319e-1 2.081319e-1
4.0480005e-1 1.0378696e0 1.6044948e-1 1.6044948e-1
4.2499005e-1 1.0378696e0 1.176002e-1 1.176002e-1
4.4518005e-1 1.0378696e0 7.898021e-2 7.898021e-2
4.6537006e-1 1.0378696e0 4.406314e-2 4.406314e-2
4.8556006e-1 1.0378696e0 1.246318e-2 1.246318e-2
5.0575006e-1 1.0378696e0 -1.614003e-2 -1.614003e-2
5.2594006e-1 1.0378696e0 -4.205663e-2 -4.205663e-2
5.4613007e-1 1.0378696e0 -6.554097e-2 -6.554097e-2
5.6632007e-1 1.0378696e0 -8.684102e-2 -8.684102e-2
5.8651007e-1 1.0378696e0 -1.0611989e-1 -1.0611989e-1
6.0670007e-1 1.0378696e0 -1.236311e-1 -1.236311e-1
6.2689008e-1 1.0378696e0 -1.3945256e-1 -1.3945256e-1
6.4708008e-1 1.0378696e0 -1.5374196e-1 -1.5374196e-1
6.6727008e-1 1.0378696e0 -1.6663625e-1 -1.6663625e-1
6.8746008e-1 1.0378696e0 -1.782848e-1 -1.782848e-1
7.0765009e-1 1.0378696e0 -1.8868771e-1 -1.8868771e-1
7.2784009e-1 1.0378696e0 -1.98e-1 -1.98e-1
7.4803009e-1 1.0378696e0 -2.0631596e-1 -2.0631596e-1
7.682201e-1 1.0378696e0 -2.1371587e-1 -2.1371587e-1
7.884101e-1 1.0378696e0 -2.2022002e-1 -2.2022002e-1
8.086001e-1 1.0378696e0 -2.2594147e-1 -2.2594147e-1
8.287901e-1 1.0378696e0 -2.3087292e-1 -2.3087292e-1
8.489801e-1 1.0378696e0 -2.3510242e-1 -2.3510242e-1
8.691701e-1 1.0378696e0 -2.3867746e-1 -2.3867746e-1
8.893601e-1 1.0378696e0 -2.4163145e-1 -2.4163145e-1
9.0955011e-1 1.0378696e0 -2.4401283e-1 -2.4401283e-1
9.2974011e-1 1.0378696e0 -2.4585535e-1 -2.4585535e-1
9.4993011e-1 1.0378696e0 -2.4719115e-1 -2.4719115e-1
9.7012012e-1 1.0378696e0 -2.4805115e-1 -2.4805115e-1
9.9031012e-1 1.0378696e0 -2.4846367e-1 -2.4846367e-1
1.0105e0 1.0378696e0 -2.4845682e-1 -2.4845682e-1
1.03069e0 1.0378696e0 -2.4805478e-1 -2.4805478e-1
1.05088e0 1.0378696e0 -2.4728102e-1 -2.4728102e-1
1.0710701e0 1.0378696e0 -2.461547e-1 -2.461547e-1
1.09126e0 1.0378696e0 -2.4469958e-1 -2.4469958e-1
1.11145e0 1.0378696e0 -2.4292802e-1 -2.4292802e-1
1.13164e0 1.0378696e0 -2.408689e-1 -2.408689e-1
1.15183e0 1.0378696e0 -2.3852684e-1 -2.3852684e-1
1.1720201e0 1.0378696e0 -2.3591508e-1 -2.3591508e-1
1.1922101e0 1.0378696e0 -2.3305653e-1 -2.3305653e-1
1.2124e0 1.0378696e0 -2.2996373e-1 -2.2996373e-1
1.23259e0 1.0378696e0 -2.2664969e-1 -2.2664969e-1
1.25278e0 1.0378696e0 -2.2311754e-1 -2.2311754e-1
1.2729701e0 1.0378696e0 -2.1939102e-1 -2.1939102e-1
1.2931601e0 1.0378696e0 -2.1546605e-1 -2.1546605e-1
1.31335e0 1.0378696e0 -2.1136389e-1 -2.1136389e-1
1.33354e0 1.0378696e0 -2.0709668e-1 -2.0709668e-1
1.35373e0 1.0378696e0 -2.0265508e-1 -2.0265508e-1
1.3739201e0 1.0378696e0 -1.9806668e-1 -1.9806668e-1
1.3941101e0 1.0378696e0 -1.9333264e-1 -1.9333264e-1
1.4143001e0 1.0378696e0 -1.8844533e-1 -1.8844533e-1
1.43449e0 1.0378696e0 -1.8343e-1 -1.8343e-1
1.45468e0 1.0378696e0 -1.7828854e-1 -1.7828854e-1
1.4748701e0 1.0378696e0 -1.7303716e-1 -1.7303716e-1
1.4950601e0 1.0378696e0 -1.6764882e-1 -1.6764882e-1
1.5152501e0 1.0378696e0 -1.6219098e-1 -1.6219098e-1
1.53544e0 1.0378696e0 -1.5660641e-1 -1.5660641e-1
1.55563e0 1.0378696e0 -1.509042e-1 -1.509042e-1
1.5758202e0 1.0378696e0 -1.4512135e-1 -1.4512135e-1
1.5960101e0 1.0378696e0 -1.3924702e-1 -1.3924702e-1
1.6162001e0 1.0378696e0 -1.3330624e-1 -1.3330624e-1
1.63639e0 1.0378696e0 -1.2725758e-1 -1.2725758e-1
1.65658e0 1.0378696e0 -1.2115002e-1 -1.2115002e-1
1.6767702e0 1.0378696e0 -1.149545e-1 -1.149545e-1
1.6969601e0 1.0378696e0 -1.0869107e-1 -1.0869107e-1
1.7171501e0 1.0378696e0 -1.0241933e-1 -1.0241933e-1
1.7373401e0 1.0378696e0 -9.601552e-2 -9.601552e-2
1.75753e0 1.0378696e0 -8.957585e-2 -8.957585e-2
1.7777202e0 1.0378696e0 -8.304333e-2 -8.304333e-2
1.7979102e0 1.0378696e0 -7.648473e-2 -7.648473e-2
1.8181001e0 1.0378696e0 -6.988843e-2 -6.988843e-2
1.8382901e0 1.0378696e0 -6.321667e-2 -6.321667e-2
1.85848e0 1.0378696e0 -5.648465e-2 -5.648465e-2
1.8786702e0 1.0378696e0 -4.973973e-2 -4.973973e-2
1.8988602e0 1.0378696e0 -4.294873e-2 -4.294873e-2
1.9190501e0 1.0378696e0 -3.619374e-2 -3.619374e-2
1.9392401e0 1.0378696e0 -2.932286e-2 -2.932286e-2
1.9594301e0 1.0378696e0 -2.238972e-2 -2.238972e-2
1.9796202e0 1.0378696e0 -1.54237e-2 -1.54237e-2
1.9998102e0 1.0378696e0 -8.47668e-3 -8.47668e-3

1.0e-3 1.0807985e0 2.3615573e1 2.3615573e1
2.1190002e-2 1.0807985e0 7.1847246e0 7.1847246e0
4.1380005e-2 1.0807985e0 4.8290804e0 4.8290804e0
6.1570007e-2 1.0807985e0 3.6425912e0 3.6425912e0
8.176001e-2 1.0807985e0 2.8920229e0 2.8920229e0
1.0195001e-1 1.0807985e0 2.3637941e0 2.3637941e0
1.2214001e-1 1.0807985e0 1.9675302e0 1.9675302e0
1.4233002e-1 1.0807985e0 1.6576349e0 1.6576349e0
1.6252002e-1 1.0807985e0 1.4079019e0 1.4079019e0
1.8271002e-1 1.0807985e0 1.2020662e0 1.2020662e0
2.0290002e-1 1.0807985e0 1.029159e0 1.029159e0
2.2309003e-1 1.0807985e0 8.823663e-1 8.823663e-1
2.4328003e-1 1.0807985e0 7.561433e-1 7.561433e-1
2.6347003e-1 1.0807985e0 6.466447e-1 6.466447e-1
2.8366003e-1 1.0807985e0 5.5091716e-1 5.5091716e-1
3.0385004e-1 1.0807985e0 4.6662914e-1 4.6662914e-1
3.2404004e-1 1.0807985e0 3.9206248e-1 3.9206248e-1
3.4423004e-1 1.0807985e0 3.2578822e-1 3.2578822e-1
3.6442004e-1 1.0807985e0 2.6668254e-1 2.6668254e-1
3.8461005e-1 1.0807985e0 2.1370944e-1 2.1370944e-1
4.0480005e-1 1.0807985e0 1.6602702e-1 1.6602702e-1
4.2499005e-1 1.0807985e0 1.2317775e-1 1.2317775e-1
4.4518005e-1 1.0807985e0 8.455775e-2 8.455775e-2
4.6537006e-1 1.0807985e0 4.964069e-2 4.964069e-2
4.8556006e-1 1.0807985e0 1.804073e-2 1.804073e-2
5.0575006e-1 1.0807985e0 -1.056248e-2 -1.056248e-2
5.2594006e-1 1.0807985e0 -3.647908e-2 -3.647908e-2
5.4613007e-1 1.0807985e0 -5.996342e-2 -5.996342e-2
5.6632007e-1 1.0807985e0 -8.126347e-2 -8.126347e-2
5.8651007e-1 1.0807985e0 -1.0054234e-1 -1.0054234e-1
6.0670007e-1 1.0807985e0 -1.1805356e-1 -1.1805356e-1
6.2689008e-1 1.0807985e0 -1.3387502e-1 -1.3387502e-1
6.4708008e-1 1.0807985e0 -1.4816441e-1 -1.4816441e-1
6.6727008e-1 1.0807985e0 -1.610587e-1 -1.610587e-1
6.8746008e-1 1.0807985e0 -1.7270726e-1 -1.7270726e-1
7.0765009e-1 1.0807985e0 -1.8311017e-1 -1.8311017e-1
7.2784009e-1 1.0807985e0 -1.9242245e-1 -1.9242245e-1
7.4803009e-1 1.0807985e0 -2.0073842e-1 -2.0073842e-1
7.682201e-1 1.0807985e0 -2.0813832e-1 -2.0813832e-1
7.884101e-1 1.0807985e0 -2.1464247e-1 -2.1464247e-1
8.086001e-1 1.0807985e0 -2.2036392e-1 -2.2036392e-1
8.287901e-1 1.0807985e0 -2.2529538e-1 -2.2529538e-1
8.489801e-1 1.0807985e0 -2.2952487e-1 -2.2952487e-1
8.691701e-1 1.0807985e0 -2.3309991e-1 -2.3309991e-1
8.893601e-1 1.0807985e0 -2.3605391e-1 -2.3605391e-1
9.0955011e-1 1.0807985e0 -2.3843529e-1 -2.3843529e-1
9.2974011e-1 1.0807985e0 -2.402778e-1 -2.402778e-1
9.4993011e-1 1.0807985e0 -2.416136e-1 -2.416136e-1
9.7012012e-1 1.0807985e0 -2.424736e-1 -2.424736e-1
9.9031012e-1 1.0807985e0 -2.4288612e-1 -2.4288612e-1
1.0105e0 1.0807985e0 -2.4287927e-1 -2.4287927e-1
1.03069e0 1.0807985e0 -2.4247723e-1 -2.4247723e-1
1.05088e0 1.0807985e0 -2.4170348e-1 -2.4170348e-1
1.0710701e0 1.0807985e0 -2.4057715e-1 -2.4057715e-1
1.09126e0 1.0807985e0 -2.3912204e-1 -2.3912204e-1
1.11145e0 1.0807985e0 -2.3735048e-1 -2.3735048e-1
1.13164e0 1.0807985e0 -2.3529135e-1 -2.3529135e-1
1.15183e0 1.0807985e0 -2.329493e-1 -2.329493e-1
1.1720201e0 1.0807985e0 -2.3033754e-1 -2.3033754e-1
1.1922101e0 1.0807985e0 -2.2747899e-1 -2.2747899e-1
1.2124e0 1.0807985e0 -2.2438618e-1 -2.2438618e-1
1.23259e0 1.0807985e0 -2.2107214e-1 -2.2107214e-1
1.25278e0 1.0807985e0 -2.1754e-1 -2.1754e-1
1.2729701e0 1.0807985e0 -2.1381348e-1 -2.1381348e-1
1.2931601e0 1.0807985e0 -2.098885e-1 -2.098885e-1
1.31335e0 1.0807985e0 -2.0578635e-1 -2.0578635e-1
1.33354e0 1.0807985e0 -2.0151913e-1 -2.0151913e-1
1.35373e0 1.0807985e0 -1.9707753e-1 -1.9707753e-1
1.3739201e0 1.0807985e0 -1.9248914e-1 -1.9248914e-1
1.3941101e0 1.0807985e0 -1.877551e-1 -1.877551e-1
1.4143001e0 1.0807985e0 -1.8286778e-1 -1.8286778e-1
1.43449e0 1.0807985e0 -1.7785245e-1 -1.7785245e-1
1.45468e0 1.0807985e0 -1.72711e-1 -1.72711e-1
1.4748701e0 1.0807985e0 -1.6745961e-1 -1.6745961e-1
1.4950601e0 1.0807985e0 -1.6207127e-1 -1.6207127e-1
1.5152501e0 1.0807985e0 -1.5661343e-1 -1.5661343e-1
1.53544e0 1.0807985e0 -1.5102887e-1 -1.5102887e-1
1.55563e0 1.0807985e0 -1.4532666e-1 -1.4532666e-1
1.5758202e0 1.0807985e0 -1.3954381e-1 -1.3954381e-1
1.5960101e0 1.0807985e0 -1.3366948e-1 -1.3366948e-1
1.6162001e0 1.0807985e0 -1.277287e-1 -1.277287e-1
1.63639e0 1.0807985e0 -1.2168004e-1 -1.2168004e-1
1.65658e0 1.0807985e0 -1.1557248e-1 -1.1557248e-1
1.6767702e0 1.0807985e0 -1.0937695e-1 -1.0937695e-1
1.6969601e0 1.0807985e0 -1.0311353e-1 -1.0311353e-1
1.7171501e0 1.0807985e0 -9.684178e-2 -9.684178e-2
1.7373401e0 1.0807985e0 -9.043797e-2 -9.043797e-2
1.75753e0 1.0807985e0 -8.39983e-2 -8.39983e-2
1.7777202e0 1.0807985e0 -7.746579e-2 -7.746579e-2
1.7979102e0 1.0807985e0 -7.090718e-2 -7.090718e-2
1.8181001e0 1.0807985e0 -6.431088e-2 -6.431088e-2
1.8382901e0 1.0807985e0 -5.763913e-2 -5.763913e-2
1.85848e0 1.0807985e0 -5.09071e-2 -5.09071e-2
1.8786702e0 1.0807985e0 -4.416219e-2 -4.416219e-2
1.8988602e0 1.0807985e0 -3.737119e-2 -3.737119e-2
1.9190501e0 1.0807985e0 -3.06162e-2 -3.06162e-2
1.9392401e0 1.0807985e0 -2.374532e-2 -2.374532e-2
1.9594301e0 1.0807985e0 -1.681218e-2 -1.681218e-2
1.9796202e0 1.0807985e0 -9.84616e-3 -9.84616e-3
1.9998102e0 1.0807985e0 -2.89914e-3 -2.89914e-3

1.0e-3 1.1237276e0 2.3625768e1 2.3625768e1
2.1190002e-2 1.1237276e0 7.1949191e0 7.1949191e0
4.1380005e-2 1.1237276e0 4.8392749e0 4.8392749e0
6.1570007e-2 1.1237276e0 3.6527858e0 3.6527858e0
8.176001e-2 1.1237276e0 2.9022174e0 2.9022174e0
1.0195001e-1 1.1237276e0 2.3739886e0 2.3739886e0
1.2214001e-1 1.1237276e0 1.9777248e0 1.9777248e0
1.4233002e-1 1.1237276e0 1.6678294e0 1.6678294e0
1.6252002e-1 1.1237276e0 1.4180965e0 1.4180965e0
1.8271002e-1 1.1237276e0 1.2122607e0 1.2122607e0
2.0290002e-1 1.1237276e0 1.0393535e0 1.0393535e0
2.2309003e-1 1.1237276e0 8.925609e-1 8.925609e-1
2.4328003e-1 1.1237276e0 7.6633788e-1 7.6633788e-1
2.6347003e-1 1.1237276e0 6.5683928e-1 6.5683928e-1
2.8366003e-1 1.1237276e0 5.6111174e-1 5.6111174e-1
3.0385004e-1 1.1237276e0 4.7682372e-1 4.7682372e-1
3.2404004e-1 1.1237276e0 4.0225706e-1 4.0225706e-1
3.4423004e-1 1.1237276e0 3.359828e-1 3.359828e-1
3.6442004e-1 1.1237276e0 2.7687712e-1 2.7687712e-1
3.8461005e-1 1.1237276e0 2.2390402e-1 2.2390402e-1
4.0480005e-1 1.1237276e0 1.762216e-1 1.762216e-1
4.2499005e-1 1.1237276e0 1.3337233e-1 1.3337233e-1
4.4518005e-1 1.1237276e0 9.475233e-2 9.475233e-2
4.6537006e-1 1.1237276e0 5.983527e-2 5.983527e-2
4.8556006e-1 1.1237276e0 2.82353e-2 2.82353e-2
5.0575006e-1 1.1237276e0 -3.679e-4 -3.679e-4
5.2594006e-1 1.1237276e0 -2.62845e-2 -2.62845e-2
5.4613007e-1 1.1237276e0 -4.976884e-2 -4.976884e-2
5.6632007e-1 1.1237276e0 -7.10689e-2 -7.10689e-2
5.8651007e-1 1.1237276e0 -9.034776e-2 -9.034776e-2
6.0670007e-1 1.1237276e0 -1.0785898e-1 -1.0785898e-1
6.2689008e-1 1.1237276e0 -1.2368044e-1 -1.2368044e-1
6.4708008e-1 1.1237276e0 -1.3796983e-1 -1.3796983e-1
6.6727008e-1 1.1237276e0 -1.5086412e-1 -1.5086412e-1
6.8746008e-1 1.1237276e0 -1.6251268e-1 -1.6251268e-1
7.0765009e-1 1.1237276e0 -1.7291559e-1 -1.7291559e-1
7.2784009e-1 1.1237276e0 -1.8222787e-1 -1.8222787e-1
7.4803009e-1 1.1237276e0 -1.9054384e-1 -1.9054384e-1
7.682201e-1 1.1237276e0 -1.9794374e-1 -1.9794374e-1
7.884101e-1 1.1237276e0 -2.0444789e-1 -2.0444789e-1
8.086001e-1 1.1237276e0 -2.1016934e-1 -2.1016934e-1
8.287901e-1 1.1237276e0 -2.151008e-1 -2.151008e-1
8.489801e-1 1.1237276e0 -2.1933029e-1 -2.1933029e-1
8.691701e-1 1.1237276e0 -2.2290533e-1 -2.2290533e-1
8.893601e-1 1.1237276e0 -2.2585933e-1 -2.2585933e-1
9.0955011e-1 1.1237276e0 -2.282407e-1 -2.282407e-1
9.2974011e-1 1.1237276e0 -2.3008322e-1 -2.3008322e-1
9.4993011e-1 1.1237276e0 -2.3141902e-1 -2.3141902e-1
9.7012012e-1 1.1237276e0 -2.3227902e-1 -2.3227902e-1
9.9031012e-1 1.1237276e0 -2.3269154e-1 -2.3269154e-1
1.0105e0 1.1237276e0 -2.326847e-1 -2.326847e-1
1.03069e0 1.1237276e0 -2.3228265e-1 -2.3228265e-1
1.05088e0 1.1237276e0 -2.315089e-1 -2.315089e-1
1.0710701e0 1.1237276e0 -2.3038257e-1 -2.3038257e-1
1.09126e0 1.1237276e0 -2.2892746e-1 -2.2892746e-1
1.11145e0 1.1237276e0 -2.271559e-1 -2.271559e-1
1.13164e0 1.1237276e0 -2.2509677e-1 -2.2509677e-1
1.15183e0 1.1237276e0 -2.2275471e-1 -2.2275471e-1
1.1720201e0 1.1237276e0 -2.2014296e-1 -2.2014296e-1
1.1922101e0 1.1237276e0 -2.1728441e-1 -2.1728441e-1
1.2124e0 1.1237276e0 -2.141916e-1 -2.141916e-1
1.23259e0 1.1237276e0 -2.1087756e-1 -2.1087756e-1
1.25278e0 1.1237276e0 -2.0734541e-1 -2.0734541e-1
1.2729701e0 1.1237276e0 -2.036189e-1 -2.036189e-1
1.2931601e0 1.1237276e0 -1.9969392e-1 -1.9969392e-1
1.31335e0 1.1237276e0 -1.9559177e-1 -1.9559177e-1
1.33354e0 1.1237276e0 -1.9132455e-1 -1.9132455e-1
1.35373e0 1.1237276e0 -1.8688295e-1 -1.8688295e-1
1.3739201e0 1.1237276e0 -1.8229456e-1 -1.8229456e-1
1.3941101e0 1.1237276e0 -1.7756052e-1 -1.7756052e-1
1.4143001e0 1.1237276e0 -1.726732e-1 -1.726732e-1
1.43449e0 1.1237276e0 -1.6765787e-1 -1.6765787e-1
1.45468e0 1.1237276e0 -1.6251642e-1 -1.6251642e-1
1.4748701e0 1.1237276e0 -1.5726503e-1 -1.5726503e-1
1.4950601e0 1.1237276e0 -1.518767e-1 -1.518767e-1
1.5152501e0 1.1237276e0 -1.4641885e-1 -1.4641885e-1
1.53544e0 1.1237276e0 -1.4083429e-1 -1.4083429e-1
1.55563e0 1.1237276e0 -1.3513208e-1 -1.3513208e-1
1.5758202e0 1.1237276e0 -1.2934923e-1 -1.2934923e-1
1.5960101e0 1.1237276e0 -1.234749e-1 -1.234749e-1
1.6162001e0 1.1237276e0 -1.1753412e-1 -1.1753412e-1
1.63639e0 1.1237276e0 -1.1148546e-1 -1.1148546e-1
1.65658e0 1.1237276e0 -1.053779e-1 -1.053779e-1
1.6767702e0 1.1237276e0 -9.918237e-2 -9.918237e-2
1.6969601e0 1.1237276e0 -9.291895e-2 -9.291895e-2
1.7171501e0 1.1237276e0 -8.66472e-2 -8.66472e-2
1.7373401e0 1.1237276e0 -8.02434e-2 -8.02434e-2
1.75753e0 1.1237276e0 -7.380373e-2 -7.380373e-2
1.7777202e0 1.1237276e0 -6.727121e-2 -6.727121e-2
1.7979102e0 1.1237276e0 -6.07126e-2 -6.07126e-2
1.8181001e0 1.1237276e0 -5.41163e-2 -5.41163e-2
1.8382901e0 1.1237276e0 -4.744455e-2 -4.744455e-2
1.85848e0 1.1237276e0 -4.071252e-2 -4.071252e-2
1.8786702e0 1.1237276e0 -3.39676e-2 -3.39676e-2
1.8988602e0 1.1237276e0 -2.71766e-2 -2.71766e-2
1.9190501e0 1.1237276e0 -2.042162e-2 -2.042162e-2
1.9392401e0 1.1237276e0 -1.355074e-2 -1.355074e-2
1.9594301e0 1.1237276e0 -6.6176e-3 -6.6176e-3
1.9796202e0 1.1237276e0 3.4842e-4 3.4842e-4
1.9998102e0 1.1237276e0 7.29544e-3 7.29544e-3

1.0e-3 1.1666565e0 2.3641103e1 2.3641103e1
2.1190002e-2 1.1666565e0 7.210254e0 7.210254e0
4.1380005e-2 1.1666565e0 4.8546098e0 4.8546098e0
6.1570007e-2 1.1666565e0 3.6681207e0 3.6681207e0
8.176001e-2 1.1666565e0 2.9175523e0 2.9175523e0
1.0195001e-1 1.1666565e0 2.3893236e0 2.3893236e0
1.2214001e-1 1.1666565e0 1.9930597e0 1.9930597e0
1.4233002e-1 1.1666565e0 1.6831644e0 1.6831644e0
1.6252002e-1 1.1666565e0 1.4334314e0 1.4334314e0
1.8271002e-1 1.1666565e0 1.2275957e0 1.2275957e0
2.0290002e-1 1.1666565e0 1.0546884e0 1.0546884e0
2.2309003e-1 1.1666565e0 9.078958e-1 9.078958e-1
2.4328003e-1 1.1666565e0 7.816728e-1 7.816728e-1
2.6347003e-1 1.1666565e0 6.7217421e-1 6.7217421e-1
2.8366003e-1 1.1666565e0 5.7644667e-1 5.7644667e-1
3.0385004e-1 1.1666565e0 4.9215865e-1 4.9215865e-1
3.2404004e-1 1.1666565e0 4.17592e-1 4.17592e-1
3.4423004e-1 1.1666565e0 3.5131773e-1 3.5131773e-1
3.6442004e-1 1.1666565e0 2.9221205e-1 2.9221205e-1
3.8461005e-1 1.1666565e0 2.3923895e-1 2.3923895e-1
4.0480005e-1 1.1666565e0 1.9155653e-1 1.9155653e-1
4.2499005e-1 1.1666565e0 1.4870726e-1 1.4870726e-1
4.4518005e-1 1.1666565e0 1.1008727e-1 1.1008727e-1
4.6537006e-1 1.1666565e0 7.51702e-2 7.51702e-2
4.8556006e-1 1.1666565e0 4.357024e-2 4.357024e-2
5.0575006e-1 1.1666565e0 1.496703e-2 1.496703e-2
5.2594006e-1 1.1666565e0 -1.094957e-2 -1.094957e-2
5.4613007e-1 1.1666565e0 -3.443391e-2 -3.443391e-2
5.6632007e-1 1.1666565e0 -5.573396e-2 -5.573396e-2
5.8651007e-1 1.1666565e0 -7.501283e-2 -7.501283e-2
6.0670007e-1 1.1666565e0 -9.252405e-2 -9.252405e-2
6.2689008e-1 1.1666565e0 -1.083455e-1 -1.083455e-1
6.4708008e-1 1.1666565e0 -1.226349e-1 -1.226349e-1
6.6727008e-1 1.1666565e0 -1.3552919e-1 -1.3552919e-1
6.8746008e-1 1.1666565e0 -1.4717775e-1 -1.4717775e-1
7.0765009e-1 1.1666565e0 -1.5758066e-1 -1.5758066e-1
7.2784009e-1 1.1666565e0 -1.6689294e-1 -1.6689294e-1
7.4803009e-1 1.1666565e0 -1.7520891e-1 -1.7520891e-1
7.682201e-1 1.1666565e0 -1.8260881e-1 -1.8260881e-1
7.884101e-1 1.1666565e0 -1.8911296e-1 -1.8911296e-1
8.086001e-1 1.1666565e0 -1.9483441e-1 -1.9483441e-1
8.287901e-1 1.1666565e0 -1.9976587e-1 -1.9976587e-1
8.489801e-1 1.1666565e0 -2.0399536e-1 -2.0399536e-1
8.691701e-1 1.1666565e0 -2.075704e-1 -2.075704e-1
8.893601e-1 1.1666565e0 -2.105244e-1 -2.105244e-1
9.0955011e-1 1.1666565e0 -2.1290578e-1 -2.1290578e-1
9.2974011e-1 1.1666565e0 -2.1474829e-1 -2.1474829e-1
9.4993011e-1 1.1666565e0 -2.1608409e-1 -2.1608409e-1
9.7012012e-1 1.1666565e0 -2.1694409e-1 -2.1694409e-1
9.9031012e-1 1.1666565e0 -2.1735661e-1 -2.1735661e-1
1.0105e0 1.1666565e0 -2.1734976e-1 -2.1734976e-1
1.03069e0 1.1666565e0 -2.1694772e-1 -2.1694772e-1
1.05088e0 1.1666565e0 -2.1617397e-1 -2.1617397e-1
1.0710701e0 1.1666565e0 -2.1504764e-1 -2.1504764e-1
1.09126e0 1.1666565e0 -2.1359253e-1 -2.1359253e-1
1.11145e0 1.1666565e0 -2.1182097e-1 -2.1182097e-1
1.13164e0 1.1666565e0 -2.0976184e-1 -2.0976184e-1
1.15183e0 1.1666565e0 -2.0741978e-1 -2.0741978e-1
1.1720201e0 1.1666565e0 -2.0480803e-1 -2.0480803e-1
1.1922101e0 1.1666565e0 -2.0194948e-1 -2.0194948e-1
1.2124e0 1.1666565e0 -1.9885667e-1 -1.9885667e-1
1.23259e0 1.1666565e0 -1.9554263e-1 -1.9554263e-1
1.25278e0 1.1666565e0 -1.9201048e-1 -1.9201048e-1
1.2729701e0 1.1666565e0 -1.8828397e-1 -1.8828397e-1
1.2931601e0 1.1666565e0 -1.84359e-1 -1.84359e-1
1.31335e0 1.1666565e0 -1.8025684e-1 -1.8025684e-1
1.33354e0 1.1666565e0 -1.7598962e-1 -1.7598962e-1
1.35373e0 1.1666565e0 -1.7154802e-1 -1.7154802e-1
1.3739201e0 1.1666565e0 -1.6695963e-1 -1.6695963e-1
1.3941101e0 1.1666565e0 -1.6222559e-1 -1.6222559e-1
1.4143001e0 1.1666565e0 -1.5733827e-1 -1.5733827e-1
1.43449e0 1.1666565e0 -1.5232294e-1 -1.5232294e-1
1.45468e0 1.1666565e0 -1.4718149e-1 -1.4718149e-1
1.4748701e0 1.1666565e0 -1.419301e-1 -1.419301e-1
1.4950601e0 1.1666565e0 -1.3654176e-1 -1.3654176e-1
1.5152501e0 1.1666565e0 -1.3108392e-1 -1.3108392e-1
1.53544e0 1.1666565e0 -1.2549936e-1 -1.2549936e-1
1.55563e0 1.1666565e0 -1.1979715e-1 -1.1979715e-1
1.5758202e0 1.1666565e0 -1.140143e-1 -1.140143e-1
1.5960101e0 1.1666565e0 -1.0813997e-1 -1.0813997e-1
1.6162001e0 1.1666565e0 -1.0219919e-1 -1.0219919e-1
1.63639e0 1.1666565e0 -9.615053e-2 -9.615053e-2
1.65658e0 1.1666565e0 -9.004297e-2 -9.004297e-2
1.6767702e0 1.1666565e0 -8.384744e-2 -8.384744e-2
1.6969601e0 1.1666565e0 -7.758401e-2 -7.758401e-2
1.7171501e0 1.1666565e0 -7.131227e-2 -7.131227e-2
1.7373401e0 1.1666565e0 -6.490846e-2 -6.490846e-2
1.75753e0 1.1666565e0 -5.84688e-2 -5.84688e-2
1.7777202e0 1.1666565e0 -5.193628e-2 -5.193628e-2
1.7979102e0 1.1666565e0 -4.537767e-2 -4.537767e-2
1.8181001e0 1.1666565e0 -3.878137e-2 -3.878137e-2
1.8382901e0 1.1666565e0 -3.210962e-2 -3.210962e-2
1.85848e0 1.1666565e0 -2.53776e-2 -2.53776e-2
1.8786702e0 1.1666565e0 -1.863268e-2 -1.863268e-2
1.8988602e0 1.1666565e0 -1.184167e-2 -1.184167e-2
1.9190501e0 1.1666565e0 -5.08669e-3 -5.08669e-3
1.9392401e0 1.1666565e0 1.7842e-3 1.7842e-3
1.9594301e0 1.1666565e0 8.71733e-3 8.71733e-3
1.9796202e0 1.1666565e0 1.568335e-2 1.568335e-2
1.9998102e0 1.1666565e0 2.263037e-2 2.263037e-2

1.0e-3 1.2095856e0 2.366212e1 2.366212e1
2.1190002e-2 1.2095856e0 7.2312727e0 7.2312727e0
4.1380005e-2 1.2095856e0 4.8756285e0 4.8756285e0
6.1570007e-2 1.2095856e0 3.6891394e0 3.6891394e0
8.176001e-2 1.2095856e0 2.938571e0 2.938571e0
1.0195001e-1 1.2095856e0 2.4103423e0 2.4103423e0
1.2214001e-1 1.2095856e0 2.0140784e0 2.0140784e0
1.4233002e-1 1.2095856e0 1.704183e0 1.704183e0
1.6252002e-1 1.2095856e0 1.45445e0 1.45445e0
1.8271002e-1 1.2095856e0 1.2486143e0 1.2486143e0
2.0290002e-1 1.2095856e0 1.0757071e0 1.0757071e0
2.2309003e-1 1.2095856e0 9.289145e-1 9.289145e-1
2.4328003e-1 1.2095856e0 8.0269147e-1 8.0269147e-1
2.6347003e-1 1.2095856e0 6.9319287e-1 6.9319287e-1
2.8366003e-1 1.2095856e0 5.9746533e-1 5.9746533e-1
3.0385004e-1 1.2095856e0 5.131773e-1 5.131773e-1
3.2404004e-1 1.2095856e0 4.3861066e-1 4.3861066e-1
3.4423004e-1 1.2095856e0 3.723364e-1 3.723364e-1
3.6442004e-1 1.2095856e0 3.1323071e-1 3.1323071e-1
3.8461005e-1 1.2095856e0 2.6025761e-1 2.6025761e-1
4.0480005e-1 1.2095856e0 2.125752e-1 2.125752e-1
4.2499005e-1 1.2095856e0 1.6972592e-1 1.6972592e-1
4.4518005e-1 1.2095856e0 1.3110593e-1 1.3110593e-1
4.6537006e-1 1.2095856e0 9.618886e-2 9.618886e-2
4.8556006e-1 1.2095856e0 6.45889e-2 6.45889e-2
5.0575006e-1 1.2095856e0 3.598569e-2 3.598569e-2
5.2594006e-1 1.2095856e0 1.006909e-2 1.006909e-2
5.4613007e-1 1.2095856e0 -1.341525e-2 -1.341525e-2
5.6632007e-1 1.2095856e0 -3.47153e-2 -3.47153e-2
5.8651007e-1 1.2095856e0 -5.399417e-2 -5.399417e-2
6.0670007e-1 1.2095856e0 -7.150539e-2 -7.150539e-2
6.2689008e-1 1.2095856e0 -8.732684e-2 -8.732684e-2
6.4708008e-1 1.2095856e0 -1.0161624e-1 -1.0161624e-1
6.6727008e-1 1.2095856e0 -1.1451053e-1 -1.1451053e-1
6.8746008e-1 1.2095856e0 -1.2615909e-1 -1.2615909e-1
7.0765009e-1 1.2095856e0 -1.36562e-1 -1.36562e-1
7.2784009e-1 1.2095856e0 -1.4587428e-1 -1.4587428e-1
7.4803009e-1 1.2095856e0 -1.5419025e-1 -1.5419025e-1
7.682201e-1 1.2095856e0 -1.6159015e-1 -1.6159015e-1
7.884101e-1 1.2095856e0 -1.680943e-1 -1.680943e-1
8.086001e-1 1.2095856e0 -1.7381575e-1 -1.7381575e-1
8.287901e-1 1.2095856e0 -1.7874721e-1 -1.7874721e-1
8.489801e-1 1.2095856e0 -1.829767e-1 -1.829767e-1
8.691701e-1 1.2095856e0 -1.8655174e-1 -1.8655174e-1
8.893601e-1 1.2095856e0 -1.8950574e-1 -1.8950574e-1
9.0955011e-1 1.2095856e0 -1.9188712e-1 -1.9188712e-1
9.2974011e-1 1.2095856e0 -1.9372963e-1 -1.9372963e-1
9.4993011e-1 1.2095856e0 -1.9506543e-1 -1.9506543e-1
9.7012012e-1 1.2095856e0 -1.9592543e-1 -1.9592543e-1
9.9031012e-1 1.2095856e0 -1.9633795e-1 -1.9633795e-1
1.0105e0 1.2095856e0 -1.963311e-1 -1.963311e-1
1.03069e0 1.2095856e0 -1.9592906e-1 -1.9592906e-1
1.05088e0 1.2095856e0 -1.951553e-1 -1.951553e-1
1.0710701e0 1.2095856e0 -1.9402898e-1 -1.9402898e-1
1.09126e0 1.2095856e0 -1.9257387e-1 -1.9257387e-1
1.11145e0 1.2095856e0 -1.908023e-1 -1.908023e-1
1.13164e0 1.2095856e0 -1.8874318e-1 -1.8874318e-1
1.15183e0 1.2095856e0 -1.8640112e-1 -1.8640112e-1
1.1720201e0 1.2095856e0 -1.8378937e-1 -1.8378937e-1
1.1922101e0 1.2095856e0 -1.8093082e-1 -1.8093082e-1
1.2124e0 1.2095856e0 -1.7783801e-1 -1.7783801e-1
1.23259e0 1.2095856e0 -1.7452397e-1 -1.7452397e-1
1.25278e0 1.2095856e0 -1.7099182e-1 -1.7099182e-1
1.2729701e0 1.2095856e0 -1.672653e-1 -1.672653e-1
1.2931601e0 1.2095856e0 -1.6334033e-1 -1.6334033e-1
1.31335e0 1.2095856e0 -1.5923817e-1 -1.5923817e-1
1.33354e0 1.2095856e0 -1.5497096e-1 -1.5497096e-1
1.35373e0 1.2095856e0 -1.5052936e-1 -1.5052936e-1
1.3739201e0 1.2095856e0 -1.4594096e-1 -1.4594096e-1
1.3941101e0 1.2095856e0 -1.4120692e-1 -1.4120692e-1
1.4143001e0 1.2095856e0 -1.3631961e-1 -1.3631961e-1
1.43449e0 1.2095856e0 -1.3130428e-1 -1.3130428e-1
1.45468e0 1.2095856e0 -1.2616283e-1 -1.2616283e-1
1.4748701e0 1.2095856e0 -1.2091144e-1 -1.2091144e-1
1.4950601e0 1.2095856e0 -1.155231e-1 -1.155231e-1
1.5152501e0 1.2095856e0 -1.1006526e-1 -1.1006526e-1
1.53544e0 1.2095856e0 -1.044807e-1 -1.044807e-1
1.55563e0 1.2095856e0 -9.877849e-2 -9.877849e-2
1.5758202e0 1.2095856e0 -9.299564e-2 -9.299564e-2
1.5960101e0 1.2095856e0 -8.71213e-2 -8.71213e-2
1.6162001e0 1.2095856e0 -8.118053e-2 -8.118053e-2
1.63639e0 1.2095856e0 -7.513187e-2 -7.513187e-2
1.65658e0 1.2095856e0 -6.90243e-2 -6.90243e-2
1.6767702e0 1.2095856e0 -6.282878e-2 -6.282878e-2
1.6969601e0 1.2095856e0 -5.656535e-2 -5.656535e-2
1.7171501e0 1.2095856e0 -5.029361e-2 -5.029361e-2
1.7373401e0 1.2095856e0 -4.38898e-2 -4.38898e-2
1.75753e0 1.2095856e0 -3.745013e-2 -3.745013e-2
1.7777202e0 1.2095856e0 -3.091762e-2 -3.091762e-2
1.7979102e0 1.2095856e0 -2.435901e-2 -2.435901e-2
1.8181001e0 1.2095856e0 -1.776271e-2 -1.776271e-2
1.8382901e0 1.2095856e0 -1.109096e-2 -1.109096e-2
1.85848e0 1.2095856e0 -4.35893e-3 -4.35893e-3
1.8786702e0 1.2095856e0 2.38599e-3 2.38599e-3
1.8988602e0 1.2095856e0 9.17699e-3 9.17699e-3
1.9190501e0 1.2095856e0 1.593198e-2 1.593198e-2
1.9392401e0 1.2095856e0 2.280286e-2 2.280286e-2
1.9594301e0 1.2095856e0 2.9736e-2 2.9736e-2
1.9796202e0 1.2095856e0 3.670201e-2 3.670201e-2
1.9998102e0 1.2095856e0 4.364903e-2 4.364903e-2

1.0e-3 1.2525145e0 2.3689388e1 2.3689388e1
2.1190002e-2 1.2525145e0 7.2585394e0 7.2585394e0
4.1380005e-2 1.2525145e0 4.9028952e0 4.9028952e0
6.1570007e-2 1.2525145e0 3.7164061e0 3.7164061e0
8.176001e-2 1.2525145e0 2.9658377e0 2.9658377e0
1.0195001e-1 1.2525145e0 2.437609e0 2.437609e0
1.2214001e-1 1.2525145e0 2.041345e0 2.041345e0
1.4233002e-1 1.2525145e0 1.7314497e0 1.7314497e0
1.6252002e-1 1.2525145e0 1.4817168e0 1.4817168e0
1.8271002e-1 1.2525145e0 1.275881e0 1.275881e0
2.0290002e-1 1.2525145e0 1.1029738e0 1.1029738e0
2.2309003e-1 1.2525145e0 9.561812e-1 9.561812e-1
2.4328003e-1 1.2525145e0 8.2995813e-1 8.2995813e-1
2.6347003e-1 1.2525145e0 7.2045953e-1 7.2045953e-1
2.8366003e-1 1.2525145e0 6.24732e-1 6.24732e-1
3.0385004e-1 1.2525145e0 5.4044397e-1 5.4044397e-1
3.2404004e-1 1.2525145e0 4.6587732e-1 4.6587732e-1
3.4423004e-1 1.2525145e0 3.9960306e-1 3.9960306e-1
3.6442004e-1 1.2525145e0 3.4049738e-1 3.4049738e-1
3.8461005e-1 1.2525145e0 2.8752428e-1 2.8752428e-1
4.0480005e-1 1.2525145e0 2.3984186e-1 2.3984186e-1
4.2499005e-1 1.2525145e0 1.9699258e-1 1.9699258e-1
4.4518005e-1 1.2525145e0 1.5837259e-1 1.5837259e-1
4.6537006e-1 1.2525145e0 1.2345552e-1 1.2345552e-1
4.8556006e-1 1.2525145e0 9.185556e-2 9.185556e-2
5.0575006e-1 1.2525145e0 6.325235e-2 6.325235e-2
5.2594006e-1 1.2525145e0 3.733575e-2 3.733575e-2
5.4613007e-1 1.2525145e0 1.385141e-2 1.385141e-2
5.6632007e-1 1.2525145e0 -7.44864e-3 -7.44864e-3
5.8651007e-1 1.2525145e0 -2.672751e-2 -2.672751e-2
6.0670007e-1 1.2525145e0 -4.423872e-2 -4.423872e-2
6.2689008e-1 1.2525145e0 -6.006018e-2 -6.006018e-2
6.4708008e-1 1.2525145e0 -7.434958e-2 -7.434958e-2
6.6727008e-1 1.2525145e0 -8.724387e-2 -8.724387e-2
6.8746008e-1 1.2525145e0 -9.889243e-2 -9.889243e-2
7.0765009e-1 1.2525145e0 -1.0929533e-1 -1.0929533e-1
7.2784009e-1 1.2525145e0 -1.1860762e-1 -1.1860762e-1
7.4803009e-1 1.2525145e0 -1.2692358e-1 -1.2692358e-1
7.682201e-1 1.2525145e0 -1.3432349e-1 -1.3432349e-1
7.884101e-1 1.2525145e0 -1.4082764e-1 -1.4082764e-1
8.086001e-1 1.2525145e0 -1.4654909e-1 -1.4654909e-1
8.287901e-1 1.2525145e0 -1.5148055e-1 -1.5148055e-1
8.489801e-1 1.2525145e0 -1.5571004e-1 -1.5571004e-1
8.691701e-1 1.2525145e0 -1.5928508e-1 -1.5928508e-1
8.893601e-1 1.2525145e0 -1.6223907e-1 -1.6223907e-1
9.0955011e-1 1.2525145e0 -1.6462045e-1 -1.6462045e-1
9.2974011e-1 1.2525145e0 -1.6646297e-1 -1.6646297e-1
9.4993011e-1 1.2525145e0 -1.6779877e-1 -1.6779877e-1
9.7012012e-1 1.2525145e0 -1.6865877e-1 -1.6865877e-1
9.9031012e-1 1.2525145e0 -1.6907129e-1 -1.6907129e-1
1.0105e0 1.2525145e0 -1.6906444e-1 -1.6906444e-1
1.03069e0 1.2525145e0 -1.686624e-1 -1.686624e-1
1.05088e0 1.2525145e0 -1.6788864e-1 -1.6788864e-1
1.0710701e0 1.2525145e0 -1.6676231e-1 -1.6676231e-1
1.09126e0 1.2525145e0 -1.653072e-1 -1.653072e-1
1.11145e0 1.2525145e0 -1.6353564e-1 -1.6353564e-1
1.13164e0 1.2525145e0 -1.6147652e-1 -1.6147652e-1
1.15183e0 1.2525145e0 -1.5913446e-1 -1.5913446e-1
1.1720201e0 1.2525145e0 -1.565227e-1 -1.565227e-1
1.1922101e0 1.2525145e0 -1.5366415e-1 -1.5366415e-1
1.2124e0 1.2525145e0 -1.5057135e-1 -1.5057135e-1
1.23259e0 1.2525145e0 -1.4725731e-1 -1.4725731e-1
1.25278e0 1.2525145e0 -1.4372516e-1 -1.4372516e-1
1.2729701e0 1.2525145e0 -1.3999864e-1 -1.3999864e-1
1.2931601e0 1.2525145e0 -1.3607367e-1 -1.3607367e-1
1.31335e0 1.2525145e0 -1.3197151e-1 -1.3197151e-1
1.33354e0 1.2525145e0 -1.277043e-1 -1.277043e-1
1.35373e0 1.2525145e0 -1.232627e-1 -1.232627e-1
1.3739201e0 1.2525145e0 -1.186743e-1 -1.186743e-1
1.3941101e0 1.2525145e0 -1.1394026e-1 -1.1394026e-1
1.4143001e0 1.2525145e0 -1.0905295e-1 -1.0905295e-1
1.43449e0 1.2525145e0 -1.0403761e-1 -1.0403761e-1
1.45468e0 1.2525145e0 -9.889616e-2 -9.889616e-2
1.4748701e0 1.2525145e0 -9.364478e-2 -9.364478e-2
1.4950601e0 1.2525145e0 -8.825644e-2 -8.825644e-2
1.5152501e0 1.2525145e0 -8.27986e-2 -8.27986e-2
1.53544e0 1.2525145e0 -7.721404e-2 -7.721404e-2
1.55563e0 1.2525145e0 -7.151183e-2 -7.151183e-2
1.5758202e0 1.2525145e0 -6.572897e-2 -6.572897e-2
1.5960101e0 1.2525145e0 -5.985464e-2 -5.985464e-2
1.6162001e0 1.2525145e0 -5.391386e-2 -5.391386e-2
1.63639e0 1.2525145e0 -4.78652e-2 -4.78652e-2
1.65658e0 1.2525145e0 -4.175764e-2 -4.175764e-2
1.6767702e0 1.2525145e0 -3.556212e-2 -3.556212e-2
1.6969601e0 1.2525145e0 -2.929869e-2 -2.929869e-2
1.7171501e0 1.2525145e0 -2.302695e-2 -2.302695e-2
1.7373401e0 1.2525145e0 -1.662314e-2 -1.662314e-2
1.75753e0 1.2525145e0 -1.018347e-2 -1.018347e-2
1.7777202e0 1.2525145e0 -3.65096e-3 -3.65096e-3
1.7979102e0 1.2525145e0 2.90765e-3 2.90765e-3
1.8181001e0 1.2525145e0 9.50395e-3 9.50395e-3
1.8382901e0 1.2525145e0 1.61757e-2 1.61757e-2
1.85848e0 1.2525145e0 2.290773e-2 2.290773e-2
1.8786702e0 1.2525145e0 2.965265e-2 2.965265e-2
1.8988602e0 1.2525145e0 3.644365e-2 3.644365e-2
1.9190501e0 1.2525145e0 4.319864e-2 4.319864e-2
1.9392401e0 1.2525145e0 5.006952e-2 5.006952e-2
1.9594301e0 1.2525145e0 5.700266e-2 5.700266e-2
1.9796202e0 1.2525145e0 6.396867e-2 6.396867e-2
1.9998102e0 1.2525145e0 7.09157e-2 7.09157e-2

1.0e-3 1.2954434e0 2.3723486e1 2.3723486e1
2.1190002e-2 1.2954434e0 7.2926381e0 7.2926381e0
4.1380005e-2 1.2954434e0 4.9369939e0 4.9369939e0
6.1570007e-2 1.2954434e0 3.7505048e0 3.7505048e0
8.176001e-2 1.2954434e0 2.9999364e0 2.9999364e0
1.0195001e-1 1.2954434e0 2.4717076e0 2.4717076e0
1.2214001e-1 1.2954434e0 2.0754437e0 2.0754437e0
1.4233002e-1 1.2954434e0 1.7655484e0 1.7655484e0
1.6252002e-1 1.2954434e0 1.5158154e0 1.5158154e0
1.8271002e-1 1.2954434e0 1.3099797e0 1.3099797e0
2.0290002e-1 1.2954434e0 1.1370724e0 1.1370724e0
2.2309003e-1 1.2954434e0 9.902798e-1 9.902798e-1
2.4328003e-1 1.2954434e0 8.6405678e-1 8.6405678e-1
2.6347003e-1 1.2954434e0 7.5455818e-1 7.5455818e-1
2.8366003e-1 1.2954434e0 6.5883064e-1 6.5883064e-1
3.0385004e-1 1.2954434e0 5.7454262e-1 5.7454262e-1
3.2404004e-1 1.2954434e0 4.9997597e-1 4.9997597e-1
3.4423004e-1 1.2954434e0 4.337017e-1 4.337017e-1
3.6442004e-1 1.2954434e0 3.7459602e-1 3.7459602e-1
3.8461005e-1 1.2954434e0 3.2162292e-1 3.2162292e-1
4.0480005e-1 1.2954434e0 2.739405e-1 2.739405e-1
4.2499005e-1 1.2954434e0 2.3109123e-1 2.3109123e-1
4.4518005e-1 1.2954434e0 1.9247124e-1 1.9247124e-1
4.6537006e-1 1.2954434e0 1.5755417e-1 1.5755417e-1
4.8556006e-1 1.2954434e0 1.2595421e-1 1.2595421e-1
5.0575006e-1 1.2954434e0 9.7351e-2 9.7351e-2
5.2594006e-1 1.2954434e0 7.14344e-2 7.14344e-2
5.4613007e-1 1.2954434e0 4.795006e-2 4.795006e-2
5.6632007e-1 1.2954434e0 2.665001e-2 2.665001e-2
5.8651007e-1 1.2954434e0 7.37114e-3 7.37114e-3
6.0670007e-1 1.2954434e0 -1.014008e-2 -1.014008e-2
6.2689008e-1 1.2954434e0 -2.596153e-2 -2.596153e-2
6.4708008e-1 1.2954434e0 -4.025093e-2 -4.025093e-2
6.6727008e-1 1.2954434e0 -5.314522e-2 -5.314522e-2
6.8746008e-1 1.2954434e0 -6.479378e-2 -6.479378e-2
7.0765009e-1 1.2954434e0 -7.519669e-2 -7.519669e-2
7.2784009e-1 1.2954434e0 -8.450897e-2 -8.450897e-2
7.4803009e-1 1.2954434e0 -9.282494e-2 -9.282494e-2
7.682201e-1 1.2954434e0 -1.0022484e-1 -1.0022484e-1
7.884101e-1 1.2954434e0 -1.0672899e-1 -1.0672899e-1
8.086001e-1 1.2954434e0 -1.1245044e-1 -1.1245044e-1
8.287901e-1 1.2954434e0 -1.173819e-1 -1.173819e-1
8.489801e-1 1.2954434e0 -1.2161139e-1 -1.2161139e-1
8.691701e-1 1.2954434e0 -1.2518643e-1 -1.2518643e-1
8.893601e-1 1.2954434e0 -1.2814043e-1 -1.2814043e-1
9.0955011e-1 1.2954434e0 -1.305218e-1 -1.305218e-1
9.2974011e-1 1.2954434e0 -1.3236432e-1 -1.3236432e-1
9.4993011e-1 1.2954434e0 -1.3370012e-1 -1.3370012e-1
9.7012012e-1 1.2954434e0 -1.3456012e-1 -1.3456012e-1
9.9031012e-1 1.2954434e0 -1.3497264e-1 -1.3497264e-1
1.0105e0 1.2954434e0 -1.3496579e-1 -1.3496579e-1
1.03069e0 1.2954434e0 -1.3456375e-1 -1.3456375e-1
1.05088e0 1.2954434e0 -1.3379e-1 -1.3379e-1
1.0710701e0 1.2954434e0 -1.3266367e-1 -1.3266367e-1
1.09126e0 1.2954434e0 -1.3120856e-1 -1.3120856e-1
1.11145e0 1.2954434e0 -1.29437e-1 -1.29437e-1
1.13164e0 1.2954434e0 -1.2737787e-1 -1.2737787e-1
1.15183e0 1.2954434e0 -1.2503581e-1 -1.2503581e-1
1.1720201e0 1.2954434e0 -1.2242406e-1 -1.2242406e-1
1.1922101e0 1.2954434e0 -1.195655e-1 -1.195655e-1
1.2124e0 1.2954434e0 -1.164727e-1 -1.164727e-1
1.23259e0 1.2954434e0 -1.1315866e-1 -1.1315866e-1
1.25278e0 1.2954434e0 -1.0962651e-1 -1.0962651e-1
1.2729701e0 1.2954434e0 -1.059e-1 -1.059e-1
1.2931601e0 1.2954434e0 -1.0197502e-1 -1.0197502e-1
1.31335e0 1.2954434e0 -9.787286e-2 -9.787286e-2
1.33354e0 1.2954434e0 -9.360565e-2 -9.360565e-2
1.35373e0 1.2954434e0 -8.916405e-2 -8.916405e-2
1.3739201e0 1.2954434e0 -8.457565e-2 -8.457565e-2
1.3941101e0 1.2954434e0 -7.984161e-2 -7.984161e-2
1.4143001e0 1.2954434e0 -7.49543e-2 -7.49543e-2
1.43449e0 1.2954434e0 -6.993896e-2 -6.993896e-2
1.45468e0 1.2954434e0 -6.479752e-2 -6.479752e-2
1.4748701e0 1.2954434e0 -5.954613e-2 -5.954613e-2
1.4950601e0 1.2954434e0 -5.415779e-2 -5.415779e-2
1.5152501e0 1.2954434e0 -4.869995e-2 -4.869995e-2
1.53544e0 1.2954434e0 -4.311539e-2 -4.311539e-2
1.55563e0 1.2954434e0 -3.741318e-2 -3.741318e-2
1.5758202e0 1.2954434e0 -3.163033e-2 -3.163033e-2
1.5960101e0 1.2954434e0 -2.5756e-2 -2.5756e-2
1.6162001e0 1.2954434e0 -1.981522e-2 -1.981522e-2
1.63639e0 1.2954434e0 -1.376656e-2 -1.376656e-2
1.65658e0 1.2954434e0 -7.659e-3 -7.659e-3
1.6767702e0 1.2954434e0 -1.46347e-3 -1.46347e-3
1.6969601e0 1.2954434e0 4.79996e-3 4.79996e-3
1.7171501e0 1.2954434e0 1.10717e-2 1.10717e-2
1.7373401e0 1.2954434e0 1.747551e-2 1.747551e-2
1.75753e0 1.2954434e0 2.391518e-2 2.391518e-2
1.7777202e0 1.2954434e0 3.04477e-2 3.04477e-2
1.7979102e0 1.2954434e0 3.70063e-2 3.70063e-2
1.8181001e0 1.2954434e0 4.36026e-2 4.36026e-2
1.8382901e0 1.2954434e0 5.027435e-2 5.027435e-2
1.85848e0 1.2954434e0 5.700638e-2 5.700638e-2
1.8786702e0 1.2954434e0 6.37513e-2 6.37513e-2
1.8988602e0 1.2954434e0 7.05423e-2 7.05423e-2
1.9190501e0 1.2954434e0 7.729729e-2 7.729729e-2
1.9392401e0 1.2954434e0 8.416817e-2 8.416817e-2
1.9594301e0 1.2954434e0 9.11013e-2 9.11013e-2
1.9796202e0 1.2954434e0 9.806732e-2 9.806732e-2
1.9998102e0 1.2954434e0 1.0501434e-1 1.0501434e-1

1.0e-3 1.3383725e0 2.3765022e1 2.3765022e1
2.1190002e-2 1.3383725e0 7.3341739e0 7.3341739e0
4.1380005e-2 1.3383725e0 4.9785297e0 4.9785297e0
6.1570007e-2 1.3383725e0 3.7920406e0 3.7920406e0
8.176001e-2 1.3383725e0 3.0414722e0 3.0414722e0
1.0195001e-1 1.3383725e0 2.5132434e0 2.5132434e0
1.2214001e-1 1.3383725e0 2.1169795e0 2.1169795e0
1.4233002e-1 1.3383725e0 1.8070842e0 1.8070842e0
1.6252002e-1 1.3383725e0 1.5573512e0 1.5573512e0
1.8271002e-1 1.3383725e0 1.3515155e0 1.3515155e0
2.0290002e-1 1.3383725e0 1.1786082e0 1.1786082e0
2.2309003e-1 1.3383725e0 1.0318156e0 1.0318156e0
2.4328003e-1 1.3383725e0 9.055926e-1 9.055926e-1
2.6347003e-1 1.3383725e0 7.9609401e-1 7.9609401e-1
2.8366003e-1 1.3383725e0 7.0036647e-1 7.0036647e-1
3.0385004e-1 1.3383725e0 6.1607845e-1 6.1607845e-1
3.2404004e-1 1.3383725e0 5.415118e-1 5.415118e-1
3.4423004e-1 1.3383725e0 4.7523753e-1 4.7523753e-1
3.6442004e-1 1.3383725e0 4.1613185e-1 4.1613185e-1
3.8461005e-1 1.3383725e0 3.6315875e-1 3.6315875e-1
4.0480005e-1 1.3383725e0 3.1547633e-1 3.1547633e-1
4.2499005e-1 1.3383725e0 2.7262706e-1 2.7262706e-1
4.4518005e-1 1.3383725e0 2.3400706e-1 2.3400706e-1
4.6537006e-1 1.3383725e0 1.9909e-1 1.9909e-1
4.8556006e-1 1.3383725e0 1.6749004e-1 1.6749004e-1
5.0575006e-1 1.3383725e0 1.3888683e-1 1.3888683e-1
5.2594006e-1 1.3383725e0 1.1297023e-1 1.1297023e-1
5.4613007e-1 1.3383725e0 8.948589e-2 8.948589e-2
5.6632007e-1 1.3383725e0 6.818584e-2 6.818584e-2
5.8651007e-1 1.3383725e0 4.890697e-2 4.890697e-2
6.0670007e-1 1.3383725e0 3.139575e-2 3.139575e-2
6.2689008e-1 1.3383725e0 1.55743e-2 1.55743e-2
6.4708008e-1 1.3383725e0 1.284895e-3 1.284895e-3
6.6727008e-1 1.3383725e0 -1.1609392e-2 -1.1609392e-2
6.8746008e-1 1.3383725e0 -2.3257951e-2 -2.3257951e-2
7.0765009e-1 1.3383725e0 -3.366086e-2 -3.366086e-2
7.2784009e-1 1.3383725e0 -4.2973146e-2 -4.2973146e-2
7.4803009e-1 1.3383725e0 -5.128911e-2 -5.128911e-2
7.682201e-1 1.3383725e0 -5.8689005e-2 -5.8689005e-2
7.884101e-1 1.3383725e0 -6.5193163e-2 -6.5193163e-2
8.086001e-1 1.3383725e0 -7.0914606e-2 -7.0914606e-2
8.287901e-1 1.3383725e0 -7.5846071e-2 -7.5846071e-2
8.489801e-1 1.3383725e0 -8.0075555e-2 -8.0075555e-2
8.691701e-1 1.3383725e0 -8.3650606e-2 -8.3650606e-2
8.893601e-1 1.3383725e0 -8.66046e-2 -8.66046e-2
9.0955011e-1 1.3383725e0 -8.8985977e-2 -8.8985977e-2
9.2974011e-1 1.3383725e0 -9.0828493e-2 -9.0828493e-2
9.4993011e-1 1.3383725e0 -9.2164287e-2 -9.2164287e-2
9.7012012e-1 1.3383725e0 -9.3024286e-2 -9.3024286e-2
9.9031012e-1 1.3383725e0 -9.3436806e-2 -9.3436806e-2
1.0105e0 1.3383725e0 -9.3429951e-2 -9.3429951e-2
1.03069e0 1.3383725e0 -9.3027917e-2 -9.3027917e-2
1.05088e0 1.3383725e0 -9.225416e-2 -9.225416e-2
1.0710701e0 1.3383725e0 -9.1127829e-2 -9.1127829e-2
1.09126e0 1.3383725e0 -8.9672722e-2 -8.9672722e-2
1.11145e0 1.3383725e0 -8.7901163e-2 -8.7901163e-2
1.13164e0 1.3383725e0 -8.5842043e-2 -8.5842043e-2
1.15183e0 1.3383725e0 -8.3499986e-2 -8.3499986e-2
1.1720201e0 1.3383725e0 -8.0888231e-2 -8.0888231e-2
1.1922101e0 1.3383725e0 -7.8029672e-2 -7.8029672e-2
1.2124e0 1.3383725e0 -7.4936868e-2 -7.4936868e-2
1.23259e0 1.3383725e0 -7.1622827e-2 -7.1622827e-2
1.25278e0 1.3383725e0 -6.8090685e-2 -6.8090685e-2
1.2729701e0 1.3383725e0 -6.4364168e-2 -6.4364168e-2
1.2931601e0 1.3383725e0 -6.0439195e-2 -6.0439195e-2
1.31335e0 1.3383725e0 -5.633703e-2 -5.633703e-2
1.33354e0 1.3383725e0 -5.2069826e-2 -5.2069826e-2
1.35373e0 1.3383725e0 -4.7628214e-2 -4.7628214e-2
1.3739201e0 1.3383725e0 -4.3039827e-2 -4.3039827e-2
1.3941101e0 1.3383725e0 -3.8305788e-2 -3.8305788e-2
1.4143001e0 1.3383725e0 -3.3418474e-2 -3.3418474e-2
1.43449e0 1.3383725e0 -2.8403139e-2 -2.8403139e-2
1.45468e0 1.3383725e0 -2.326169e-2 -2.326169e-2
1.4748701e0 1.3383725e0 -1.8010301e-2 -1.8010301e-2
1.4950601e0 1.3383725e0 -1.2621965e-2 -1.2621965e-2
1.5152501e0 1.3383725e0 -7.164125e-3 -7.164125e-3
1.53544e0 1.3383725e0 -1.579561e-3 -1.579561e-3
1.55563e0 1.3383725e0 4.122649e-3 4.122649e-3
1.5758202e0 1.3383725e0 9.9055e-3 9.9055e-3
1.5960101e0 1.3383725e0 1.577983e-2 1.577983e-2
1.6162001e0 1.3383725e0 2.172061e-2 2.172061e-2
1.63639e0 1.3383725e0 2.776927e-2 2.776927e-2
1.65658e0 1.3383725e0 3.387683e-2 3.387683e-2
1.6767702e0 1.3383725e0 4.007236e-2 4.007236e-2
1.6969601e0 1.3383725e0 4.633578e-2 4.633578e-2
1.7171501e0 1.3383725e0 5.260753e-2 5.260753e-2
1.7373401e0 1.3383725e0 5.901134e-2 5.901134e-2
1.75753e0 1.3383725e0 6.5451e-2 6.5451e-2
1.7777202e0 1.3383725e0 7.198352e-2 7.198352e-2
1.7979102e0 1.3383725e0 7.854213e-2 7.854213e-2
1.8181001e0 1.3383725e0 8.513843e-2 8.513843e-2
1.8382901e0 1.3383725e0 9.181018e-2 9.181018e-2
1.85848e0 1.3383725e0 9.85422e-2 9.85422e-2
1.8786702e0 1.3383725e0 1.0528712e-1 1.0528712e-1
1.8988602e0 1.3383725e0 1.1207813e-1 1.1207813e-1
1.9190501e0 1.3383725e0 1.1883311e-1 1.1883311e-1
1.9392401e0 1.3383725e0 1.25704e-1 1.25704e-1
1.9594301e0 1.3383725e0 1.3263713e-1 1.3263713e-1
1.9796202e0 1.3383725e0 1.3960315e-1 1.3960315e-1
1.9998102e0 1.3383725e0 1.4655017e-1 1.4655017e-1

1.0e-3 1.3813014e0 2.381462e1 2.381462e1
2.1190002e-2 1.3813014e0 7.3837714e0 7.3837714e0
4.1380005e-2 1.3813014e0 5.0281271e0 5.0281271e0
6.1570007e-2 1.3813014e0 3.841638e0 3.841638e0
8.176001e-2 1.3813014e0 3.0910696e0 3.0910696e0
1.0195001e-1 1.3813014e0 2.5628409e0 2.5628409e0
1.2214001e-1 1.3813014e0 2.166577e0 2.166577e0
1.4233002e-1 1.3813014e0 1.8566817e0 1.8566817e0
1.6252002e-1 1.3813014e0 1.6069487e0 1.6069487e0
1.8271002e-1 1.3813014e0 1.401113e0 1.401113e0
2.0290002e-1 1.3813014e0 1.2282057e0 1.2282057e0
2.2309003e-1 1.3813014e0 1.0814131e0 1.0814131e0
2.4328003e-1 1.3813014e0 9.5519012e-1 9.5519012e-1
2.6347003e-1 1.3813014e0 8.4569153e-1 8.4569153e-1
2.8366003e-1 1.3813014e0 7.4996399e-1 7.4996399e-1
3.0385004e-1 1.3813014e0 6.6567596e-1 6.6567596e-1
3.2404004e-1 1.3813014e0 5.9110931e-1 5.9110931e-1
3.4423004e-1 1.3813014e0 5.2483505e-1 5.2483505e-1
3.6442004e-1 1.3813014e0 4.6572937e-1 4.6572937e-1
3.8461005e-1 1.3813014e0 4.1275627e-1 4.1275627e-1
4.0480005e-1 1.3813014e0 3.6507385e-1 3.6507385e-1
4.2499005e-1 1.3813014e0 3.2222458e-1 3.2222458e-1
4.4518005e-1 1.3813014e0 2.8360458e-1 2.8360458e-1
4.6537006e-1 1.3813014e0 2.4868752e-1 2.4868752e-1
4.8556006e-1 1.3813014e0 2.1708755e-1 2.1708755e-1
5.0575006e-1 1.3813014e0 1.8848434e-1 1.8848434e-1
5.2594006e-1 1.3813014e0 1.6256775e-1 1.6256775e-1
5.4613007e-1 1.3813014e0 1.390834e-1 1.390834e-1
5.6632007e-1 1.3813014e0 1.1778336e-1 1.1778336e-1
5.8651007e-1 1.3813014e0 9.850449e-2 9.850449e-2
6.0670007e-1 1.3813014e0 8.099327e-2 8.099327e-2
6.2689008e-1 1.3813014e0 6.517181e-2 6.517181e-2
6.4708008e-1 1.3813014e0 5.0882404e-2 5.0882404e-2
6.6727008e-1 1.3813014e0 3.7988116e-2 3.7988116e-2
6.8746008e-1 1.3813014e0 2.6339557e-2 2.6339557e-2
7.0765009e-1 1.3813014e0 1.5936649e-2 1.5936649e-2
7.2784009e-1 1.3813014e0 6.624362e-3 6.624362e-3
7.4803009e-1 1.3813014e0 -1.691602e-3 -1.691602e-3
7.682201e-1 1.3813014e0 -9.091496e-3 -9.091496e-3
7.884101e-1 1.3813014e0 -1.5595654e-2 -1.5595654e-2
8.086001e-1 1.3813014e0 -2.1317097e-2 -2.1317097e-2
8.287901e-1 1.3813014e0 -2.6248563e-2 -2.6248563e-2
8.489801e-1 1.3813014e0 -3.0478047e-2 -3.0478047e-2
8.691701e-1 1.3813014e0 -3.4053098e-2 -3.4053098e-2
8.893601e-1 1.3813014e0 -3.7007092e-2 -3.7007092e-2
9.0955011e-1 1.3813014e0 -3.9388469e-2 -3.9388469e-2
9.2974011e-1 1.3813014e0 -4.1230984e-2 -4.1230984e-2
9.4993011e-1 1.3813014e0 -4.2566779e-2 -4.2566779e-2
9.7012012e-1 1.3813014e0 -4.3426778e-2 -4.3426778e-2
9.9031012e-1 1.3813014e0 -4.3839297e-2 -4.3839297e-2
1.0105e0 1.3813014e0 -4.3832443e-2 -4.3832443e-2
1.03069e0 1.3813014e0 -4.343041e-2 -4.343041e-2
1.05088e0 1.3813014e0 -4.2656651e-2 -4.2656651e-2
1.0710701e0 1.3813014e0 -4.153032e-2 -4.153032e-2
1.09126e0 1.3813014e0 -4.0075214e-2 -4.0075214e-2
1.11145e0 1.3813014e0 -3.8303654e-2 -3.8303654e-2
1.13164e0 1.3813014e0 -3.6244534e-2 -3.6244534e-2
1.15183e0 1.3813014e0 -3.3902478e-2 -3.3902478e-2
1.1720201e0 1.3813014e0 -3.1290723e-2 -3.1290723e-2
1.1922101e0 1.3813014e0 -2.8432164e-2 -2.8432164e-2
1.2124e0 1.3813014e0 -2.533936e-2 -2.533936e-2
1.23259e0 1.3813014e0 -2.2025319e-2 -2.2025319e-2
1.25278e0 1.3813014e0 -1.8493176e-2 -1.8493176e-2
1.2729701e0 1.3813014e0 -1.476666e-2 -1.476666e-2
1.2931601e0 1.3813014e0 -1.0841687e-2 -1.0841687e-2
1.31335e0 1.3813014e0 -6.739522e-3 -6.739522e-3
1.33354e0 1.3813014e0 -2.472318e-3 -2.472318e-3
1.35373e0 1.3813014e0 1.969295e-3 1.969295e-3
1.3739201e0 1.3813014e0 6.557681e-3 6.557681e-3
1.3941101e0 1.3813014e0 1.129172e-2 1.129172e-2
1.4143001e0 1.3813014e0 1.6179034e-2 1.6179034e-2
1.43449e0 1.3813014e0 2.119437e-2 2.119437e-2
1.45468e0 1.3813014e0 2.6335818e-2 2.6335818e-2
1.4748701e0 1.3813014e0 3.1587207e-2 3.1587207e-2
1.4950601e0 1.3813014e0 3.6975543e-2 3.6975543e-2
1.5152501e0 1.3813014e0 4.2433383e-2 4.2433383e-2
1.53544e0 1.3813014e0 4.8017947e-2 4.8017947e-2
1.55563e0 1.3813014e0 5.3720157e-2 5.3720157e-2
1.5758202e0 1.3813014e0 5.950302e-2 5.950302e-2
1.5960101e0 1.3813014e0 6.537735e-2 6.537735e-2
1.6162001e0 1.3813014e0 7.131813e-2 7.131813e-2
1.63639e0 1.3813014e0 7.736679e-2 7.736679e-2
1.65658e0 1.3813014e0 8.347435e-2 8.347435e-2
1.6767702e0 1.3813014e0 8.966988e-2 8.966988e-2
1.6969601e0 1.3813014e0 9.59333e-2 9.59333e-2
1.7171501e0 1.3813014e0 1.0220505e-1 1.0220505e-1
1.7373401e0 1.3813014e0 1.0860886e-1 1.0860886e-1
1.75753e0 1.3813014e0 1.1504852e-1 1.1504852e-1
1.7777202e0 1.3813014e0 1.2158104e-1 1.2158104e-1
1.7979102e0 1.3813014e0 1.2813965e-1 1.2813965e-1
1.8181001e0 1.3813014e0 1.3473595e-1 1.3473595e-1
1.8382901e0 1.3813014e0 1.414077e-1 1.414077e-1
1.85848e0 1.3813014e0 1.4813972e-1 1.4813972e-1
1.8786702e0 1.3813014e0 1.5488464e-1 1.5488464e-1
1.8988602e0 1.3813014e0 1.6167564e-1 1.6167564e-1
1.9190501e0 1.3813014e0 1.6843063e-1 1.6843063e-1
1.9392401e0 1.3813014e0 1.7530151e-1 1.7530151e-1
1.9594301e0 1.3813014e0 1.8223465e-1 1.8223465e-1
1.9796202e0 1.3813014e0 1.8920067e-1 1.8920067e-1
1.9998102e0 1.3813014e0 1.9614769e-1 1.9614769e-1

1.0e-3 1.4242305e0 2.3872923e1 2.3872923e1
2.1190002e-2 1.4242305e0 7.4420767e0 7.4420767e0
4.1380005e-2 1.4242305e0 5.0864325e0 5.0864325e0
6.1570007e-2 1.4242305e0 3.8999434e0 3.8999434e0
8.176001e-2 1.4242305e0 3.149375e0 3.149375e0
1.0195001e-1 1.4242305e0 2.6211462e0 2.6211462e0
1.2214001e-1 1.4242305e0 2.2248824e0 2.2248824e0
1.4233002e-1 1.4242305e0 1.914987e0 1.914987e0
1.6252002e-1 1.4242305e0 1.665254e0 1.665254e0
1.8271002e-1 1.4242305e0 1.4594183e0 1.4594183e0
2.0290002e-1 1.4242305e0 1.2865111e0 1.2865111e0
2.2309003e-1 1.4242305e0 1.1397185e0 1.1397185e0
2.4328003e-1 1.4242305e0 1.01349554e0 1.01349554e0
2.6347003e-1 1.4242305e0 9.0399695e-1 9.0399695e-1
2.8366003e-1 1.4242305e0 8.0826941e-1 8.0826941e-1
3.0385004e-1 1.4242305e0 7.2398138e-1 7.2398138e-1
3.2404004e-1 1.4242305e0 6.4941473e-1 6.4941473e-1
3.4423004e-1 1.4242305e0 5.8314047e-1 5.8314047e-1
3.6442004e-1 1.4242305e0 5.2403479e-1 5.2403479e-1
3.8461005e-1 1.4242305e0 4.7106169e-1 4.7106169e-1
4.0480005e-1 1.4242305e0 4.2337927e-1 4.2337927e-1
4.2499005e-1 1.4242305e0 3.8053e-1 3.8053e-1
4.4518005e-1 1.4242305e0 3.4191e-1 3.4191e-1
4.6537006e-1 1.4242305e0 3.0699294e-1 3.0699294e-1
4.8556006e-1 1.4242305e0 2.7539297e-1 2.7539297e-1
5.0575006e-1 1.4242305e0 2.4678976e-1 2.4678976e-1
5.2594006e-1 1.4242305e0 2.2087317e-1 2.2087317e-1
5.4613007e-1 1.4242305e0 1.9738882e-1 1.9738882e-1
5.6632007e-1 1.4242305e0 1.7608878e-1 1.7608878e-1
5.8651007e-1 1.4242305e0 1.568099e-1 1.568099e-1
6.0670007e-1 1.4242305e0 1.3929869e-1 1.3929869e-1
6.2689008e-1 1.4242305e0 1.2347723e-1 1.2347723e-1
6.4708008e-1 1.4242305e0 1.09187845e-1 1.09187845e-1
6.6727008e-1 1.4242305e0 9.6293558e-2 9.6293558e-2
6.8746008e-1 1.4242305e0 8.4644998e-2 8.4644998e-2
7.0765009e-1 1.4242305e0 7.424209e-2 7.424209e-2
7.2784009e-1 1.4242305e0 6.4929803e-2 6.4929803e-2
7.4803009e-1 1.4242305e0 5.661384e-2 5.661384e-2
7.682201e-1 1.4242305e0 4.9213945e-2 4.9213945e-2
7.884101e-1 1.4242305e0 4.2709787e-2 4.2709787e-2
8.086001e-1 1.4242305e0 3.6988344e-2 3.6988344e-2
8.287901e-1 1.4242305e0 3.2056879e-2 3.2056879e-2
8.489801e-1 1.4242305e0 2.7827394e-2 2.7827394e-2
8.691701e-1 1.4242305e0 2.4252344e-2 2.4252344e-2
8.893601e-1 1.4242305e0 2.1298349e-2 2.1298349e-2
9.0955011e-1 1.4242305e0 1.8916972e-2 1.8916972e-2
9.2974011e-1 1.4242305e0 1.7074457e-2 1.7074457e-2
9.4993011e-1 1.4242305e0 1.5738663e-2 1.5738663e-2
9.7012012e-1 1.4242305e0 1.4878664e-2 1.4878664e-2
9.9031012e-1 1.4242305e0 1.4466144e-2 1.4466144e-2
1.0105e0 1.4242305e0 1.4472998e-2 1.4472998e-2
1.03069e0 1.4242305e0 1.4875032e-2 1.4875032e-2
1.05088e0 1.4242305e0 1.564879e-2 1.564879e-2
1.0710701e0 1.4242305e0 1.677512e-2 1.677512e-2
1.09126e0 1.4242305e0 1.8230228e-2 1.8230228e-2
1.11145e0 1.4242305e0 2.0001787e-2 2.0001787e-2
1.13164e0 1.4242305e0 2.2060907e-2 2.2060907e-2
1.15183e0 1.4242305e0 2.4402963e-2 2.4402963e-2
1.1720201e0 1.4242305e0 2.7014719e-2 2.7014719e-2
1.1922101e0 1.4242305e0 2.9873277e-2 2.9873277e-2
1.2124e0 1.4242305e0 3.2966081e-2 3.2966081e-2
1.23259e0 1.4242305e0 3.6280122e-2 3.6280122e-2
1.25278e0 1.4242305e0 3.9812265e-2 3.9812265e-2
1.2729701e0 1.4242305e0 4.3538782e-2 4.3538782e-2
1.2931601e0 1.4242305e0 4.7463754e-2 4.7463754e-2
1.31335e0 1.4242305e0 5.156592e-2 5.156592e-2
1.33354e0 1.4242305e0 5.5833124e-2 5.5833124e-2
1.35373e0 1.4242305e0 6.0274736e-2 6.0274736e-2
1.3739201e0 1.4242305e0 6.4863123e-2 6.4863123e-2
1.3941101e0 1.4242305e0 6.9597162e-2 6.9597162e-2
1.4143001e0 1.4242305e0 7.4484476e-2 7.4484476e-2
1.43449e0 1.4242305e0 7.9499811e-2 7.9499811e-2
1.45468e0 1.4242305e0 8.464126e-2 8.464126e-2
1.4748701e0 1.4242305e0 8.9892648e-2 8.9892648e-2
1.4950601e0 1.4242305e0 9.5280984e-2 9.5280984e-2
1.5152501e0 1.4242305e0 1.00738824e-1 1.00738824e-1
1.53544e0 1.4242305e0 1.06323389e-1 1.06323389e-1
1.55563e0 1.4242305e0 1.12025598e-1 1.12025598e-1
1.5758202e0 1.4242305e0 1.1780844e-1 1.1780844e-1
1.5960101e0 1.4242305e0 1.2368277e-1 1.2368277e-1
1.6162001e0 1.4242305e0 1.2962355e-1 1.2962355e-1
1.63639e0 1.4242305e0 1.3567221e-1 1.3567221e-1
1.65658e0 1.4242305e0 1.4177977e-1 1.4177977e-1
1.6767702e0 1.4242305e0 1.479753e-1 1.479753e-1
1.6969601e0 1.4242305e0 1.5423872e-1 1.5423872e-1
1.7171501e0 1.4242305e0 1.6051047e-1 1.6051047e-1
1.7373401e0 1.4242305e0 1.6691428e-1 1.6691428e-1
1.75753e0 1.4242305e0 1.7335394e-1 1.7335394e-1
1.7777202e0 1.4242305e0 1.7988646e-1 1.7988646e-1
1.7979102e0 1.4242305e0 1.8644507e-1 1.8644507e-1
1.8181001e0 1.4242305e0 1.9304137e-1 1.9304137e-1
1.8382901e0 1.4242305e0 1.9971312e-1 1.9971312e-1
1.85848e0 1.4242305e0 2.0644514e-1 2.0644514e-1
1.8786702e0 1.4242305e0 2.1319006e-1 2.1319006e-1
1.8988602e0 1.4242305e0 2.1998106e-1 2.1998106e-1
1.9190501e0 1.4242305e0 2.2673605e-1 2.2673605e-1
1.9392401e0 1.4242305e0 2.3360693e-1 2.3360693e-1
1.9594301e0 1.4242305e0 2.4054007e-1 2.4054007e-1
1.9796202e0 1.4242305e0 2.4750609e-1 2.4750609e-1
1.9998102e0 1.4242305e0 2.5445311e-1 2.5445311e-1

1.0e-3 1.4671594e0 2.3940602e1 2.3940602e1
2.1190002e-2 1.4671594e0 7.509756e0 7.509756e0
4.1380005e-2 1.4671594e0 5.1541118e0 5.1541118e0
6.1570007e-2 1.4671594e0 3.9676227e0 3.9676227e0
8.176001e-2 1.4671594e0 3.2170543e0 3.2170543e0
1.0195001e-1 1.4671594e0 2.6888255e0 2.6888255e0
1.2214001e-1 1.4671594e0 2.2925616e0 2.2925616e0
1.4233002e-1 1.4671594e0 1.9826663e0 1.9826663e0
1.6252002e-1 1.4671594e0 1.7329333e0 1.7329333e0
1.8271002e-1 1.4671594e0 1.5270976e0 1.5270976e0
2.0290002e-1 1.4671594e0 1.3541904e0 1.3541904e0
2.2309003e-1 1.4671594e0 1.2073978e0 1.2073978e0
2.4328003e-1 1.4671594e0 1.08117485e0 1.08117485e0
2.6347003e-1 1.4671594e0 9.7167625e-1 9.7167625e-1
2.8366003e-1 1.4671594e0 8.7594872e-1 8.7594872e-1
3.0385004e-1 1.4671594e0 7.9166069e-1 7.9166069e-1
3.2404004e-1 1.4671594e0 7.1709404e-1 7.1709404e-1
3.4423004e-1 1.4671594e0 6.5081978e-1 6.5081978e-1
3.6442004e-1 1.4671594e0 5.917141e-1 5.917141e-1
3.8461005e-1 1.4671594e0 5.38741e-1 5.38741e-1
4.0480005e-1 1.4671594e0 4.9105858e-1 4.9105858e-1
4.2499005e-1 1.4671594e0 4.482093e-1 4.482093e-1
4.4518005e-1 1.4671594e0 4.0958931e-1 4.0958931e-1
4.6537006e-1 1.4671594e0 3.7467224e-1 3.7467224e-1
4.8556006e-1 1.4671594e0 3.4307228e-1 3.4307228e-1
5.0575006e-1 1.4671594e0 3.1446907e-1 3.1446907e-1
5.2594006e-1 1.4671594e0 2.8855247e-1 2.8855247e-1
5.4613007e-1 1.4671594e0 2.6506813e-1 2.6506813e-1
5.6632007e-1 1.4671594e0 2.4376808e-1 2.4376808e-1
5.8651007e-1 1.4671594e0 2.2448921e-1 2.2448921e-1
6.0670007e-1 1.4671594e0 2.06978e-1 2.06978e-1
6.2689008e-1 1.4671594e0 1.9115654e-1 1.9115654e-1
6.4708008e-1 1.4671594e0 1.76867146e-1 1.76867146e-1
6.6727008e-1 1.4671594e0 1.63972859e-1 1.63972859e-1
6.8746008e-1 1.4671594e0 1.523243e-1 1.523243e-1
7.0765009e-1 1.4671594e0 1.41921391e-1 1.41921391e-1
7.2784009e-1 1.4671594e0 1.32609105e-1 1.32609105e-1
7.4803009e-1 1.4671594e0 1.24293141e-1 1.24293141e-1
7.682201e-1 1.4671594e0 1.16893246e-1 1.16893246e-1
7.884101e-1 1.4671594e0 1.10389088e-1 1.10389088e-1
8.086001e-1 1.4671594e0 1.04667645e-1 1.04667645e-1
8.287901e-1 1.4671594e0 9.973618e-2 9.973618e-2
8.489801e-1 1.4671594e0 9.5506696e-2 9.5506696e-2
8.691701e-1 1.4671594e0 9.1931645e-2 9.1931645e-2
8.893601e-1 1.4671594e0 8.897765e-2 8.897765e-2
9.0955011e-1 1.4671594e0 8.6596274e-2 8.6596274e-2
9.2974011e-1 1.4671594e0 8.4753758e-2 8.4753758e-2
9.4993011e-1 1.4671594e0 8.3417964e-2 8.3417964e-2
9.7012012e-1 1.4671594e0 8.2557965e-2 8.2557965e-2
9.9031012e-1 1.4671594e0 8.2145445e-2 8.2145445e-2
1.0105e0 1.4671594e0 8.21523e-2 8.21523e-2
1.03069e0 1.4671594e0 8.2554333e-2 8.2554333e-2
1.05088e0 1.4671594e0 8.3328091e-2 8.3328091e-2
1.0710701e0 1.4671594e0 8.4454422e-2 8.4454422e-2
1.09126e0 1.4671594e0 8.5909529e-2 8.5909529e-2
1.11145e0 1.4671594e0 8.7681088e-2 8.7681088e-2
1.13164e0 1.4671594e0 8.9740208e-2 8.9740208e-2
1.15183e0 1.4671594e0 9.2082265e-2 9.2082265e-2
1.1720201e0 1.4671594e0 9.469402e-2 9.469402e-2
1.1922101e0 1.4671594e0 9.7552579e-2 9.7552579e-2
1.2124e0 1.4671594e0 1.00645383e-1 1.00645383e-1
1.23259e0 1.4671594e0 1.03959424e-1 1.03959424e-1
1.25278e0 1.4671594e0 1.07491566e-1 1.07491566e-1
1.2729701e0 1.4671594e0 1.11218083e-1 1.11218083e-1
1.2931601e0 1.4671594e0 1.15143056e-1 1.15143056e-1
1.31335e0 1.4671594e0 1.19245221e-1 1.19245221e-1
1.33354e0 1.4671594e0 1.23512425e-1 1.23512425e-1
1.35373e0 1.4671594e0 1.27954037e-1 1.27954037e-1
1.3739201e0 1.4671594e0 1.32542424e-1 1.32542424e-1
1.3941101e0 1.4671594e0 1.37276463e-1 1.37276463e-1
1.4143001e0 1.4671594e0 1.42163777e-1 1.42163777e-1
1.43449e0 1.4671594e0 1.47179112e-1 1.47179112e-1
1.45468e0 1.4671594e0 1.52320561e-1 1.52320561e-1
1.4748701e0 1.4671594e0 1.5757195e-1 1.5757195e-1
1.4950601e0 1.4671594e0 1.62960286e-1 1.62960286e-1
1.5152501e0 1.4671594e0 1.68418126e-1 1.68418126e-1
1.53544e0 1.4671594e0 1.7400269e-1 1.7400269e-1
1.55563e0 1.4671594e0 1.797049e-1 1.797049e-1
1.5758202e0 1.4671594e0 1.8548775e-1 1.8548775e-1
1.5960101e0 1.4671594e0 1.9136208e-1 1.9136208e-1
1.6162001e0 1.4671594e0 1.9730286e-1 1.9730286e-1
1.63639e0 1.4671594e0 2.0335152e-1 2.0335152e-1
1.65658e0 1.4671594e0 2.0945908e-1 2.0945908e-1
1.6767702e0 1.4671594e0 2.156546e-1 2.156546e-1
1.6969601e0 1.4671594e0 2.2191803e-1 2.2191803e-1
1.7171501e0 1.4671594e0 2.2818977e-1 2.2818977e-1
1.7373401e0 1.4671594e0 2.3459358e-1 2.3459358e-1
1.75753e0 1.4671594e0 2.4103325e-1 2.4103325e-1
1.7777202e0 1.4671594e0 2.4756577e-1 2.4756577e-1
1.7979102e0 1.4671594e0 2.5412437e-1 2.5412437e-1
1.8181001e0 1.4671594e0 2.6072067e-1 2.6072067e-1
1.8382901e0 1.4671594e0 2.6739243e-1 2.6739243e-1
1.85848e0 1.4671594e0 2.7412445e-1 2.7412445e-1
1.8786702e0 1.4671594e0 2.8086937e-1 2.8086937e-1
1.8988602e0 1.4671594e0 2.8766037e-1 2.8766037e-1
1.9190501e0 1.4671594e0 2.9441536e-1 2.9441536e-1
1.9392401e0 1.4671594e0 3.0128624e-1 3.0128624e-1
1.9594301e0 1.4671594e0 3.0821938e-1 3.0821938e-1
1.9796202e0 1.4671594e0 3.151854e-1 3.151854e-1
1.9998102e0 1.4671594e0 3.2213242e-1 3.2213242e-1

1.0e-3 1.5100883e0 2.4018338e1 2.4018338e1
2.1190002e-2 1.5100883e0 7.5874916e0 7.5874916e0
4.1380005e-2 1.5100883e0 5.2318474e0 5.2318474e0
6.1570007e-2 1.5100883e0 4.0453583e0 4.0453583e0
8.176001e-2 1.5100883e0 3.2947899e0 3.2947899e0
1.0195001e-1 1.5100883e0 2.7665611e0 2.7665611e0
1.2214001e-1 1.5100883e0 2.3702972e0 2.3702972e0
1.4233002e-1 1.5100883e0 2.0604019e0 2.0604019e0
1.6252002e-1 1.5100883e0 1.810669e0 1.810669e0
1.8271002e-1 1.5100883e0 1.6048332e0 1.6048332e0
2.0290002e-1 1.5100883e0 1.431926e0 1.431926e0
2.2309003e-1 1.5100883e0 1.2851334e0 1.2851334e0
2.4328003e-1 1.5100883e0 1.15891046e0 1.15891046e0
2.6347003e-1 1.5100883e0 1.04941187e0 1.04941187e0
2.8366003e-1 1.5100883e0 9.5368433e-1 9.5368433e-1
3.0385004e-1 1.5100883e0 8.693963e-1 8.693963e-1
3.2404004e-1 1.5100883e0 7.9482965e-1 7.9482965e-1
3.4423004e-1 1.5100883e0 7.2855539e-1 7.2855539e-1
3.6442004e-1 1.5100883e0 6.694497e-1 6.694497e-1
3.8461005e-1 1.5100883e0 6.1647661e-1 6.1647661e-1
4.0480005e-1 1.5100883e0 5.6879419e-1 5.6879419e-1
4.2499005e-1 1.5100883e0 5.2594492e-1 5.2594492e-1
4.4518005e-1 1.5100883e0 4.8732492e-1 4.8732492e-1
4.6537006e-1 1.5100883e0 4.5240785e-1 4.5240785e-1
4.8556006e-1 1.5100883e0 4.2080789e-1 4.2080789e-1
5.0575006e-1 1.5100883e0 3.9220468e-1 3.9220468e-1
5.2594006e-1 1.5100883e0 3.6628809e-1 3.6628809e-1
5.4613007e-1 1.5100883e0 3.4280374e-1 3.4280374e-1
5.6632007e-1 1.5100883e0 3.215037e-1 3.215037e-1
5.8651007e-1 1.5100883e0 3.0222482e-1 3.0222482e-1
6.0670007e-1 1.5100883e0 2.8471361e-1 2.8471361e-1
6.2689008e-1 1.5100883e0 2.6889215e-1 2.6889215e-1
6.4708008e-1 1.5100883e0 2.5460275e-1 2.5460275e-1
6.6727008e-1 1.5100883e0 2.4170847e-1 2.4170847e-1
6.8746008e-1 1.5100883e0 2.300599e-1 2.300599e-1
7.0765009e-1 1.5100883e0 2.19657e-1 2.19657e-1
7.2784009e-1 1.5100883e0 2.1034471e-1 2.1034471e-1
7.4803009e-1 1.5100883e0 2.0202875e-1 2.0202875e-1
7.682201e-1 1.5100883e0 1.9462885e-1 1.9462885e-1
7.884101e-1 1.5100883e0 1.881247e-1 1.881247e-1
8.086001e-1 1.5100883e0 1.8240324e-1 1.8240324e-1
8.287901e-1 1.5100883e0 1.7747179e-1 1.7747179e-1
8.489801e-1 1.5100883e0 1.732423e-1 1.732423e-1
8.691701e-1 1.5100883e0 1.6966725e-1 1.6966725e-1
8.893601e-1 1.5100883e0 1.6671326e-1 1.6671326e-1
9.0955011e-1 1.5100883e0 1.6433188e-1 1.6433188e-1
9.2974011e-1 1.5100883e0 1.6248936e-1 1.6248936e-1
9.4993011e-1 1.5100883e0 1.6115356e-1 1.6115356e-1
9.7012012e-1 1.5100883e0 1.6029356e-1 1.6029356e-1
9.9031012e-1 1.5100883e0 1.5988104e-1 1.5988104e-1
1.0105e0 1.5100883e0 1.598879e-1 1.598879e-1
1.03069e0 1.5100883e0 1.6028993e-1 1.6028993e-1
1.05088e0 1.5100883e0 1.6106369e-1 1.6106369e-1
1.0710701e0 1.5100883e0 1.6219002e-1 1.6219002e-1
1.09126e0 1.5100883e0 1.6364513e-1 1.6364513e-1
1.11145e0 1.5100883e0 1.6541669e-1 1.6541669e-1
1.13164e0 1.5100883e0 1.6747581e-1 1.6747581e-1
1.15183e0 1.5100883e0 1.6981787e-1 1.6981787e-1
1.1720201e0 1.5100883e0 1.7242963e-1 1.7242963e-1
1.1922101e0 1.5100883e0 1.7528818e-1 1.7528818e-1
1.2124e0 1.5100883e0 1.7838098e-1 1.7838098e-1
1.23259e0 1.5100883e0 1.8169502e-1 1.8169502e-1
1.25278e0 1.5100883e0 1.8522717e-1 1.8522717e-1
1.2729701e0 1.5100883e0 1.8895369e-1 1.8895369e-1
1.2931601e0 1.5100883e0 1.9287866e-1 1.9287866e-1
1.31335e0 1.5100883e0 1.9698082e-1 1.9698082e-1
1.33354e0 1.5100883e0 2.0124803e-1 2.0124803e-1
1.35373e0 1.5100883e0 2.0568964e-1 2.0568964e-1
1.3739201e0 1.5100883e0 2.1027803e-1 2.1027803e-1
1.3941101e0 1.5100883e0 2.1501207e-1 2.1501207e-1
1.4143001e0 1.5100883e0 2.1989938e-1 2.1989938e-1
1.43449e0 1.5100883e0 2.2491472e-1 2.2491472e-1
1.45468e0 1.5100883e0 2.3005617e-1 2.3005617e-1
1.4748701e0 1.5100883e0 2.3530756e-1 2.3530756e-1
1.4950601e0 1.5100883e0 2.4069589e-1 2.4069589e-1
1.5152501e0 1.5100883e0 2.4615373e-1 2.4615373e-1
1.53544e0 1.5100883e0 2.517383e-1 2.517383e-1
1.55563e0 1.5100883e0 2.574405e-1 2.574405e-1
1.5758202e0 1.5100883e0 2.6322336e-1 2.6322336e-1
1.5960101e0 1.5100883e0 2.6909769e-1 2.6909769e-1
1.6162001e0 1.5100883e0 2.7503847e-1 2.7503847e-1
1.63639e0 1.5100883e0 2.8108713e-1 2.8108713e-1
1.65658e0 1.5100883e0 2.8719469e-1 2.8719469e-1
1.6767702e0 1.5100883e0 2.9339021e-1 2.9339021e-1
1.6969601e0 1.5100883e0 2.9965364e-1 2.9965364e-1
1.7171501e0 1.5100883e0 3.0592538e-1 3.0592538e-1
1.7373401e0 1.5100883e0 3.123292e-1 3.123292e-1
1.75753e0 1.5100883e0 3.1876886e-1 3.1876886e-1
1.7777202e0 1.5100883e0 3.2530138e-1 3.2530138e-1
1.7979102e0 1.5100883e0 3.3185999e-1 3.3185999e-1
1.8181001e0 1.5100883e0 3.3845628e-1 3.3845628e-1
1.8382901e0 1.5100883e0 3.4512804e-1 3.4512804e-1
1.85848e0 1.5100883e0 3.5186006e-1 3.5186006e-1
1.8786702e0 1.5100883e0 3.5860498e-1 3.5860498e-1
1.8988602e0 1.5100883e0 3.6539598e-1 3.6539598e-1
1.9190501e0 1.5100883e0 3.7215097e-1 3.7215097e-1
1.9392401e0 1.5100883e0 3.7902185e-1 3.7902185e-1
1.9594301e0 1.5100883e0 3.8595499e-1 3.8595499e-1
1.9796202e0 1.5100883e0 3.92921e-1 3.92921e-1
1.9998102e0 1.5100883e0 3.9986803e-1 3.9986803e-1

1.0e-3 1.5530174e0 2.4106842e1 2.4106842e1
2.1190002e-2 1.5530174e0 7.6759958e0 7.6759958e0
4.1380005e-2 1.5530174e0 5.3203516e0 5.3203516e0
6.1570007e-2 1.5530174e0 4.1338625e0 4.1338625e0
8.176001e-2 1.5530174e0 3.383294e0 3.383294e0
1.0195001e-1 1.5530174e0 2.8550653e0 2.8550653e0
1.2214001e-1 1.5530174e0 2.4588014e0 2.4588014e0
1.4233002e-1 1.5530174e0 2.1489061e0 2.1489061e0
1.6252002e-1 1.5530174e0 1.8991731e0 1.8991731e0
1.8271002e-1 1.5530174e0 1.6933374e0 1.6933374e0
2.0290002e-1 1.5530174e0 1.5204301e0 1.5204301e0
2.2309003e-1 1.5530174e0 1.3736375e0 1.3736375e0
2.4328003e-1 1.5530174e0 1.24741463e0 1.24741463e0
2.6347003e-1 1.5530174e0 1.13791603e0 1.13791603e0
2.8366003e-1 1.5530174e0 1.04218849e0 1.04218849e0
3.0385004e-1 1.5530174e0 9.5790047e-1 9.5790047e-1
3.2404004e-1 1.5530174e0 8.8333382e-1 8.8333382e-1
3.4423004e-1 1.5530174e0 8.1705956e-1 8.1705956e-1
3.6442004e-1 1.5530174e0 7.5795387e-1 7.5795387e-1
3.8461005e-1 1.5530174e0 7.0498077e-1 7.0498077e-1
4.0480005e-1 1.5530174e0 6.5729836e-1 6.5729836e-1
4.2499005e-1 1.5530174e0 6.1444908e-1 6.1444908e-1
4.4518005e-1 1.5530174e0 5.7582909e-1 5.7582909e-1
4.6537006e-1 1.5530174e0 5.4091202e-1 5.4091202e-1
4.8556006e-1 1.5530174e0 5.0931206e-1 5.0931206e-1
5.0575006e-1 1.5530174e0 4.8070885e-1 4.8070885e-1
5.2594006e-1 1.5530174e0 4.5479225e-1 4.5479225e-1
5.4613007e-1 1.5530174e0 4.313079e-1 4.313079e-1
5.6632007e-1 1.5530174e0 4.1000786e-1 4.1000786e-1
5.8651007e-1 1.5530174e0 3.9072899e-1 3.9072899e-1
6.0670007e-1 1.5530174e0 3.7321777e-1 3.7321777e-1
6.2689008e-1 1.5530174e0 3.5739632e-1 3.5739632e-1
6.4708008e-1 1.5530174e0 3.4310692e-1 3.4310692e-1
6.6727008e-1 1.5530174e0 3.3021263e-1 3.3021263e-1
6.8746008e-1 1.5530174e0 3.1856407e-1 3.1856407e-1
7.0765009e-1 1.5530174e0 3.0816116e-1 3.0816116e-1
7.2784009e-1 1.5530174e0 2.9884888e-1 2.9884888e-1
7.4803009e-1 1.5530174e0 2.9053291e-1 2.9053291e-1
7.682201e-1 1.5530174e0 2.8313301e-1 2.8313301e-1
7.884101e-1 1.5530174e0 2.7662886e-1 2.7662886e-1
8.086001e-1 1.5530174e0 2.7090741e-1 2.7090741e-1
8.287901e-1 1.5530174e0 2.6597595e-1 2.6597595e-1
8.489801e-1 1.5530174e0 2.6174646e-1 2.6174646e-1
8.691701e-1 1.5530174e0 2.5817142e-1 2.5817142e-1
8.893601e-1 1.5530174e0 2.5521742e-1 2.5521742e-1
9.0955011e-1 1.5530174e0 2.5283604e-1 2.5283604e-1
9.2974011e-1 1.5530174e0 2.5099353e-1 2.5099353e-1
9.4993011e-1 1.5530174e0 2.4965773e-1 2.4965773e-1
9.7012012e-1 1.5530174e0 2.4879773e-1 2.4879773e-1
9.9031012e-1 1.5530174e0 2.4838521e-1 2.4838521e-1
1.0105e0 1.5530174e0 2.4839206e-1 2.4839206e-1
1.03069e0 1.5530174e0 2.487941e-1 2.487941e-1
1.05088e0 1.5530174e0 2.4956786e-1 2.4956786e-1
1.0710701e0 1.5530174e0 2.5069418e-1 2.5069418e-1
1.09126e0 1.5530174e0 2.5214929e-1 2.5214929e-1
1.11145e0 1.5530174e0 2.5392085e-1 2.5392085e-1
1.13164e0 1.5530174e0 2.5597998e-1 2.5597998e-1
1.15183e0 1.5530174e0 2.5832204e-1 2.5832204e-1
1.1720201e0 1.5530174e0 2.6093379e-1 2.6093379e-1
1.1922101e0 1.5530174e0 2.6379234e-1 2.6379234e-1
1.2124e0 1.5530174e0 2.6688515e-1 2.6688515e-1
1.23259e0 1.5530174e0 2.7019919e-1 2.7019919e-1
1.25278e0 1.5530174e0 2.7373134e-1 2.7373134e-1
1.2729701e0 1.5530174e0 2.7745786e-1 2.7745786e-1
1.2931601e0 1.5530174e0 2.8138283e-1 2.8138283e-1
1.31335e0 1.5530174e0 2.8548499e-1 2.8548499e-1
1.33354e0 1.5530174e0 2.897522e-1 2.897522e-1
1.35373e0 1.5530174e0 2.941938e-1 2.941938e-1
1.3739201e0 1.5530174e0 2.987822e-1 2.987822e-1
1.3941101e0 1.5530174e0 3.0351624e-1 3.0351624e-1
1.4143001e0 1.5530174e0 3.0840355e-1 3.0840355e-1
1.43449e0 1.5530174e0 3.1341888e-1 3.1341888e-1
1.45468e0 1.5530174e0 3.1856033e-1 3.1856033e-1
1.4748701e0 1.5530174e0 3.2381172e-1 3.2381172e-1
1.4950601e0 1.5530174e0 3.2920006e-1 3.2920006e-1
1.5152501e0 1.5530174e0 3.346579e-1 3.346579e-1
1.53544e0 1.5530174e0 3.4024246e-1 3.4024246e-1
1.55563e0 1.5530174e0 3.4594467e-1 3.4594467e-1
1.5758202e0 1.5530174e0 3.5172752e-1 3.5172752e-1
1.5960101e0 1.5530174e0 3.5760185e-1 3.5760185e-1
1.6162001e0 1.5530174e0 3.6354263e-1 3.6354263e-1
1.63639e0 1.5530174e0 3.695913e-1 3.695913e-1
1.65658e0 1.5530174e0 3.7569885e-1 3.7569885e-1
1.6767702e0 1.5530174e0 3.8189438e-1 3.8189438e-1
1.6969601e0 1.5530174e0 3.881578e-1 3.881578e-1
1.7171501e0 1.5530174e0 3.9442955e-1 3.9442955e-1
1.7373401e0 1.5530174e0 4.0083336e-1 4.0083336e-1
1.75753e0 1.5530174e0 4.0727303e-1 4.0727303e-1
1.7777202e0 1.5530174e0 4.1380554e-1 4.1380554e-1
1.7979102e0 1.5530174e0 4.2036415e-1 4.2036415e-1
1.8181001e0 1.5530174e0 4.2696045e-1 4.2696045e-1
1.8382901e0 1.5530174e0 4.336322e-1 4.336322e-1
1.85848e0 1.5530174e0 4.4036423e-1 4.4036423e-1
1.8786702e0 1.5530174e0 4.4710915e-1 4.4710915e-1
1.8988602e0 1.5530174e0 4.5390015e-1 4.5390015e-1
1.9190501e0 1.5530174e0 4.6065514e-1 4.6065514e-1
1.9392401e0 1.5530174e0 4.6752602e-1 4.6752602e-1
1.9594301e0 1.5530174e0 4.7445915e-1 4.7445915e-1
1.9796202e0 1.5530174e0 4.8142517e-1 4.8142517e-1
1.9998102e0 1.5530174e0 4.883722e-1 4.883722e-1

1.0e-3 1.5959464e0 2.420684e1 2.420684e1
2.1190002e-2 1.5959464e0 7.7759933e0 7.7759933e0
4.1380005e-2 1.5959464e0 5.4203491e0 5.4203491e0
6.1570007e-2 1.5959464e0 4.23386e0 4.23386e0
8.176001e-2 1.5959464e0 3.4832916e0 3.4832916e0
1.0195001e-1 1.5959464e0 2.9550629e0 2.9550629e0
1.2214001e-1 1.5959464e0 2.558799e0 2.558799e0
1.4233002e-1 1.5959464e0 2.2489037e0 2.2489037e0
1.6252002e-1 1.5959464e0 1.9991707e0 1.9991707e0
1.8271002e-1 1.5959464e0 1.793335e0 1.793335e0
2.0290002e-1 1.5959464e0 1.6204277e0 1.6204277e0
2.2309003e-1 1.5959464e0 1.4736351e0 1.4736351e0
2.4328003e-1 1.5959464e0 1.34741223e0 1.34741223e0
2.6347003e-1 1.5959464e0 1.23791364e0 1.23791364e0
2.8366003e-1 1.5959464e0 1.1421861e0 1.1421861e0
3.0385004e-1 1.5959464e0 1.05789807e0 1.05789807e0
3.2404004e-1 1.5959464e0 9.8333142e-1 9.8333142e-1
3.4423004e-1 1.5959464e0 9.1705716e-1 9.1705716e-1
3.6442004e-1 1.5959464e0 8.5795148e-1 8.5795148e-1
3.8461005e-1 1.5959464e0 8.0497838e-1 8.0497838e-1
4.0480005e-1 1.5959464e0 7.5729596e-1 7.5729596e-1
4.2499005e-1 1.5959464e0 7.1444669e-1 7.1444669e-1
4.4518005e-1 1.5959464e0 6.7582669e-1 6.7582669e-1
4.6537006e-1 1.5959464e0 6.4090962e-1 6.4090962e-1
4.8556006e-1 1.5959464e0 6.0930966e-1 6.0930966e-1
5.0575006e-1 1.5959464e0 5.8070645e-1 5.8070645e-1
5.2594006e-1 1.5959464e0 5.5478986e-1 5.5478986e-1
5.4613007e-1 1.5959464e0 5.3130551e-1 5.3130551e-1
5.6632007e-1 1.5959464e0 5.1000546e-1 5.1000546e-1
5.8651007e-1 1.5959464e0 4.907266e-1 4.907266e-1
6.0670007e-1 1.5959464e0 4.7321538e-1 4.7321538e-1
6.2689008e-1 1.5959464e0 4.5739392e-1 4.5739392e-1
6.4708008e-1 1.5959464e0 4.4310452e-1 4.4310452e-1
6.6727008e-1 1.5959464e0 4.3021024e-1 4.3021024e-1
6.8746008e-1 1.5959464e0 4.1856168e-1 4.1856168e-1
7.0765009e-1 1.5959464e0 4.0815877e-1 4.0815877e-1
7.2784009e-1 1.5959464e0 3.9884648e-1 3.9884648e-1
7.4803009e-1 1.5959464e0 3.9053052e-1 3.9053052e-1
7.682201e-1 1.5959464e0 3.8313062e-1 3.8313062e-1
7.884101e-1 1.5959464e0 3.7662646e-1 3.7662646e-1
8.086001e-1 1.5959464e0 3.7090501e-1 3.7090501e-1
8.287901e-1 1.5959464e0 3.6597356e-1 3.6597356e-1
8.489801e-1 1.5959464e0 3.6174406e-1 3.6174406e-1
8.691701e-1 1.5959464e0 3.5816902e-1 3.5816902e-1
8.893601e-1 1.5959464e0 3.5521503e-1 3.5521503e-1
9.0955011e-1 1.5959464e0 3.5283365e-1 3.5283365e-1
9.2974011e-1 1.5959464e0 3.5099113e-1 3.5099113e-1
9.4993011e-1 1.5959464e0 3.4965533e-1 3.4965533e-1
9.7012012e-1 1.5959464e0 3.4879533e-1 3.4879533e-1
9.9031012e-1 1.5959464e0 3.4838281e-1 3.4838281e-1
1.0105e0 1.5959464e0 3.4838966e-1 3.4838966e-1
1.03069e0 1.5959464e0 3.487917e-1 3.487917e-1
1.05088e0 1.5959464e0 3.4956546e-1 3.4956546e-1
1.0710701e0 1.5959464e0 3.5069179e-1 3.5069179e-1
1.09126e0 1.5959464e0 3.521469e-1 3.521469e-1
1.11145e0 1.5959464e0 3.5391846e-1 3.5391846e-1
1.13164e0 1.5959464e0 3.5597758e-1 3.5597758e-1
1.15183e0 1.5959464e0 3.5831964e-1 3.5831964e-1
1.1720201e0 1.5959464e0 3.609314e-1 3.609314e-1
1.1922101e0 1.5959464e0 3.6378995e-1 3.6378995e-1
1.2124e0 1.5959464e0 3.6688275e-1 3.6688275e-1
1.23259e0 1.5959464e0 3.701968e-1 3.701968e-1
1.25278e0 1.5959464e0 3.7372894e-1 3.7372894e-1
1.2729701e0 1.5959464e0 3.7745546e-1 3.7745546e-1
1.2931601e0 1.5959464e0 3.8138043e-1 3.8138043e-1
1.31335e0 1.5959464e0 3.8548259e-1 3.8548259e-1
1.33354e0 1.5959464e0 3.897498e-1 3.897498e-1
1.35373e0 1.5959464e0 3.941914e-1 3.941914e-1
1.3739201e0 1.5959464e0 3.987798e-1 3.987798e-1
1.3941101e0 1.5959464e0 4.0351384e-1 4.0351384e-1
1.4143001e0 1.5959464e0 4.0840115e-1 4.0840115e-1
1.43449e0 1.5959464e0 4.1341649e-1 4.1341649e-1
1.45468e0 1.5959464e0 4.1855794e-1 4.1855794e-1
1.4748701e0 1.5959464e0 4.2380933e-1 4.2380933e-1
1.4950601e0 1.5959464e0 4.2919766e-1 4.2919766e-1
1.5152501e0 1.5959464e0 4.346555e-1 4.346555e-1
1.53544e0 1.5959464e0 4.4024007e-1 4.4024007e-1
1.55563e0 1.5959464e0 4.4594228e-1 4.4594228e-1
1.5758202e0 1.5959464e0 4.5172513e-1 4.5172513e-1
1.5960101e0 1.5959464e0 4.5759946e-1 4.5759946e-1
1.6162001e0 1.5959464e0 4.6354024e-1 4.6354024e-1
1.63639e0 1.5959464e0 4.695889e-1 4.695889e-1
1.65658e0 1.5959464e0 4.7569646e-1 4.7569646e-1
1.6767702e0 1.5959464e0 4.8189198e-1 4.8189198e-1
1.6969601e0 1.5959464e0 4.8815541e-1 4.8815541e-1
1.7171501e0 1.5959464e0 4.9442715e-1 4.9442715e-1
1.7373401e0 1.5959464e0 5.0083096e-1 5.0083096e-1
1.75753e0 1.5959464e0 5.0727063e-1 5.0727063e-1
1.7777202e0 1.5959464e0 5.1380315e-1 5.1380315e-1
1.7979102e0 1.5959464e0 5.2036176e-1 5.2036176e-1
1.8181001e0 1.5959464e0 5.2695805e-1 5.2695805e-1
1.8382901e0 1.5959464e0 5.336298e-1 5.336298e-1
1.85848e0 1.5959464e0 5.4036183e-1 5.4036183e-1
1.8786702e0 1.5959464e0 5.4710675e-1 5.4710675e-1
1.8988602e0 1.5959464e0 5.5389775e-1 5.5389775e-1
1.9190501e0 1.5959464e0 5.6065274e-1 5.6065274e-1
1.9392401e0 1.5959464e0 5.6752362e-1 5.6752362e-1
1.9594301e0 1.5959464e0 5.7445676e-1 5.7445676e-1
1.9796202e0 1.5959464e0 5.8142278e-1 5.8142278e-1
1.9998102e0 1.5959464e0 5.883698e-1 5.883698e-1

1.0e-3 1.6388754e0 2.4319078e1 2.4319078e1
2.1190002e-2 1.6388754e0 7.8882312e0 7.8882312e0
4.1380005e-2 1.6388754e0 5.532587e0 5.532587e0
6.1570007e-2 1.6388754e0 4.3460979e0 4.3460979e0
8.176001e-2 1.6388754e0 3.5955295e0 3.5955295e0
1.0195001e-1 1.6388754e0 3.0673007e0 3.0673007e0
1.2214001e-1 1.6388754e0 2.6710368e0 2.6710368e0
1.4233002e-1 1.6388754e0 2.3611415e0 2.3611415e0
1.6252002e-1 1.6388754e0 2.1114085e0 2.1114085e0
1.8271002e-1 1.6388754e0 1.9055728e0 1.9055728e0
2.0290002e-1 1.6388754e0 1.7326656e0 1.7326656e0
2.2309003e-1 1.6388754e0 1.585873e0 1.585873e0
2.4328003e-1 1.6388754e0 1.45965e0 1.45965e0
2.6347003e-1 1.6388754e0 1.3501514e0 1.3501514e0
2.8366003e-1 1.6388754e0 1.25442386e0 1.25442386e0
3.0385004e-1 1.6388754e0 1.17013583e0 1.17013583e0
3.2404004e-1 1.6388754e0 1.09556918e0 1.09556918e0
3.4423004e-1 1.6388754e0 1.02929492e0 1.02929492e0
3.6442004e-1 1.6388754e0 9.7018924e-1 9.7018924e-1
3.8461005e-1 1.6388754e0 9.1721614e-1 9.1721614e-1
4.0480005e-1 1.6388754e0 8.6953372e-1 8.6953372e-1
4.2499005e-1 1.6388754e0 8.2668445e-1 8.2668445e-1
4.4518005e-1 1.6388754e0 7.8806445e-1 7.8806445e-1
4.6537006e-1 1.6388754e0 7.5314738e-1 7.5314738e-1
4.8556006e-1 1.6388754e0 7.2154742e-1 7.2154742e-1
5.0575006e-1 1.6388754e0 6.9294421e-1 6.9294421e-1
5.2594006e-1 1.6388754e0 6.6702762e-1 6.6702762e-1
5.4613007e-1 1.6388754e0 6.4354327e-1 6.4354327e-1
5.6632007e-1 1.6388754e0 6.2224323e-1 6.2224323e-1
5.8651007e-1 1.6388754e0 6.0296436e-1 6.0296436e-1
6.0670007e-1 1.6388754e0 5.8545314e-1 5.8545314e-1
6.2689008e-1 1.6388754e0 5.6963168e-1 5.6963168e-1
6.4708008e-1 1.6388754e0 5.5534229e-1 5.5534229e-1
6.6727008e-1 1.6388754e0 5.42448e-1 5.42448e-1
6.8746008e-1 1.6388754e0 5.3079944e-1 5.3079944e-1
7.0765009e-1 1.6388754e0 5.2039653e-1 5.2039653e-1
7.2784009e-1 1.6388754e0 5.1108424e-1 5.1108424e-1
7.4803009e-1 1.6388754e0 5.0276828e-1 5.0276828e-1
7.682201e-1 1.6388754e0 4.9536838e-1 4.9536838e-1
7.884101e-1 1.6388754e0 4.8886423e-1 4.8886423e-1
8.086001e-1 1.6388754e0 4.8314278e-1 4.8314278e-1
8.287901e-1 1.6388754e0 4.7821132e-1 4.7821132e-1
8.489801e-1 1.6388754e0 4.7398183e-1 4.7398183e-1
8.691701e-1 1.6388754e0 4.7040678e-1 4.7040678e-1
8.893601e-1 1.6388754e0 4.6745279e-1 4.6745279e-1
9.0955011e-1 1.6388754e0 4.6507141e-1 4.6507141e-1
9.2974011e-1 1.6388754e0 4.632289e-1 4.632289e-1
9.4993011e-1 1.6388754e0 4.618931e-1 4.618931e-1
9.7012012e-1 1.6388754e0 4.610331e-1 4.610331e-1
9.9031012e-1 1.6388754e0 4.6062057e-1 4.6062057e-1
1.0105e0 1.6388754e0 4.6062743e-1 4.6062743e-1
1.03069e0 1.6388754e0 4.6102946e-1 4.6102946e-1
1.05088e0 1.6388754e0 4.6180322e-1 4.6180322e-1
1.0710701e0 1.6388754e0 4.6292955e-1 4.6292955e-1
1.09126e0 1.6388754e0 4.6438466e-1 4.6438466e-1
1.11145e0 1.6388754e0 4.6615622e-1 4.6615622e-1
1.13164e0 1.6388754e0 4.6821535e-1 4.6821535e-1
1.15183e0 1.6388754e0 4.705574e-1 4.705574e-1
1.1720201e0 1.6388754e0 4.7316916e-1 4.7316916e-1
1.1922101e0 1.6388754e0 4.7602771e-1 4.7602771e-1
1.2124e0 1.6388754e0 4.7912051e-1 4.7912051e-1
1.23259e0 1.6388754e0 4.8243456e-1 4.8243456e-1
1.25278e0 1.6388754e0 4.859667e-1 4.859667e-1
1.2729701e0 1.6388754e0 4.8969322e-1 4.8969322e-1
1.2931601e0 1.6388754e0 4.936182e-1 4.936182e-1
1.31335e0 1.6388754e0 4.9772035e-1 4.9772035e-1
1.33354e0 1.6388754e0 5.0198756e-1 5.0198756e-1
1.35373e0 1.6388754e0 5.0642917e-1 5.0642917e-1
1.3739201e0 1.6388754e0 5.1101756e-1 5.1101756e-1
1.3941101e0 1.6388754e0 5.157516e-1 5.157516e-1
1.4143001e0 1.6388754e0 5.2063892e-1 5.2063892e-1
1.43449e0 1.6388754e0 5.2565425e-1 5.2565425e-1
1.45468e0 1.6388754e0 5.307957e-1 5.307957e-1
1.4748701e0 1.6388754e0 5.3604709e-1 5.3604709e-1
1.4950601e0 1.6388754e0 5.4143542e-1 5.4143542e-1
1.5152501e0 1.6388754e0 5.4689326e-1 5.4689326e-1
1.53544e0 1.6388754e0 5.5247783e-1 5.5247783e-1
1.55563e0 1.6388754e0 5.5818004e-1 5.5818004e-1
1.5758202e0 1.6388754e0 5.6396289e-1 5.6396289e-1
1.5960101e0 1.6388754e0 5.6983722e-1 5.6983722e-1
1.6162001e0 1.6388754e0 5.75778e-1 5.75778e-1
1.63639e0 1.6388754e0 5.8182666e-1 5.8182666e-1
1.65658e0 1.6388754e0 5.8793422e-1 5.8793422e-1
1.6767702e0 1.6388754e0 5.9412975e-1 5.9412975e-1
1.6969601e0 1.6388754e0 6.0039317e-1 6.0039317e-1
1.7171501e0 1.6388754e0 6.0666492e-1 6.0666492e-1
1.7373401e0 1.6388754e0 6.1306873e-1 6.1306873e-1
1.75753e0 1.6388754e0 6.1950839e-1 6.1950839e-1
1.7777202e0 1.6388754e0 6.2604091e-1 6.2604091e-1
1.7979102e0 1.6388754e0 6.3259952e-1 6.3259952e-1
1.8181001e0 1.6388754e0 6.3919582e-1 6.3919582e-1
1.8382901e0 1.6388754e0 6.4586757e-1 6.4586757e-1
1.85848e0 1.6388754e0 6.525996e-1 6.525996e-1
1.8786702e0 1.6388754e0 6.5934451e-1 6.5934451e-1
1.8988602e0 1.6388754e0 6.6613551e-1 6.6613551e-1
1.9190501e0 1.6388754e0 6.728905e-1 6.728905e-1
1.9392401e0 1.6388754e0 6.7976138e-1 6.7976138e-1
1.9594301e0 1.6388754e0 6.8669452e-1 6.8669452e-1
1.9796202e0 1.6388754e0 6.9366054e-1 6.9366054e-1
1.9998102e0 1.6388754e0 7.0060756e-1 7.0060756e-1

1.0e-3 1.6818044e0 2.4444324e1 2.4444324e1
2.1190002e-2 1.6818044e0 8.013478e0 8.013478e0
4.1380005e-2 1.6818044e0 5.6578337e0 5.6578337e0
6.1570007e-2 1.6818044e0 4.4713446e0 4.4713446e0
8.176001e-2 1.6818044e0 3.7207762e0 3.7207762e0
1.0195001e-1 1.6818044e0 3.1925475e0 3.1925475e0
1.2214001e-1 1.6818044e0 2.7962836e0 2.7962836e0
1.4233002e-1 1.6818044e0 2.4863882e0 2.4863882e0
1.6252002e-1 1.6818044e0 2.2366553e0 2.2366553e0
1.8271002e-1 1.6818044e0 2.0308195e0 2.0308195e0
2.0290002e-1 1.6818044e0 1.8579123e0 1.8579123e0
2.2309003e-1 1.6818044e0 1.7111197e0 1.7111197e0
2.4328003e-1 1.6818044e0 1.58489676e0 1.58489676e0
2.6347003e-1 1.6818044e0 1.47539816e0 1.47539816e0
2.8366003e-1 1.6818044e0 1.37967062e0 1.37967062e0
3.0385004e-1 1.6818044e0 1.2953826e0 1.2953826e0
3.2404004e-1 1.6818044e0 1.22081595e0 1.22081595e0
3.4423004e-1 1.6818044e0 1.15454169e0 1.15454169e0
3.6442004e-1 1.6818044e0 1.095436e0 1.095436e0
3.8461005e-1 1.6818044e0 1.0424629e0 1.0424629e0
4.0480005e-1 1.6818044e0 9.9478049e-1 9.9478049e-1
4.2499005e-1 1.6818044e0 9.5193121e-1 9.5193121e-1
4.4518005e-1 1.6818044e0 9.1331122e-1 9.1331122e-1
4.6537006e-1 1.6818044e0 8.7839415e-1 8.7839415e-1
4.8556006e-1 1.6818044e0 8.4679419e-1 8.4679419e-1
5.0575006e-1 1.6818044e0 8.1819098e-1 8.1819098e-1
5.2594006e-1 1.6818044e0 7.9227438e-1 7.9227438e-1
5.4613007e-1 1.6818044e0 7.6879004e-1 7.6879004e-1
5.6632007e-1 1.6818044e0 7.4748999e-1 7.4748999e-1
5.8651007e-1 1.6818044e0 7.2821112e-1 7.2821112e-1
6.0670007e-1 1.6818044e0 7.106999e-1 7.106999e-1
6.2689008e-1 1.6818044e0 6.9487845e-1 6.9487845e-1
6.4708008e-1 1.6818044e0 6.8058905e-1 6.8058905e-1
6.6727008e-1 1.6818044e0 6.6769476e-1 6.6769476e-1
6.8746008e-1 1.6818044e0 6.560462e-1 6.560462e-1
7.0765009e-1 1.6818044e0 6.456433e-1 6.456433e-1
7.2784009e-1 1.6818044e0 6.3633101e-1 6.3633101e-1
7.4803009e-1 1.6818044e0 6.2801505e-1 6.2801505e-1
7.682201e-1 1.6818044e0 6.2061514e-1 6.2061514e-1
7.884101e-1 1.6818044e0 6.14111e-1 6.14111e-1
8.086001e-1 1.6818044e0 6.0838954e-1 6.0838954e-1
8.287901e-1 1.6818044e0 6.0345808e-1 6.0345808e-1
8.489801e-1 1.6818044e0 5.9922859e-1 5.9922859e-1
8.691701e-1 1.6818044e0 5.9565355e-1 5.9565355e-1
8.893601e-1 1.6818044e0 5.9269955e-1 5.9269955e-1
9.0955011e-1 1.6818044e0 5.9031818e-1 5.9031818e-1
9.2974011e-1 1.6818044e0 5.8847566e-1 5.8847566e-1
9.4993011e-1 1.6818044e0 5.8713986e-1 5.8713986e-1
9.7012012e-1 1.6818044e0 5.8627986e-1 5.8627986e-1
9.9031012e-1 1.6818044e0 5.8586734e-1 5.8586734e-1
1.0105e0 1.6818044e0 5.8587419e-1 5.8587419e-1
1.03069e0 1.6818044e0 5.8627623e-1 5.8627623e-1
1.05088e0 1.6818044e0 5.8704999e-1 5.8704999e-1
1.0710701e0 1.6818044e0 5.8817632e-1 5.8817632e-1
1.09126e0 1.6818044e0 5.8963142e-1 5.8963142e-1
1.11145e0 1.6818044e0 5.9140298e-1 5.9140298e-1
1.13164e0 1.6818044e0 5.9346211e-1 5.9346211e-1
1.15183e0 1.6818044e0 5.9580417e-1 5.9580417e-1
1.1720201e0 1.6818044e0 5.9841592e-1 5.9841592e-1
1.1922101e0 1.6818044e0 6.0127448e-1 6.0127448e-1
1.2124e0 1.6818044e0 6.0436728e-1 6.0436728e-1
1.23259e0 1.6818044e0 6.0768132e-1 6.0768132e-1
1.25278e0 1.6818044e0 6.1121347e-1 6.1121347e-1
1.2729701e0 1.6818044e0 6.1493999e-1 6.1493999e-1
1.2931601e0 1.6818044e0 6.1886496e-1 6.1886496e-1
1.31335e0 1.6818044e0 6.2296712e-1 6.2296712e-1
1.33354e0 1.6818044e0 6.2723433e-1 6.2723433e-1
1.35373e0 1.6818044e0 6.3167593e-1 6.3167593e-1
1.3739201e0 1.6818044e0 6.3626433e-1 6.3626433e-1
1.3941101e0 1.6818044e0 6.4099837e-1 6.4099837e-1
1.4143001e0 1.6818044e0 6.4588568e-1 6.4588568e-1
1.43449e0 1.6818044e0 6.5090102e-1 6.5090102e-1
1.45468e0 1.6818044e0 6.5604247e-1 6.5604247e-1
1.4748701e0 1.6818044e0 6.6129385e-1 6.6129385e-1
1.4950601e0 1.6818044e0 6.6668219e-1 6.6668219e-1
1.5152501e0 1.6818044e0 6.7214003e-1 6.7214003e-1
1.53544e0 1.6818044e0 6.777246e-1 6.777246e-1
1.55563e0 1.6818044e0 6.834268e-1 6.834268e-1
1.5758202e0 1.6818044e0 6.8920966e-1 6.8920966e-1
1.5960101e0 1.6818044e0 6.9508398e-1 6.9508398e-1
1.6162001e0 1.6818044e0 7.0102477e-1 7.0102477e-1
1.63639e0 1.6818044e0 7.0707343e-1 7.0707343e-1
1.65658e0 1.6818044e0 7.1318098e-1 7.1318098e-1
1.6767702e0 1.6818044e0 7.1937651e-1 7.1937651e-1
1.6969601e0 1.6818044e0 7.2563994e-1 7.2563994e-1
1.7171501e0 1.6818044e0 7.3191168e-1 7.3191168e-1
1.7373401e0 1.6818044e0 7.3831549e-1 7.3831549e-1
1.75753e0 1.6818044e0 7.4475516e-1 7.4475516e-1
1.7777202e0 1.6818044e0 7.5128767e-1 7.5128767e-1
1.7979102e0 1.6818044e0 7.5784628e-1 7.5784628e-1
1.8181001e0 1.6818044e0 7.6444258e-1 7.6444258e-1
1.8382901e0 1.6818044e0 7.7111433e-1 7.7111433e-1
1.85848e0 1.6818044e0 7.7784636e-1 7.7784636e-1
1.8786702e0 1.6818044e0 7.8459128e-1 7.8459128e-1
1.8988602e0 1.6818044e0 7.9138228e-1 7.9138228e-1
1.9190501e0 1.6818044e0 7.9813727e-1 7.9813727e-1
1.9392401e0 1.6818044e0 8.0500815e-1 8.0500815e-1
1.9594301e0 1.6818044e0 8.1194128e-1 8.1194128e-1
1.9796202e0 1.6818044e0 8.189073e-1 8.189073e-1
1.9998102e0 1.6818044e0 8.2585432e-1 8.2585432e-1

1.0e-3 1.7247333e0 2.4583368e1 2.4583368e1
2.1190002e-2 1.7247333e0 8.152522e0 8.152522e0
4.1380005e-2 1.7247333e0 5.7968777e0 5.7968777e0
6.1570007e-2 1.7247333e0 4.6103886e0 4.6103886e0
8.176001e-2 1.7247333e0 3.8598203e0 3.8598203e0
1.0195001e-1 1.7247333e0 3.3315915e0 3.3315915e0
1.2214001e-1 1.7247333e0 2.9353276e0 2.9353276e0
1.4233002e-1 1.7247333e0 2.6254323e0 2.6254323e0
1.6252002e-1 1.7247333e0 2.3756993e0 2.3756993e0
1.8271002e-1 1.7247333e0 2.1698636e0 2.1698636e0
2.0290002e-1 1.7247333e0 1.9969563e0 1.9969563e0
2.2309003e-1 1.7247333e0 1.8501637e0 1.8501637e0
2.4328003e-1 1.7247333e0 1.72394078e0 1.72394078e0
2.6347003e-1 1.7247333e0 1.61444218e0 1.61444218e0
2.8366003e-1 1.7247333e0 1.51871465e0 1.51871465e0
3.0385004e-1 1.7247333e0 1.43442662e0 1.43442662e0
3.2404004e-1 1.7247333e0 1.35985997e0 1.35985997e0
3.4423004e-1 1.7247333e0 1.29358571e0 1.29358571e0
3.6442004e-1 1.7247333e0 1.23448003e0 1.23448003e0
3.8461005e-1 1.7247333e0 1.18150693e0 1.18150693e0
4.0480005e-1 1.7247333e0 1.13382451e0 1.13382451e0
4.2499005e-1 1.7247333e0 1.09097523e0 1.09097523e0
4.4518005e-1 1.7247333e0 1.05235524e0 1.05235524e0
4.6537006e-1 1.7247333e0 1.01743817e0 1.01743817e0
4.8556006e-1 1.7247333e0 9.8583821e-1 9.8583821e-1
5.0575006e-1 1.7247333e0 9.57235e-1 9.57235e-1
5.2594006e-1 1.7247333e0 9.313184e-1 9.313184e-1
5.4613007e-1 1.7247333e0 9.0783406e-1 9.0783406e-1
5.6632007e-1 1.7247333e0 8.8653401e-1 8.8653401e-1
5.8651007e-1 1.7247333e0 8.6725514e-1 8.6725514e-1
6.0670007e-1 1.7247333e0 8.4974393e-1 8.4974393e-1
6.2689008e-1 1.7247333e0 8.3392247e-1 8.3392247e-1
6.4708008e-1 1.7247333e0 8.1963307e-1 8.1963307e-1
6.6727008e-1 1.7247333e0 8.0673878e-1 8.0673878e-1
6.8746008e-1 1.7247333e0 7.9509023e-1 7.9509023e-1
7.0765009e-1 1.7247333e0 7.8468732e-1 7.8468732e-1
7.2784009e-1 1.7247333e0 7.7537503e-1 7.7537503e-1
7.4803009e-1 1.7247333e0 7.6705907e-1 7.6705907e-1
7.682201e-1 1.7247333e0 7.5965916e-1 7.5965916e-1
7.884101e-1 1.7247333e0 7.5315501e-1 7.5315501e-1
8.086001e-1 1.7247333e0 7.4743356e-1 7.4743356e-1
8.287901e-1 1.7247333e0 7.425021e-1 7.425021e-1
8.489801e-1 1.7247333e0 7.3827261e-1 7.3827261e-1
8.691701e-1 1.7247333e0 7.3469757e-1 7.3469757e-1
8.893601e-1 1.7247333e0 7.3174358e-1 7.3174358e-1
9.0955011e-1 1.7247333e0 7.293622e-1 7.293622e-1
9.2974011e-1 1.7247333e0 7.2751968e-1 7.2751968e-1
9.4993011e-1 1.7247333e0 7.2618388e-1 7.2618388e-1
9.7012012e-1 1.7247333e0 7.2532388e-1 7.2532388e-1
9.9031012e-1 1.7247333e0 7.2491136e-1 7.2491136e-1
1.0105e0 1.7247333e0 7.2491821e-1 7.2491821e-1
1.03069e0 1.7247333e0 7.2532025e-1 7.2532025e-1
1.05088e0 1.7247333e0 7.2609401e-1 7.2609401e-1
1.0710701e0 1.7247333e0 7.2722034e-1 7.2722034e-1
1.09126e0 1.7247333e0 7.2867545e-1 7.2867545e-1
1.11145e0 1.7247333e0 7.30447e-1 7.30447e-1
1.13164e0 1.7247333e0 7.3250613e-1 7.3250613e-1
1.15183e0 1.7247333e0 7.3484819e-1 7.3484819e-1
1.1720201e0 1.7247333e0 7.3745995e-1 7.3745995e-1
1.1922101e0 1.7247333e0 7.403185e-1 7.403185e-1
1.2124e0 1.7247333e0 7.434113e-1 7.434113e-1
1.23259e0 1.7247333e0 7.4672534e-1 7.4672534e-1
1.25278e0 1.7247333e0 7.5025749e-1 7.5025749e-1
1.2729701e0 1.7247333e0 7.5398401e-1 7.5398401e-1
1.2931601e0 1.7247333e0 7.5790898e-1 7.5790898e-1
1.31335e0 1.7247333e0 7.6201114e-1 7.6201114e-1
1.33354e0 1.7247333e0 7.6627835e-1 7.6627835e-1
1.35373e0 1.7247333e0 7.7071996e-1 7.7071996e-1
1.3739201e0 1.7247333e0 7.7530835e-1 7.7530835e-1
1.3941101e0 1.7247333e0 7.8004239e-1 7.8004239e-1
1.4143001e0 1.7247333e0 7.849297e-1 7.849297e-1
1.43449e0 1.7247333e0 7.8994504e-1 7.8994504e-1
1.45468e0 1.7247333e0 7.9508649e-1 7.9508649e-1
1.4748701e0 1.7247333e0 8.0033788e-1 8.0033788e-1
1.4950601e0 1.7247333e0 8.0572621e-1 8.0572621e-1
1.5152501e0 1.7247333e0 8.1118405e-1 8.1118405e-1
1.53544e0 1.7247333e0 8.1676862e-1 8.1676862e-1
1.55563e0 1.7247333e0 8.2247083e-1 8.2247083e-1
1.5758202e0 1.7247333e0 8.2825368e-1 8.2825368e-1
1.5960101e0 1.7247333e0 8.34128e-1 8.34128e-1
1.6162001e0 1.7247333e0 8.4006879e-1 8.4006879e-1
1.63639e0 1.7247333e0 8.4611745e-1 8.4611745e-1
1.65658e0 1.7247333e0 8.52225e-1 8.52225e-1
1.6767702e0 1.7247333e0 8.5842053e-1 8.5842053e-1
1.6969601e0 1.7247333e0 8.6468396e-1 8.6468396e-1
1.7171501e0 1.7247333e0 8.709557e-1 8.709557e-1
1.7373401e0 1.7247333e0 8.7735951e-1 8.7735951e-1
1.75753e0 1.7247333e0 8.8379918e-1 8.8379918e-1
1.7777202e0 1.7247333e0 8.903317e-1 8.903317e-1
1.7979102e0 1.7247333e0 8.968903e-1 8.968903e-1
1.8181001e0 1.7247333e0 9.034866e-1 9.034866e-1
1.8382901e0 1.7247333e0 9.1015836e-1 9.1015836e-1
1.85848e0 1.7247333e0 9.1689038e-1 9.1689038e-1
1.8786702e0 1.7247333e0 9.236353e-1 9.236353e-1
1.8988602e0 1.7247333e0 9.304263e-1 9.304263e-1
1.9190501e0 1.7247333e0 9.3718129e-1 9.3718129e-1
1.9392401e0 1.7247333e0 9.4405217e-1 9.4405217e-1
1.9594301e0 1.7247333e0 9.509853e-1 9.509853e-1
1.9796202e0 1.7247333e0 9.5795132e-1 9.5795132e-1
1.9998102e0 1.7247333e0 9.6489835e-1 9.6489835e-1

1.0e-3 1.7676624e0 2.4737016e1 2.4737016e1
2.1190002e-2 1.7676624e0 8.3061699e0 8.3061699e0
4.1380005e-2 1.7676624e0 5.9505257e0 5.9505257e0
6.1570007e-2 1.7676624e0 4.7640366e0 4.7640366e0
8.176001e-2 1.7676624e0 4.0134682e0 4.0134682e0
1.0195001e-1 1.7676624e0 3.4852394e0 3.4852394e0
1.2214001e-1 1.7676624e0 3.0889755e0 3.0889755e0
1.4233002e-1 1.7676624e0 2.7790802e0 2.7790802e0
1.6252002e-1 1.7676624e0 2.5293472e0 2.5293472e0
1.8271002e-1 1.7676624e0 2.3235115e0 2.3235115e0
2.0290002e-1 1.7676624e0 2.1506042e0 2.1506042e0
2.2309003e-1 1.7676624e0 2.0038116e0 2.0038116e0
2.4328003e-1 1.7676624e0 1.87758873e0 1.87758873e0
2.6347003e-1 1.7676624e0 1.76809013e0 1.76809013e0
2.8366003e-1 1.7676624e0 1.6723626e0 1.6723626e0
3.0385004e-1 1.7676624e0 1.58807457e0 1.58807457e0
3.2404004e-1 1.7676624e0 1.51350792e0 1.51350792e0
3.4423004e-1 1.7676624e0 1.44723366e0 1.44723366e0
3.6442004e-1 1.7676624e0 1.38812798e0 1.38812798e0
3.8461005e-1 1.7676624e0 1.33515488e0 1.33515488e0
4.0480005e-1 1.7676624e0 1.28747246e0 1.28747246e0
4.2499005e-1 1.7676624e0 1.24462318e0 1.24462318e0
4.4518005e-1 1.7676624e0 1.20600319e0 1.20600319e0
4.6537006e-1 1.7676624e0 1.17108612e0 1.17108612e0
4.8556006e-1 1.7676624e0 1.13948616e0 1.13948616e0
5.0575006e-1 1.7676624e0 1.11088295e0 1.11088295e0
5.2594006e-1 1.7676624e0 1.08496635e0 1.08496635e0
5.4613007e-1 1.7676624e0 1.06148201e0 1.06148201e0
5.6632007e-1 1.7676624e0 1.04018196e0 1.04018196e0
5.8651007e-1 1.7676624e0 1.02090309e0 1.02090309e0
6.0670007e-1 1.7676624e0 1.00339188e0 1.00339188e0
6.2689008e-1 1.7676624e0 9.8757042e-1 9.8757042e-1
6.4708008e-1 1.7676624e0 9.7328102e-1 9.7328102e-1
6.6727008e-1 1.7676624e0 9.6038673e-1 9.6038673e-1
6.8746008e-1 1.7676624e0 9.4873817e-1 9.4873817e-1
7.0765009e-1 1.7676624e0 9.3833527e-1 9.3833527e-1
7.2784009e-1 1.7676624e0 9.2902298e-1 9.2902298e-1
7.4803009e-1 1.7676624e0 9.2070702e-1 9.2070702e-1
7.682201e-1 1.7676624e0 9.1330711e-1 9.1330711e-1
7.884101e-1 1.7676624e0 9.0680296e-1 9.0680296e-1
8.086001e-1 1.7676624e0 9.0108151e-1 9.0108151e-1
8.287901e-1 1.7676624e0 8.9615005e-1 8.9615005e-1
8.489801e-1 1.7676624e0 8.9192056e-1 8.9192056e-1
8.691701e-1 1.7676624e0 8.8834552e-1 8.8834552e-1
8.893601e-1 1.7676624e0 8.8539153e-1 8.8539153e-1
9.0955011e-1 1.7676624e0 8.8301015e-1 8.8301015e-1
9.2974011e-1 1.7676624e0 8.8116763e-1 8.8116763e-1
9.4993011e-1 1.7676624e0 8.7983183e-1 8.7983183e-1
9.7012012e-1 1.7676624e0 8.7897183e-1 8.7897183e-1
9.9031012e-1 1.7676624e0 8.7855931e-1 8.7855931e-1
1.0105e0 1.7676624e0 8.7856616e-1 8.7856616e-1
1.03069e0 1.7676624e0 8.789682e-1 8.789682e-1
1.05088e0 1.7676624e0 8.7974196e-1 8.7974196e-1
1.0710701e0 1.7676624e0 8.8086829e-1 8.8086829e-1
1.09126e0 1.7676624e0 8.823234e-1 8.823234e-1
1.11145e0 1.7676624e0 8.8409496e-1 8.8409496e-1
1.13164e0 1.7676624e0 8.8615408e-1 8.8615408e-1
1.15183e0 1.7676624e0 8.8849614e-1 8.8849614e-1
1.1720201e0 1.7676624e0 8.911079e-1 8.911079e-1
1.1922101e0 1.7676624e0 8.9396645e-1 8.9396645e-1
1.2124e0 1.7676624e0 8.9705925e-1 8.9705925e-1
1.23259e0 1.7676624e0 9.0037329e-1 9.0037329e-1
1.25278e0 1.7676624e0 9.0390544e-1 9.0390544e-1
1.2729701e0 1.7676624e0 9.0763196e-1 9.0763196e-1
1.2931601e0 1.7676624e0 9.1155693e-1 9.1155693e-1
1.31335e0 1.7676624e0 9.1565909e-1 9.1565909e-1
1.33354e0 1.7676624e0 9.199263e-1 9.199263e-1
1.35373e0 1.7676624e0 9.243679e-1 9.243679e-1
1.3739201e0 1.7676624e0 9.289563e-1 9.289563e-1
1.3941101e0 1.7676624e0 9.3369034e-1 9.3369034e-1
1.4143001e0 1.7676624e0 9.3857765e-1 9.3857765e-1
1.43449e0 1.7676624e0 9.4359299e-1 9.4359299e-1
1.45468e0 1.7676624e0 9.4873444e-1 9.4873444e-1
1.4748701e0 1.7676624e0 9.5398582e-1 9.5398582e-1
1.4950601e0 1.7676624e0 9.5937416e-1 9.5937416e-1
1.5152501e0 1.7676624e0 9.64832e-1 9.64832e-1
1.53544e0 1.7676624e0 9.7041656e-1 9.7041656e-1
1.55563e0 1.7676624e0 9.7611877e-1 9.7611877e-1
1.5758202e0 1.7676624e0 9.8190163e-1 9.8190163e-1
1.5960101e0 1.7676624e0 9.8777596e-1 9.8777596e-1
1.6162001e0 1.7676624e0 9.9371674e-1 9.9371674e-1
1.63639e0 1.7676624e0 9.997654e-1 9.997654e-1
1.65658e0 1.7676624e0 1.00587296e0 1.00587296e0
1.6767702e0 1.7676624e0 1.01206848e0 1.01206848e0
1.6969601e0 1.7676624e0 1.01833191e0 1.01833191e0
1.7171501e0 1.7676624e0 1.02460365e0 1.02460365e0
1.7373401e0 1.7676624e0 1.03100746e0 1.03100746e0
1.75753e0 1.7676624e0 1.03744713e0 1.03744713e0
1.7777202e0 1.7676624e0 1.04397964e0 1.04397964e0
1.7979102e0 1.7676624e0 1.05053825e0 1.05053825e0
1.8181001e0 1.7676624e0 1.05713455e0 1.05713455e0
1.8382901e0 1.7676624e0 1.0638063e0 1.0638063e0
1.85848e0 1.7676624e0 1.07053833e0 1.07053833e0
1.8786702e0 1.7676624e0 1.07728325e0 1.07728325e0
1.8988602e0 1.7676624e0 1.08407425e0 1.08407425e0
1.9190501e0 1.7676624e0 1.09082924e0 1.09082924e0
1.9392401e0 1.7676624e0 1.09770012e0 1.09770012e0
1.9594301e0 1.7676624e0 1.10463326e0 1.10463326e0
1.9796202e0 1.7676624e0 1.11159927e0 1.11159927e0
1.9998102e0 1.7676624e0 1.1185463e0 1.1185463e0

1.0e-3 1.8105913e0 2.4906097e1 2.4906097e1
2.1190002e-2 1.8105913e0 8.4752513e0 8.4752513e0
4.1380005e-2 1.8105913e0 6.1196071e0 6.1196071e0
6.1570007e-2 1.8105913e0 4.933118e0 4.933118e0
8.176001e-2 1.8105913e0 4.1825496e0 4.1825496e0
1.0195001e-1 1.8105913e0 3.6543208e0 3.6543208e0
1.2214001e-1 1.8105913e0 3.258057e0 3.258057e0
1.4233002e-1 1.8105913e0 2.9481616e0 2.9481616e0
1.6252002e-1 1.8105913e0 2.6984286e0 2.6984286e0
1.8271002e-1 1.8105913e0 2.492593e0 2.492593e0
2.0290002e-1 1.8105913e0 2.3196857e0 2.3196857e0
2.2309003e-1 1.8105913e0 2.172893e0 2.172893e0
2.4328003e-1 1.8105913e0 2.04667e0 2.04667e0
2.6347003e-1 1.8105913e0 1.9371715e0 1.9371715e0
2.8366003e-1 1.8105913e0 1.841444e0 1.841444e0
3.0385004e-1 1.8105913e0 1.7571559e0 1.7571559e0
3.2404004e-1 1.8105913e0 1.6825893e0 1.6825893e0
3.4423004e-1 1.8105913e0 1.616315e0 1.616315e0
3.6442004e-1 1.8105913e0 1.5572093e0 1.5572093e0
3.8461005e-1 1.8105913e0 1.5042361e0 1.5042361e0
4.0480005e-1 1.8105913e0 1.4565538e0 1.4565538e0
4.2499005e-1 1.8105913e0 1.4137045e0 1.4137045e0
4.4518005e-1 1.8105913e0 1.3750845e0 1.3750845e0
4.6537006e-1 1.8105913e0 1.3401674e0 1.3401674e0
4.8556006e-1 1.8105913e0 1.3085675e0 1.3085675e0
5.0575006e-1 1.8105913e0 1.2799643e0 1.2799643e0
5.2594006e-1 1.8105913e0 1.2540477e0 1.2540477e0
5.4613007e-1 1.8105913e0 1.2305634e0 1.2305634e0
5.6632007e-1 1.8105913e0 1.2092633e0 1.2092633e0
5.8651007e-1 1.8105913e0 1.1899844e0 1.1899844e0
6.0670007e-1 1.8105913e0 1.1724731e0 1.1724731e0
6.2689008e-1 1.8105913e0 1.1566518e0 1.1566518e0
6.4708008e-1 1.8105913e0 1.1423624e0 1.1423624e0
6.6727008e-1 1.8105913e0 1.1294681e0 1.1294681e0
6.8746008e-1 1.8105913e0 1.1178195e0 1.1178195e0
7.0765009e-1 1.8105913e0 1.1074165e0 1.1074165e0
7.2784009e-1 1.8105913e0 1.0981042e0 1.0981042e0
7.4803009e-1 1.8105913e0 1.0897884e0 1.0897884e0
7.682201e-1 1.8105913e0 1.0823885e0 1.0823885e0
7.884101e-1 1.8105913e0 1.0758842e0 1.0758842e0
8.086001e-1 1.8105913e0 1.0701628e0 1.0701628e0
8.287901e-1 1.8105913e0 1.0652313e0 1.0652313e0
8.489801e-1 1.8105913e0 1.0610019e0 1.0610019e0
8.691701e-1 1.8105913e0 1.0574268e0 1.0574268e0
8.893601e-1 1.8105913e0 1.0544728e0 1.0544728e0
9.0955011e-1 1.8105913e0 1.0520914e0 1.0520914e0
9.2974011e-1 1.8105913e0 1.0502489e0 1.0502489e0
9.4993011e-1 1.8105913e0 1.0489131e0 1.0489131e0
9.7012012e-1 1.8105913e0 1.0480531e0 1.0480531e0
9.9031012e-1 1.8105913e0 1.0476405e0 1.0476405e0
1.0105e0 1.8105913e0 1.0476474e0 1.0476474e0
1.03069e0 1.8105913e0 1.0480495e0 1.0480495e0
1.05088e0 1.8105913e0 1.0488232e0 1.0488232e0
1.0710701e0 1.8105913e0 1.0499495e0 1.0499495e0
1.09126e0 1.8105913e0 1.0514047e0 1.0514047e0
1.11145e0 1.8105913e0 1.0531763e0 1.0531763e0
1.13164e0 1.8105913e0 1.0552353e0 1.0552353e0
1.15183e0 1.8105913e0 1.0575774e0 1.0575774e0
1.1720201e0 1.8105913e0 1.0601892e0 1.0601892e0
1.1922101e0 1.8105913e0 1.0630478e0 1.0630478e0
1.2124e0 1.8105913e0 1.0661406e0 1.0661406e0
1.23259e0 1.8105913e0 1.0694545e0 1.0694545e0
1.25278e0 1.8105913e0 1.0729868e0 1.0729868e0
1.2729701e0 1.8105913e0 1.0767133e0 1.0767133e0
1.2931601e0 1.8105913e0 1.0806383e0 1.0806383e0
1.31335e0 1.8105913e0 1.0847403e0 1.0847403e0
1.33354e0 1.8105913e0 1.0890076e0 1.0890076e0
1.35373e0 1.8105913e0 1.0934492e0 1.0934492e0
1.3739201e0 1.8105913e0 1.0980376e0 1.0980376e0
1.3941101e0 1.8105913e0 1.1027716e0 1.1027716e0
1.4143001e0 1.8105913e0 1.107659e0 1.107659e0
1.43449e0 1.8105913e0 1.1126743e0 1.1126743e0
1.45468e0 1.8105913e0 1.1178157e0 1.1178157e0
1.4748701e0 1.8105913e0 1.1230672e0 1.1230672e0
1.4950601e0 1.8105913e0 1.1284555e0 1.1284555e0
1.5152501e0 1.8105913e0 1.1339133e0 1.1339133e0
1.53544e0 1.8105913e0 1.1394978e0 1.1394978e0
1.55563e0 1.8105913e0 1.1452e0 1.1452e0
1.5758202e0 1.8105913e0 1.150983e0 1.150983e0
1.5960101e0 1.8105913e0 1.1568573e0 1.1568573e0
1.6162001e0 1.8105913e0 1.162798e0 1.162798e0
1.63639e0 1.8105913e0 1.1688467e0 1.1688467e0
1.65658e0 1.8105913e0 1.1749542e0 1.1749542e0
1.6767702e0 1.8105913e0 1.1811497e0 1.1811497e0
1.6969601e0 1.8105913e0 1.1874132e0 1.1874132e0
1.7171501e0 1.8105913e0 1.193685e0 1.193685e0
1.7373401e0 1.8105913e0 1.2000888e0 1.2000888e0
1.75753e0 1.8105913e0 1.2065285e0 1.2065285e0
1.7777202e0 1.8105913e0 1.2130609e0 1.2130609e0
1.7979102e0 1.8105913e0 1.2196196e0 1.2196196e0
1.8181001e0 1.8105913e0 1.2262158e0 1.2262158e0
1.8382901e0 1.8105913e0 1.2328876e0 1.2328876e0
1.85848e0 1.8105913e0 1.2396196e0 1.2396196e0
1.8786702e0 1.8105913e0 1.2463646e0 1.2463646e0
1.8988602e0 1.8105913e0 1.2531555e0 1.2531555e0
1.9190501e0 1.8105913e0 1.2599106e0 1.2599106e0
1.9392401e0 1.8105913e0 1.2667815e0 1.2667815e0
1.9594301e0 1.8105913e0 1.2737146e0 1.2737146e0
1.9796202e0 1.8105913e0 1.2806805e0 1.2806805e0
1.9998102e0 1.8105913e0 1.2876276e0 1.2876276e0

1.0e-3 1.8535204e0 2.5091466e1 2.5091466e1
2.1190002e-2 1.8535204e0 8.660619e0 8.660619e0
4.1380005e-2 1.8535204e0 6.3049748e0 6.3049748e0
6.1570007e-2 1.8535204e0 5.1184857e0 5.1184857e0
8.176001e-2 1.8535204e0 4.3679173e0 4.3679173e0
1.0195001e-1 1.8535204e0 3.8396886e0 3.8396886e0
1.2214001e-1 1.8535204e0 3.4434247e0 3.4434247e0
1.4233002e-1 1.8535204e0 3.1335294e0 3.1335294e0
1.6252002e-1 1.8535204e0 2.8837964e0 2.8837964e0
1.8271002e-1 1.8535204e0 2.6779607e0 2.6779607e0
2.0290002e-1 1.8535204e0 2.5050534e0 2.5050534e0
2.2309003e-1 1.8535204e0 2.3582608e0 2.3582608e0
2.4328003e-1 1.8535204e0 2.2320378e0 2.2320378e0
2.6347003e-1 1.8535204e0 2.1225392e0 2.1225392e0
2.8366003e-1 1.8535204e0 2.0268117e0 2.0268117e0
3.0385004e-1 1.8535204e0 1.9425237e0 1.9425237e0
3.2404004e-1 1.8535204e0 1.867957e0 1.867957e0
3.4423004e-1 1.8535204e0 1.8016827e0 1.8016827e0
3.6442004e-1 1.8535204e0 1.742577e0 1.742577e0
3.8461005e-1 1.8535204e0 1.6896039e0 1.6896039e0
4.0480005e-1 1.8535204e0 1.6419215e0 1.6419215e0
4.2499005e-1 1.8535204e0 1.5990723e0 1.5990723e0
4.4518005e-1 1.8535204e0 1.5604523e0 1.5604523e0
4.6537006e-1 1.8535204e0 1.5255351e0 1.5255351e0
4.8556006e-1 1.8535204e0 1.4939352e0 1.4939352e0
5.0575006e-1 1.8535204e0 1.465332e0 1.465332e0
5.2594006e-1 1.8535204e0 1.4394154e0 1.4394154e0
5.4613007e-1 1.8535204e0 1.4159311e0 1.4159311e0
5.6632007e-1 1.8535204e0 1.394631e0 1.394631e0
5.8651007e-1 1.8535204e0 1.3753522e0 1.3753522e0
6.0670007e-1 1.8535204e0 1.3578409e0 1.3578409e0
6.2689008e-1 1.8535204e0 1.3420195e0 1.3420195e0
6.4708008e-1 1.8535204e0 1.3277301e0 1.3277301e0
6.6727008e-1 1.8535204e0 1.3148358e0 1.3148358e0
6.8746008e-1 1.8535204e0 1.3031873e0 1.3031873e0
7.0765009e-1 1.8535204e0 1.2927843e0 1.2927843e0
7.2784009e-1 1.8535204e0 1.283472e0 1.283472e0
7.4803009e-1 1.8535204e0 1.2751561e0 1.2751561e0
7.682201e-1 1.8535204e0 1.2677562e0 1.2677562e0
7.884101e-1 1.8535204e0 1.261252e0 1.261252e0
8.086001e-1 1.8535204e0 1.2555305e0 1.2555305e0
8.287901e-1 1.8535204e0 1.250599e0 1.250599e0
8.489801e-1 1.8535204e0 1.2463696e0 1.2463696e0
8.691701e-1 1.8535204e0 1.2427945e0 1.2427945e0
8.893601e-1 1.8535204e0 1.2398405e0 1.2398405e0
9.0955011e-1 1.8535204e0 1.2374591e0 1.2374591e0
9.2974011e-1 1.8535204e0 1.2356166e0 1.2356166e0
9.4993011e-1 1.8535204e0 1.2342809e0 1.2342809e0
9.7012012e-1 1.8535204e0 1.2334209e0 1.2334209e0
9.9031012e-1 1.8535204e0 1.2330083e0 1.2330083e0
1.0105e0 1.8535204e0 1.2330151e0 1.2330151e0
1.03069e0 1.8535204e0 1.2334172e0 1.2334172e0
1.05088e0 1.8535204e0 1.234191e0 1.234191e0
1.0710701e0 1.8535204e0 1.2353172e0 1.2353172e0
1.09126e0 1.8535204e0 1.2367725e0 1.2367725e0
1.11145e0 1.8535204e0 1.238544e0 1.238544e0
1.13164e0 1.8535204e0 1.240603e0 1.240603e0
1.15183e0 1.8535204e0 1.2429451e0 1.2429451e0
1.1720201e0 1.8535204e0 1.245557e0 1.245557e0
1.1922101e0 1.8535204e0 1.2484155e0 1.2484155e0
1.2124e0 1.8535204e0 1.2515083e0 1.2515083e0
1.23259e0 1.8535204e0 1.2548222e0 1.2548222e0
1.25278e0 1.8535204e0 1.2583545e0 1.2583545e0
1.2729701e0 1.8535204e0 1.262081e0 1.262081e0
1.2931601e0 1.8535204e0 1.266006e0 1.266006e0
1.31335e0 1.8535204e0 1.270108e0 1.270108e0
1.33354e0 1.8535204e0 1.2743753e0 1.2743753e0
1.35373e0 1.8535204e0 1.278817e0 1.278817e0
1.3739201e0 1.8535204e0 1.2834053e0 1.2834053e0
1.3941101e0 1.8535204e0 1.2881393e0 1.2881393e0
1.4143001e0 1.8535204e0 1.2930267e0 1.2930267e0
1.43449e0 1.8535204e0 1.298042e0 1.298042e0
1.45468e0 1.8535204e0 1.3031834e0 1.3031834e0
1.4748701e0 1.8535204e0 1.3084349e0 1.3084349e0
1.4950601e0 1.8535204e0 1.3138232e0 1.3138232e0
1.5152501e0 1.8535204e0 1.319281e0 1.319281e0
1.53544e0 1.8535204e0 1.3248656e0 1.3248656e0
1.55563e0 1.8535204e0 1.3305678e0 1.3305678e0
1.5758202e0 1.8535204e0 1.3363507e0 1.3363507e0
1.5960101e0 1.8535204e0 1.342225e0 1.342225e0
1.6162001e0 1.8535204e0 1.3481657e0 1.3481657e0
1.63639e0 1.8535204e0 1.3542145e0 1.3542145e0
1.65658e0 1.8535204e0 1.360322e0 1.360322e0
1.6767702e0 1.8535204e0 1.3665175e0 1.3665175e0
1.6969601e0 1.8535204e0 1.3727809e0 1.3727809e0
1.7171501e0 1.8535204e0 1.3790527e0 1.3790527e0
1.7373401e0 1.8535204e0 1.3854565e0 1.3854565e0
1.75753e0 1.8535204e0 1.3918962e0 1.3918962e0
1.7777202e0 1.8535204e0 1.3984286e0 1.3984286e0
1.7979102e0 1.8535204e0 1.4049873e0 1.4049873e0
1.8181001e0 1.8535204e0 1.4115836e0 1.4115836e0
1.8382901e0 1.8535204e0 1.4182553e0 1.4182553e0
1.85848e0 1.8535204e0 1.4249873e0 1.4249873e0
1.8786702e0 1.8535204e0 1.4317323e0 1.4317323e0
1.8988602e0 1.8535204e0 1.4385233e0 1.4385233e0
1.9190501e0 1.8535204e0 1.4452783e0 1.4452783e0
1.9392401e0 1.8535204e0 1.4521492e0 1.4521492e0
1.9594301e0 1.8535204e0 1.4590823e0 1.4590823e0
1.9796202e0 1.8535204e0 1.4660483e0 1.4660483e0
1.9998102e0 1.8535204e0 1.4729953e0 1.4729953e0

1.0e-3 1.8964493e0 2.5293983e1 2.5293983e1
2.1190002e-2 1.8964493e0 8.863137e0 8.863137e0
4.1380005e-2 1.8964493e0 6.5074928e0 6.5074928e0
6.1570007e-2 1.8964493e0 5.3210037e0 5.3210037e0
8.176001e-2 1.8964493e0 4.5704353e0 4.5704353e0
1.0195001e-1 1.8964493e0 4.0422066e0 4.0422066e0
1.2214001e-1 1.8964493e0 3.6459427e0 3.6459427e0
1.4233002e-1 1.8964493e0 3.3360474e0 3.3360474e0
1.6252002e-1 1.8964493e0 3.0863144e0 3.0863144e0
1.8271002e-1 1.8964493e0 2.8804787e0 2.8804787e0
2.0290002e-1 1.8964493e0 2.7075714e0 2.7075714e0
2.2309003e-1 1.8964493e0 2.5607788e0 2.5607788e0
2.4328003e-1 1.8964493e0 2.4345558e0 2.4345558e0
2.6347003e-1 1.8964493e0 2.3250572e0 2.3250572e0
2.8366003e-1 1.8964493e0 2.2293297e0 2.2293297e0
3.0385004e-1 1.8964493e0 2.1450417e0 2.1450417e0
3.2404004e-1 1.8964493e0 2.070475e0 2.070475e0
3.4423004e-1 1.8964493e0 2.0042007e0 2.0042007e0
3.6442004e-1 1.8964493e0 1.945095e0 1.945095e0
3.8461005e-1 1.8964493e0 1.8921219e0 1.8921219e0
4.0480005e-1 1.8964493e0 1.8444395e0 1.8444395e0
4.2499005e-1 1.8964493e0 1.8015903e0 1.8015903e0
4.4518005e-1 1.8964493e0 1.7629703e0 1.7629703e0
4.6537006e-1 1.8964493e0 1.7280531e0 1.7280531e0
4.8556006e-1 1.8964493e0 1.6964532e0 1.6964532e0
5.0575006e-1 1.8964493e0 1.66785e0 1.66785e0
5.2594006e-1 1.8964493e0 1.6419334e0 1.6419334e0
5.4613007e-1 1.8964493e0 1.6184491e0 1.6184491e0
5.6632007e-1 1.8964493e0 1.597149e0 1.597149e0
5.8651007e-1 1.8964493e0 1.5778702e0 1.5778702e0
6.0670007e-1 1.8964493e0 1.5603589e0 1.5603589e0
6.2689008e-1 1.8964493e0 1.5445375e0 1.5445375e0
6.4708008e-1 1.8964493e0 1.5302481e0 1.5302481e0
6.6727008e-1 1.8964493e0 1.5173538e0 1.5173538e0
6.8746008e-1 1.8964493e0 1.5057053e0 1.5057053e0
7.0765009e-1 1.8964493e0 1.4953023e0 1.4953023e0
7.2784009e-1 1.8964493e0 1.48599e0 1.48599e0
7.4803009e-1 1.8964493e0 1.4776741e0 1.4776741e0
7.682201e-1 1.8964493e0 1.4702742e0 1.4702742e0
7.884101e-1 1.8964493e0 1.46377e0 1.46377e0
8.086001e-1 1.8964493e0 1.4580486e0 1.4580486e0
8.287901e-1 1.8964493e0 1.453117e0 1.453117e0
8.489801e-1 1.8964493e0 1.4488876e0 1.4488876e0
8.691701e-1 1.8964493e0 1.4453125e0 1.4453125e0
8.893601e-1 1.8964493e0 1.4423586e0 1.4423586e0
9.0955011e-1 1.8964493e0 1.4399771e0 1.4399771e0
9.2974011e-1 1.8964493e0 1.4381346e0 1.4381346e0
9.4993011e-1 1.8964493e0 1.4367989e0 1.4367989e0
9.7012012e-1 1.8964493e0 1.4359389e0 1.4359389e0
9.9031012e-1 1.8964493e0 1.4355263e0 1.4355263e0
1.0105e0 1.8964493e0 1.4355331e0 1.4355331e0
1.03069e0 1.8964493e0 1.4359352e0 1.4359352e0
1.05088e0 1.8964493e0 1.436709e0 1.436709e0
1.0710701e0 1.8964493e0 1.4378352e0 1.4378352e0
1.09126e0 1.8964493e0 1.4392905e0 1.4392905e0
1.11145e0 1.8964493e0 1.441062e0 1.441062e0
1.13164e0 1.8964493e0 1.443121e0 1.443121e0
1.15183e0 1.8964493e0 1.4454631e0 1.4454631e0
1.1720201e0 1.8964493e0 1.448075e0 1.448075e0
1.1922101e0 1.8964493e0 1.4509335e0 1.4509335e0
1.2124e0 1.8964493e0 1.4540263e0 1.4540263e0
1.23259e0 1.8964493e0 1.4573402e0 1.4573402e0
1.25278e0 1.8964493e0 1.4608725e0 1.4608725e0
1.2729701e0 1.8964493e0 1.464599e0 1.464599e0
1.2931601e0 1.8964493e0 1.468524e0 1.468524e0
1.31335e0 1.8964493e0 1.472626e0 1.472626e0
1.33354e0 1.8964493e0 1.4768933e0 1.4768933e0
1.35373e0 1.8964493e0 1.481335e0 1.481335e0
1.3739201e0 1.8964493e0 1.4859233e0 1.4859233e0
1.3941101e0 1.8964493e0 1.4906573e0 1.4906573e0
1.4143001e0 1.8964493e0 1.4955447e0 1.4955447e0
1.43449e0 1.8964493e0 1.50056e0 1.50056e0
1.45468e0 1.8964493e0 1.5057014e0 1.5057014e0
1.4748701e0 1.8964493e0 1.5109529e0 1.5109529e0
1.4950601e0 1.8964493e0 1.5163412e0 1.5163412e0
1.5152501e0 1.8964493e0 1.521799e0 1.521799e0
1.53544e0 1.8964493e0 1.5273836e0 1.5273836e0
1.55563e0 1.8964493e0 1.5330858e0 1.5330858e0
1.5758202e0 1.8964493e0 1.5388687e0 1.5388687e0
1.5960101e0 1.8964493e0 1.544743e0 1.544743e0
1.6162001e0 1.8964493e0 1.5506837e0 1.5506837e0
1.63639e0 1.8964493e0 1.5567325e0 1.5567325e0
1.65658e0 1.8964493e0 1.56284e0 1.56284e0
1.6767702e0 1.8964493e0 1.5690355e0 1.5690355e0
1.6969601e0 1.8964493e0 1.5752989e0 1.5752989e0
1.7171501e0 1.8964493e0 1.5815707e0 1.5815707e0
1.7373401e0 1.8964493e0 1.5879745e0 1.5879745e0
1.75753e0 1.8964493e0 1.5944142e0 1.5944142e0
1.7777202e0 1.8964493e0 1.6009467e0 1.6009467e0
1.7979102e0 1.8964493e0 1.6075053e0 1.6075053e0
1.8181001e0 1.8964493e0 1.6141016e0 1.6141016e0
1.8382901e0 1.8964493e0 1.6207733e0 1.6207733e0
1.85848e0 1.8964493e0 1.6275053e0 1.6275053e0
1.8786702e0 1.8964493e0 1.6342503e0 1.6342503e0
1.8988602e0 1.8964493e0 1.6410413e0 1.6410413e0
1.9190501e0 1.8964493e0 1.6477963e0 1.6477963e0
1.9392401e0 1.8964493e0 1.6546672e0 1.6546672e0
1.9594301e0 1.8964493e0 1.6616003e0 1.6616003e0
1.9796202e0 1.8964493e0 1.6685663e0 1.6685663e0
1.9998102e0 1.8964493e0 1.6755133e0 1.6755133e0

1.0e-3 1.9393782e0 2.5514545e1 2.5514545e1
2.1190002e-2 1.9393782e0 9.0836975e0 9.0836975e0
4.1380005e-2 1.9393782e0 6.7280533e0 6.7280533e0
6.1570007e-2 1.9393782e0 5.5415642e0 5.5415642e0
8.176001e-2 1.9393782e0 4.7909958e0 4.7909958e0
1.0195001e-1 1.9393782e0 4.262767e0 4.262767e0
1.2214001e-1 1.9393782e0 3.8665031e0 3.8665031e0
1.4233002e-1 1.9393782e0 3.5566078e0 3.5566078e0
1.6252002e-1 1.9393782e0 3.3068748e0 3.3068748e0
1.8271002e-1 1.9393782e0 3.1010391e0 3.1010391e0
2.0290002e-1 1.9393782e0 2.9281319e0 2.9281319e0
2.2309003e-1 1.9393782e0 2.7813393e0 2.7813393e0
2.4328003e-1 1.9393782e0 2.6551163e0 2.6551163e0
2.6347003e-1 1.9393782e0 2.5456177e0 2.5456177e0
2.8366003e-1 1.9393782e0 2.4498901e0 2.4498901e0
3.0385004e-1 1.9393782e0 2.3656021e0 2.3656021e0
3.2404004e-1 1.9393782e0 2.2910355e0 2.2910355e0
3.4423004e-1 1.9393782e0 2.2247612e0 2.2247612e0
3.6442004e-1 1.9393782e0 2.1656555e0 2.1656555e0
3.8461005e-1 1.9393782e0 2.1126823e0 2.1126823e0
4.0480005e-1 1.9393782e0 2.065e0 2.065e0
4.2499005e-1 1.9393782e0 2.0221507e0 2.0221507e0
4.4518005e-1 1.9393782e0 1.9835307e0 1.9835307e0
4.6537006e-1 1.9393782e0 1.9486136e0 1.9486136e0
4.8556006e-1 1.9393782e0 1.9170137e0 1.9170137e0
5.0575006e-1 1.9393782e0 1.8884105e0 1.8884105e0
5.2594006e-1 1.9393782e0 1.8624939e0 1.8624939e0
5.4613007e-1 1.9393782e0 1.8390096e0 1.8390096e0
5.6632007e-1 1.9393782e0 1.8177095e0 1.8177095e0
5.8651007e-1 1.9393782e0 1.7984306e0 1.7984306e0
6.0670007e-1 1.9393782e0 1.7809193e0 1.7809193e0
6.2689008e-1 1.9393782e0 1.765098e0 1.765098e0
6.4708008e-1 1.9393782e0 1.7508086e0 1.7508086e0
6.6727008e-1 1.9393782e0 1.7379143e0 1.7379143e0
6.8746008e-1 1.9393782e0 1.7262657e0 1.7262657e0
7.0765009e-1 1.9393782e0 1.7158627e0 1.7158627e0
7.2784009e-1 1.9393782e0 1.7065504e0 1.7065504e0
7.4803009e-1 1.9393782e0 1.6982346e0 1.6982346e0
7.682201e-1 1.9393782e0 1.6908347e0 1.6908347e0
7.884101e-1 1.9393782e0 1.6843304e0 1.6843304e0
8.086001e-1 1.9393782e0 1.678609e0 1.678609e0
8.287901e-1 1.9393782e0 1.6736775e0 1.6736775e0
8.489801e-1 1.9393782e0 1.6694481e0 1.6694481e0
8.691701e-1 1.9393782e0 1.665873e0 1.665873e0
8.893601e-1 1.9393782e0 1.662919e0 1.662919e0
9.0955011e-1 1.9393782e0 1.6605376e0 1.6605376e0
9.2974011e-1 1.9393782e0 1.658695e0 1.658695e0
9.4993011e-1 1.9393782e0 1.6573593e0 1.6573593e0
9.7012012e-1 1.9393782e0 1.6564993e0 1.6564993e0
9.9031012e-1 1.9393782e0 1.6560867e0 1.6560867e0
1.0105e0 1.9393782e0 1.6560936e0 1.6560936e0
1.03069e0 1.9393782e0 1.6564957e0 1.6564957e0
1.05088e0 1.9393782e0 1.6572694e0 1.6572694e0
1.0710701e0 1.9393782e0 1.6583957e0 1.6583957e0
1.09126e0 1.9393782e0 1.6598509e0 1.6598509e0
1.11145e0 1.9393782e0 1.6616225e0 1.6616225e0
1.13164e0 1.9393782e0 1.6636815e0 1.6636815e0
1.15183e0 1.9393782e0 1.6660236e0 1.6660236e0
1.1720201e0 1.9393782e0 1.6686354e0 1.6686354e0
1.1922101e0 1.9393782e0 1.671494e0 1.671494e0
1.2124e0 1.9393782e0 1.6745868e0 1.6745868e0
1.23259e0 1.9393782e0 1.6779007e0 1.6779007e0
1.25278e0 1.9393782e0 1.681433e0 1.681433e0
1.2729701e0 1.9393782e0 1.6851595e0 1.6851595e0
1.2931601e0 1.9393782e0 1.6890845e0 1.6890845e0
1.31335e0 1.9393782e0 1.6931865e0 1.6931865e0
1.33354e0 1.9393782e0 1.6974538e0 1.6974538e0
1.35373e0 1.9393782e0 1.7018954e0 1.7018954e0
1.3739201e0 1.9393782e0 1.7064838e0 1.7064838e0
1.3941101e0 1.9393782e0 1.7112178e0 1.7112178e0
1.4143001e0 1.9393782e0 1.7161052e0 1.7161052e0
1.43449e0 1.9393782e0 1.7211205e0 1.7211205e0
1.45468e0 1.9393782e0 1.7262619e0 1.7262619e0
1.4748701e0 1.9393782e0 1.7315134e0 1.7315134e0
1.4950601e0 1.9393782e0 1.7369017e0 1.7369017e0
1.5152501e0 1.9393782e0 1.7423595e0 1.7423595e0
1.53544e0 1.9393782e0 1.747944e0 1.747944e0
1.55563e0 1.9393782e0 1.7536462e0 1.7536462e0
1.5758202e0 1.9393782e0 1.7594292e0 1.7594292e0
1.5960101e0 1.9393782e0 1.7653035e0 1.7653035e0
1.6162001e0 1.9393782e0 1.7712442e0 1.7712442e0
1.63639e0 1.9393782e0 1.777293e0 1.777293e0
1.65658e0 1.9393782e0 1.7834004e0 1.7834004e0
1.6767702e0 1.9393782e0 1.789596e0 1.789596e0
1.6969601e0 1.9393782e0 1.7958594e0 1.7958594e0
1.7171501e0 1.9393782e0 1.8021312e0 1.8021312e0
1.7373401e0 1.9393782e0 1.808535e0 1.808535e0
1.75753e0 1.9393782e0 1.8149747e0 1.8149747e0
1.7777202e0 1.9393782e0 1.8215071e0 1.8215071e0
1.7979102e0 1.9393782e0 1.8280658e0 1.8280658e0
1.8181001e0 1.9393782e0 1.834662e0 1.834662e0
1.8382901e0 1.9393782e0 1.8413338e0 1.8413338e0
1.85848e0 1.9393782e0 1.8480658e0 1.8480658e0
1.8786702e0 1.9393782e0 1.8548108e0 1.8548108e0
1.8988602e0 1.9393782e0 1.8616017e0 1.8616017e0
1.9190501e0 1.9393782e0 1.8683568e0 1.8683568e0
1.9392401e0 1.9393782e0 1.8752277e0 1.8752277e0
1.9594301e0 1.9393782e0 1.8821608e0 1.8821608e0
1.9796202e0 1.9393782e0 1.8891267e0 1.8891267e0
1.9998102e0 1.9393782e0 1.8960738e0 1.8960738e0

1.0e-3 1.9823073e0 2.5754059e1 2.5754059e1
2.1190002e-2 1.9823073e0 9.3232123e0 9.3232123e0
4.1380005e-2 1.9823073e0 6.967568e0 6.967568e0
6.1570007e-2 1.9823073e0 5.781079e0 5.781079e0
8.176001e-2 1.9823073e0 5.0305106e0 5.0305106e0
1.0195001e-1 1.9823073e0 4.5022818e0 4.5022818e0
1.2214001e-1 1.9823073e0 4.1060179e0 4.1060179e0
1.4233002e-1 1.9823073e0 3.7961226e0 3.7961226e0
1.6252002e-1 1.9823073e0 3.5463896e0 3.5463896e0
1.8271002e-1 1.9823073e0 3.3405539e0 3.3405539e0
2.0290002e-1 1.9823073e0 3.1676466e0 3.1676466e0
2.2309003e-1 1.9823073e0 3.020854e0 3.020854e0
2.4328003e-1 1.9823073e0 2.894631e0 2.894631e0
2.6347003e-1 1.9823073e0 2.7851324e0 2.7851324e0
2.8366003e-1 1.9823073e0 2.6894049e0 2.6894049e0
3.0385004e-1 1.9823073e0 2.6051169e0 2.6051169e0
3.2404004e-1 1.9823073e0 2.5305502e0 2.5305502e0
3.4423004e-1 1.9823073e0 2.464276e0 2.464276e0
3.6442004e-1 1.9823073e0 2.4051703e0 2.4051703e0
3.8461005e-1 1.9823073e0 2.3521971e0 2.3521971e0
4.0480005e-1 1.9823073e0 2.3045148e0 2.3045148e0
4.2499005e-1 1.9823073e0 2.2616655e0 2.2616655e0
4.4518005e-1 1.9823073e0 2.2230455e0 2.2230455e0
4.6537006e-1 1.9823073e0 2.1881284e0 2.1881284e0
4.8556006e-1 1.9823073e0 2.1565285e0 2.1565285e0
5.0575006e-1 1.9823073e0 2.1279253e0 2.1279253e0
5.2594006e-1 1.9823073e0 2.1020087e0 2.1020087e0
5.4613007e-1 1.9823073e0 2.0785243e0 2.0785243e0
5.6632007e-1 1.9823073e0 2.0572243e0 2.0572243e0
5.8651007e-1 1.9823073e0 2.0379454e0 2.0379454e0
6.0670007e-1 1.9823073e0 2.0204341e0 2.0204341e0
6.2689008e-1 1.9823073e0 2.0046127e0 2.0046127e0
6.4708008e-1 1.9823073e0 1.9903233e0 1.9903233e0
6.6727008e-1 1.9823073e0 1.977429e0 1.977429e0
6.8746008e-1 1.9823073e0 1.9657805e0 1.9657805e0
7.0765009e-1 1.9823073e0 1.9553775e0 1.9553775e0
7.2784009e-1 1.9823073e0 1.9460652e0 1.9460652e0
7.4803009e-1 1.9823073e0 1.9377493e0 1.9377493e0
7.682201e-1 1.9823073e0 1.9303494e0 1.9303494e0
7.884101e-1 1.9823073e0 1.9238452e0 1.9238452e0
8.086001e-1 1.9823073e0 1.9181238e0 1.9181238e0
8.287901e-1 1.9823073e0 1.9131923e0 1.9131923e0
8.489801e-1 1.9823073e0 1.9089629e0 1.9089629e0
8.691701e-1 1.9823073e0 1.9053877e0 1.9053877e0
8.893601e-1 1.9823073e0 1.9024338e0 1.9024338e0
9.0955011e-1 1.9823073e0 1.9000523e0 1.9000523e0
9.2974011e-1 1.9823073e0 1.8982098e0 1.8982098e0
9.4993011e-1 1.9823073e0 1.8968741e0 1.8968741e0
9.7012012e-1 1.9823073e0 1.8960141e0 1.8960141e0
9.9031012e-1 1.9823073e0 1.8956015e0 1.8956015e0
1.0105e0 1.9823073e0 1.8956084e0 1.8956084e0
1.03069e0 1.9823073e0 1.8960104e0 1.8960104e0
1.05088e0 1.9823073e0 1.8967842e0 1.8967842e0
1.0710701e0 1.9823073e0 1.8979105e0 1.8979105e0
1.09126e0 1.9823073e0 1.8993657e0 1.8993657e0
1.11145e0 1.9823073e0 1.9011372e0 1.9011372e0
1.13164e0 1.9823073e0 1.9031963e0 1.9031963e0
1.15183e0 1.9823073e0 1.9055383e0 1.9055383e0
1.1720201e0 1.9823073e0 1.9081502e0 1.9081502e0
1.1922101e0 1.9823073e0 1.9110088e0 1.9110088e0
1.2124e0 1.9823073e0 1.9141016e0 1.9141016e0
1.23259e0 1.9823073e0 1.9174155e0 1.9174155e0
1.25278e0 1.9823073e0 1.9209477e0 1.9209477e0
1.2729701e0 1.9823073e0 1.9246742e0 1.9246742e0
1.2931601e0 1.9823073e0 1.9285992e0 1.9285992e0
1.31335e0 1.9823073e0 1.9327013e0 1.9327013e0
1.33354e0 1.9823073e0 1.9369685e0 1.9369685e0
1.35373e0 1.9823073e0 1.9414102e0 1.9414102e0
1.3739201e0 1.9823073e0 1.9459985e0 1.9459985e0
1.3941101e0 1.9823073e0 1.9507326e0 1.9507326e0
1.4143001e0 1.9823073e0 1.95562e0 1.95562e0
1.43449e0 1.9823073e0 1.9606352e0 1.9606352e0
1.45468e0 1.9823073e0 1.9657767e0 1.9657767e0
1.4748701e0 1.9823073e0 1.9710281e0 1.9710281e0
1.4950601e0 1.9823073e0 1.9764165e0 1.9764165e0
1.5152501e0 1.9823073e0 1.9818742e0 1.9818742e0
1.53544e0 1.9823073e0 1.9874588e0 1.9874588e0
1.55563e0 1.9823073e0 1.993161e0 1.993161e0
1.5758202e0 1.9823073e0 1.998944e0 1.998944e0
1.5960101e0 1.9823073e0 2.0048183e0 2.0048183e0
1.6162001e0 1.9823073e0 2.010759e0 2.010759e0
1.63639e0 1.9823073e0 2.0168077e0 2.0168077e0
1.65658e0 1.9823073e0 2.0229152e0 2.0229152e0
1.6767702e0 1.9823073e0 2.0291107e0 2.0291107e0
1.6969601e0 1.9823073e0 2.0353741e0 2.0353741e0
1.7171501e0 1.9823073e0 2.041646e0 2.041646e0
1.7373401e0 1.9823073e0 2.0480498e0 2.0480498e0
1.75753e0 1.9823073e0 2.0544894e0 2.0544894e0
1.7777202e0 1.9823073e0 2.0610219e0 2.0610219e0
1.7979102e0 1.9823073e0 2.0675806e0 2.0675806e0
1.8181001e0 1.9823073e0 2.0741768e0 2.0741768e0
1.8382901e0 1.9823073e0 2.0808485e0 2.0808485e0
1.85848e0 1.9823073e0 2.0875806e0 2.0875806e0
1.8786702e0 1.9823073e0 2.0943256e0 2.0943256e0
1.8988602e0 1.9823073e0 2.1011165e0 2.1011165e0
1.9190501e0 1.9823073e0 2.1078716e0 2.1078716e0
1.9392401e0 1.9823073e0 2.1147424e0 2.1147424e0
1.9594301e0 1.9823073e0 2.1216756e0 2.1216756e0
1.9796202e0 1.9823073e0 2.1286415e0 2.1286415e0
1.9998102e0 1.9823073e0 2.1355885e0 2.1355885e0

1.0e-3 2.0252362e0 2.601346e1 2.601346e1
2.1190002e-2 2.0252362e0 9.5826137e0 9.5826137e0
4.1380005e-2 2.0252362e0 7.2269695e0 7.2269695e0
6.1570007e-2 2.0252362e0 6.0404803e0 6.0404803e0
8.176001e-2 2.0252362e0 5.289912e0 5.289912e0
1.0195001e-1 2.0252362e0 4.7616832e0 4.7616832e0
1.2214001e-1 2.0252362e0 4.3654193e0 4.3654193e0
1.4233002e-1 2.0252362e0 4.055524e0 4.055524e0
1.6252002e-1 2.0252362e0 3.805791e0 3.805791e0
1.8271002e-1 2.0252362e0 3.5999553e0 3.5999553e0
2.0290002e-1 2.0252362e0 3.427048e0 3.427048e0
2.2309003e-1 2.0252362e0 3.2802554e0 3.2802554e0
2.4328003e-1 2.0252362e0 3.1540324e0 3.1540324e0
2.6347003e-1 2.0252362e0 3.0445338e0 3.0445338e0
2.8366003e-1 2.0252362e0 2.9488063e0 2.9488063e0
3.0385004e-1 2.0252362e0 2.8645183e0 2.8645183e0
3.2404004e-1 2.0252362e0 2.7899516e0 2.7899516e0
3.4423004e-1 2.0252362e0 2.7236774e0 2.7236774e0
3.6442004e-1 2.0252362e0 2.6645717e0 2.6645717e0
3.8461005e-1 2.0252362e0 2.6115985e0 2.6115985e0
4.0480005e-1 2.0252362e0 2.5639162e0 2.5639162e0
4.2499005e-1 2.0252362e0 2.5210669e0 2.5210669e0
4.4518005e-1 2.0252362e0 2.4824469e0 2.4824469e0
4.6537006e-1 2.0252362e0 2.4475298e0 2.4475298e0
4.8556006e-1 2.0252362e0 2.4159299e0 2.4159299e0
5.0575006e-1 2.0252362e0 2.3873267e0 2.3873267e0
5.2594006e-1 2.0252362e0 2.36141e0 2.36141e0
5.4613007e-1 2.0252362e0 2.3379257e0 2.3379257e0
5.6632007e-1 2.0252362e0 2.3166257e0 2.3166257e0
5.8651007e-1 2.0252362e0 2.2973468e0 2.2973468e0
6.0670007e-1 2.0252362e0 2.2798355e0 2.2798355e0
6.2689008e-1 2.0252362e0 2.2640141e0 2.2640141e0
6.4708008e-1 2.0252362e0 2.2497247e0 2.2497247e0
6.6727008e-1 2.0252362e0 2.2368304e0 2.2368304e0
6.8746008e-1 2.0252362e0 2.2251819e0 2.2251819e0
7.0765009e-1 2.0252362e0 2.2147789e0 2.2147789e0
7.2784009e-1 2.0252362e0 2.2054666e0 2.2054666e0
7.4803009e-1 2.0252362e0 2.1971507e0 2.1971507e0
7.682201e-1 2.0252362e0 2.1897508e0 2.1897508e0
7.884101e-1 2.0252362e0 2.1832466e0 2.1832466e0
8.086001e-1 2.0252362e0 2.1775252e0 2.1775252e0
8.287901e-1 2.0252362e0 2.1725937e0 2.1725937e0
8.489801e-1 2.0252362e0 2.1683643e0 2.1683643e0
8.691701e-1 2.0252362e0 2.1647891e0 2.1647891e0
8.893601e-1 2.0252362e0 2.1618352e0 2.1618352e0
9.0955011e-1 2.0252362e0 2.1594537e0 2.1594537e0
9.2974011e-1 2.0252362e0 2.1576112e0 2.1576112e0
9.4993011e-1 2.0252362e0 2.1562755e0 2.1562755e0
9.7012012e-1 2.0252362e0 2.1554155e0 2.1554155e0
9.9031012e-1 2.0252362e0 2.1550029e0 2.1550029e0
1.0105e0 2.0252362e0 2.1550098e0 2.1550098e0
1.03069e0 2.0252362e0 2.1554118e0 2.1554118e0
1.05088e0 2.0252362e0 2.1561856e0 2.1561856e0
1.0710701e0 2.0252362e0 2.1573119e0 2.1573119e0
1.09126e0 2.0252362e0 2.1587671e0 2.1587671e0
1.11145e0 2.0252362e0 2.1605386e0 2.1605386e0
1.13164e0 2.0252362e0 2.1625977e0 2.1625977e0
1.15183e0 2.0252362e0 2.1649397e0 2.1649397e0
1.1720201e0 2.0252362e0 2.1675516e0 2.1675516e0
1.1922101e0 2.0252362e0 2.1704102e0 2.1704102e0
1.2124e0 2.0252362e0 2.173503e0 2.173503e0
1.23259e0 2.0252362e0 2.1768169e0 2.1768169e0
1.25278e0 2.0252362e0 2.1803491e0 2.1803491e0
1.2729701e0 2.0252362e0 2.1840756e0 2.1840756e0
1.2931601e0 2.0252362e0 2.1880006e0 2.1880006e0
1.31335e0 2.0252362e0 2.1921027e0 2.1921027e0
1.33354e0 2.0252362e0 2.19637e0 2.19637e0
1.35373e0 2.0252362e0 2.2008116e0 2.2008116e0
1.3739201e0 2.0252362e0 2.2054e0 2.2054e0
1.3941101e0 2.0252362e0 2.210134e0 2.210134e0
1.4143001e0 2.0252362e0 2.2150214e0 2.2150214e0
1.43449e0 2.0252362e0 2.2200366e0 2.2200366e0
1.45468e0 2.0252362e0 2.225178e0 2.225178e0
1.4748701e0 2.0252362e0 2.2304295e0 2.2304295e0
1.4950601e0 2.0252362e0 2.2358179e0 2.2358179e0
1.5152501e0 2.0252362e0 2.2412756e0 2.2412756e0
1.53544e0 2.0252362e0 2.2468602e0 2.2468602e0
1.55563e0 2.0252362e0 2.2525624e0 2.2525624e0
1.5758202e0 2.0252362e0 2.2583453e0 2.2583453e0
1.5960101e0 2.0252362e0 2.2642197e0 2.2642197e0
1.6162001e0 2.0252362e0 2.2701604e0 2.2701604e0
1.63639e0 2.0252362e0 2.2762091e0 2.2762091e0
1.65658e0 2.0252362e0 2.2823166e0 2.2823166e0
1.6767702e0 2.0252362e0 2.2885121e0 2.2885121e0
1.6969601e0 2.0252362e0 2.2947755e0 2.2947755e0
1.7171501e0 2.0252362e0 2.3010474e0 2.3010474e0
1.7373401e0 2.0252362e0 2.3074512e0 2.3074512e0
1.75753e0 2.0252362e0 2.3138908e0 2.3138908e0
1.7777202e0 2.0252362e0 2.3204233e0 2.3204233e0
1.7979102e0 2.0252362e0 2.326982e0 2.326982e0
1.8181001e0 2.0252362e0 2.3335782e0 2.3335782e0
1.8382901e0 2.0252362e0 2.34025e0 2.34025e0
1.85848e0 2.0252362e0 2.346982e0 2.346982e0
1.8786702e0 2.0252362e0 2.353727e0 2.353727e0
1.8988602e0 2.0252362e0 2.3605179e0 2.3605179e0
1.9190501e0 2.0252362e0 2.367273e0 2.367273e0
1.9392401e0 2.0252362e0 2.3741438e0 2.3741438e0
1.9594301e0 2.0252362e0 2.381077e0 2.381077e0
1.9796202e0 2.0252362e0 2.3880429e0 2.3880429e0
1.9998102e0 2.0252362e0 2.39499e0 2.39499e0

1.0e-3 2.0681653e0 2.6293692e1 2.6293692e1
2.1190002e-2 2.0681653e0 9.8628453e0 9.8628453e0
4.1380005e-2 2.0681653e0 7.5072011e0 7.5072011e0
6.1570007e-2 2.0681653e0 6.320712e0 6.320712e0
8.176001e-2 2.0681653e0 5.5701436e0 5.5701436e0
1.0195001e-1 2.0681653e0 5.0419148e0 5.0419148e0
1.2214001e-1 2.0681653e0 4.645651e0 4.645651e0
1.4233002e-1 2.0681653e0 4.3357556e0 4.3357556e0
1.6252002e-1 2.0681653e0 4.0860226e0 4.0860226e0
1.8271002e-1 2.0681653e0 3.8801869e0 3.8801869e0
2.0290002e-1 2.0681653e0 3.7072797e0 3.7072797e0
2.2309003e-1 2.0681653e0 3.560487e0 3.560487e0
2.4328003e-1 2.0681653e0 3.434264e0 3.434264e0
2.6347003e-1 2.0681653e0 3.3247655e0 3.3247655e0
2.8366003e-1 2.0681653e0 3.229038e0 3.229038e0
3.0385004e-1 2.0681653e0 3.1447499e0 3.1447499e0
3.2404004e-1 2.0681653e0 3.0701833e0 3.0701833e0
3.4423004e-1 2.0681653e0 3.003909e0 3.003909e0
3.6442004e-1 2.0681653e0 2.9448033e0 2.9448033e0
3.8461005e-1 2.0681653e0 2.8918301e0 2.8918301e0
4.0480005e-1 2.0681653e0 2.8441478e0 2.8441478e0
4.2499005e-1 2.0681653e0 2.8012985e0 2.8012985e0
4.4518005e-1 2.0681653e0 2.7626785e0 2.7626785e0
4.6537006e-1 2.0681653e0 2.7277614e0 2.7277614e0
4.8556006e-1 2.0681653e0 2.6961615e0 2.6961615e0
5.0575006e-1 2.0681653e0 2.6675583e0 2.6675583e0
5.2594006e-1 2.0681653e0 2.6416417e0 2.6416417e0
5.4613007e-1 2.0681653e0 2.6181573e0 2.6181573e0
5.6632007e-1 2.0681653e0 2.5968573e0 2.5968573e0
5.8651007e-1 2.0681653e0 2.5775784e0 2.5775784e0
6.0670007e-1 2.0681653e0 2.5600671e0 2.5600671e0
6.2689008e-1 2.0681653e0 2.5442458e0 2.5442458e0
6.4708008e-1 2.0681653e0 2.5299564e0 2.5299564e0
6.6727008e-1 2.0681653e0 2.517062e0 2.517062e0
6.8746008e-1 2.0681653e0 2.5054135e0 2.5054135e0
7.0765009e-1 2.0681653e0 2.4950105e0 2.4950105e0
7.2784009e-1 2.0681653e0 2.4856982e0 2.4856982e0
7.4803009e-1 2.0681653e0 2.4773824e0 2.4773824e0
7.682201e-1 2.0681653e0 2.4699825e0 2.4699825e0
7.884101e-1 2.0681653e0 2.4634782e0 2.4634782e0
8.086001e-1 2.0681653e0 2.4577568e0 2.4577568e0
8.287901e-1 2.0681653e0 2.4528253e0 2.4528253e0
8.489801e-1 2.0681653e0 2.4485959e0 2.4485959e0
8.691701e-1 2.0681653e0 2.4450208e0 2.4450208e0
8.893601e-1 2.0681653e0 2.4420668e0 2.4420668e0
9.0955011e-1 2.0681653e0 2.4396854e0 2.4396854e0
9.2974011e-1 2.0681653e0 2.4378429e0 2.4378429e0
9.4993011e-1 2.0681653e0 2.4365071e0 2.4365071e0
9.7012012e-1 2.0681653e0 2.4356471e0 2.4356471e0
9.9031012e-1 2.0681653e0 2.4352345e0 2.4352345e0
1.0105e0 2.0681653e0 2.4352414e0 2.4352414e0
1.03069e0 2.0681653e0 2.4356435e0 2.4356435e0
1.05088e0 2.0681653e0 2.4364172e0 2.4364172e0
1.0710701e0 2.0681653e0 2.4375435e0 2.4375435e0
1.09126e0 2.0681653e0 2.4389987e0 2.4389987e0
1.11145e0 2.0681653e0 2.4407703e0 2.4407703e0
1.13164e0 2.0681653e0 2.4428293e0 2.4428293e0
1.15183e0 2.0681653e0 2.4451714e0 2.4451714e0
1.1720201e0 2.0681653e0 2.4477832e0 2.4477832e0
1.1922101e0 2.0681653e0 2.4506418e0 2.4506418e0
1.2124e0 2.0681653e0 2.4537346e0 2.4537346e0
1.23259e0 2.0681653e0 2.4570485e0 2.4570485e0
1.25278e0 2.0681653e0 2.4605807e0 2.4605807e0
1.2729701e0 2.0681653e0 2.4643073e0 2.4643073e0
1.2931601e0 2.0681653e0 2.4682323e0 2.4682323e0
1.31335e0 2.0681653e0 2.4723343e0 2.4723343e0
1.33354e0 2.0681653e0 2.4766016e0 2.4766016e0
1.35373e0 2.0681653e0 2.4810432e0 2.4810432e0
1.3739201e0 2.0681653e0 2.4856316e0 2.4856316e0
1.3941101e0 2.0681653e0 2.4903656e0 2.4903656e0
1.4143001e0 2.0681653e0 2.495253e0 2.495253e0
1.43449e0 2.0681653e0 2.5002682e0 2.5002682e0
1.45468e0 2.0681653e0 2.5054097e0 2.5054097e0
1.4748701e0 2.0681653e0 2.5106612e0 2.5106612e0
1.4950601e0 2.0681653e0 2.5160495e0 2.5160495e0
1.5152501e0 2.0681653e0 2.5215073e0 2.5215073e0
1.53544e0 2.0681653e0 2.5270918e0 2.5270918e0
1.55563e0 2.0681653e0 2.532794e0 2.532794e0
1.5758202e0 2.0681653e0 2.538577e0 2.538577e0
1.5960101e0 2.0681653e0 2.5444513e0 2.5444513e0
1.6162001e0 2.0681653e0 2.550392e0 2.550392e0
1.63639e0 2.0681653e0 2.5564407e0 2.5564407e0
1.65658e0 2.0681653e0 2.5625482e0 2.5625482e0
1.6767702e0 2.0681653e0 2.5687437e0 2.5687437e0
1.6969601e0 2.0681653e0 2.5750072e0 2.5750072e0
1.7171501e0 2.0681653e0 2.581279e0 2.581279e0
1.7373401e0 2.0681653e0 2.5876828e0 2.5876828e0
1.75753e0 2.0681653e0 2.5941225e0 2.5941225e0
1.7777202e0 2.0681653e0 2.6006549e0 2.6006549e0
1.7979102e0 2.0681653e0 2.6072136e0 2.6072136e0
1.8181001e0 2.0681653e0 2.6138098e0 2.6138098e0
1.8382901e0 2.0681653e0 2.6204816e0 2.6204816e0
1.85848e0 2.0681653e0 2.6272136e0 2.6272136e0
1.8786702e0 2.0681653e0 2.6339586e0 2.6339586e0
1.8988602e0 2.0681653e0 2.6407495e0 2.6407495e0
1.9190501e0 2.0681653e0 2.6475046e0 2.6475046e0
1.9392401e0 2.0681653e0 2.6543755e0 2.6543755e0
1.9594301e0 2.0681653e0 2.6613086e0 2.6613086e0
1.9796202e0 2.0681653e0 2.6682745e0 2.6682745e0
1.9998102e0 2.0681653e0 2.6752216e0 2.6752216e0

1.0e-3 2.1110942e0 2.6595732e1 2.6595732e1
2.1190002e-2 2.1110942e0 1.01648862e1 1.01648862e1
4.1380005e-2 2.1110942e0 7.809242e0 7.809242e0
6.1570007e-2 2.1110942e0 6.6227528e0 6.6227528e0
8.176001e-2 2.1110942e0 5.8721844e0 5.8721844e0
1.0195001e-1 2.1110942e0 5.3439557e0 5.3439557e0
1.2214001e-1 2.1110942e0 4.9476918e0 4.9476918e0
1.4233002e-1 2.1110942e0 4.6377965e0 4.6377965e0
1.6252002e-1 2.1110942e0 4.3880635e0 4.3880635e0
1.8271002e-1 2.1110942e0 4.1822278e0 4.1822278e0
2.0290002e-1 2.1110942e0 4.0093205e0 4.0093205e0
2.2309003e-1 2.1110942e0 3.8625279e0 3.8625279e0
2.4328003e-1 2.1110942e0 3.736305e0 3.736305e0
2.6347003e-1 2.1110942e0 3.6268063e0 3.6268063e0
2.8366003e-1 2.1110942e0 3.5310788e0 3.5310788e0
3.0385004e-1 2.1110942e0 3.4467908e0 3.4467908e0
3.2404004e-1 2.1110942e0 3.3722241e0 3.3722241e0
3.4423004e-1 2.1110942e0 3.3059499e0 3.3059499e0
3.6442004e-1 2.1110942e0 3.2468442e0 3.2468442e0
3.8461005e-1 2.1110942e0 3.193871e0 3.193871e0
4.0480005e-1 2.1110942e0 3.1461887e0 3.1461887e0
4.2499005e-1 2.1110942e0 3.1033394e0 3.1033394e0
4.4518005e-1 2.1110942e0 3.0647194e0 3.0647194e0
4.6537006e-1 2.1110942e0 3.0298022e0 3.0298022e0
4.8556006e-1 2.1110942e0 2.9982024e0 2.9982024e0
5.0575006e-1 2.1110942e0 2.9695992e0 2.9695992e0
5.2594006e-1 2.1110942e0 2.9436826e0 2.9436826e0
5.4613007e-1 2.1110942e0 2.9201982e0 2.9201982e0
5.6632007e-1 2.1110942e0 2.8988982e0 2.8988982e0
5.8651007e-1 2.1110942e0 2.8796193e0 2.8796193e0
6.0670007e-1 2.1110942e0 2.862108e0 2.862108e0
6.2689008e-1 2.1110942e0 2.8462866e0 2.8462866e0
6.4708008e-1 2.1110942e0 2.8319972e0 2.8319972e0
6.6727008e-1 2.1110942e0 2.819103e0 2.819103e0
6.8746008e-1 2.1110942e0 2.8074544e0 2.8074544e0
7.0765009e-1 2.1110942e0 2.7970514e0 2.7970514e0
7.2784009e-1 2.1110942e0 2.7877391e0 2.7877391e0
7.4803009e-1 2.1110942e0 2.7794232e0 2.7794232e0
7.682201e-1 2.1110942e0 2.7720233e0 2.7720233e0
7.884101e-1 2.1110942e0 2.7655191e0 2.7655191e0
8.086001e-1 2.1110942e0 2.7597977e0 2.7597977e0
8.287901e-1 2.1110942e0 2.7548662e0 2.7548662e0
8.489801e-1 2.1110942e0 2.7506367e0 2.7506367e0
8.691701e-1 2.1110942e0 2.7470616e0 2.7470616e0
8.893601e-1 2.1110942e0 2.7441077e0 2.7441077e0
9.0955011e-1 2.1110942e0 2.7417262e0 2.7417262e0
9.2974011e-1 2.1110942e0 2.7398837e0 2.7398837e0
9.4993011e-1 2.1110942e0 2.738548e0 2.738548e0
9.7012012e-1 2.1110942e0 2.737688e0 2.737688e0
9.9031012e-1 2.1110942e0 2.7372754e0 2.7372754e0
1.0105e0 2.1110942e0 2.7372823e0 2.7372823e0
1.03069e0 2.1110942e0 2.7376843e0 2.7376843e0
1.05088e0 2.1110942e0 2.7384581e0 2.7384581e0
1.0710701e0 2.1110942e0 2.7395844e0 2.7395844e0
1.09126e0 2.1110942e0 2.7410396e0 2.7410396e0
1.11145e0 2.1110942e0 2.7428111e0 2.7428111e0
1.13164e0 2.1110942e0 2.7448701e0 2.7448701e0
1.15183e0 2.1110942e0 2.7472122e0 2.7472122e0
1.1720201e0 2.1110942e0 2.749824e0 2.749824e0
1.1922101e0 2.1110942e0 2.7526826e0 2.7526826e0
1.2124e0 2.1110942e0 2.7557755e0 2.7557755e0
1.23259e0 2.1110942e0 2.7590894e0 2.7590894e0
1.25278e0 2.1110942e0 2.7626216e0 2.7626216e0
1.2729701e0 2.1110942e0 2.7663481e0 2.7663481e0
1.2931601e0 2.1110942e0 2.7702731e0 2.7702731e0
1.31335e0 2.1110942e0 2.7743752e0 2.7743752e0
1.33354e0 2.1110942e0 2.7786424e0 2.7786424e0
1.35373e0 2.1110942e0 2.7830841e0 2.7830841e0
1.3739201e0 2.1110942e0 2.7876724e0 2.7876724e0
1.3941101e0 2.1110942e0 2.7924065e0 2.7924065e0
1.4143001e0 2.1110942e0 2.7972939e0 2.7972939e0
1.43449e0 2.1110942e0 2.8023091e0 2.8023091e0
1.45468e0 2.1110942e0 2.8074506e0 2.8074506e0
1.4748701e0 2.1110942e0 2.812702e0 2.812702e0
1.4950601e0 2.1110942e0 2.8180904e0 2.8180904e0
1.5152501e0 2.1110942e0 2.8235481e0 2.8235481e0
1.53544e0 2.1110942e0 2.8291327e0 2.8291327e0
1.55563e0 2.1110942e0 2.8348349e0 2.8348349e0
1.5758202e0 2.1110942e0 2.8406178e0 2.8406178e0
1.5960101e0 2.1110942e0 2.8464922e0 2.8464922e0
1.6162001e0 2.1110942e0 2.8524329e0 2.8524329e0
1.63639e0 2.1110942e0 2.8584816e0 2.8584816e0
1.65658e0 2.1110942e0 2.8645891e0 2.8645891e0
1.6767702e0 2.1110942e0 2.8707846e0 2.8707846e0
1.6969601e0 2.1110942e0 2.877048e0 2.877048e0
1.7171501e0 2.1110942e0 2.8833199e0 2.8833199e0
1.7373401e0 2.1110942e0 2.8897237e0 2.8897237e0
1.75753e0 2.1110942e0 2.8961633e0 2.8961633e0
1.7777202e0 2.1110942e0 2.9026958e0 2.9026958e0
1.7979102e0 2.1110942e0 2.9092545e0 2.9092545e0
1.8181001e0 2.1110942e0 2.9158507e0 2.9158507e0
1.8382901e0 2.1110942e0 2.9225224e0 2.9225224e0
1.85848e0 2.1110942e0 2.9292545e0 2.9292545e0
1.8786702e0 2.1110942e0 2.9359995e0 2.9359995e0
1.8988602e0 2.1110942e0 2.9427904e0 2.9427904e0
1.9190501e0 2.1110942e0 2.9495454e0 2.9495454e0
1.9392401e0 2.1110942e0 2.9564163e0 2.9564163e0
1.9594301e0 2.1110942e0 2.9633495e0 2.9633495e0
1.9796202e0 2.1110942e0 2.9703154e0 2.9703154e0
1.9998102e0 2.1110942e0 2.9772624e0 2.9772624e0

1.0e-3 2.1540231e0 2.692057e1 2.692057e1
2.1190002e-2 2.1540231e0 1.04897237e1 1.04897237e1
4.1380005e-2 2.1540231e0 8.1340794e0 8.1340794e0
6.1570007e-2 2.1540231e0 6.9475903e0 6.9475903e0
8.176001e-2 2.1540231e0 6.197022e0 6.197022e0
1.0195001e-1 2.1540231e0 5.6687932e0 5.6687932e0
1.2214001e-1 2.1540231e0 5.2725293e0 5.2725293e0
1.4233002e-1 2.1540231e0 4.962634e0 4.962634e0
1.6252002e-1 2.1540231e0 4.712901e0 4.712901e0
1.8271002e-1 2.1540231e0 4.5070653e0 4.5070653e0
2.0290002e-1 2.1540231e0 4.334158e0 4.334158e0
2.2309003e-1 2.1540231e0 4.1873654e0 4.1873654e0
2.4328003e-1 2.1540231e0 4.0611424e0 4.0611424e0
2.6347003e-1 2.1540231e0 3.9516438e0 3.9516438e0
2.8366003e-1 2.1540231e0 3.8559163e0 3.8559163e0
3.0385004e-1 2.1540231e0 3.7716283e0 3.7716283e0
3.2404004e-1 2.1540231e0 3.6970616e0 3.6970616e0
3.4423004e-1 2.1540231e0 3.6307874e0 3.6307874e0
3.6442004e-1 2.1540231e0 3.5716817e0 3.5716817e0
3.8461005e-1 2.1540231e0 3.5187085e0 3.5187085e0
4.0480005e-1 2.1540231e0 3.4710262e0 3.4710262e0
4.2499005e-1 2.1540231e0 3.4281769e0 3.4281769e0
4.4518005e-1 2.1540231e0 3.3895569e0 3.3895569e0
4.6537006e-1 2.1540231e0 3.3546397e0 3.3546397e0
4.8556006e-1 2.1540231e0 3.3230399e0 3.3230399e0
5.0575006e-1 2.1540231e0 3.2944366e0 3.2944366e0
5.2594006e-1 2.1540231e0 3.26852e0 3.26852e0
5.4613007e-1 2.1540231e0 3.2450357e0 3.2450357e0
5.6632007e-1 2.1540231e0 3.2237357e0 3.2237357e0
5.8651007e-1 2.1540231e0 3.2044568e0 3.2044568e0
6.0670007e-1 2.1540231e0 3.1869455e0 3.1869455e0
6.2689008e-1 2.1540231e0 3.1711241e0 3.1711241e0
6.4708008e-1 2.1540231e0 3.1568347e0 3.1568347e0
6.6727008e-1 2.1540231e0 3.1439404e0 3.1439404e0
6.8746008e-1 2.1540231e0 3.1322919e0 3.1322919e0
7.0765009e-1 2.1540231e0 3.1218889e0 3.1218889e0
7.2784009e-1 2.1540231e0 3.1125766e0 3.1125766e0
7.4803009e-1 2.1540231e0 3.1042607e0 3.1042607e0
7.682201e-1 2.1540231e0 3.0968608e0 3.0968608e0
7.884101e-1 2.1540231e0 3.0903566e0 3.0903566e0
8.086001e-1 2.1540231e0 3.0846352e0 3.0846352e0
8.287901e-1 2.1540231e0 3.0797037e0 3.0797037e0
8.489801e-1 2.1540231e0 3.0754742e0 3.0754742e0
8.691701e-1 2.1540231e0 3.0718991e0 3.0718991e0
8.893601e-1 2.1540231e0 3.0689452e0 3.0689452e0
9.0955011e-1 2.1540231e0 3.0665637e0 3.0665637e0
9.2974011e-1 2.1540231e0 3.0647212e0 3.0647212e0
9.4993011e-1 2.1540231e0 3.0633855e0 3.0633855e0
9.7012012e-1 2.1540231e0 3.0625255e0 3.0625255e0
9.9031012e-1 2.1540231e0 3.0621129e0 3.0621129e0
1.0105e0 2.1540231e0 3.0621198e0 3.0621198e0
1.03069e0 2.1540231e0 3.0625218e0 3.0625218e0
1.05088e0 2.1540231e0 3.0632956e0 3.0632956e0
1.0710701e0 2.1540231e0 3.0644218e0 3.0644218e0
1.09126e0 2.1540231e0 3.065877e0 3.065877e0
1.11145e0 2.1540231e0 3.0676486e0 3.0676486e0
1.13164e0 2.1540231e0 3.0697076e0 3.0697076e0
1.15183e0 2.1540231e0 3.0720497e0 3.0720497e0
1.1720201e0 2.1540231e0 3.0746616e0 3.0746616e0
1.1922101e0 2.1540231e0 3.0775201e0 3.0775201e0
1.2124e0 2.1540231e0 3.080613e0 3.080613e0
1.23259e0 2.1540231e0 3.0839268e0 3.0839268e0
1.25278e0 2.1540231e0 3.0874591e0 3.0874591e0
1.2729701e0 2.1540231e0 3.0911856e0 3.0911856e0
1.2931601e0 2.1540231e0 3.0951106e0 3.0951106e0
1.31335e0 2.1540231e0 3.0992126e0 3.0992126e0
1.33354e0 2.1540231e0 3.1034799e0 3.1034799e0
1.35373e0 2.1540231e0 3.1079216e0 3.1079216e0
1.3739201e0 2.1540231e0 3.1125099e0 3.1125099e0
1.3941101e0 2.1540231e0 3.117244e0 3.117244e0
1.4143001e0 2.1540231e0 3.1221313e0 3.1221313e0
1.43449e0 2.1540231e0 3.1271466e0 3.1271466e0
1.45468e0 2.1540231e0 3.132288e0 3.132288e0
1.4748701e0 2.1540231e0 3.1375395e0 3.1375395e0
1.4950601e0 2.1540231e0 3.1429279e0 3.1429279e0
1.5152501e0 2.1540231e0 3.1483856e0 3.1483856e0
1.53544e0 2.1540231e0 3.1539702e0 3.1539702e0
1.55563e0 2.1540231e0 3.1596724e0 3.1596724e0
1.5758202e0 2.1540231e0 3.1654553e0 3.1654553e0
1.5960101e0 2.1540231e0 3.1713297e0 3.1713297e0
1.6162001e0 2.1540231e0 3.1772704e0 3.1772704e0
1.63639e0 2.1540231e0 3.1833191e0 3.1833191e0
1.65658e0 2.1540231e0 3.1894266e0 3.1894266e0
1.6767702e0 2.1540231e0 3.1956221e0 3.1956221e0
1.6969601e0 2.1540231e0 3.2018855e0 3.2018855e0
1.7171501e0 2.1540231e0 3.2081573e0 3.2081573e0
1.7373401e0 2.1540231e0 3.2145612e0 3.2145612e0
1.75753e0 2.1540231e0 3.2210008e0 3.2210008e0
1.7777202e0 2.1540231e0 3.2275333e0 3.2275333e0
1.7979102e0 2.1540231e0 3.234092e0 3.234092e0
1.8181001e0 2.1540231e0 3.2406882e0 3.2406882e0
1.8382901e0 2.1540231e0 3.24736e0 3.24736e0
1.85848e0 2.1540231e0 3.254092e0 3.254092e0
1.8786702e0 2.1540231e0 3.260837e0 3.260837e0
1.8988602e0 2.1540231e0 3.2676279e0 3.2676279e0
1.9190501e0 2.1540231e0 3.274383e0 3.274383e0
1.9392401e0 2.1540231e0 3.2812538e0 3.2812538e0
1.9594301e0 2.1540231e0 3.288187e0 3.288187e0
1.9796202e0 2.1540231e0 3.2951529e0 3.2951529e0
1.9998102e0 2.1540231e0 3.3020999e0 3.3020999e0

1.0e-3 2.1969522e0 2.7269226e1 2.7269226e1
2.1190002e-2 2.1969522e0 1.0838379e1 1.0838379e1
4.1380005e-2 2.1969522e0 8.4827348e0 8.4827348e0
6.1570007e-2 2.1969522e0 7.2962457e0 7.2962457e0
8.176001e-2 2.1969522e0 6.5456773e0 6.5456773e0
1.0195001e-1 2.1969522e0 6.0174486e0 6.0174486e0
1.2214001e-1 2.1969522e0 5.6211847e0 5.6211847e0
1.4233002e-1 2.1969522e0 5.3112894e0 5.3112894e0
1.6252002e-1 2.1969522e0 5.0615564e0 5.0615564e0
1.8271002e-1 2.1969522e0 4.8557207e0 4.8557207e0
2.0290002e-1 2.1969522e0 4.6828134e0 4.6828134e0
2.2309003e-1 2.1969522e0 4.5360208e0 4.5360208e0
2.4328003e-1 2.1969522e0 4.4097978e0 4.4097978e0
2.6347003e-1 2.1969522e0 4.3002992e0 4.3002992e0
2.8366003e-1 2.1969522e0 4.2045717e0 4.2045717e0
3.0385004e-1 2.1969522e0 4.1202837e0 4.1202837e0
3.2404004e-1 2.1969522e0 4.045717e0 4.045717e0
3.4423004e-1 2.1969522e0 3.9794427e0 3.9794427e0
3.6442004e-1 2.1969522e0 3.920337e0 3.920337e0
3.8461005e-1 2.1969522e0 3.8673639e0 3.8673639e0
4.0480005e-1 2.1969522e0 3.8196815e0 3.8196815e0
4.2499005e-1 2.1969522e0 3.7768323e0 3.7768323e0
4.4518005e-1 2.1969522e0 3.7382123e0 3.7382123e0
4.6537006e-1 2.1969522e0 3.7032951e0 3.7032951e0
4.8556006e-1 2.1969522e0 3.6716953e0 3.6716953e0
5.0575006e-1 2.1969522e0 3.643092e0 3.643092e0
5.2594006e-1 2.1969522e0 3.6171754e0 3.6171754e0
5.4613007e-1 2.1969522e0 3.5936911e0 3.5936911e0
5.6632007e-1 2.1969522e0 3.572391e0 3.572391e0
5.8651007e-1 2.1969522e0 3.5531122e0 3.5531122e0
6.0670007e-1 2.1969522e0 3.5356009e0 3.5356009e0
6.2689008e-1 2.1969522e0 3.5197795e0 3.5197795e0
6.4708008e-1 2.1969522e0 3.5054901e0 3.5054901e0
6.6727008e-1 2.1969522e0 3.4925958e0 3.4925958e0
6.8746008e-1 2.1969522e0 3.4809473e0 3.4809473e0
7.0765009e-1 2.1969522e0 3.4705443e0 3.4705443e0
7.2784009e-1 2.1969522e0 3.461232e0 3.461232e0
7.4803009e-1 2.1969522e0 3.4529161e0 3.4529161e0
7.682201e-1 2.1969522e0 3.4455162e0 3.4455162e0
7.884101e-1 2.1969522e0 3.439012e0 3.439012e0
8.086001e-1 2.1969522e0 3.4332906e0 3.4332906e0
8.287901e-1 2.1969522e0 3.428359e0 3.428359e0
8.489801e-1 2.1969522e0 3.4241296e0 3.4241296e0
8.691701e-1 2.1969522e0 3.4205545e0 3.4205545e0
8.893601e-1 2.1969522e0 3.4176006e0 3.4176006e0
9.0955011e-1 2.1969522e0 3.4152191e0 3.4152191e0
9.2974011e-1 2.1969522e0 3.4133766e0 3.4133766e0
9.4993011e-1 2.1969522e0 3.4120409e0 3.4120409e0
9.7012012e-1 2.1969522e0 3.4111809e0 3.4111809e0
9.9031012e-1 2.1969522e0 3.4107683e0 3.4107683e0
1.0105e0 2.1969522e0 3.4107751e0 3.4107751e0
1.03069e0 2.1969522e0 3.4111772e0 3.4111772e0
1.05088e0 2.1969522e0 3.411951e0 3.411951e0
1.0710701e0 2.1969522e0 3.4130772e0 3.4130772e0
1.09126e0 2.1969522e0 3.4145325e0 3.4145325e0
1.11145e0 2.1969522e0 3.416304e0 3.416304e0
1.13164e0 2.1969522e0 3.418363e0 3.418363e0
1.15183e0 2.1969522e0 3.4207051e0 3.4207051e0
1.1720201e0 2.1969522e0 3.423317e0 3.423317e0
1.1922101e0 2.1969522e0 3.4261755e0 3.4261755e0
1.2124e0 2.1969522e0 3.4292683e0 3.4292683e0
1.23259e0 2.1969522e0 3.4325822e0 3.4325822e0
1.25278e0 2.1969522e0 3.4361145e0 3.4361145e0
1.2729701e0 2.1969522e0 3.439841e0 3.439841e0
1.2931601e0 2.1969522e0 3.443766e0 3.443766e0
1.31335e0 2.1969522e0 3.447868e0 3.447868e0
1.33354e0 2.1969522e0 3.4521353e0 3.4521353e0
1.35373e0 2.1969522e0 3.456577e0 3.456577e0
1.3739201e0 2.1969522e0 3.4611653e0 3.4611653e0
1.3941101e0 2.1969522e0 3.4658994e0 3.4658994e0
1.4143001e0 2.1969522e0 3.4707867e0 3.4707867e0
1.43449e0 2.1969522e0 3.475802e0 3.475802e0
1.45468e0 2.1969522e0 3.4809435e0 3.4809435e0
1.4748701e0 2.1969522e0 3.4861949e0 3.4861949e0
1.4950601e0 2.1969522e0 3.4915833e0 3.4915833e0
1.5152501e0 2.1969522e0 3.497041e0 3.497041e0
1.53544e0 2.1969522e0 3.5026256e0 3.5026256e0
1.55563e0 2.1969522e0 3.5083278e0 3.5083278e0
1.5758202e0 2.1969522e0 3.5141107e0 3.5141107e0
1.5960101e0 2.1969522e0 3.519985e0 3.519985e0
1.6162001e0 2.1969522e0 3.5259258e0 3.5259258e0
1.63639e0 2.1969522e0 3.5319745e0 3.5319745e0
1.65658e0 2.1969522e0 3.538082e0 3.538082e0
1.6767702e0 2.1969522e0 3.5442775e0 3.5442775e0
1.6969601e0 2.1969522e0 3.550541e0 3.550541e0
1.7171501e0 2.1969522e0 3.5568127e0 3.5568127e0
1.7373401e0 2.1969522e0 3.5632166e0 3.5632166e0
1.75753e0 2.1969522e0 3.5696562e0 3.5696562e0
1.7777202e0 2.1969522e0 3.5761887e0 3.5761887e0
1.7979102e0 2.1969522e0 3.5827473e0 3.5827473e0
1.8181001e0 2.1969522e0 3.5893436e0 3.5893436e0
1.8382901e0 2.1969522e0 3.5960153e0 3.5960153e0
1.85848e0 2.1969522e0 3.6027473e0 3.6027473e0
1.8786702e0 2.1969522e0 3.6094923e0 3.6094923e0
1.8988602e0 2.1969522e0 3.6162833e0 3.6162833e0
1.9190501e0 2.1969522e0 3.6230383e0 3.6230383e0
1.9392401e0 2.1969522e0 3.6299092e0 3.6299092e0
1.9594301e0 2.1969522e0 3.6368423e0 3.6368423e0
1.9796202e0 2.1969522e0 3.6438083e0 3.6438083e0
1.9998102e0 2.1969522e0 3.6507553e0 3.6507553e0

1.0e-3 2.2398811e0 2.7642706e1 2.7642706e1
2.1190002e-2 2.2398811e0 1.12118594e1 1.12118594e1
4.1380005e-2 2.2398811e0 8.8562152e0 8.8562152e0
6.1570007e-2 2.2398811e0 7.6697261e0 7.6697261e0
8.176001e-2 2.2398811e0 6.9191577e0 6.9191577e0
1.0195001e-1 2.2398811e0 6.390929e0 6.390929e0
1.2214001e-1 2.2398811e0 5.994665e0 5.994665e0
1.4233002e-1 2.2398811e0 5.6847697e0 5.6847697e0
1.6252002e-1 2.2398811e0 5.4350368e0 5.4350368e0
1.8271002e-1 2.2398811e0 5.229201e0 5.229201e0
2.0290002e-1 2.2398811e0 5.0562938e0 5.0562938e0
2.2309003e-1 2.2398811e0 4.9095012e0 4.9095012e0
2.4328003e-1 2.2398811e0 4.7832782e0 4.7832782e0
2.6347003e-1 2.2398811e0 4.6737796e0 4.6737796e0
2.8366003e-1 2.2398811e0 4.578052e0 4.578052e0
3.0385004e-1 2.2398811e0 4.493764e0 4.493764e0
3.2404004e-1 2.2398811e0 4.4191974e0 4.4191974e0
3.4423004e-1 2.2398811e0 4.3529231e0 4.3529231e0
3.6442004e-1 2.2398811e0 4.2938174e0 4.2938174e0
3.8461005e-1 2.2398811e0 4.2408443e0 4.2408443e0
4.0480005e-1 2.2398811e0 4.193162e0 4.193162e0
4.2499005e-1 2.2398811e0 4.1503127e0 4.1503127e0
4.4518005e-1 2.2398811e0 4.1116927e0 4.1116927e0
4.6537006e-1 2.2398811e0 4.0767755e0 4.0767755e0
4.8556006e-1 2.2398811e0 4.0451756e0 4.0451756e0
5.0575006e-1 2.2398811e0 4.0165724e0 4.0165724e0
5.2594006e-1 2.2398811e0 3.9906558e0 3.9906558e0
5.4613007e-1 2.2398811e0 3.9671715e0 3.9671715e0
5.6632007e-1 2.2398811e0 3.9458714e0 3.9458714e0
5.8651007e-1 2.2398811e0 3.9265926e0 3.9265926e0
6.0670007e-1 2.2398811e0 3.9090813e0 3.9090813e0
6.2689008e-1 2.2398811e0 3.8932599e0 3.8932599e0
6.4708008e-1 2.2398811e0 3.8789705e0 3.8789705e0
6.6727008e-1 2.2398811e0 3.8660762e0 3.8660762e0
6.8746008e-1 2.2398811e0 3.8544276e0 3.8544276e0
7.0765009e-1 2.2398811e0 3.8440247e0 3.8440247e0
7.2784009e-1 2.2398811e0 3.8347124e0 3.8347124e0
7.4803009e-1 2.2398811e0 3.8263965e0 3.8263965e0
7.682201e-1 2.2398811e0 3.8189966e0 3.8189966e0
7.884101e-1 2.2398811e0 3.8124924e0 3.8124924e0
8.086001e-1 2.2398811e0 3.806771e0 3.806771e0
8.287901e-1 2.2398811e0 3.8018394e0 3.8018394e0
8.489801e-1 2.2398811e0 3.79761e0 3.79761e0
8.691701e-1 2.2398811e0 3.7940349e0 3.7940349e0
8.893601e-1 2.2398811e0 3.791081e0 3.791081e0
9.0955011e-1 2.2398811e0 3.7886995e0 3.7886995e0
9.2974011e-1 2.2398811e0 3.786857e0 3.786857e0
9.4993011e-1 2.2398811e0 3.7855212e0 3.7855212e0
9.7012012e-1 2.2398811e0 3.7846613e0 3.7846613e0
9.9031012e-1 2.2398811e0 3.7842487e0 3.7842487e0
1.0105e0 2.2398811e0 3.7842555e0 3.7842555e0
1.03069e0 2.2398811e0 3.7846576e0 3.7846576e0
1.05088e0 2.2398811e0 3.7854314e0 3.7854314e0
1.0710701e0 2.2398811e0 3.7865576e0 3.7865576e0
1.09126e0 2.2398811e0 3.7880128e0 3.7880128e0
1.11145e0 2.2398811e0 3.7897844e0 3.7897844e0
1.13164e0 2.2398811e0 3.7918434e0 3.7918434e0
1.15183e0 2.2398811e0 3.7941855e0 3.7941855e0
1.1720201e0 2.2398811e0 3.7967973e0 3.7967973e0
1.1922101e0 2.2398811e0 3.7996559e0 3.7996559e0
1.2124e0 2.2398811e0 3.8027487e0 3.8027487e0
1.23259e0 2.2398811e0 3.8060626e0 3.8060626e0
1.25278e0 2.2398811e0 3.8095949e0 3.8095949e0
1.2729701e0 2.2398811e0 3.8133214e0 3.8133214e0
1.2931601e0 2.2398811e0 3.8172464e0 3.8172464e0
1.31335e0 2.2398811e0 3.8213484e0 3.8213484e0
1.33354e0 2.2398811e0 3.8256157e0 3.8256157e0
1.35373e0 2.2398811e0 3.8300574e0 3.8300574e0
1.3739201e0 2.2398811e0 3.8346457e0 3.8346457e0
1.3941101e0 2.2398811e0 3.8393797e0 3.8393797e0
1.4143001e0 2.2398811e0 3.8442671e0 3.8442671e0
1.43449e0 2.2398811e0 3.8492824e0 3.8492824e0
1.45468e0 2.2398811e0 3.8544238e0 3.8544238e0
1.4748701e0 2.2398811e0 3.8596753e0 3.8596753e0
1.4950601e0 2.2398811e0 3.8650636e0 3.8650636e0
1.5152501e0 2.2398811e0 3.8705214e0 3.8705214e0
1.53544e0 2.2398811e0 3.876106e0 3.876106e0
1.55563e0 2.2398811e0 3.8818082e0 3.8818082e0
1.5758202e0 2.2398811e0 3.8875911e0 3.8875911e0
1.5960101e0 2.2398811e0 3.8934654e0 3.8934654e0
1.6162001e0 2.2398811e0 3.8994061e0 3.8994061e0
1.63639e0 2.2398811e0 3.9054549e0 3.9054549e0
1.65658e0 2.2398811e0 3.9115623e0 3.9115623e0
1.6767702e0 2.2398811e0 3.9177579e0 3.9177579e0
1.6969601e0 2.2398811e0 3.9240213e0 3.9240213e0
1.7171501e0 2.2398811e0 3.9302931e0 3.9302931e0
1.7373401e0 2.2398811e0 3.936697e0 3.936697e0
1.75753e0 2.2398811e0 3.9431366e0 3.9431366e0
1.7777202e0 2.2398811e0 3.949669e0 3.949669e0
1.7979102e0 2.2398811e0 3.9562277e0 3.9562277e0
1.8181001e0 2.2398811e0 3.962824e0 3.962824e0
1.8382901e0 2.2398811e0 3.9694957e0 3.9694957e0
1.85848e0 2.2398811e0 3.9762277e0 3.9762277e0
1.8786702e0 2.2398811e0 3.9829727e0 3.9829727e0
1.8988602e0 2.2398811e0 3.9897636e0 3.9897636e0
1.9190501e0 2.2398811e0 3.9965187e0 3.9965187e0
1.9392401e0 2.2398811e0 4.0033896e0 4.0033896e0
1.9594301e0 2.2398811e0 4.0103227e0 4.0103227e0
1.9796202e0 2.2398811e0 4.0172887e0 4.0172887e0
1.9998102e0 2.2398811e0 4.0242357e0 4.0242357e0

1.0e-3 2.2828102e0 2.8042094e1 2.8042094e1
2.1190002e-2 2.2828102e0 1.16112479e1 1.16112479e1
4.1380005e-2 2.2828102e0 9.2556036e0 9.2556036e0
6.1570007e-2 2.2828102e0 8.0691145e0 8.0691145e0
8.176001e-2 2.2828102e0 7.3185461e0 7.3185461e0
1.0195001e-1 2.2828102e0 6.7903174e0 6.7903174e0
1.2214001e-1 2.2828102e0 6.3940535e0 6.3940535e0
1.4233002e-1 2.2828102e0 6.0841582e0 6.0841582e0
1.6252002e-1 2.2828102e0 5.8344252e0 5.8344252e0
1.8271002e-1 2.2828102e0 5.6285895e0 5.6285895e0
2.0290002e-1 2.2828102e0 5.4556822e0 5.4556822e0
2.2309003e-1 2.2828102e0 5.3088896e0 5.3088896e0
2.4328003e-1 2.2828102e0 5.1826666e0 5.1826666e0
2.6347003e-1 2.2828102e0 5.073168e0 5.073168e0
2.8366003e-1 2.2828102e0 4.9774405e0 4.9774405e0
3.0385004e-1 2.2828102e0 4.8931525e0 4.8931525e0
3.2404004e-1 2.2828102e0 4.8185858e0 4.8185858e0
3.4423004e-1 2.2828102e0 4.7523116e0 4.7523116e0
3.6442004e-1 2.2828102e0 4.6932059e0 4.6932059e0
3.8461005e-1 2.2828102e0 4.6402327e0 4.6402327e0
4.0480005e-1 2.2828102e0 4.5925504e0 4.5925504e0
4.2499005e-1 2.2828102e0 4.5497011e0 4.5497011e0
4.4518005e-1 2.2828102e0 4.5110811e0 4.5110811e0
4.6537006e-1 2.2828102e0 4.476164e0 4.476164e0
4.8556006e-1 2.2828102e0 4.444564e0 4.444564e0
5.0575006e-1 2.2828102e0 4.4159608e0 4.4159608e0
5.2594006e-1 2.2828102e0 4.3900443e0 4.3900443e0
5.4613007e-1 2.2828102e0 4.3665599e0 4.3665599e0
5.6632007e-1 2.2828102e0 4.3452599e0 4.3452599e0
5.8651007e-1 2.2828102e0 4.325981e0 4.325981e0
6.0670007e-1 2.2828102e0 4.3084697e0 4.3084697e0
6.2689008e-1 2.2828102e0 4.2926483e0 4.2926483e0
6.4708008e-1 2.2828102e0 4.2783589e0 4.2783589e0
6.6727008e-1 2.2828102e0 4.2654646e0 4.2654646e0
6.8746008e-1 2.2828102e0 4.253816e0 4.253816e0
7.0765009e-1 2.2828102e0 4.2434131e0 4.2434131e0
7.2784009e-1 2.2828102e0 4.2341008e0 4.2341008e0
7.4803009e-1 2.2828102e0 4.2257849e0 4.2257849e0
7.682201e-1 2.2828102e0 4.218385e0 4.218385e0
7.884101e-1 2.2828102e0 4.2118808e0 4.2118808e0
8.086001e-1 2.2828102e0 4.2061594e0 4.2061594e0
8.287901e-1 2.2828102e0 4.2012279e0 4.2012279e0
8.489801e-1 2.2828102e0 4.1969984e0 4.1969984e0
8.691701e-1 2.2828102e0 4.1934233e0 4.1934233e0
8.893601e-1 2.2828102e0 4.1904694e0 4.1904694e0
9.0955011e-1 2.2828102e0 4.1880879e0 4.1880879e0
9.2974011e-1 2.2828102e0 4.1862454e0 4.1862454e0
9.4993011e-1 2.2828102e0 4.1849097e0 4.1849097e0
9.7012012e-1 2.2828102e0 4.1840497e0 4.1840497e0
9.9031012e-1 2.2828102e0 4.1836371e0 4.1836371e0
1.0105e0 2.2828102e0 4.183644e0 4.183644e0
1.03069e0 2.2828102e0 4.184046e0 4.184046e0
1.05088e0 2.2828102e0 4.1848198e0 4.1848198e0
1.0710701e0 2.2828102e0 4.185946e0 4.185946e0
1.09126e0 2.2828102e0 4.1874013e0 4.1874013e0
1.11145e0 2.2828102e0 4.1891728e0 4.1891728e0
1.13164e0 2.2828102e0 4.1912318e0 4.1912318e0
1.15183e0 2.2828102e0 4.1935739e0 4.1935739e0
1.1720201e0 2.2828102e0 4.1961858e0 4.1961858e0
1.1922101e0 2.2828102e0 4.1990443e0 4.1990443e0
1.2124e0 2.2828102e0 4.2021371e0 4.2021371e0
1.23259e0 2.2828102e0 4.205451e0 4.205451e0
1.25278e0 2.2828102e0 4.2089833e0 4.2089833e0
1.2729701e0 2.2828102e0 4.2127098e0 4.2127098e0
1.2931601e0 2.2828102e0 4.2166348e0 4.2166348e0
1.31335e0 2.2828102e0 4.2207368e0 4.2207368e0
1.33354e0 2.2828102e0 4.2250041e0 4.2250041e0
1.35373e0 2.2828102e0 4.2294458e0 4.2294458e0
1.3739201e0 2.2828102e0 4.2340341e0 4.2340341e0
1.3941101e0 2.2828102e0 4.2387682e0 4.2387682e0
1.4143001e0 2.2828102e0 4.2436555e0 4.2436555e0
1.43449e0 2.2828102e0 4.2486708e0 4.2486708e0
1.45468e0 2.2828102e0 4.2538123e0 4.2538123e0
1.4748701e0 2.2828102e0 4.2590637e0 4.2590637e0
1.4950601e0 2.2828102e0 4.264452e0 4.264452e0
1.5152501e0 2.2828102e0 4.2699098e0 4.2699098e0
1.53544e0 2.2828102e0 4.2754944e0 4.2754944e0
1.55563e0 2.2828102e0 4.2811966e0 4.2811966e0
1.5758202e0 2.2828102e0 4.2869795e0 4.2869795e0
1.5960101e0 2.2828102e0 4.2928539e0 4.2928539e0
1.6162001e0 2.2828102e0 4.2987946e0 4.2987946e0
1.63639e0 2.2828102e0 4.3048433e0 4.3048433e0
1.65658e0 2.2828102e0 4.3109508e0 4.3109508e0
1.6767702e0 2.2828102e0 4.3171463e0 4.3171463e0
1.6969601e0 2.2828102e0 4.3234097e0 4.3234097e0
1.7171501e0 2.2828102e0 4.3296815e0 4.3296815e0
1.7373401e0 2.2828102e0 4.3360854e0 4.3360854e0
1.75753e0 2.2828102e0 4.342525e0 4.342525e0
1.7777202e0 2.2828102e0 4.3490575e0 4.3490575e0
1.7979102e0 2.2828102e0 4.3556161e0 4.3556161e0
1.8181001e0 2.2828102e0 4.3622124e0 4.3622124e0
1.8382901e0 2.2828102e0 4.3688841e0 4.3688841e0
1.85848e0 2.2828102e0 4.3756161e0 4.3756161e0
1.8786702e0 2.2828102e0 4.3823611e0 4.3823611e0
1.8988602e0 2.2828102e0 4.389152e0 4.389152e0
1.9190501e0 2.2828102e0 4.3959071e0 4.3959071e0
1.9392401e0 2.2828102e0 4.402778e0 4.402778e0
1.9594301e0 2.2828102e0 4.4097112e0 4.4097112e0
1.9796202e0 2.2828102e0 4.4166771e0 4.4166771e0
1.9998102e0 2.2828102e0 4.4236241e0 4.4236241e0

1.0e-3 2.3257391e0 2.8468456e1 2.8468456e1
2.1190002e-2 2.3257391e0 1.20376094e1 1.20376094e1
4.1380005e-2 2.3257391e0 9.6819652e0 9.6819652e0
6.1570007e-2 2.3257391e0 8.495476e0 8.495476e0
8.176001e-2 2.3257391e0 7.7449077e0 7.7449077e0
1.0195001e-1 2.3257391e0 7.216679e0 7.216679e0
1.2214001e-1 2.3257391e0 6.820415e0 6.820415e0
1.4233002e-1 2.3257391e0 6.5105197e0 6.5105197e0
1.6252002e-1 2.3257391e0 6.2607867e0 6.2607867e0
1.8271002e-1 2.3257391e0 6.054951e0 6.054951e0
2.0290002e-1 2.3257391e0 5.8820438e0 5.8820438e0
2.2309003e-1 2.3257391e0 5.7352512e0 5.7352512e0
2.4328003e-1 2.3257391e0 5.6090282e0 5.6090282e0
2.6347003e-1 2.3257391e0 5.4995296e0 5.4995296e0
2.8366003e-1 2.3257391e0 5.403802e0 5.403802e0
3.0385004e-1 2.3257391e0 5.319514e0 5.319514e0
3.2404004e-1 2.3257391e0 5.2449474e0 5.2449474e0
3.4423004e-1 2.3257391e0 5.1786731e0 5.1786731e0
3.6442004e-1 2.3257391e0 5.1195674e0 5.1195674e0
3.8461005e-1 2.3257391e0 5.0665942e0 5.0665942e0
4.0480005e-1 2.3257391e0 5.0189119e0 5.0189119e0
4.2499005e-1 2.3257391e0 4.9760626e0 4.9760626e0
4.4518005e-1 2.3257391e0 4.9374426e0 4.9374426e0
4.6537006e-1 2.3257391e0 4.9025255e0 4.9025255e0
4.8556006e-1 2.3257391e0 4.8709256e0 4.8709256e0
5.0575006e-1 2.3257391e0 4.8423224e0 4.8423224e0
5.2594006e-1 2.3257391e0 4.8164058e0 4.8164058e0
5.4613007e-1 2.3257391e0 4.7929214e0 4.7929214e0
5.6632007e-1 2.3257391e0 4.7716214e0 4.7716214e0
5.8651007e-1 2.3257391e0 4.7523425e0 4.7523425e0
6.0670007e-1 2.3257391e0 4.7348312e0 4.7348312e0
6.2689008e-1 2.3257391e0 4.7190099e0 4.7190099e0
6.4708008e-1 2.3257391e0 4.7047205e0 4.7047205e0
6.6727008e-1 2.3257391e0 4.6918262e0 4.6918262e0
6.8746008e-1 2.3257391e0 4.6801776e0 4.6801776e0
7.0765009e-1 2.3257391e0 4.6697746e0 4.6697746e0
7.2784009e-1 2.3257391e0 4.6604623e0 4.6604623e0
7.4803009e-1 2.3257391e0 4.6521465e0 4.6521465e0
7.682201e-1 2.3257391e0 4.6447466e0 4.6447466e0
7.884101e-1 2.3257391e0 4.6382423e0 4.6382423e0
8.086001e-1 2.3257391e0 4.6325209e0 4.6325209e0
8.287901e-1 2.3257391e0 4.6275894e0 4.6275894e0
8.489801e-1 2.3257391e0 4.62336e0 4.62336e0
8.691701e-1 2.3257391e0 4.6197849e0 4.6197849e0
8.893601e-1 2.3257391e0 4.6168309e0 4.6168309e0
9.0955011e-1 2.3257391e0 4.6144495e0 4.6144495e0
9.2974011e-1 2.3257391e0 4.612607e0 4.612607e0
9.4993011e-1 2.3257391e0 4.6112712e0 4.6112712e0
9.7012012e-1 2.3257391e0 4.6104112e0 4.6104112e0
9.9031012e-1 2.3257391e0 4.6099986e0 4.6099986e0
1.0105e0 2.3257391e0 4.6100055e0 4.6100055e0
1.03069e0 2.3257391e0 4.6104076e0 4.6104076e0
1.05088e0 2.3257391e0 4.6111813e0 4.6111813e0
1.0710701e0 2.3257391e0 4.6123076e0 4.6123076e0
1.09126e0 2.3257391e0 4.6137628e0 4.6137628e0
1.11145e0 2.3257391e0 4.6155344e0 4.6155344e0
1.13164e0 2.3257391e0 4.6175934e0 4.6175934e0
1.15183e0 2.3257391e0 4.6199355e0 4.6199355e0
1.1720201e0 2.3257391e0 4.6225473e0 4.6225473e0
1.1922101e0 2.3257391e0 4.6254059e0 4.6254059e0
1.2124e0 2.3257391e0 4.6284987e0 4.6284987e0
1.23259e0 2.3257391e0 4.6318126e0 4.6318126e0
1.25278e0 2.3257391e0 4.6353448e0 4.6353448e0
1.2729701e0 2.3257391e0 4.6390714e0 4.6390714e0
1.2931601e0 2.3257391e0 4.6429964e0 4.6429964e0
1.31335e0 2.3257391e0 4.6470984e0 4.6470984e0
1.33354e0 2.3257391e0 4.6513657e0 4.6513657e0
1.35373e0 2.3257391e0 4.6558073e0 4.6558073e0
1.3739201e0 2.3257391e0 4.6603957e0 4.6603957e0
1.3941101e0 2.3257391e0 4.6651297e0 4.6651297e0
1.4143001e0 2.3257391e0 4.6700171e0 4.6700171e0
1.43449e0 2.3257391e0 4.6750323e0 4.6750323e0
1.45468e0 2.3257391e0 4.6801738e0 4.6801738e0
1.4748701e0 2.3257391e0 4.6854253e0 4.6854253e0
1.4950601e0 2.3257391e0 4.6908136e0 4.6908136e0
1.5152501e0 2.3257391e0 4.6962714e0 4.6962714e0
1.53544e0 2.3257391e0 4.701856e0 4.701856e0
1.55563e0 2.3257391e0 4.7075581e0 4.7075581e0
1.5758202e0 2.3257391e0 4.713341e0 4.713341e0
1.5960101e0 2.3257391e0 4.7192154e0 4.7192154e0
1.6162001e0 2.3257391e0 4.7251561e0 4.7251561e0
1.63639e0 2.3257391e0 4.7312048e0 4.7312048e0
1.65658e0 2.3257391e0 4.7373123e0 4.7373123e0
1.6767702e0 2.3257391e0 4.7435078e0 4.7435078e0
1.6969601e0 2.3257391e0 4.7497713e0 4.7497713e0
1.7171501e0 2.3257391e0 4.7560431e0 4.7560431e0
1.7373401e0 2.3257391e0 4.7624469e0 4.7624469e0
1.75753e0 2.3257391e0 4.7688866e0 4.7688866e0
1.7777202e0 2.3257391e0 4.775419e0 4.775419e0
1.7979102e0 2.3257391e0 4.7819777e0 4.7819777e0
1.8181001e0 2.3257391e0 4.7885739e0 4.7885739e0
1.8382901e0 2.3257391e0 4.7952457e0 4.7952457e0
1.85848e0 2.3257391e0 4.8019777e0 4.8019777e0
1.8786702e0 2.3257391e0 4.8087227e0 4.8087227e0
1.8988602e0 2.3257391e0 4.8155136e0 4.8155136e0
1.9190501e0 2.3257391e0 4.8222687e0 4.8222687e0
1.9392401e0 2.3257391e0 4.8291396e0 4.8291396e0
1.9594301e0 2.3257391e0 4.8360727e0 4.8360727e0
1.9796202e0 2.3257391e0 4.8430386e0 4.8430386e0
1.9998102e0 2.3257391e0 4.8499857e0 4.8499857e0

1.0e-3 2.368668e0 2.8922882e1 2.8922882e1
2.1190002e-2 2.368668e0 1.2492035e1 1.2492035e1
4.1380005e-2 2.368668e0 1.01363908e1 1.01363908e1
6.1570007e-2 2.368668e0 8.9499017e0 8.9499017e0
8.176001e-2 2.368668e0 8.1993333e0 8.1993333e0
1.0195001e-1 2.368668e0 7.6711046e0 7.6711046e0
1.2214001e-1 2.368668e0 7.2748407e0 7.2748407e0
1.4233002e-1 2.368668e0 6.9649454e0 6.9649454e0
1.6252002e-1 2.368668e0 6.7152124e0 6.7152124e0
1.8271002e-1 2.368668e0 6.5093767e0 6.5093767e0
2.0290002e-1 2.368668e0 6.3364694e0 6.3364694e0
2.2309003e-1 2.368668e0 6.1896768e0 6.1896768e0
2.4328003e-1 2.368668e0 6.0634538e0 6.0634538e0
2.6347003e-1 2.368668e0 5.9539552e0 5.9539552e0
2.8366003e-1 2.368668e0 5.8582277e0 5.8582277e0
3.0385004e-1 2.368668e0 5.7739397e0 5.7739397e0
3.2404004e-1 2.368668e0 5.699373e0 5.699373e0
3.4423004e-1 2.368668e0 5.6330988e0 5.6330988e0
3.6442004e-1 2.368668e0 5.573993e0 5.573993e0
3.8461005e-1 2.368668e0 5.5210199e0 5.5210199e0
4.0480005e-1 2.368668e0 5.4733376e0 5.4733376e0
4.2499005e-1 2.368668e0 5.4304883e0 5.4304883e0
4.4518005e-1 2.368668e0 5.3918683e0 5.3918683e0
4.6537006e-1 2.368668e0 5.3569511e0 5.3569511e0
4.8556006e-1 2.368668e0 5.3253513e0 5.3253513e0
5.0575006e-1 2.368668e0 5.296748e0 5.296748e0
5.2594006e-1 2.368668e0 5.2708315e0 5.2708315e0
5.4613007e-1 2.368668e0 5.2473471e0 5.2473471e0
5.6632007e-1 2.368668e0 5.226047e0 5.226047e0
5.8651007e-1 2.368668e0 5.2067682e0 5.2067682e0
6.0670007e-1 2.368668e0 5.1892569e0 5.1892569e0
6.2689008e-1 2.368668e0 5.1734355e0 5.1734355e0
6.4708008e-1 2.368668e0 5.1591461e0 5.1591461e0
6.6727008e-1 2.368668e0 5.1462518e0 5.1462518e0
6.8746008e-1 2.368668e0 5.1346033e0 5.1346033e0
7.0765009e-1 2.368668e0 5.1242003e0 5.1242003e0
7.2784009e-1 2.368668e0 5.114888e0 5.114888e0
7.4803009e-1 2.368668e0 5.1065721e0 5.1065721e0
7.682201e-1 2.368668e0 5.0991722e0 5.0991722e0
7.884101e-1 2.368668e0 5.092668e0 5.092668e0
8.086001e-1 2.368668e0 5.0869466e0 5.0869466e0
8.287901e-1 2.368668e0 5.082015e0 5.082015e0
8.489801e-1 2.368668e0 5.0777856e0 5.0777856e0
8.691701e-1 2.368668e0 5.0742105e0 5.0742105e0
8.893601e-1 2.368668e0 5.0712566e0 5.0712566e0
9.0955011e-1 2.368668e0 5.0688751e0 5.0688751e0
9.2974011e-1 2.368668e0 5.0670326e0 5.0670326e0
9.4993011e-1 2.368668e0 5.0656969e0 5.0656969e0
9.7012012e-1 2.368668e0 5.0648369e0 5.0648369e0
9.9031012e-1 2.368668e0 5.0644243e0 5.0644243e0
1.0105e0 2.368668e0 5.0644312e0 5.0644312e0
1.03069e0 2.368668e0 5.0648332e0 5.0648332e0
1.05088e0 2.368668e0 5.065607e0 5.065607e0
1.0710701e0 2.368668e0 5.0667332e0 5.0667332e0
1.09126e0 2.368668e0 5.0681885e0 5.0681885e0
1.11145e0 2.368668e0 5.06996e0 5.06996e0
1.13164e0 2.368668e0 5.072019e0 5.072019e0
1.15183e0 2.368668e0 5.0743611e0 5.0743611e0
1.1720201e0 2.368668e0 5.076973e0 5.076973e0
1.1922101e0 2.368668e0 5.0798315e0 5.0798315e0
1.2124e0 2.368668e0 5.0829243e0 5.0829243e0
1.23259e0 2.368668e0 5.0862383e0 5.0862383e0
1.25278e0 2.368668e0 5.0897705e0 5.0897705e0
1.2729701e0 2.368668e0 5.093497e0 5.093497e0
1.2931601e0 2.368668e0 5.097422e0 5.097422e0
1.31335e0 2.368668e0 5.101524e0 5.101524e0
1.33354e0 2.368668e0 5.1057913e0 5.1057913e0
1.35373e0 2.368668e0 5.110233e0 5.110233e0
1.3739201e0 2.368668e0 5.1148213e0 5.1148213e0
1.3941101e0 2.368668e0 5.1195554e0 5.1195554e0
1.4143001e0 2.368668e0 5.1244427e0 5.1244427e0
1.43449e0 2.368668e0 5.129458e0 5.129458e0
1.45468e0 2.368668e0 5.1345995e0 5.1345995e0
1.4748701e0 2.368668e0 5.1398509e0 5.1398509e0
1.4950601e0 2.368668e0 5.1452393e0 5.1452393e0
1.5152501e0 2.368668e0 5.150697e0 5.150697e0
1.53544e0 2.368668e0 5.1562816e0 5.1562816e0
1.55563e0 2.368668e0 5.1619838e0 5.1619838e0
1.5758202e0 2.368668e0 5.1677667e0 5.1677667e0
1.5960101e0 2.368668e0 5.173641e0 5.173641e0
1.6162001e0 2.368668e0 5.1795818e0 5.1795818e0
1.63639e0 2.368668e0 5.1856305e0 5.1856305e0
1.65658e0 2.368668e0 5.191738e0 5.191738e0
1.6767702e0 2.368668e0 5.1979335e0 5.1979335e0
1.6969601e0 2.368668e0 5.204197e0 5.204197e0
1.7171501e0 2.368668e0 5.2104688e0 5.2104688e0
1.7373401e0 2.368668e0 5.2168726e0 5.2168726e0
1.75753e0 2.368668e0 5.2233122e0 5.2233122e0
1.7777202e0 2.368668e0 5.2298447e0 5.2298447e0
1.7979102e0 2.368668e0 5.2364034e0 5.2364034e0
1.8181001e0 2.368668e0 5.2429996e0 5.2429996e0
1.8382901e0 2.368668e0 5.2496713e0 5.2496713e0
1.85848e0 2.368668e0 5.2564034e0 5.2564034e0
1.8786702e0 2.368668e0 5.2631483e0 5.2631483e0
1.8988602e0 2.368668e0 5.2699393e0 5.2699393e0
1.9190501e0 2.368668e0 5.2766943e0 5.2766943e0
1.9392401e0 2.368668e0 5.2835652e0 5.2835652e0
1.9594301e0 2.368668e0 5.2904984e0 5.2904984e0
1.9796202e0 2.368668e0 5.2974643e0 5.2974643e0
1.9998102e0 2.368668e0 5.3044113e0 5.3044113e0

1.0e-3 2.4115971e0 2.9406485e1 2.9406485e1
2.1190002e-2 2.4115971e0 1.29756378e1 1.29756378e1
4.1380005e-2 2.4115971e0 1.06199936e1 1.06199936e1
6.1570007e-2 2.4115971e0 9.4335045e0 9.4335045e0
8.176001e-2 2.4115971e0 8.6829361e0 8.6829361e0
1.0195001e-1 2.4115971e0 8.1547073e0 8.1547073e0
1.2214001e-1 2.4115971e0 7.7584435e0 7.7584435e0
1.4233002e-1 2.4115971e0 7.4485481e0 7.4485481e0
1.6252002e-1 2.4115971e0 7.1988152e0 7.1988152e0
1.8271002e-1 2.4115971e0 6.9929794e0 6.9929794e0
2.0290002e-1 2.4115971e0 6.8200722e0 6.8200722e0
2.2309003e-1 2.4115971e0 6.6732796e0 6.6732796e0
2.4328003e-1 2.4115971e0 6.5470566e0 6.5470566e0
2.6347003e-1 2.4115971e0 6.437558e0 6.437558e0
2.8366003e-1 2.4115971e0 6.3418304e0 6.3418304e0
3.0385004e-1 2.4115971e0 6.2575424e0 6.2575424e0
3.2404004e-1 2.4115971e0 6.1829758e0 6.1829758e0
3.4423004e-1 2.4115971e0 6.1167015e0 6.1167015e0
3.6442004e-1 2.4115971e0 6.0575958e0 6.0575958e0
3.8461005e-1 2.4115971e0 6.0046227e0 6.0046227e0
4.0480005e-1 2.4115971e0 5.9569403e0 5.9569403e0
4.2499005e-1 2.4115971e0 5.914091e0 5.914091e0
4.4518005e-1 2.4115971e0 5.875471e0 5.875471e0
4.6537006e-1 2.4115971e0 5.8405539e0 5.8405539e0
4.8556006e-1 2.4115971e0 5.808954e0 5.808954e0
5.0575006e-1 2.4115971e0 5.7803508e0 5.7803508e0
5.2594006e-1 2.4115971e0 5.7544342e0 5.7544342e0
5.4613007e-1 2.4115971e0 5.7309499e0 5.7309499e0
5.6632007e-1 2.4115971e0 5.7096498e0 5.7096498e0
5.8651007e-1 2.4115971e0 5.690371e0 5.690371e0
6.0670007e-1 2.4115971e0 5.6728596e0 5.6728596e0
6.2689008e-1 2.4115971e0 5.6570383e0 5.6570383e0
6.4708008e-1 2.4115971e0 5.6427489e0 5.6427489e0
6.6727008e-1 2.4115971e0 5.6298546e0 5.6298546e0
6.8746008e-1 2.4115971e0 5.618206e0 5.618206e0
7.0765009e-1 2.4115971e0 5.607803e0 5.607803e0
7.2784009e-1 2.4115971e0 5.5984908e0 5.5984908e0
7.4803009e-1 2.4115971e0 5.5901749e0 5.5901749e0
7.682201e-1 2.4115971e0 5.582775e0 5.582775e0
7.884101e-1 2.4115971e0 5.5762708e0 5.5762708e0
8.086001e-1 2.4115971e0 5.5705493e0 5.5705493e0
8.287901e-1 2.4115971e0 5.5656178e0 5.5656178e0
8.489801e-1 2.4115971e0 5.5613884e0 5.5613884e0
8.691701e-1 2.4115971e0 5.5578133e0 5.5578133e0
8.893601e-1 2.4115971e0 5.5548593e0 5.5548593e0
9.0955011e-1 2.4115971e0 5.5524779e0 5.5524779e0
9.2974011e-1 2.4115971e0 5.5506354e0 5.5506354e0
9.4993011e-1 2.4115971e0 5.5492996e0 5.5492996e0
9.7012012e-1 2.4115971e0 5.5484396e0 5.5484396e0
9.9031012e-1 2.4115971e0 5.548027e0 5.548027e0
1.0105e0 2.4115971e0 5.5480339e0 5.5480339e0
1.03069e0 2.4115971e0 5.548436e0 5.548436e0
1.05088e0 2.4115971e0 5.5492097e0 5.5492097e0
1.0710701e0 2.4115971e0 5.550336e0 5.550336e0
1.09126e0 2.4115971e0 5.5517912e0 5.5517912e0
1.11145e0 2.4115971e0 5.5535628e0 5.5535628e0
1.13164e0 2.4115971e0 5.5556218e0 5.5556218e0
1.15183e0 2.4115971e0 5.5579639e0 5.5579639e0
1.1720201e0 2.4115971e0 5.5605757e0 5.5605757e0
1.1922101e0 2.4115971e0 5.5634343e0 5.5634343e0
1.2124e0 2.4115971e0 5.5665271e0 5.5665271e0
1.23259e0 2.4115971e0 5.569841e0 5.569841e0
1.25278e0 2.4115971e0 5.5733733e0 5.5733733e0
1.2729701e0 2.4115971e0 5.5770998e0 5.5770998e0
1.2931601e0 2.4115971e0 5.5810248e0 5.5810248e0
1.31335e0 2.4115971e0 5.5851268e0 5.5851268e0
1.33354e0 2.4115971e0 5.589394e0 5.589394e0
1.35373e0 2.4115971e0 5.5938358e0 5.5938358e0
1.3739201e0 2.4115971e0 5.598424e0 5.598424e0
1.3941101e0 2.4115971e0 5.6031581e0 5.6031581e0
1.4143001e0 2.4115971e0 5.6080455e0 5.6080455e0
1.43449e0 2.4115971e0 5.6130608e0 5.6130608e0
1.45468e0 2.4115971e0 5.6182022e0 5.6182022e0
1.4748701e0 2.4115971e0 5.6234537e0 5.6234537e0
1.4950601e0 2.4115971e0 5.628842e0 5.628842e0
1.5152501e0 2.4115971e0 5.6342998e0 5.6342998e0
1.53544e0 2.4115971e0 5.6398843e0 5.6398843e0
1.55563e0 2.4115971e0 5.6455865e0 5.6455865e0
1.5758202e0 2.4115971e0 5.6513695e0 5.6513695e0
1.5960101e0 2.4115971e0 5.6572438e0 5.6572438e0
1.6162001e0 2.4115971e0 5.6631845e0 5.6631845e0
1.63639e0 2.4115971e0 5.6692332e0 5.6692332e0
1.65658e0 2.4115971e0 5.6753407e0 5.6753407e0
1.6767702e0 2.4115971e0 5.6815363e0 5.6815363e0
1.6969601e0 2.4115971e0 5.6877997e0 5.6877997e0
1.7171501e0 2.4115971e0 5.6940715e0 5.6940715e0
1.7373401e0 2.4115971e0 5.7004753e0 5.7004753e0
1.75753e0 2.4115971e0 5.706915e0 5.706915e0
1.7777202e0 2.4115971e0 5.7134474e0 5.7134474e0
1.7979102e0 2.4115971e0 5.7200061e0 5.7200061e0
1.8181001e0 2.4115971e0 5.7266023e0 5.7266023e0
1.8382901e0 2.4115971e0 5.7332741e0 5.7332741e0
1.85848e0 2.4115971e0 5.7400061e0 5.7400061e0
1.8786702e0 2.4115971e0 5.7467511e0 5.7467511e0
1.8988602e0 2.4115971e0 5.753542e0 5.753542e0
1.9190501e0 2.4115971e0 5.7602971e0 5.7602971e0
1.9392401e0 2.4115971e0 5.767168e0 5.767168e0
1.9594301e0 2.4115971e0 5.7741011e0 5.7741011e0
1.9796202e0 2.4115971e0 5.781067e0 5.781067e0
1.9998102e0 2.4115971e0 5.788014e0 5.788014e0

1.0e-3 2.454526e0 2.9920401e1 2.9920401e1
2.1190002e-2 2.454526e0 1.34895552e1 1.34895552e1
4.1380005e-2 2.454526e0 1.1133911e1 1.1133911e1
6.1570007e-2 2.454526e0 9.9474219e0 9.9474219e0
8.176001e-2 2.454526e0 9.1968535e0 9.1968535e0
1.0195001e-1 2.454526e0 8.6686247e0 8.6686247e0
1.2214001e-1 2.454526e0 8.2723608e0 8.2723608e0
1.4233002e-1 2.454526e0 7.9624655e0 7.9624655e0
1.6252002e-1 2.454526e0 7.7127325e0 7.7127325e0
1.8271002e-1 2.454526e0 7.5068968e0 7.5068968e0
2.0290002e-1 2.454526e0 7.3339896e0 7.3339896e0
2.2309003e-1 2.454526e0 7.187197e0 7.187197e0
2.4328003e-1 2.454526e0 7.060974e0 7.060974e0
2.6347003e-1 2.454526e0 6.9514754e0 6.9514754e0
2.8366003e-1 2.454526e0 6.8557478e0 6.8557478e0
3.0385004e-1 2.454526e0 6.7714598e0 6.7714598e0
3.2404004e-1 2.454526e0 6.6968932e0 6.6968932e0
3.4423004e-1 2.454526e0 6.6306189e0 6.6306189e0
3.6442004e-1 2.454526e0 6.5715132e0 6.5715132e0
3.8461005e-1 2.454526e0 6.51854e0 6.51854e0
4.0480005e-1 2.454526e0 6.4708577e0 6.4708577e0
4.2499005e-1 2.454526e0 6.4280084e0 6.4280084e0
4.4518005e-1 2.454526e0 6.3893884e0 6.3893884e0
4.6537006e-1 2.454526e0 6.3544713e0 6.3544713e0
4.8556006e-1 2.454526e0 6.3228714e0 6.3228714e0
5.0575006e-1 2.454526e0 6.2942682e0 6.2942682e0
5.2594006e-1 2.454526e0 6.2683516e0 6.2683516e0
5.4613007e-1 2.454526e0 6.2448672e0 6.2448672e0
5.6632007e-1 2.454526e0 6.2235672e0 6.2235672e0
5.8651007e-1 2.454526e0 6.2042883e0 6.2042883e0
6.0670007e-1 2.454526e0 6.186777e0 6.186777e0
6.2689008e-1 2.454526e0 6.1709557e0 6.1709557e0
6.4708008e-1 2.454526e0 6.1566663e0 6.1566663e0
6.6727008e-1 2.454526e0 6.143772e0 6.143772e0
6.8746008e-1 2.454526e0 6.1321234e0 6.1321234e0
7.0765009e-1 2.454526e0 6.1217204e0 6.1217204e0
7.2784009e-1 2.454526e0 6.1124081e0 6.1124081e0
7.4803009e-1 2.454526e0 6.1040923e0 6.1040923e0
7.682201e-1 2.454526e0 6.0966924e0 6.0966924e0
7.884101e-1 2.454526e0 6.0901881e0 6.0901881e0
8.086001e-1 2.454526e0 6.0844667e0 6.0844667e0
8.287901e-1 2.454526e0 6.0795352e0 6.0795352e0
8.489801e-1 2.454526e0 6.0753058e0 6.0753058e0
8.691701e-1 2.454526e0 6.0717307e0 6.0717307e0
8.893601e-1 2.454526e0 6.0687767e0 6.0687767e0
9.0955011e-1 2.454526e0 6.0663953e0 6.0663953e0
9.2974011e-1 2.454526e0 6.0645528e0 6.0645528e0
9.4993011e-1 2.454526e0 6.063217e0 6.063217e0
9.7012012e-1 2.454526e0 6.062357e0 6.062357e0
9.9031012e-1 2.454526e0 6.0619444e0 6.0619444e0
1.0105e0 2.454526e0 6.0619513e0 6.0619513e0
1.03069e0 2.454526e0 6.0623534e0 6.0623534e0
1.05088e0 2.454526e0 6.0631271e0 6.0631271e0
1.0710701e0 2.454526e0 6.0642534e0 6.0642534e0
1.09126e0 2.454526e0 6.0657086e0 6.0657086e0
1.11145e0 2.454526e0 6.0674802e0 6.0674802e0
1.13164e0 2.454526e0 6.0695392e0 6.0695392e0
1.15183e0 2.454526e0 6.0718813e0 6.0718813e0
1.1720201e0 2.454526e0 6.0744931e0 6.0744931e0
1.1922101e0 2.454526e0 6.0773517e0 6.0773517e0
1.2124e0 2.454526e0 6.0804445e0 6.0804445e0
1.23259e0 2.454526e0 6.0837584e0 6.0837584e0
1.25278e0 2.454526e0 6.0872906e0 6.0872906e0
1.2729701e0 2.454526e0 6.0910172e0 6.0910172e0
1.2931601e0 2.454526e0 6.0949422e0 6.0949422e0
1.31335e0 2.454526e0 6.0990442e0 6.0990442e0
1.33354e0 2.454526e0 6.1033115e0 6.1033115e0
1.35373e0 2.454526e0 6.1077531e0 6.1077531e0
1.3739201e0 2.454526e0 6.1123415e0 6.1123415e0
1.3941101e0 2.454526e0 6.1170755e0 6.1170755e0
1.4143001e0 2.454526e0 6.1219629e0 6.1219629e0
1.43449e0 2.454526e0 6.1269781e0 6.1269781e0
1.45468e0 2.454526e0 6.1321196e0 6.1321196e0
1.4748701e0 2.454526e0 6.137371e0 6.137371e0
1.4950601e0 2.454526e0 6.1427594e0 6.1427594e0
1.5152501e0 2.454526e0 6.1482172e0 6.1482172e0
1.53544e0 2.454526e0 6.1538017e0 6.1538017e0
1.55563e0 2.454526e0 6.159504e0 6.159504e0
1.5758202e0 2.454526e0 6.1652869e0 6.1652869e0
1.5960101e0 2.454526e0 6.1711612e0 6.1711612e0
1.6162001e0 2.454526e0 6.1771019e0 6.1771019e0
1.63639e0 2.454526e0 6.1831506e0 6.1831506e0
1.65658e0 2.454526e0 6.1892581e0 6.1892581e0
1.6767702e0 2.454526e0 6.1954536e0 6.1954536e0
1.6969601e0 2.454526e0 6.201717e0 6.201717e0
1.7171501e0 2.454526e0 6.2079889e0 6.2079889e0
1.7373401e0 2.454526e0 6.2143927e0 6.2143927e0
1.75753e0 2.454526e0 6.2208324e0 6.2208324e0
1.7777202e0 2.454526e0 6.2273648e0 6.2273648e0
1.7979102e0 2.454526e0 6.2339235e0 6.2339235e0
1.8181001e0 2.454526e0 6.2405197e0 6.2405197e0
1.8382901e0 2.454526e0 6.2471915e0 6.2471915e0
1.85848e0 2.454526e0 6.2539235e0 6.2539235e0
1.8786702e0 2.454526e0 6.2606685e0 6.2606685e0
1.8988602e0 2.454526e0 6.2674594e0 6.2674594e0
1.9190501e0 2.454526e0 6.2742145e0 6.2742145e0
1.9392401e0 2.454526e0 6.2810854e0 6.2810854e0
1.9594301e0 2.454526e0 6.2880185e0 6.2880185e0
1.9796202e0 2.454526e0 6.2949844e0 6.2949844e0
1.9998102e0 2.454526e0 6.3019315e0 6.3019315e0

1.0e-3 2.4974551e0 3.046578e1 3.046578e1
2.1190002e-2 2.4974551e0 1.40349342e1 1.40349342e1
4.1380005e-2 2.4974551e0 1.167929e1 1.167929e1
6.1570007e-2 2.4974551e0 1.04928009e1 1.04928009e1
8.176001e-2 2.4974551e0 9.7422325e0 9.7422325e0
1.0195001e-1 2.4974551e0 9.2140038e0 9.2140038e0
1.2214001e-1 2.4974551e0 8.8177399e0 8.8177399e0
1.4233002e-1 2.4974551e0 8.5078445e0 8.5078445e0
1.6252002e-1 2.4974551e0 8.2581116e0 8.2581116e0
1.8271002e-1 2.4974551e0 8.0522758e0 8.0522758e0
2.0290002e-1 2.4974551e0 7.8793686e0 7.8793686e0
2.2309003e-1 2.4974551e0 7.732576e0 7.732576e0
2.4328003e-1 2.4974551e0 7.606353e0 7.606353e0
2.6347003e-1 2.4974551e0 7.4968544e0 7.4968544e0
2.8366003e-1 2.4974551e0 7.4011269e0 7.4011269e0
3.0385004e-1 2.4974551e0 7.3168388e0 7.3168388e0
3.2404004e-1 2.4974551e0 7.2422722e0 7.2422722e0
3.4423004e-1 2.4974551e0 7.175998e0 7.175998e0
3.6442004e-1 2.4974551e0 7.1168922e0 7.1168922e0
3.8461005e-1 2.4974551e0 7.063919e0 7.063919e0
4.0480005e-1 2.4974551e0 7.0162367e0 7.0162367e0
4.2499005e-1 2.4974551e0 6.9733875e0 6.9733875e0
4.4518005e-1 2.4974551e0 6.9347675e0 6.9347675e0
4.6537006e-1 2.4974551e0 6.8998503e0 6.8998503e0
4.8556006e-1 2.4974551e0 6.8682504e0 6.8682504e0
5.0575006e-1 2.4974551e0 6.8396472e0 6.8396472e0
5.2594006e-1 2.4974551e0 6.8137306e0 6.8137306e0
5.4613007e-1 2.4974551e0 6.7902463e0 6.7902463e0
5.6632007e-1 2.4974551e0 6.7689462e0 6.7689462e0
5.8651007e-1 2.4974551e0 6.7496674e0 6.7496674e0
6.0670007e-1 2.4974551e0 6.732156e0 6.732156e0
6.2689008e-1 2.4974551e0 6.7163347e0 6.7163347e0
6.4708008e-1 2.4974551e0 6.7020453e0 6.7020453e0
6.6727008e-1 2.4974551e0 6.689151e0 6.689151e0
6.8746008e-1 2.4974551e0 6.6775024e0 6.6775024e0
7.0765009e-1 2.4974551e0 6.6670995e0 6.6670995e0
7.2784009e-1 2.4974551e0 6.6577872e0 6.6577872e0
7.4803009e-1 2.4974551e0 6.6494713e0 6.6494713e0
7.682201e-1 2.4974551e0 6.6420714e0 6.6420714e0
7.884101e-1 2.4974551e0 6.6355672e0 6.6355672e0
8.086001e-1 2.4974551e0 6.6298457e0 6.6298457e0
8.287901e-1 2.4974551e0 6.6249142e0 6.6249142e0
8.489801e-1 2.4974551e0 6.6206848e0 6.6206848e0
8.691701e-1 2.4974551e0 6.6171097e0 6.6171097e0
8.893601e-1 2.4974551e0 6.6141557e0 6.6141557e0
9.0955011e-1 2.4974551e0 6.6117743e0 6.6117743e0
9.2974011e-1 2.4974551e0 6.6099318e0 6.6099318e0
9.4993011e-1 2.4974551e0 6.608596e0 6.608596e0
9.7012012e-1 2.4974551e0 6.607736e0 6.607736e0
9.9031012e-1 2.4974551e0 6.6073235e0 6.6073235e0
1.0105e0 2.4974551e0 6.6073303e0 6.6073303e0
1.03069e0 2.4974551e0 6.6077324e0 6.6077324e0
1.05088e0 2.4974551e0 6.6085062e0 6.6085062e0
1.0710701e0 2.4974551e0 6.6096324e0 6.6096324e0
1.09126e0 2.4974551e0 6.6110876e0 6.6110876e0
1.11145e0 2.4974551e0 6.6128592e0 6.6128592e0
1.13164e0 2.4974551e0 6.6149182e0 6.6149182e0
1.15183e0 2.4974551e0 6.6172603e0 6.6172603e0
1.1720201e0 2.4974551e0 6.6198721e0 6.6198721e0
1.1922101e0 2.4974551e0 6.6227307e0 6.6227307e0
1.2124e0 2.4974551e0 6.6258235e0 6.6258235e0
1.23259e0 2.4974551e0 6.6291374e0 6.6291374e0
1.25278e0 2.4974551e0 6.6326697e0 6.6326697e0
1.2729701e0 2.4974551e0 6.6363962e0 6.6363962e0
1.2931601e0 2.4974551e0 6.6403212e0 6.6403212e0
1.31335e0 2.4974551e0 6.6444232e0 6.6444232e0
1.33354e0 2.4974551e0 6.6486905e0 6.6486905e0
1.35373e0 2.4974551e0 6.6531322e0 6.6531322e0
1.3739201e0 2.4974551e0 6.6577205e0 6.6577205e0
1.3941101e0 2.4974551e0 6.6624545e0 6.6624545e0
1.4143001e0 2.4974551e0 6.6673419e0 6.6673419e0
1.43449e0 2.4974551e0 6.6723572e0 6.6723572e0
1.45468e0 2.4974551e0 6.6774986e0 6.6774986e0
1.4748701e0 2.4974551e0 6.6827501e0 6.6827501e0
1.4950601e0 2.4974551e0 6.6881384e0 6.6881384e0
1.5152501e0 2.4974551e0 6.6935962e0 6.6935962e0
1.53544e0 2.4974551e0 6.6991808e0 6.6991808e0
1.55563e0 2.4974551e0 6.704883e0 6.704883e0
1.5758202e0 2.4974551e0 6.7106659e0 6.7106659e0
1.5960101e0 2.4974551e0 6.7165402e0 6.7165402e0
1.6162001e0 2.4974551e0 6.722481e0 6.722481e0
1.63639e0 2.4974551e0 6.7285297e0 6.7285297e0
1.65658e0 2.4974551e0 6.7346371e0 6.7346371e0
1.6767702e0 2.4974551e0 6.7408327e0 6.7408327e0
1.6969601e0 2.4974551e0 6.7470961e0 6.7470961e0
1.7171501e0 2.4974551e0 6.7533679e0 6.7533679e0
1.7373401e0 2.4974551e0 6.7597717e0 6.7597717e0
1.75753e0 2.4974551e0 6.7662114e0 6.7662114e0
1.7777202e0 2.4974551e0 6.7727438e0 6.7727438e0
1.7979102e0 2.4974551e0 6.7793025e0 6.7793025e0
1.8181001e0 2.4974551e0 6.7858987e0 6.7858987e0
1.8382901e0 2.4974551e0 6.7925705e0 6.7925705e0
1.85848e0 2.4974551e0 6.7993025e0 6.7993025e0
1.8786702e0 2.4974551e0 6.8060475e0 6.8060475e0
1.8988602e0 2.4974551e0 6.8128384e0 6.8128384e0
1.9190501e0 2.4974551e0 6.8195935e0 6.8195935e0
1.9392401e0 2.4974551e0 6.8264644e0 6.8264644e0
1.9594301e0 2.4974551e0 6.8333975e0 6.8333975e0
1.9796202e0 2.4974551e0 6.8403635e0 6.8403635e0
1.9998102e0 2.4974551e0 6.8473105e0 6.8473105e0

1.0e-3 2.540384e0 3.104381e1 3.104381e1
2.1190002e-2 2.540384e0 1.46129626e1 1.46129626e1
4.1380005e-2 2.540384e0 1.22573184e1 1.22573184e1
6.1570007e-2 2.540384e0 1.10708293e1 1.10708293e1
8.176001e-2 2.540384e0 1.0320261e1 1.0320261e1
1.0195001e-1 2.540384e0 9.7920322e0 9.7920322e0
1.2214001e-1 2.540384e0 9.3957683e0 9.3957683e0
1.4233002e-1 2.540384e0 9.085873e0 9.085873e0
1.6252002e-1 2.540384e0 8.83614e0 8.83614e0
1.8271002e-1 2.540384e0 8.6303043e0 8.6303043e0
2.0290002e-1 2.540384e0 8.457397e0 8.457397e0
2.2309003e-1 2.540384e0 8.3106044e0 8.3106044e0
2.4328003e-1 2.540384e0 8.1843814e0 8.1843814e0
2.6347003e-1 2.540384e0 8.0748828e0 8.0748828e0
2.8366003e-1 2.540384e0 7.9791553e0 7.9791553e0
3.0385004e-1 2.540384e0 7.8948672e0 7.8948672e0
3.2404004e-1 2.540384e0 7.8203006e0 7.8203006e0
3.4423004e-1 2.540384e0 7.7540263e0 7.7540263e0
3.6442004e-1 2.540384e0 7.6949207e0 7.6949207e0
3.8461005e-1 2.540384e0 7.6419475e0 7.6419475e0
4.0480005e-1 2.540384e0 7.5942651e0 7.5942651e0
4.2499005e-1 2.540384e0 7.5514159e0 7.5514159e0
4.4518005e-1 2.540384e0 7.5127959e0 7.5127959e0
4.6537006e-1 2.540384e0 7.4778787e0 7.4778787e0
4.8556006e-1 2.540384e0 7.4462788e0 7.4462788e0
5.0575006e-1 2.540384e0 7.4176756e0 7.4176756e0
5.2594006e-1 2.540384e0 7.391759e0 7.391759e0
5.4613007e-1 2.540384e0 7.3682747e0 7.3682747e0
5.6632007e-1 2.540384e0 7.3469746e0 7.3469746e0
5.8651007e-1 2.540384e0 7.3276958e0 7.3276958e0
6.0670007e-1 2.540384e0 7.3101845e0 7.3101845e0
6.2689008e-1 2.540384e0 7.2943631e0 7.2943631e0
6.4708008e-1 2.540384e0 7.2800737e0 7.2800737e0
6.6727008e-1 2.540384e0 7.2671794e0 7.2671794e0
6.8746008e-1 2.540384e0 7.2555309e0 7.2555309e0
7.0765009e-1 2.540384e0 7.2451279e0 7.2451279e0
7.2784009e-1 2.540384e0 7.2358156e0 7.2358156e0
7.4803009e-1 2.540384e0 7.2274997e0 7.2274997e0
7.682201e-1 2.540384e0 7.2200998e0 7.2200998e0
7.884101e-1 2.540384e0 7.2135956e0 7.2135956e0
8.086001e-1 2.540384e0 7.2078741e0 7.2078741e0
8.287901e-1 2.540384e0 7.2029427e0 7.2029427e0
8.489801e-1 2.540384e0 7.1987132e0 7.1987132e0
8.691701e-1 2.540384e0 7.1951381e0 7.1951381e0
8.893601e-1 2.540384e0 7.1921841e0 7.1921841e0
9.0955011e-1 2.540384e0 7.1898027e0 7.1898027e0
9.2974011e-1 2.540384e0 7.1879602e0 7.1879602e0
9.4993011e-1 2.540384e0 7.1866245e0 7.1866245e0
9.7012012e-1 2.540384e0 7.1857645e0 7.1857645e0
9.9031012e-1 2.540384e0 7.1853519e0 7.1853519e0
1.0105e0 2.540384e0 7.1853587e0 7.1853587e0
1.03069e0 2.540384e0 7.1857608e0 7.1857608e0
1.05088e0 2.540384e0 7.1865346e0 7.1865346e0
1.0710701e0 2.540384e0 7.1876608e0 7.1876608e0
1.09126e0 2.540384e0 7.189116e0 7.189116e0
1.11145e0 2.540384e0 7.1908876e0 7.1908876e0
1.13164e0 2.540384e0 7.1929466e0 7.1929466e0
1.15183e0 2.540384e0 7.1952887e0 7.1952887e0
1.1720201e0 2.540384e0 7.1979005e0 7.1979005e0
1.1922101e0 2.540384e0 7.2007591e0 7.2007591e0
1.2124e0 2.540384e0 7.203852e0 7.203852e0
1.23259e0 2.540384e0 7.2071658e0 7.2071658e0
1.25278e0 2.540384e0 7.2106981e0 7.2106981e0
1.2729701e0 2.540384e0 7.2144246e0 7.2144246e0
1.2931601e0 2.540384e0 7.2183496e0 7.2183496e0
1.31335e0 2.540384e0 7.2224516e0 7.2224516e0
1.33354e0 2.540384e0 7.2267189e0 7.2267189e0
1.35373e0 2.540384e0 7.2311606e0 7.2311606e0
1.3739201e0 2.540384e0 7.2357489e0 7.2357489e0
1.3941101e0 2.540384e0 7.240483e0 7.240483e0
1.4143001e0 2.540384e0 7.2453703e0 7.2453703e0
1.43449e0 2.540384e0 7.2503856e0 7.2503856e0
1.45468e0 2.540384e0 7.255527e0 7.255527e0
1.4748701e0 2.540384e0 7.2607785e0 7.2607785e0
1.4950601e0 2.540384e0 7.2661668e0 7.2661668e0
1.5152501e0 2.540384e0 7.2716246e0 7.2716246e0
1.53544e0 2.540384e0 7.2772092e0 7.2772092e0
1.55563e0 2.540384e0 7.2829114e0 7.2829114e0
1.5758202e0 2.540384e0 7.2886943e0 7.2886943e0
1.5960101e0 2.540384e0 7.2945686e0 7.2945686e0
1.6162001e0 2.540384e0 7.3005093e0 7.3005093e0
1.63639e0 2.540384e0 7.306558e0 7.306558e0
1.65658e0 2.540384e0 7.3126656e0 7.3126656e0
1.6767702e0 2.540384e0 7.3188611e0 7.3188611e0
1.6969601e0 2.540384e0 7.3251245e0 7.3251245e0
1.7171501e0 2.540384e0 7.3313963e0 7.3313963e0
1.7373401e0 2.540384e0 7.3378001e0 7.3378001e0
1.75753e0 2.540384e0 7.3442398e0 7.3442398e0
1.7777202e0 2.540384e0 7.3507722e0 7.3507722e0
1.7979102e0 2.540384e0 7.357331e0 7.357331e0
1.8181001e0 2.540384e0 7.3639272e0 7.3639272e0
1.8382901e0 2.540384e0 7.3705989e0 7.3705989e0
1.85848e0 2.540384e0 7.377331e0 7.377331e0
1.8786702e0 2.540384e0 7.384076e0 7.384076e0
1.8988602e0 2.540384e0 7.3908669e0 7.3908669e0
1.9190501e0 2.540384e0 7.3976219e0 7.3976219e0
1.9392401e0 2.540384e0 7.4044928e0 7.4044928e0
1.9594301e0 2.540384e0 7.411426e0 7.411426e0
1.9796202e0 2.540384e0 7.4183919e0 7.4183919e0
1.9998102e0 2.540384e0 7.4253389e0 7.4253389e0

1.0e-3 2.583313e0 3.1655673e1 3.1655673e1
2.1190002e-2 2.583313e0 1.52248268e1 1.52248268e1
4.1380005e-2 2.583313e0 1.28691826e1 1.28691826e1
6.1570007e-2 2.583313e0 1.16826935e1 1.16826935e1
8.176001e-2 2.583313e0 1.09321251e1 1.09321251e1
1.0195001e-1 2.583313e0 1.04038963e1 1.04038963e1
1.2214001e-1 2.583313e0 1.00076324e1 1.00076324e1
1.4233002e-1 2.583313e0 9.6977371e0 9.6977371e0
1.6252002e-1 2.583313e0 9.4480042e0 9.4480042e0
1.8271002e-1 2.583313e0 9.2421684e0 9.2421684e0
2.0290002e-1 2.583313e0 9.0692612e0 9.0692612e0
2.2309003e-1 2.583313e0 8.9224686e0 8.9224686e0
2.4328003e-1 2.583313e0 8.7962456e0 8.7962456e0
2.6347003e-1 2.583313e0 8.686747e0 8.686747e0
2.8366003e-1 2.583313e0 8.5910194e0 8.5910194e0
3.0385004e-1 2.583313e0 8.5067314e0 8.5067314e0
3.2404004e-1 2.583313e0 8.4321648e0 8.4321648e0
3.4423004e-1 2.583313e0 8.3658905e0 8.3658905e0
3.6442004e-1 2.583313e0 8.3067848e0 8.3067848e0
3.8461005e-1 2.583313e0 8.2538116e0 8.2538116e0
4.0480005e-1 2.583313e0 8.2061293e0 8.2061293e0
4.2499005e-1 2.583313e0 8.16328e0 8.16328e0
4.4518005e-1 2.583313e0 8.12466e0 8.12466e0
4.6537006e-1 2.583313e0 8.0897429e0 8.0897429e0
4.8556006e-1 2.583313e0 8.058143e0 8.058143e0
5.0575006e-1 2.583313e0 8.0295398e0 8.0295398e0
5.2594006e-1 2.583313e0 8.0036232e0 8.0036232e0
5.4613007e-1 2.583313e0 7.9801389e0 7.9801389e0
5.6632007e-1 2.583313e0 7.9588388e0 7.9588388e0
5.8651007e-1 2.583313e0 7.93956e0 7.93956e0
6.0670007e-1 2.583313e0 7.9220486e0 7.9220486e0
6.2689008e-1 2.583313e0 7.9062273e0 7.9062273e0
6.4708008e-1 2.583313e0 7.8919379e0 7.8919379e0
6.6727008e-1 2.583313e0 7.8790436e0 7.8790436e0
6.8746008e-1 2.583313e0 7.867395e0 7.867395e0
7.0765009e-1 2.583313e0 7.856992e0 7.856992e0
7.2784009e-1 2.583313e0 7.8476797e0 7.8476797e0
7.4803009e-1 2.583313e0 7.8393639e0 7.8393639e0
7.682201e-1 2.583313e0 7.831964e0 7.831964e0
7.884101e-1 2.583313e0 7.8254597e0 7.8254597e0
8.086001e-1 2.583313e0 7.8197383e0 7.8197383e0
8.287901e-1 2.583313e0 7.8148068e0 7.8148068e0
8.489801e-1 2.583313e0 7.8105774e0 7.8105774e0
8.691701e-1 2.583313e0 7.8070023e0 7.8070023e0
8.893601e-1 2.583313e0 7.8040483e0 7.8040483e0
9.0955011e-1 2.583313e0 7.8016669e0 7.8016669e0
9.2974011e-1 2.583313e0 7.7998244e0 7.7998244e0
9.4993011e-1 2.583313e0 7.7984886e0 7.7984886e0
9.7012012e-1 2.583313e0 7.7976286e0 7.7976286e0
9.9031012e-1 2.583313e0 7.797216e0 7.797216e0
1.0105e0 2.583313e0 7.7972229e0 7.7972229e0
1.03069e0 2.583313e0 7.797625e0 7.797625e0
1.05088e0 2.583313e0 7.7983987e0 7.7983987e0
1.0710701e0 2.583313e0 7.799525e0 7.799525e0
1.09126e0 2.583313e0 7.8009802e0 7.8009802e0
1.11145e0 2.583313e0 7.8027518e0 7.8027518e0
1.13164e0 2.583313e0 7.8048108e0 7.8048108e0
1.15183e0 2.583313e0 7.8071529e0 7.8071529e0
1.1720201e0 2.583313e0 7.8097647e0 7.8097647e0
1.1922101e0 2.583313e0 7.8126233e0 7.8126233e0
1.2124e0 2.583313e0 7.8157161e0 7.8157161e0
1.23259e0 2.583313e0 7.81903e0 7.81903e0
1.25278e0 2.583313e0 7.8225623e0 7.8225623e0
1.2729701e0 2.583313e0 7.8262888e0 7.8262888e0
1.2931601e0 2.583313e0 7.8302138e0 7.8302138e0
1.31335e0 2.583313e0 7.8343158e0 7.8343158e0
1.33354e0 2.583313e0 7.838583e0 7.838583e0
1.35373e0 2.583313e0 7.8430247e0 7.8430247e0
1.3739201e0 2.583313e0 7.847613e0 7.847613e0
1.3941101e0 2.583313e0 7.8523471e0 7.8523471e0
1.4143001e0 2.583313e0 7.8572345e0 7.8572345e0
1.43449e0 2.583313e0 7.8622498e0 7.8622498e0
1.45468e0 2.583313e0 7.8673912e0 7.8673912e0
1.4748701e0 2.583313e0 7.8726427e0 7.8726427e0
1.4950601e0 2.583313e0 7.878031e0 7.878031e0
1.5152501e0 2.583313e0 7.8834888e0 7.8834888e0
1.53544e0 2.583313e0 7.8890733e0 7.8890733e0
1.55563e0 2.583313e0 7.8947755e0 7.8947755e0
1.5758202e0 2.583313e0 7.9005585e0 7.9005585e0
1.5960101e0 2.583313e0 7.9064328e0 7.9064328e0
1.6162001e0 2.583313e0 7.9123735e0 7.9123735e0
1.63639e0 2.583313e0 7.9184222e0 7.9184222e0
1.65658e0 2.583313e0 7.9245297e0 7.9245297e0
1.6767702e0 2.583313e0 7.9307253e0 7.9307253e0
1.6969601e0 2.583313e0 7.9369887e0 7.9369887e0
1.7171501e0 2.583313e0 7.9432605e0 7.9432605e0
1.7373401e0 2.583313e0 7.9496643e0 7.9496643e0
1.75753e0 2.583313e0 7.956104e0 7.956104e0
1.7777202e0 2.583313e0 7.9626364e0 7.9626364e0
1.7979102e0 2.583313e0 7.9691951e0 7.9691951e0
1.8181001e0 2.583313e0 7.9757913e0 7.9757913e0
1.8382901e0 2.583313e0 7.982463e0 7.982463e0
1.85848e0 2.583313e0 7.9891951e0 7.9891951e0
1.8786702e0 2.583313e0 7.9959401e0 7.9959401e0
1.8988602e0 2.583313e0 8.002731e0 8.002731e0
1.9190501e0 2.583313e0 8.0094861e0 8.0094861e0
1.9392401e0 2.583313e0 8.016357e0 8.016357e0
1.9594301e0 2.583313e0 8.0232901e0 8.0232901e0
1.9796202e0 2.583313e0 8.030256e0 8.030256e0
1.9998102e0 2.583313e0 8.037203e0 8.037203e0

1.0e-3 2.626242e0 3.2302592e1 3.2302592e1
2.1190002e-2 2.626242e0 1.58717462e1 1.58717462e1
4.1380005e-2 2.626242e0 1.3516102e1 1.3516102e1
6.1570007e-2 2.626242e0 1.23296129e1 1.23296129e1
8.176001e-2 2.626242e0 1.15790445e1 1.15790445e1
1.0195001e-1 2.626242e0 1.10508157e1 1.10508157e1
1.2214001e-1 2.626242e0 1.06545518e1 1.06545518e1
1.4233002e-1 2.626242e0 1.03446565e1 1.03446565e1
1.6252002e-1 2.626242e0 1.00949236e1 1.00949236e1
1.8271002e-1 2.626242e0 9.8890878e0 9.8890878e0
2.0290002e-1 2.626242e0 9.7161806e0 9.7161806e0
2.2309003e-1 2.626242e0 9.569388e0 9.569388e0
2.4328003e-1 2.626242e0 9.443165e0 9.443165e0
2.6347003e-1 2.626242e0 9.3336664e0 9.3336664e0
2.8366003e-1 2.626242e0 9.2379388e0 9.2379388e0
3.0385004e-1 2.626242e0 9.1536508e0 9.1536508e0
3.2404004e-1 2.626242e0 9.0790842e0 9.0790842e0
3.4423004e-1 2.626242e0 9.0128099e0 9.0128099e0
3.6442004e-1 2.626242e0 8.9537042e0 8.9537042e0
3.8461005e-1 2.626242e0 8.900731e0 8.900731e0
4.0480005e-1 2.626242e0 8.8530487e0 8.8530487e0
4.2499005e-1 2.626242e0 8.8101994e0 8.8101994e0
4.4518005e-1 2.626242e0 8.7715794e0 8.7715794e0
4.6537006e-1 2.626242e0 8.7366623e0 8.7366623e0
4.8556006e-1 2.626242e0 8.7050624e0 8.7050624e0
5.0575006e-1 2.626242e0 8.6764592e0 8.6764592e0
5.2594006e-1 2.626242e0 8.6505426e0 8.6505426e0
5.4613007e-1 2.626242e0 8.6270583e0 8.6270583e0
5.6632007e-1 2.626242e0 8.6057582e0 8.6057582e0
5.8651007e-1 2.626242e0 8.5864793e0 8.5864793e0
6.0670007e-1 2.626242e0 8.568968e0 8.568968e0
6.2689008e-1 2.626242e0 8.5531467e0 8.5531467e0
6.4708008e-1 2.626242e0 8.5388573e0 8.5388573e0
6.6727008e-1 2.626242e0 8.525963e0 8.525963e0
6.8746008e-1 2.626242e0 8.5143144e0 8.5143144e0
7.0765009e-1 2.626242e0 8.5039114e0 8.5039114e0
7.2784009e-1 2.626242e0 8.4945992e0 8.4945992e0
7.4803009e-1 2.626242e0 8.4862833e0 8.4862833e0
7.682201e-1 2.626242e0 8.4788834e0 8.4788834e0
7.884101e-1 2.626242e0 8.4723792e0 8.4723792e0
8.086001e-1 2.626242e0 8.4666577e0 8.4666577e0
8.287901e-1 2.626242e0 8.4617262e0 8.4617262e0
8.489801e-1 2.626242e0 8.4574968e0 8.4574968e0
8.691701e-1 2.626242e0 8.4539217e0 8.4539217e0
8.893601e-1 2.626242e0 8.4509677e0 8.4509677e0
9.0955011e-1 2.626242e0 8.4485863e0 8.4485863e0
9.2974011e-1 2.626242e0 8.4467438e0 8.4467438e0
9.4993011e-1 2.626242e0 8.445408e0 8.445408e0
9.7012012e-1 2.626242e0 8.444548e0 8.444548e0
9.9031012e-1 2.626242e0 8.4441354e0 8.4441354e0
1.0105e0 2.626242e0 8.4441423e0 8.4441423e0
1.03069e0 2.626242e0 8.4445444e0 8.4445444e0
1.05088e0 2.626242e0 8.4453181e0 8.4453181e0
1.0710701e0 2.626242e0 8.4464444e0 8.4464444e0
1.09126e0 2.626242e0 8.4478996e0 8.4478996e0
1.11145e0 2.626242e0 8.4496712e0 8.4496712e0
1.13164e0 2.626242e0 8.4517302e0 8.4517302e0
1.15183e0 2.626242e0 8.4540723e0 8.4540723e0
1.1720201e0 2.626242e0 8.4566841e0 8.4566841e0
1.1922101e0 2.626242e0 8.4595427e0 8.4595427e0
1.2124e0 2.626242e0 8.4626355e0 8.4626355e0
1.23259e0 2.626242e0 8.4659494e0 8.4659494e0
1.25278e0 2.626242e0 8.4694817e0 8.4694817e0
1.2729701e0 2.626242e0 8.4732082e0 8.4732082e0
1.2931601e0 2.626242e0 8.4771332e0 8.4771332e0
1.31335e0 2.626242e0 8.4812352e0 8.4812352e0
1.33354e0 2.626242e0 8.4855025e0 8.4855025e0
1.35373e0 2.626242e0 8.4899442e0 8.4899442e0
1.3739201e0 2.626242e0 8.4945325e0 8.4945325e0
1.3941101e0 2.626242e0 8.4992665e0 8.4992665e0
1.4143001e0 2.626242e0 8.5041539e0 8.5041539e0
1.43449e0 2.626242e0 8.5091692e0 8.5091692e0
1.45468e0 2.626242e0 8.5143106e0 8.5143106e0
1.4748701e0 2.626242e0 8.519562e0 8.519562e0
1.4950601e0 2.626242e0 8.5249504e0 8.5249504e0
1.5152501e0 2.626242e0 8.5304082e0 8.5304082e0
1.53544e0 2.626242e0 8.5359927e0 8.5359927e0
1.55563e0 2.626242e0 8.541695e0 8.541695e0
1.5758202e0 2.626242e0 8.5474779e0 8.5474779e0
1.5960101e0 2.626242e0 8.5533522e0 8.5533522e0
1.6162001e0 2.626242e0 8.5592929e0 8.5592929e0
1.63639e0 2.626242e0 8.5653416e0 8.5653416e0
1.65658e0 2.626242e0 8.5714491e0 8.5714491e0
1.6767702e0 2.626242e0 8.5776447e0 8.5776447e0
1.6969601e0 2.626242e0 8.5839081e0 8.5839081e0
1.7171501e0 2.626242e0 8.5901799e0 8.5901799e0
1.7373401e0 2.626242e0 8.5965837e0 8.5965837e0
1.75753e0 2.626242e0 8.6030234e0 8.6030234e0
1.7777202e0 2.626242e0 8.6095558e0 8.6095558e0
1.7979102e0 2.626242e0 8.6161145e0 8.6161145e0
1.8181001e0 2.626242e0 8.6227107e0 8.6227107e0
1.8382901e0 2.626242e0 8.6293825e0 8.6293825e0
1.85848e0 2.626242e0 8.6361145e0 8.6361145e0
1.8786702e0 2.626242e0 8.6428595e0 8.6428595e0
1.8988602e0 2.626242e0 8.6496504e0 8.6496504e0
1.9190501e0 2.626242e0 8.6564055e0 8.6564055e0
1.9392401e0 2.626242e0 8.6632764e0 8.6632764e0
1.9594301e0 2.626242e0 8.6702095e0 8.6702095e0
1.9796202e0 2.626242e0 8.6771754e0 8.6771754e0
1.9998102e0 2.626242e0 8.6841225e0 8.6841225e0

1.0e-3 2.669171e0 3.2985803e1 3.2985803e1
2.1190002e-2 2.669171e0 1.65549568e1 1.65549568e1
4.1380005e-2 2.669171e0 1.41993126e1 1.41993126e1
6.1570007e-2 2.669171e0 1.30128235e1 1.30128235e1
8.176001e-2 2.669171e0 1.22622551e1 1.22622551e1
1.0195001e-1 2.669171e0 1.17340263e1 1.17340263e1
1.2214001e-1 2.669171e0 1.13377625e1 1.13377625e1
1.4233002e-1 2.669171e0 1.10278671e1 1.10278671e1
1.6252002e-1 2.669171e0 1.07781342e1 1.07781342e1
1.8271002e-1 2.669171e0 1.05722984e1 1.05722984e1
2.0290002e-1 2.669171e0 1.03993912e1 1.03993912e1
2.2309003e-1 2.669171e0 1.02525986e1 1.02525986e1
2.4328003e-1 2.669171e0 1.01263756e1 1.01263756e1
2.6347003e-1 2.669171e0 1.0016877e1 1.0016877e1
2.8366003e-1 2.669171e0 9.9211494e0 9.9211494e0
3.0385004e-1 2.669171e0 9.8368614e0 9.8368614e0
3.2404004e-1 2.669171e0 9.7622948e0 9.7622948e0
3.4423004e-1 2.669171e0 9.6960205e0 9.6960205e0
3.6442004e-1 2.669171e0 9.6369148e0 9.6369148e0
3.8461005e-1 2.669171e0 9.5839417e0 9.5839417e0
4.0480005e-1 2.669171e0 9.5362593e0 9.5362593e0
4.2499005e-1 2.669171e0 9.49341e0 9.49341e0
4.4518005e-1 2.669171e0 9.45479e0 9.45479e0
4.6537006e-1 2.669171e0 9.4198729e0 9.4198729e0
4.8556006e-1 2.669171e0 9.388273e0 9.388273e0
5.0575006e-1 2.669171e0 9.3596698e0 9.3596698e0
5.2594006e-1 2.669171e0 9.3337532e0 9.3337532e0
5.4613007e-1 2.669171e0 9.3102689e0 9.3102689e0
5.6632007e-1 2.669171e0 9.2889688e0 9.2889688e0
5.8651007e-1 2.669171e0 9.26969e0 9.26969e0
6.0670007e-1 2.669171e0 9.2521786e0 9.2521786e0
6.2689008e-1 2.669171e0 9.2363573e0 9.2363573e0
6.4708008e-1 2.669171e0 9.2220679e0 9.2220679e0
6.6727008e-1 2.669171e0 9.2091736e0 9.2091736e0
6.8746008e-1 2.669171e0 9.197525e0 9.197525e0
7.0765009e-1 2.669171e0 9.187122e0 9.187122e0
7.2784009e-1 2.669171e0 9.1778098e0 9.1778098e0
7.4803009e-1 2.669171e0 9.1694939e0 9.1694939e0
7.682201e-1 2.669171e0 9.162094e0 9.162094e0
7.884101e-1 2.669171e0 9.1555898e0 9.1555898e0
8.086001e-1 2.669171e0 9.1498683e0 9.1498683e0
8.287901e-1 2.669171e0 9.1449368e0 9.1449368e0
8.489801e-1 2.669171e0 9.1407074e0 9.1407074e0
8.691701e-1 2.669171e0 9.1371323e0 9.1371323e0
8.893601e-1 2.669171e0 9.1341783e0 9.1341783e0
9.0955011e-1 2.669171e0 9.1317969e0 9.1317969e0
9.2974011e-1 2.669171e0 9.1299544e0 9.1299544e0
9.4993011e-1 2.669171e0 9.1286186e0 9.1286186e0
9.7012012e-1 2.669171e0 9.1277586e0 9.1277586e0
9.9031012e-1 2.669171e0 9.127346e0 9.127346e0
1.0105e0 2.669171e0 9.1273529e0 9.1273529e0
1.03069e0 2.669171e0 9.127755e0 9.127755e0
1.05088e0 2.669171e0 9.1285287e0 9.1285287e0
1.0710701e0 2.669171e0 9.129655e0 9.129655e0
1.09126e0 2.669171e0 9.1311102e0 9.1311102e0
1.11145e0 2.669171e0 9.1328818e0 9.1328818e0
1.13164e0 2.669171e0 9.1349408e0 9.1349408e0
1.15183e0 2.669171e0 9.1372829e0 9.1372829e0
1.1720201e0 2.669171e0 9.1398947e0 9.1398947e0
1.1922101e0 2.669171e0 9.1427533e0 9.1427533e0
1.2124e0 2.669171e0 9.1458461e0 9.1458461e0
1.23259e0 2.669171e0 9.14916e0 9.14916e0
1.25278e0 2.669171e0 9.1526923e0 9.1526923e0
1.2729701e0 2.669171e0 9.1564188e0 9.1564188e0
1.2931601e0 2.669171e0 9.1603438e0 9.1603438e0
1.31335e0 2.669171e0 9.1644458e0 9.1644458e0
1.33354e0 2.669171e0 9.168713e0 9.168713e0
1.35373e0 2.669171e0 9.1731548e0 9.1731548e0
1.3739201e0 2.669171e0 9.177743e0 9.177743e0
1.3941101e0 2.669171e0 9.1824771e0 9.1824771e0
1.4143001e0 2.669171e0 9.1873645e0 9.1873645e0
1.43449e0 2.669171e0 9.1923798e0 9.1923798e0
1.45468e0 2.669171e0 9.1975212e0 9.1975212e0
1.4748701e0 2.669171e0 9.2027727e0 9.2027727e0
1.4950601e0 2.669171e0 9.208161e0 9.208161e0
1.5152501e0 2.669171e0 9.2136188e0 9.2136188e0
1.53544e0 2.669171e0 9.2192033e0 9.2192033e0
1.55563e0 2.669171e0 9.2249055e0 9.2249055e0
1.5758202e0 2.669171e0 9.2306885e0 9.2306885e0
1.5960101e0 2.669171e0 9.2365628e0 9.2365628e0
1.6162001e0 2.669171e0 9.2425035e0 9.2425035e0
1.63639e0 2.669171e0 9.2485522e0 9.2485522e0
1.65658e0 2.669171e0 9.2546597e0 9.2546597e0
1.6767702e0 2.669171e0 9.2608553e0 9.2608553e0
1.6969601e0 2.669171e0 9.2671187e0 9.2671187e0
1.7171501e0 2.669171e0 9.2733905e0 9.2733905e0
1.7373401e0 2.669171e0 9.2797943e0 9.2797943e0
1.75753e0 2.669171e0 9.286234e0 9.286234e0
1.7777202e0 2.669171e0 9.2927664e0 9.2927664e0
1.7979102e0 2.669171e0 9.2993251e0 9.2993251e0
1.8181001e0 2.669171e0 9.3059213e0 9.3059213e0
1.8382901e0 2.669171e0 9.3125931e0 9.3125931e0
1.85848e0 2.669171e0 9.3193251e0 9.3193251e0
1.8786702e0 2.669171e0 9.3260701e0 9.3260701e0
1.8988602e0 2.669171e0 9.332861e0 9.332861e0
1.9190501e0 2.669171e0 9.3396161e0 9.3396161e0
1.9392401e0 2.669171e0 9.346487e0 9.346487e0
1.9594301e0 2.669171e0 9.3534201e0 9.3534201e0
1.9796202e0 2.669171e0 9.360386e0 9.360386e0
1.9998102e0 2.669171e0 9.367333e0 9.367333e0

1.0e-3 2.7121e0 3.3706558e1 3.3706558e1
2.1190002e-2 2.7121e0 1.7275712e1 1.7275712e1
4.1380005e-2 2.7121e0 1.49200677e1 1.49200677e1
6.1570007e-2 2.7121e0 1.37335786e1 1.37335786e1
8.176001e-2 2.7121e0 1.29830103e1 1.29830103e1
1.0195001e-1 2.7121e0 1.24547815e1 1.24547815e1
1.2214001e-1 2.7121e0 1.20585176e1 1.20585176e1
1.4233002e-1 2.7121e0 1.17486223e1 1.17486223e1
1.6252002e-1 2.7121e0 1.14988893e1 1.14988893e1
1.8271002e-1 2.7121e0 1.12930536e1 1.12930536e1
2.0290002e-1 2.7121e0 1.11201463e1 1.11201463e1
2.2309003e-1 2.7121e0 1.09733537e1 1.09733537e1
2.4328003e-1 2.7121e0 1.08471307e1 1.08471307e1
2.6347003e-1 2.7121e0 1.07376321e1 1.07376321e1
2.8366003e-1 2.7121e0 1.06419046e1 1.06419046e1
3.0385004e-1 2.7121e0 1.05576166e1 1.05576166e1
3.2404004e-1 2.7121e0 1.048305e1 1.048305e1
3.4423004e-1 2.7121e0 1.04167757e1 1.04167757e1
3.6442004e-1 2.7121e0 1.035767e1 1.035767e1
3.8461005e-1 2.7121e0 1.03046968e1 1.03046968e1
4.0480005e-1 2.7121e0 1.02570145e1 1.02570145e1
4.2499005e-1 2.7121e0 1.02141652e1 1.02141652e1
4.4518005e-1 2.7121e0 1.01755452e1 1.01755452e1
4.6537006e-1 2.7121e0 1.0140628e1 1.0140628e1
4.8556006e-1 2.7121e0 1.01090282e1 1.01090282e1
5.0575006e-1 2.7121e0 1.0080425e1 1.0080425e1
5.2594006e-1 2.7121e0 1.00545084e1 1.00545084e1
5.4613007e-1 2.7121e0 1.0031024e1 1.0031024e1
5.6632007e-1 2.7121e0 1.0009724e1 1.0009724e1
5.8651007e-1 2.7121e0 9.9904451e0 9.9904451e0
6.0670007e-1 2.7121e0 9.9729338e0 9.9729338e0
6.2689008e-1 2.7121e0 9.9571124e0 9.9571124e0
6.4708008e-1 2.7121e0 9.942823e0 9.942823e0
6.6727008e-1 2.7121e0 9.9299287e0 9.9299287e0
6.8746008e-1 2.7121e0 9.9182802e0 9.9182802e0
7.0765009e-1 2.7121e0 9.9078772e0 9.9078772e0
7.2784009e-1 2.7121e0 9.8985649e0 9.8985649e0
7.4803009e-1 2.7121e0 9.890249e0 9.890249e0
7.682201e-1 2.7121e0 9.8828491e0 9.8828491e0
7.884101e-1 2.7121e0 9.8763449e0 9.8763449e0
8.086001e-1 2.7121e0 9.8706235e0 9.8706235e0
8.287901e-1 2.7121e0 9.865692e0 9.865692e0
8.489801e-1 2.7121e0 9.8614626e0 9.8614626e0
8.691701e-1 2.7121e0 9.8578874e0 9.8578874e0
8.893601e-1 2.7121e0 9.8549335e0 9.8549335e0
9.0955011e-1 2.7121e0 9.852552e0 9.852552e0
9.2974011e-1 2.7121e0 9.8507095e0 9.8507095e0
9.4993011e-1 2.7121e0 9.8493738e0 9.8493738e0
9.7012012e-1 2.7121e0 9.8485138e0 9.8485138e0
9.9031012e-1 2.7121e0 9.8481012e0 9.8481012e0
1.0105e0 2.7121e0 9.848108e0 9.848108e0
1.03069e0 2.7121e0 9.8485101e0 9.8485101e0
1.05088e0 2.7121e0 9.8492839e0 9.8492839e0
1.0710701e0 2.7121e0 9.8504102e0 9.8504102e0
1.09126e0 2.7121e0 9.8518654e0 9.8518654e0
1.11145e0 2.7121e0 9.853637e0 9.853637e0
1.13164e0 2.7121e0 9.855696e0 9.855696e0
1.15183e0 2.7121e0 9.858038e0 9.858038e0
1.1720201e0 2.7121e0 9.8606499e0 9.8606499e0
1.1922101e0 2.7121e0 9.8635085e0 9.8635085e0
1.2124e0 2.7121e0 9.8666013e0 9.8666013e0
1.23259e0 2.7121e0 9.8699152e0 9.8699152e0
1.25278e0 2.7121e0 9.8734474e0 9.8734474e0
1.2729701e0 2.7121e0 9.8771739e0 9.8771739e0
1.2931601e0 2.7121e0 9.881099e0 9.881099e0
1.31335e0 2.7121e0 9.885201e0 9.885201e0
1.33354e0 2.7121e0 9.8894682e0 9.8894682e0
1.35373e0 2.7121e0 9.8939099e0 9.8939099e0
1.3739201e0 2.7121e0 9.8984982e0 9.8984982e0
1.3941101e0 2.7121e0 9.9032323e0 9.9032323e0
1.4143001e0 2.7121e0 9.9081197e0 9.9081197e0
1.43449e0 2.7121e0 9.9131349e0 9.9131349e0
1.45468e0 2.7121e0 9.9182764e0 9.9182764e0
1.4748701e0 2.7121e0 9.9235278e0 9.9235278e0
1.4950601e0 2.7121e0 9.9289162e0 9.9289162e0
1.5152501e0 2.7121e0 9.934374e0 9.934374e0
1.53544e0 2.7121e0 9.9399585e0 9.9399585e0
1.55563e0 2.7121e0 9.9456607e0 9.9456607e0
1.5758202e0 2.7121e0 9.9514436e0 9.9514436e0
1.5960101e0 2.7121e0 9.957318e0 9.957318e0
1.6162001e0 2.7121e0 9.9632587e0 9.9632587e0
1.63639e0 2.7121e0 9.9693074e0 9.9693074e0
1.65658e0 2.7121e0 9.9754149e0 9.9754149e0
1.6767702e0 2.7121e0 9.9816104e0 9.9816104e0
1.6969601e0 2.7121e0 9.9878738e0 9.9878738e0
1.7171501e0 2.7121e0 9.9941457e0 9.9941457e0
1.7373401e0 2.7121e0 1.00005495e1 1.00005495e1
1.75753e0 2.7121e0 1.00069891e1 1.00069891e1
1.7777202e0 2.7121e0 1.00135216e1 1.00135216e1
1.7979102e0 2.7121e0 1.00200803e1 1.00200803e1
1.8181001e0 2.7121e0 1.00266765e1 1.00266765e1
1.8382901e0 2.7121e0 1.00333482e1 1.00333482e1
1.85848e0 2.7121e0 1.00400803e1 1.00400803e1
1.8786702e0 2.7121e0 1.00468253e1 1.00468253e1
1.8988602e0 2.7121e0 1.00536162e1 1.00536162e1
1.9190501e0 2.7121e0 1.00603712e1 1.00603712e1
1.9392401e0 2.7121e0 1.00672421e1 1.00672421e1
1.9594301e0 2.7121e0 1.00741753e1 1.00741753e1
1.9796202e0 2.7121e0 1.00811412e1 1.00811412e1
1.9998102e0 2.7121e0 1.00880882e1 1.00880882e1

1.0e-3 2.755029e0 3.4466142e1 3.4466142e1
2.1190002e-2 2.755029e0 1.8035295e1 1.8035295e1
4.1380005e-2 2.755029e0 1.5679651e1 1.5679651e1
6.1570007e-2 2.755029e0 1.4493161e1 1.4493161e1
8.176001e-2 2.755029e0 1.3742593e1 1.3742593e1
1.0195001e-1 2.755029e0 1.3214365e1 1.3214365e1
1.2214001e-1 2.755029e0 1.28181e1 1.28181e1
1.4233002e-1 2.755029e0 1.2508205e1 1.2508205e1
1.6252002e-1 2.755029e0 1.2258472e1 1.2258472e1
1.8271002e-1 2.755029e0 1.2052637e1 1.2052637e1
2.0290002e-1 2.755029e0 1.1879729e1 1.1879729e1
2.2309003e-1 2.755029e0 1.1732936e1 1.1732936e1
2.4328003e-1 2.755029e0 1.1606714e1 1.1606714e1
2.6347003e-1 2.755029e0 1.1497215e1 1.1497215e1
2.8366003e-1 2.755029e0 1.1401488e1 1.1401488e1
3.0385004e-1 2.755029e0 1.13172e1 1.13172e1
3.2404004e-1 2.755029e0 1.1242633e1 1.1242633e1
3.4423004e-1 2.755029e0 1.1176358e1 1.1176358e1
3.6442004e-1 2.755029e0 1.1117253e1 1.1117253e1
3.8461005e-1 2.755029e0 1.1064279e1 1.1064279e1
4.0480005e-1 2.755029e0 1.1016597e1 1.1016597e1
4.2499005e-1 2.755029e0 1.0973747e1 1.0973747e1
4.4518005e-1 2.755029e0 1.0935127e1 1.0935127e1
4.6537006e-1 2.755029e0 1.090021e1 1.090021e1
4.8556006e-1 2.755029e0 1.0868611e1 1.0868611e1
5.0575006e-1 2.755029e0 1.0840007e1 1.0840007e1
5.2594006e-1 2.755029e0 1.0814091e1 1.0814091e1
5.4613007e-1 2.755029e0 1.0790607e1 1.0790607e1
5.6632007e-1 2.755029e0 1.0769307e1 1.0769307e1
5.8651007e-1 2.755029e0 1.0750027e1 1.0750027e1
6.0670007e-1 2.755029e0 1.0732516e1 1.0732516e1
6.2689008e-1 2.755029e0 1.0716695e1 1.0716695e1
6.4708008e-1 2.755029e0 1.0702405e1 1.0702405e1
6.6727008e-1 2.755029e0 1.0689511e1 1.0689511e1
6.8746008e-1 2.755029e0 1.0677863e1 1.0677863e1
7.0765009e-1 2.755029e0 1.0667459e1 1.0667459e1
7.2784009e-1 2.755029e0 1.0658147e1 1.0658147e1
7.4803009e-1 2.755029e0 1.0649832e1 1.0649832e1
7.682201e-1 2.755029e0 1.0642432e1 1.0642432e1
7.884101e-1 2.755029e0 1.0635927e1 1.0635927e1
8.086001e-1 2.755029e0 1.0630206e1 1.0630206e1
8.287901e-1 2.755029e0 1.0625275e1 1.0625275e1
8.489801e-1 2.755029e0 1.0621045e1 1.0621045e1
8.691701e-1 2.755029e0 1.061747e1 1.061747e1
8.893601e-1 2.755029e0 1.0614516e1 1.0614516e1
9.0955011e-1 2.755029e0 1.0612134e1 1.0612134e1
9.2974011e-1 2.755029e0 1.0610292e1 1.0610292e1
9.4993011e-1 2.755029e0 1.0608957e1 1.0608957e1
9.7012012e-1 2.755029e0 1.0608096e1 1.0608096e1
9.9031012e-1 2.755029e0 1.0607684e1 1.0607684e1
1.0105e0 2.755029e0 1.060769e1 1.060769e1
1.03069e0 2.755029e0 1.0608093e1 1.0608093e1
1.05088e0 2.755029e0 1.0608867e1 1.0608867e1
1.0710701e0 2.755029e0 1.0609993e1 1.0609993e1
1.09126e0 2.755029e0 1.0611447e1 1.0611447e1
1.11145e0 2.755029e0 1.0613219e1 1.0613219e1
1.13164e0 2.755029e0 1.0615279e1 1.0615279e1
1.15183e0 2.755029e0 1.0617621e1 1.0617621e1
1.1720201e0 2.755029e0 1.0620232e1 1.0620232e1
1.1922101e0 2.755029e0 1.0623091e1 1.0623091e1
1.2124e0 2.755029e0 1.0626184e1 1.0626184e1
1.23259e0 2.755029e0 1.0629498e1 1.0629498e1
1.25278e0 2.755029e0 1.0633029e1 1.0633029e1
1.2729701e0 2.755029e0 1.0636757e1 1.0636757e1
1.2931601e0 2.755029e0 1.0640681e1 1.0640681e1
1.31335e0 2.755029e0 1.0644783e1 1.0644783e1
1.33354e0 2.755029e0 1.0649051e1 1.0649051e1
1.35373e0 2.755029e0 1.0653493e1 1.0653493e1
1.3739201e0 2.755029e0 1.0658081e1 1.0658081e1
1.3941101e0 2.755029e0 1.0662814e1 1.0662814e1
1.4143001e0 2.755029e0 1.0667702e1 1.0667702e1
1.43449e0 2.755029e0 1.0672717e1 1.0672717e1
1.45468e0 2.755029e0 1.067786e1 1.067786e1
1.4748701e0 2.755029e0 1.068311e1 1.068311e1
1.4950601e0 2.755029e0 1.0688498e1 1.0688498e1
1.5152501e0 2.755029e0 1.0693956e1 1.0693956e1
1.53544e0 2.755029e0 1.069954e1 1.069954e1
1.55563e0 2.755029e0 1.0705243e1 1.0705243e1
1.5758202e0 2.755029e0 1.0711026e1 1.0711026e1
1.5960101e0 2.755029e0 1.07169e1 1.07169e1
1.6162001e0 2.755029e0 1.0722841e1 1.0722841e1
1.63639e0 2.755029e0 1.072889e1 1.072889e1
1.65658e0 2.755029e0 1.0734998e1 1.0734998e1
1.6767702e0 2.755029e0 1.0741193e1 1.0741193e1
1.6969601e0 2.755029e0 1.0747456e1 1.0747456e1
1.7171501e0 2.755029e0 1.0753728e1 1.0753728e1
1.7373401e0 2.755029e0 1.0760132e1 1.0760132e1
1.75753e0 2.755029e0 1.0766571e1 1.0766571e1
1.7777202e0 2.755029e0 1.0773103e1 1.0773103e1
1.7979102e0 2.755029e0 1.0779663e1 1.0779663e1
1.8181001e0 2.755029e0 1.078626e1 1.078626e1
1.8382901e0 2.755029e0 1.079293e1 1.079293e1
1.85848e0 2.755029e0 1.0799663e1 1.0799663e1
1.8786702e0 2.755029e0 1.0806407e1 1.0806407e1
1.8988602e0 2.755029e0 1.0813199e1 1.0813199e1
1.9190501e0 2.755029e0 1.0819954e1 1.0819954e1
1.9392401e0 2.755029e0 1.0826825e1 1.0826825e1
1.9594301e0 2.755029e0 1.0833757e1 1.0833757e1
1.9796202e0 2.755029e0 1.0840724e1 1.0840724e1
1.9998102e0 2.755029e0 1.084767e1 1.084767e1

1.0e-3 2.7979579e0 3.526585e1 3.526585e1
2.1190002e-2 2.7979579e0 1.8835002e1 1.8835002e1
4.1380005e-2 2.7979579e0 1.6479358e1 1.6479358e1
6.1570007e-2 2.7979579e0 1.5292868e1 1.5292868e1
8.176001e-2 2.7979579e0 1.45423e1 1.45423e1
1.0195001e-1 2.7979579e0 1.4014072e1 1.4014072e1
1.2214001e-1 2.7979579e0 1.3617807e1 1.3617807e1
1.4233002e-1 2.7979579e0 1.3307912e1 1.3307912e1
1.6252002e-1 2.7979579e0 1.3058179e1 1.3058179e1
1.8271002e-1 2.7979579e0 1.2852344e1 1.2852344e1
2.0290002e-1 2.7979579e0 1.2679436e1 1.2679436e1
2.2309003e-1 2.7979579e0 1.2532643e1 1.2532643e1
2.4328003e-1 2.7979579e0 1.2406421e1 1.2406421e1
2.6347003e-1 2.7979579e0 1.2296922e1 1.2296922e1
2.8366003e-1 2.7979579e0 1.2201195e1 1.2201195e1
3.0385004e-1 2.7979579e0 1.2116907e1 1.2116907e1
3.2404004e-1 2.7979579e0 1.204234e1 1.204234e1
3.4423004e-1 2.7979579e0 1.1976065e1 1.1976065e1
3.6442004e-1 2.7979579e0 1.191696e1 1.191696e1
3.8461005e-1 2.7979579e0 1.1863986e1 1.1863986e1
4.0480005e-1 2.7979579e0 1.1816304e1 1.1816304e1
4.2499005e-1 2.7979579e0 1.1773454e1 1.1773454e1
4.4518005e-1 2.7979579e0 1.1734834e1 1.1734834e1
4.6537006e-1 2.7979579e0 1.1699918e1 1.1699918e1
4.8556006e-1 2.7979579e0 1.1668318e1 1.1668318e1
5.0575006e-1 2.7979579e0 1.1639714e1 1.1639714e1
5.2594006e-1 2.7979579e0 1.1613799e1 1.1613799e1
5.4613007e-1 2.7979579e0 1.1590314e1 1.1590314e1
5.6632007e-1 2.7979579e0 1.1569014e1 1.1569014e1
5.8651007e-1 2.7979579e0 1.1549734e1 1.1549734e1
6.0670007e-1 2.7979579e0 1.1532224e1 1.1532224e1
6.2689008e-1 2.7979579e0 1.1516402e1 1.1516402e1
6.4708008e-1 2.7979579e0 1.1502112e1 1.1502112e1
6.6727008e-1 2.7979579e0 1.1489218e1 1.1489218e1
6.8746008e-1 2.7979579e0 1.147757e1 1.147757e1
7.0765009e-1 2.7979579e0 1.1467166e1 1.1467166e1
7.2784009e-1 2.7979579e0 1.1457854e1 1.1457854e1
7.4803009e-1 2.7979579e0 1.1449539e1 1.1449539e1
7.682201e-1 2.7979579e0 1.1442139e1 1.1442139e1
7.884101e-1 2.7979579e0 1.1435634e1 1.1435634e1
8.086001e-1 2.7979579e0 1.1429913e1 1.1429913e1
8.287901e-1 2.7979579e0 1.1424982e1 1.1424982e1
8.489801e-1 2.7979579e0 1.1420752e1 1.1420752e1
8.691701e-1 2.7979579e0 1.1417177e1 1.1417177e1
8.893601e-1 2.7979579e0 1.1414223e1 1.1414223e1
9.0955011e-1 2.7979579e0 1.1411841e1 1.1411841e1
9.2974011e-1 2.7979579e0 1.1409999e1 1.1409999e1
9.4993011e-1 2.7979579e0 1.1408664e1 1.1408664e1
9.7012012e-1 2.7979579e0 1.1407803e1 1.1407803e1
9.9031012e-1 2.7979579e0 1.1407391e1 1.1407391e1
1.0105e0 2.7979579e0 1.1407397e1 1.1407397e1
1.03069e0 2.7979579e0 1.14078e1 1.14078e1
1.05088e0 2.7979579e0 1.1408574e1 1.1408574e1
1.0710701e0 2.7979579e0 1.14097e1 1.14097e1
1.09126e0 2.7979579e0 1.1411154e1 1.1411154e1
1.11145e0 2.7979579e0 1.1412926e1 1.1412926e1
1.13164e0 2.7979579e0 1.1414986e1 1.1414986e1
1.15183e0 2.7979579e0 1.1417328e1 1.1417328e1
1.1720201e0 2.7979579e0 1.1419939e1 1.1419939e1
1.1922101e0 2.7979579e0 1.1422798e1 1.1422798e1
1.2124e0 2.7979579e0 1.1425891e1 1.1425891e1
1.23259e0 2.7979579e0 1.1429205e1 1.1429205e1
1.25278e0 2.7979579e0 1.1432736e1 1.1432736e1
1.2729701e0 2.7979579e0 1.1436464e1 1.1436464e1
1.2931601e0 2.7979579e0 1.1440388e1 1.1440388e1
1.31335e0 2.7979579e0 1.144449e1 1.144449e1
1.33354e0 2.7979579e0 1.1448758e1 1.1448758e1
1.35373e0 2.7979579e0 1.14532e1 1.14532e1
1.3739201e0 2.7979579e0 1.1457788e1 1.1457788e1
1.3941101e0 2.7979579e0 1.1462521e1 1.1462521e1
1.4143001e0 2.7979579e0 1.1467409e1 1.1467409e1
1.43449e0 2.7979579e0 1.1472424e1 1.1472424e1
1.45468e0 2.7979579e0 1.1477567e1 1.1477567e1
1.4748701e0 2.7979579e0 1.1482817e1 1.1482817e1
1.4950601e0 2.7979579e0 1.1488205e1 1.1488205e1
1.5152501e0 2.7979579e0 1.1493663e1 1.1493663e1
1.53544e0 2.7979579e0 1.1499248e1 1.1499248e1
1.55563e0 2.7979579e0 1.150495e1 1.150495e1
1.5758202e0 2.7979579e0 1.1510733e1 1.1510733e1
1.5960101e0 2.7979579e0 1.1516608e1 1.1516608e1
1.6162001e0 2.7979579e0 1.1522548e1 1.1522548e1
1.63639e0 2.7979579e0 1.1528596e1 1.1528596e1
1.65658e0 2.7979579e0 1.1534705e1 1.1534705e1
1.6767702e0 2.7979579e0 1.15409e1 1.15409e1
1.6969601e0 2.7979579e0 1.1547163e1 1.1547163e1
1.7171501e0 2.7979579e0 1.1553435e1 1.1553435e1
1.7373401e0 2.7979579e0 1.1559839e1 1.1559839e1
1.75753e0 2.7979579e0 1.1566278e1 1.1566278e1
1.7777202e0 2.7979579e0 1.157281e1 1.157281e1
1.7979102e0 2.7979579e0 1.157937e1 1.157937e1
1.8181001e0 2.7979579e0 1.1585966e1 1.1585966e1
1.8382901e0 2.7979579e0 1.1592638e1 1.1592638e1
1.85848e0 2.7979579e0 1.159937e1 1.159937e1
1.8786702e0 2.7979579e0 1.1606114e1 1.1606114e1
1.8988602e0 2.7979579e0 1.1612906e1 1.1612906e1
1.9190501e0 2.7979579e0 1.1619661e1 1.1619661e1
1.9392401e0 2.7979579e0 1.1626532e1 1.1626532e1
1.9594301e0 2.7979579e0 1.1633464e1 1.1633464e1
1.9796202e0 2.7979579e0 1.1640431e1 1.1640431e1
1.9998102e0 2.7979579e0 1.1647377e1 1.1647377e1

1.0e-3 2.840887e0 3.6107e1 3.6107e1
2.1190002e-2 2.840887e0 1.9676154e1 1.9676154e1
4.1380005e-2 2.840887e0 1.732051e1 1.732051e1
6.1570007e-2 2.840887e0 1.613402e1 1.613402e1
8.176001e-2 2.840887e0 1.5383452e1 1.5383452e1
1.0195001e-1 2.840887e0 1.4855223e1 1.4855223e1
1.2214001e-1 2.840887e0 1.4458958e1 1.4458958e1
1.4233002e-1 2.840887e0 1.4149063e1 1.4149063e1
1.6252002e-1 2.840887e0 1.389933e1 1.389933e1
1.8271002e-1 2.840887e0 1.3693495e1 1.3693495e1
2.0290002e-1 2.840887e0 1.3520587e1 1.3520587e1
2.2309003e-1 2.840887e0 1.3373795e1 1.3373795e1
2.4328003e-1 2.840887e0 1.3247572e1 1.3247572e1
2.6347003e-1 2.840887e0 1.3138074e1 1.3138074e1
2.8366003e-1 2.840887e0 1.3042346e1 1.3042346e1
3.0385004e-1 2.840887e0 1.2958058e1 1.2958058e1
3.2404004e-1 2.840887e0 1.2883492e1 1.2883492e1
3.4423004e-1 2.840887e0 1.2817216e1 1.2817216e1
3.6442004e-1 2.840887e0 1.2758112e1 1.2758112e1
3.8461005e-1 2.840887e0 1.2705138e1 1.2705138e1
4.0480005e-1 2.840887e0 1.2657455e1 1.2657455e1
4.2499005e-1 2.840887e0 1.2614606e1 1.2614606e1
4.4518005e-1 2.840887e0 1.2575986e1 1.2575986e1
4.6537006e-1 2.840887e0 1.2541069e1 1.2541069e1
4.8556006e-1 2.840887e0 1.250947e1 1.250947e1
5.0575006e-1 2.840887e0 1.2480865e1 1.2480865e1
5.2594006e-1 2.840887e0 1.245495e1 1.245495e1
5.4613007e-1 2.840887e0 1.2431465e1 1.2431465e1
5.6632007e-1 2.840887e0 1.2410165e1 1.2410165e1
5.8651007e-1 2.840887e0 1.2390886e1 1.2390886e1
6.0670007e-1 2.840887e0 1.2373375e1 1.2373375e1
6.2689008e-1 2.840887e0 1.2357553e1 1.2357553e1
6.4708008e-1 2.840887e0 1.2343263e1 1.2343263e1
6.6727008e-1 2.840887e0 1.233037e1 1.233037e1
6.8746008e-1 2.840887e0 1.2318721e1 1.2318721e1
7.0765009e-1 2.840887e0 1.2308318e1 1.2308318e1
7.2784009e-1 2.840887e0 1.2299005e1 1.2299005e1
7.4803009e-1 2.840887e0 1.229069e1 1.229069e1
7.682201e-1 2.840887e0 1.228329e1 1.228329e1
7.884101e-1 2.840887e0 1.2276785e1 1.2276785e1
8.086001e-1 2.840887e0 1.2271065e1 1.2271065e1
8.287901e-1 2.840887e0 1.2266133e1 1.2266133e1
8.489801e-1 2.840887e0 1.2261903e1 1.2261903e1
8.691701e-1 2.840887e0 1.2258328e1 1.2258328e1
8.893601e-1 2.840887e0 1.2255374e1 1.2255374e1
9.0955011e-1 2.840887e0 1.2252992e1 1.2252992e1
9.2974011e-1 2.840887e0 1.225115e1 1.225115e1
9.4993011e-1 2.840887e0 1.2249815e1 1.2249815e1
9.7012012e-1 2.840887e0 1.2248955e1 1.2248955e1
9.9031012e-1 2.840887e0 1.2248543e1 1.2248543e1
1.0105e0 2.840887e0 1.2248549e1 1.2248549e1
1.03069e0 2.840887e0 1.2248952e1 1.2248952e1
1.05088e0 2.840887e0 1.2249725e1 1.2249725e1
1.0710701e0 2.840887e0 1.2250851e1 1.2250851e1
1.09126e0 2.840887e0 1.2252306e1 1.2252306e1
1.11145e0 2.840887e0 1.2254077e1 1.2254077e1
1.13164e0 2.840887e0 1.2256137e1 1.2256137e1
1.15183e0 2.840887e0 1.225848e1 1.225848e1
1.1720201e0 2.840887e0 1.226109e1 1.226109e1
1.1922101e0 2.840887e0 1.226395e1 1.226395e1
1.2124e0 2.840887e0 1.2267043e1 1.2267043e1
1.23259e0 2.840887e0 1.2270357e1 1.2270357e1
1.25278e0 2.840887e0 1.2273888e1 1.2273888e1
1.2729701e0 2.840887e0 1.2277615e1 1.2277615e1
1.2931601e0 2.840887e0 1.228154e1 1.228154e1
1.31335e0 2.840887e0 1.2285641e1 1.2285641e1
1.33354e0 2.840887e0 1.228991e1 1.228991e1
1.35373e0 2.840887e0 1.2294351e1 1.2294351e1
1.3739201e0 2.840887e0 1.229894e1 1.229894e1
1.3941101e0 2.840887e0 1.2303673e1 1.2303673e1
1.4143001e0 2.840887e0 1.230856e1 1.230856e1
1.43449e0 2.840887e0 1.2313576e1 1.2313576e1
1.45468e0 2.840887e0 1.2318718e1 1.2318718e1
1.4748701e0 2.840887e0 1.2323969e1 1.2323969e1
1.4950601e0 2.840887e0 1.2329356e1 1.2329356e1
1.5152501e0 2.840887e0 1.2334814e1 1.2334814e1
1.53544e0 2.840887e0 1.2340399e1 1.2340399e1
1.55563e0 2.840887e0 1.2346101e1 1.2346101e1
1.5758202e0 2.840887e0 1.2351884e1 1.2351884e1
1.5960101e0 2.840887e0 1.2357759e1 1.2357759e1
1.6162001e0 2.840887e0 1.23637e1 1.23637e1
1.63639e0 2.840887e0 1.2369748e1 1.2369748e1
1.65658e0 2.840887e0 1.2375856e1 1.2375856e1
1.6767702e0 2.840887e0 1.2382051e1 1.2382051e1
1.6969601e0 2.840887e0 1.2388315e1 1.2388315e1
1.7171501e0 2.840887e0 1.2394586e1 1.2394586e1
1.7373401e0 2.840887e0 1.240099e1 1.240099e1
1.75753e0 2.840887e0 1.240743e1 1.240743e1
1.7777202e0 2.840887e0 1.2413962e1 1.2413962e1
1.7979102e0 2.840887e0 1.2420522e1 1.2420522e1
1.8181001e0 2.840887e0 1.2427118e1 1.2427118e1
1.8382901e0 2.840887e0 1.2433789e1 1.2433789e1
1.85848e0 2.840887e0 1.2440521e1 1.2440521e1
1.8786702e0 2.840887e0 1.2447266e1 1.2447266e1
1.8988602e0 2.840887e0 1.2454057e1 1.2454057e1
1.9190501e0 2.840887e0 1.2460812e1 1.2460812e1
1.9392401e0 2.840887e0 1.2467683e1 1.2467683e1
1.9594301e0 2.840887e0 1.2474615e1 1.2474615e1
1.9796202e0 2.840887e0 1.2481583e1 1.2481583e1
1.9998102e0 2.840887e0 1.2488528e1 1.2488528e1

1.0e-3 2.8838159e0 3.6990921e1 3.6990921e1
2.1190002e-2 2.8838159e0 2.0560074e1 2.0560074e1
4.1380005e-2 2.8838159e0 1.820443e1 1.820443e1
6.1570007e-2 2.8838159e0 1.701794e1 1.701794e1
8.176001e-2 2.8838159e0 1.6267372e1 1.6267372e1
1.0195001e-1 2.8838159e0 1.5739143e1 1.5739143e1
1.2214001e-1 2.8838159e0 1.5342879e1 1.5342879e1
1.4233002e-1 2.8838159e0 1.5032983e1 1.5032983e1
1.6252002e-1 2.8838159e0 1.478325e1 1.478325e1
1.8271002e-1 2.8838159e0 1.4577415e1 1.4577415e1
2.0290002e-1 2.8838159e0 1.4404507e1 1.4404507e1
2.2309003e-1 2.8838159e0 1.4257715e1 1.4257715e1
2.4328003e-1 2.8838159e0 1.4131493e1 1.4131493e1
2.6347003e-1 2.8838159e0 1.4021994e1 1.4021994e1
2.8366003e-1 2.8838159e0 1.3926266e1 1.3926266e1
3.0385004e-1 2.8838159e0 1.3841978e1 1.3841978e1
3.2404004e-1 2.8838159e0 1.3767412e1 1.3767412e1
3.4423004e-1 2.8838159e0 1.3701137e1 1.3701137e1
3.6442004e-1 2.8838159e0 1.3642032e1 1.3642032e1
3.8461005e-1 2.8838159e0 1.3589058e1 1.3589058e1
4.0480005e-1 2.8838159e0 1.3541376e1 1.3541376e1
4.2499005e-1 2.8838159e0 1.3498526e1 1.3498526e1
4.4518005e-1 2.8838159e0 1.3459906e1 1.3459906e1
4.6537006e-1 2.8838159e0 1.342499e1 1.342499e1
4.8556006e-1 2.8838159e0 1.339339e1 1.339339e1
5.0575006e-1 2.8838159e0 1.3364786e1 1.3364786e1
5.2594006e-1 2.8838159e0 1.333887e1 1.333887e1
5.4613007e-1 2.8838159e0 1.3315385e1 1.3315385e1
5.6632007e-1 2.8838159e0 1.3294086e1 1.3294086e1
5.8651007e-1 2.8838159e0 1.3274806e1 1.3274806e1
6.0670007e-1 2.8838159e0 1.3257295e1 1.3257295e1
6.2689008e-1 2.8838159e0 1.3241473e1 1.3241473e1
6.4708008e-1 2.8838159e0 1.3227184e1 1.3227184e1
6.6727008e-1 2.8838159e0 1.321429e1 1.321429e1
6.8746008e-1 2.8838159e0 1.3202641e1 1.3202641e1
7.0765009e-1 2.8838159e0 1.3192238e1 1.3192238e1
7.2784009e-1 2.8838159e0 1.3182925e1 1.3182925e1
7.4803009e-1 2.8838159e0 1.3174611e1 1.3174611e1
7.682201e-1 2.8838159e0 1.316721e1 1.316721e1
7.884101e-1 2.8838159e0 1.3160706e1 1.3160706e1
8.086001e-1 2.8838159e0 1.3154985e1 1.3154985e1
8.287901e-1 2.8838159e0 1.3150053e1 1.3150053e1
8.489801e-1 2.8838159e0 1.3145824e1 1.3145824e1
8.691701e-1 2.8838159e0 1.3142249e1 1.3142249e1
8.893601e-1 2.8838159e0 1.3139294e1 1.3139294e1
9.0955011e-1 2.8838159e0 1.3136913e1 1.3136913e1
9.2974011e-1 2.8838159e0 1.3135071e1 1.3135071e1
9.4993011e-1 2.8838159e0 1.3133736e1 1.3133736e1
9.7012012e-1 2.8838159e0 1.3132875e1 1.3132875e1
9.9031012e-1 2.8838159e0 1.3132463e1 1.3132463e1
1.0105e0 2.8838159e0 1.3132469e1 1.3132469e1
1.03069e0 2.8838159e0 1.3132872e1 1.3132872e1
1.05088e0 2.8838159e0 1.3133646e1 1.3133646e1
1.0710701e0 2.8838159e0 1.3134772e1 1.3134772e1
1.09126e0 2.8838159e0 1.3136226e1 1.3136226e1
1.11145e0 2.8838159e0 1.3137997e1 1.3137997e1
1.13164e0 2.8838159e0 1.3140057e1 1.3140057e1
1.15183e0 2.8838159e0 1.31424e1 1.31424e1
1.1720201e0 2.8838159e0 1.314501e1 1.314501e1
1.1922101e0 2.8838159e0 1.314787e1 1.314787e1
1.2124e0 2.8838159e0 1.3150963e1 1.3150963e1
1.23259e0 2.8838159e0 1.3154277e1 1.3154277e1
1.25278e0 2.8838159e0 1.3157808e1 1.3157808e1
1.2729701e0 2.8838159e0 1.3161536e1 1.3161536e1
1.2931601e0 2.8838159e0 1.316546e1 1.316546e1
1.31335e0 2.8838159e0 1.3169562e1 1.3169562e1
1.33354e0 2.8838159e0 1.317383e1 1.317383e1
1.35373e0 2.8838159e0 1.3178271e1 1.3178271e1
1.3739201e0 2.8838159e0 1.318286e1 1.318286e1
1.3941101e0 2.8838159e0 1.3187593e1 1.3187593e1
1.4143001e0 2.8838159e0 1.319248e1 1.319248e1
1.43449e0 2.8838159e0 1.3197496e1 1.3197496e1
1.45468e0 2.8838159e0 1.3202638e1 1.3202638e1
1.4748701e0 2.8838159e0 1.3207889e1 1.3207889e1
1.4950601e0 2.8838159e0 1.3213277e1 1.3213277e1
1.5152501e0 2.8838159e0 1.3218735e1 1.3218735e1
1.53544e0 2.8838159e0 1.322432e1 1.322432e1
1.55563e0 2.8838159e0 1.3230022e1 1.3230022e1
1.5758202e0 2.8838159e0 1.3235805e1 1.3235805e1
1.5960101e0 2.8838159e0 1.324168e1 1.324168e1
1.6162001e0 2.8838159e0 1.324762e1 1.324762e1
1.63639e0 2.8838159e0 1.3253668e1 1.3253668e1
1.65658e0 2.8838159e0 1.3259776e1 1.3259776e1
1.6767702e0 2.8838159e0 1.3265971e1 1.3265971e1
1.6969601e0 2.8838159e0 1.3272235e1 1.3272235e1
1.7171501e0 2.8838159e0 1.3278506e1 1.3278506e1
1.7373401e0 2.8838159e0 1.328491e1 1.328491e1
1.75753e0 2.8838159e0 1.329135e1 1.329135e1
1.7777202e0 2.8838159e0 1.3297882e1 1.3297882e1
1.7979102e0 2.8838159e0 1.3304442e1 1.3304442e1
1.8181001e0 2.8838159e0 1.3311038e1 1.3311038e1
1.8382901e0 2.8838159e0 1.331771e1 1.331771e1
1.85848e0 2.8838159e0 1.3324442e1 1.3324442e1
1.8786702e0 2.8838159e0 1.3331186e1 1.3331186e1
1.8988602e0 2.8838159e0 1.3337978e1 1.3337978e1
1.9190501e0 2.8838159e0 1.3344733e1 1.3344733e1
1.9392401e0 2.8838159e0 1.3351604e1 1.3351604e1
1.9594301e0 2.8838159e0 1.3358536e1 1.3358536e1
1.9796202e0 2.8838159e0 1.3365503e1 1.3365503e1
1.9998102e0 2.8838159e0 1.3372449e1 1.3372449e1

1.0e-3 2.926745e0 3.7918983e1 3.7918983e1
2.1190002e-2 2.926745e0 2.1488136e1 2.1488136e1
4.1380005e-2 2.926745e0 1.9132492e1 1.9132492e1
6.1570007e-2 2.926745e0 1.7946002e1 1.7946002e1
8.176001e-2 2.926745e0 1.7195435e1 1.7195435e1
1.0195001e-1 2.926745e0 1.6667206e1 1.6667206e1
1.2214001e-1 2.926745e0 1.6270941e1 1.6270941e1
1.4233002e-1 2.926745e0 1.5961046e1 1.5961046e1
1.6252002e-1 2.926745e0 1.5711313e1 1.5711313e1
1.8271002e-1 2.926745e0 1.5505478e1 1.5505478e1
2.0290002e-1 2.926745e0 1.533257e1 1.533257e1
2.2309003e-1 2.926745e0 1.5185777e1 1.5185777e1
2.4328003e-1 2.926745e0 1.5059555e1 1.5059555e1
2.6347003e-1 2.926745e0 1.4950056e1 1.4950056e1
2.8366003e-1 2.926745e0 1.4854329e1 1.4854329e1
3.0385004e-1 2.926745e0 1.4770041e1 1.4770041e1
3.2404004e-1 2.926745e0 1.4695474e1 1.4695474e1
3.4423004e-1 2.926745e0 1.4629199e1 1.4629199e1
3.6442004e-1 2.926745e0 1.4570094e1 1.4570094e1
3.8461005e-1 2.926745e0 1.451712e1 1.451712e1
4.0480005e-1 2.926745e0 1.4469438e1 1.4469438e1
4.2499005e-1 2.926745e0 1.4426588e1 1.4426588e1
4.4518005e-1 2.926745e0 1.4387968e1 1.4387968e1
4.6537006e-1 2.926745e0 1.4353052e1 1.4353052e1
4.8556006e-1 2.926745e0 1.4321452e1 1.4321452e1
5.0575006e-1 2.926745e0 1.4292848e1 1.4292848e1
5.2594006e-1 2.926745e0 1.4266933e1 1.4266933e1
5.4613007e-1 2.926745e0 1.4243448e1 1.4243448e1
5.6632007e-1 2.926745e0 1.4222148e1 1.4222148e1
5.8651007e-1 2.926745e0 1.4202869e1 1.4202869e1
6.0670007e-1 2.926745e0 1.4185358e1 1.4185358e1
6.2689008e-1 2.926745e0 1.4169536e1 1.4169536e1
6.4708008e-1 2.926745e0 1.4155246e1 1.4155246e1
6.6727008e-1 2.926745e0 1.4142352e1 1.4142352e1
6.8746008e-1 2.926745e0 1.4130704e1 1.4130704e1
7.0765009e-1 2.926745e0 1.41203e1 1.41203e1
7.2784009e-1 2.926745e0 1.4110988e1 1.4110988e1
7.4803009e-1 2.926745e0 1.4102673e1 1.4102673e1
7.682201e-1 2.926745e0 1.4095273e1 1.4095273e1
7.884101e-1 2.926745e0 1.4088768e1 1.4088768e1
8.086001e-1 2.926745e0 1.4083047e1 1.4083047e1
8.287901e-1 2.926745e0 1.4078116e1 1.4078116e1
8.489801e-1 2.926745e0 1.4073886e1 1.4073886e1
8.691701e-1 2.926745e0 1.4070311e1 1.4070311e1
8.893601e-1 2.926745e0 1.4067357e1 1.4067357e1
9.0955011e-1 2.926745e0 1.4064975e1 1.4064975e1
9.2974011e-1 2.926745e0 1.4063133e1 1.4063133e1
9.4993011e-1 2.926745e0 1.4061798e1 1.4061798e1
9.7012012e-1 2.926745e0 1.4060938e1 1.4060938e1
9.9031012e-1 2.926745e0 1.4060526e1 1.4060526e1
1.0105e0 2.926745e0 1.4060532e1 1.4060532e1
1.03069e0 2.926745e0 1.4060934e1 1.4060934e1
1.05088e0 2.926745e0 1.4061708e1 1.4061708e1
1.0710701e0 2.926745e0 1.4062834e1 1.4062834e1
1.09126e0 2.926745e0 1.4064288e1 1.4064288e1
1.11145e0 2.926745e0 1.406606e1 1.406606e1
1.13164e0 2.926745e0 1.406812e1 1.406812e1
1.15183e0 2.926745e0 1.4070462e1 1.4070462e1
1.1720201e0 2.926745e0 1.4073073e1 1.4073073e1
1.1922101e0 2.926745e0 1.4075932e1 1.4075932e1
1.2124e0 2.926745e0 1.4079025e1 1.4079025e1
1.23259e0 2.926745e0 1.408234e1 1.408234e1
1.25278e0 2.926745e0 1.408587e1 1.408587e1
1.2729701e0 2.926745e0 1.4089598e1 1.4089598e1
1.2931601e0 2.926745e0 1.4093523e1 1.4093523e1
1.31335e0 2.926745e0 1.4097624e1 1.4097624e1
1.33354e0 2.926745e0 1.4101892e1 1.4101892e1
1.35373e0 2.926745e0 1.4106334e1 1.4106334e1
1.3739201e0 2.926745e0 1.4110922e1 1.4110922e1
1.3941101e0 2.926745e0 1.4115656e1 1.4115656e1
1.4143001e0 2.926745e0 1.4120543e1 1.4120543e1
1.43449e0 2.926745e0 1.4125558e1 1.4125558e1
1.45468e0 2.926745e0 1.41307e1 1.41307e1
1.4748701e0 2.926745e0 1.4135951e1 1.4135951e1
1.4950601e0 2.926745e0 1.4141339e1 1.4141339e1
1.5152501e0 2.926745e0 1.4146797e1 1.4146797e1
1.53544e0 2.926745e0 1.4152382e1 1.4152382e1
1.55563e0 2.926745e0 1.4158084e1 1.4158084e1
1.5758202e0 2.926745e0 1.4163867e1 1.4163867e1
1.5960101e0 2.926745e0 1.4169742e1 1.4169742e1
1.6162001e0 2.926745e0 1.4175682e1 1.4175682e1
1.63639e0 2.926745e0 1.418173e1 1.418173e1
1.65658e0 2.926745e0 1.4187839e1 1.4187839e1
1.6767702e0 2.926745e0 1.4194034e1 1.4194034e1
1.6969601e0 2.926745e0 1.4200298e1 1.4200298e1
1.7171501e0 2.926745e0 1.4206569e1 1.4206569e1
1.7373401e0 2.926745e0 1.4212973e1 1.4212973e1
1.75753e0 2.926745e0 1.4219412e1 1.4219412e1
1.7777202e0 2.926745e0 1.4225945e1 1.4225945e1
1.7979102e0 2.926745e0 1.4232504e1 1.4232504e1
1.8181001e0 2.926745e0 1.42391e1 1.42391e1
1.8382901e0 2.926745e0 1.4245772e1 1.4245772e1
1.85848e0 2.926745e0 1.4252504e1 1.4252504e1
1.8786702e0 2.926745e0 1.4259248e1 1.4259248e1
1.8988602e0 2.926745e0 1.426604e1 1.426604e1
1.9190501e0 2.926745e0 1.4272795e1 1.4272795e1
1.9392401e0 2.926745e0 1.4279666e1 1.4279666e1
1.9594301e0 2.926745e0 1.4286598e1 1.4286598e1
1.9796202e0 2.926745e0 1.4293565e1 1.4293565e1
1.9998102e0 2.926745e0 1.4300511e1 1.4300511e1

1.0e-3 2.9696739e0 3.889253e1 3.889253e1
2.1190002e-2 2.9696739e0 2.2461682e1 2.2461682e1
4.1380005e-2 2.9696739e0 2.0106038e1 2.0106038e1
6.1570007e-2 2.9696739e0 1.8919548e1 1.8919548e1
8.176001e-2 2.9696739e0 1.816898e1 1.816898e1
1.0195001e-1 2.9696739e0 1.7640752e1 1.7640752e1
1.2214001e-1 2.9696739e0 1.7244487e1 1.7244487e1
1.4233002e-1 2.9696739e0 1.6934592e1 1.6934592e1
1.6252002e-1 2.9696739e0 1.6684859e1 1.6684859e1
1.8271002e-1 2.9696739e0 1.6479024e1 1.6479024e1
2.0290002e-1 2.9696739e0 1.6306116e1 1.6306116e1
2.2309003e-1 2.9696739e0 1.6159323e1 1.6159323e1
2.4328003e-1 2.9696739e0 1.6033101e1 1.6033101e1
2.6347003e-1 2.9696739e0 1.5923602e1 1.5923602e1
2.8366003e-1 2.9696739e0 1.5827875e1 1.5827875e1
3.0385004e-1 2.9696739e0 1.5743587e1 1.5743587e1
3.2404004e-1 2.9696739e0 1.566902e1 1.566902e1
3.4423004e-1 2.9696739e0 1.5602745e1 1.5602745e1
3.6442004e-1 2.9696739e0 1.554364e1 1.554364e1
3.8461005e-1 2.9696739e0 1.5490666e1 1.5490666e1
4.0480005e-1 2.9696739e0 1.5442984e1 1.5442984e1
4.2499005e-1 2.9696739e0 1.5400134e1 1.5400134e1
4.4518005e-1 2.9696739e0 1.5361514e1 1.5361514e1
4.6537006e-1 2.9696739e0 1.5326598e1 1.5326598e1
4.8556006e-1 2.9696739e0 1.5294998e1 1.5294998e1
5.0575006e-1 2.9696739e0 1.5266394e1 1.5266394e1
5.2594006e-1 2.9696739e0 1.5240479e1 1.5240479e1
5.4613007e-1 2.9696739e0 1.5216994e1 1.5216994e1
5.6632007e-1 2.9696739e0 1.5195694e1 1.5195694e1
5.8651007e-1 2.9696739e0 1.5176414e1 1.5176414e1
6.0670007e-1 2.9696739e0 1.5158904e1 1.5158904e1
6.2689008e-1 2.9696739e0 1.5143082e1 1.5143082e1
6.4708008e-1 2.9696739e0 1.5128792e1 1.5128792e1
6.6727008e-1 2.9696739e0 1.5115898e1 1.5115898e1
6.8746008e-1 2.9696739e0 1.510425e1 1.510425e1
7.0765009e-1 2.9696739e0 1.5093846e1 1.5093846e1
7.2784009e-1 2.9696739e0 1.5084534e1 1.5084534e1
7.4803009e-1 2.9696739e0 1.5076219e1 1.5076219e1
7.682201e-1 2.9696739e0 1.5068819e1 1.5068819e1
7.884101e-1 2.9696739e0 1.5062314e1 1.5062314e1
8.086001e-1 2.9696739e0 1.5056593e1 1.5056593e1
8.287901e-1 2.9696739e0 1.5051662e1 1.5051662e1
8.489801e-1 2.9696739e0 1.5047432e1 1.5047432e1
8.691701e-1 2.9696739e0 1.5043857e1 1.5043857e1
8.893601e-1 2.9696739e0 1.5040903e1 1.5040903e1
9.0955011e-1 2.9696739e0 1.5038521e1 1.5038521e1
9.2974011e-1 2.9696739e0 1.5036679e1 1.5036679e1
9.4993011e-1 2.9696739e0 1.5035344e1 1.5035344e1
9.7012012e-1 2.9696739e0 1.5034483e1 1.5034483e1
9.9031012e-1 2.9696739e0 1.5034071e1 1.5034071e1
1.0105e0 2.9696739e0 1.5034077e1 1.5034077e1
1.03069e0 2.9696739e0 1.503448e1 1.503448e1
1.05088e0 2.9696739e0 1.5035254e1 1.5035254e1
1.0710701e0 2.9696739e0 1.503638e1 1.503638e1
1.09126e0 2.9696739e0 1.5037834e1 1.5037834e1
1.11145e0 2.9696739e0 1.5039606e1 1.5039606e1
1.13164e0 2.9696739e0 1.5041666e1 1.5041666e1
1.15183e0 2.9696739e0 1.5044008e1 1.5044008e1
1.1720201e0 2.9696739e0 1.5046619e1 1.5046619e1
1.1922101e0 2.9696739e0 1.5049478e1 1.5049478e1
1.2124e0 2.9696739e0 1.5052571e1 1.5052571e1
1.23259e0 2.9696739e0 1.5055885e1 1.5055885e1
1.25278e0 2.9696739e0 1.5059416e1 1.5059416e1
1.2729701e0 2.9696739e0 1.5063144e1 1.5063144e1
1.2931601e0 2.9696739e0 1.5067068e1 1.5067068e1
1.31335e0 2.9696739e0 1.507117e1 1.507117e1
1.33354e0 2.9696739e0 1.5075438e1 1.5075438e1
1.35373e0 2.9696739e0 1.507988e1 1.507988e1
1.3739201e0 2.9696739e0 1.5084468e1 1.5084468e1
1.3941101e0 2.9696739e0 1.5089201e1 1.5089201e1
1.4143001e0 2.9696739e0 1.5094089e1 1.5094089e1
1.43449e0 2.9696739e0 1.5099104e1 1.5099104e1
1.45468e0 2.9696739e0 1.5104247e1 1.5104247e1
1.4748701e0 2.9696739e0 1.5109497e1 1.5109497e1
1.4950601e0 2.9696739e0 1.5114885e1 1.5114885e1
1.5152501e0 2.9696739e0 1.5120343e1 1.5120343e1
1.53544e0 2.9696739e0 1.5125928e1 1.5125928e1
1.55563e0 2.9696739e0 1.513163e1 1.513163e1
1.5758202e0 2.9696739e0 1.5137413e1 1.5137413e1
1.5960101e0 2.9696739e0 1.5143288e1 1.5143288e1
1.6162001e0 2.9696739e0 1.5149228e1 1.5149228e1
1.63639e0 2.9696739e0 1.5155276e1 1.5155276e1
1.65658e0 2.9696739e0 1.5161385e1 1.5161385e1
1.6767702e0 2.9696739e0 1.516758e1 1.516758e1
1.6969601e0 2.9696739e0 1.5173843e1 1.5173843e1
1.7171501e0 2.9696739e0 1.5180115e1 1.5180115e1
1.7373401e0 2.9696739e0 1.5186519e1 1.5186519e1
1.75753e0 2.9696739e0 1.5192958e1 1.5192958e1
1.7777202e0 2.9696739e0 1.519949e1 1.519949e1
1.7979102e0 2.9696739e0 1.520605e1 1.520605e1
1.8181001e0 2.9696739e0 1.5212646e1 1.5212646e1
1.8382901e0 2.9696739e0 1.5219318e1 1.5219318e1
1.85848e0 2.9696739e0 1.522605e1 1.522605e1
1.8786702e0 2.9696739e0 1.5232794e1 1.5232794e1
1.8988602e0 2.9696739e0 1.5239586e1 1.5239586e1
1.9190501e0 2.9696739e0 1.5246341e1 1.5246341e1
1.9392401e0 2.9696739e0 1.5253212e1 1.5253212e1
1.9594301e0 2.9696739e0 1.5260144e1 1.5260144e1
1.9796202e0 2.9696739e0 1.5267111e1 1.5267111e1
1.9998102e0 2.9696739e0 1.5274057e1 1.5274057e1

1.0e-3 3.0126028e0 3.991303e1 3.991303e1
2.1190002e-2 3.0126028e0 2.3482182e1 2.3482182e1
4.1380005e-2 3.0126028e0 2.1126538e1 2.1126538e1
6.1570007e-2 3.0126028e0 1.9940048e1 1.9940048e1
8.176001e-2 3.0126028e0 1.918948e1 1.918948e1
1.0195001e-1 3.0126028e0 1.8661252e1 1.8661252e1
1.2214001e-1 3.0126028e0 1.8264987e1 1.8264987e1
1.4233002e-1 3.0126028e0 1.7955092e1 1.7955092e1
1.6252002e-1 3.0126028e0 1.7705359e1 1.7705359e1
1.8271002e-1 3.0126028e0 1.7499524e1 1.7499524e1
2.0290002e-1 3.0126028e0 1.7326616e1 1.7326616e1
2.2309003e-1 3.0126028e0 1.7179823e1 1.7179823e1
2.4328003e-1 3.0126028e0 1.7053601e1 1.7053601e1
2.6347003e-1 3.0126028e0 1.6944102e1 1.6944102e1
2.8366003e-1 3.0126028e0 1.6848375e1 1.6848375e1
3.0385004e-1 3.0126028e0 1.6764087e1 1.6764087e1
3.2404004e-1 3.0126028e0 1.668952e1 1.668952e1
3.4423004e-1 3.0126028e0 1.6623245e1 1.6623245e1
3.6442004e-1 3.0126028e0 1.656414e1 1.656414e1
3.8461005e-1 3.0126028e0 1.6511166e1 1.6511166e1
4.0480005e-1 3.0126028e0 1.6463484e1 1.6463484e1
4.2499005e-1 3.0126028e0 1.6420634e1 1.6420634e1
4.4518005e-1 3.0126028e0 1.6382014e1 1.6382014e1
4.6537006e-1 3.0126028e0 1.6347098e1 1.6347098e1
4.8556006e-1 3.0126028e0 1.6315498e1 1.6315498e1
5.0575006e-1 3.0126028e0 1.6286894e1 1.6286894e1
5.2594006e-1 3.0126028e0 1.6260979e1 1.6260979e1
5.4613007e-1 3.0126028e0 1.6237494e1 1.6237494e1
5.6632007e-1 3.0126028e0 1.6216194e1 1.6216194e1
5.8651007e-1 3.0126028e0 1.6196915e1 1.6196915e1
6.0670007e-1 3.0126028e0 1.6179404e1 1.6179404e1
6.2689008e-1 3.0126028e0 1.6163582e1 1.6163582e1
6.4708008e-1 3.0126028e0 1.6149292e1 1.6149292e1
6.6727008e-1 3.0126028e0 1.6136398e1 1.6136398e1
6.8746008e-1 3.0126028e0 1.612475e1 1.612475e1
7.0765009e-1 3.0126028e0 1.6114346e1 1.6114346e1
7.2784009e-1 3.0126028e0 1.6105034e1 1.6105034e1
7.4803009e-1 3.0126028e0 1.609672e1 1.609672e1
7.682201e-1 3.0126028e0 1.6089319e1 1.6089319e1
7.884101e-1 3.0126028e0 1.6082814e1 1.6082814e1
8.086001e-1 3.0126028e0 1.6077094e1 1.6077094e1
8.287901e-1 3.0126028e0 1.6072162e1 1.6072162e1
8.489801e-1 3.0126028e0 1.6067932e1 1.6067932e1
8.691701e-1 3.0126028e0 1.6064357e1 1.6064357e1
8.893601e-1 3.0126028e0 1.6061403e1 1.6061403e1
9.0955011e-1 3.0126028e0 1.6059021e1 1.6059021e1
9.2974011e-1 3.0126028e0 1.605718e1 1.605718e1
9.4993011e-1 3.0126028e0 1.6055844e1 1.6055844e1
9.7012012e-1 3.0126028e0 1.6054984e1 1.6054984e1
9.9031012e-1 3.0126028e0 1.6054572e1 1.6054572e1
1.0105e0 3.0126028e0 1.6054578e1 1.6054578e1
1.03069e0 3.0126028e0 1.605498e1 1.605498e1
1.05088e0 3.0126028e0 1.6055754e1 1.6055754e1
1.0710701e0 3.0126028e0 1.605688e1 1.605688e1
1.09126e0 3.0126028e0 1.6058334e1 1.6058334e1
1.11145e0 3.0126028e0 1.6060106e1 1.6060106e1
1.13164e0 3.0126028e0 1.6062166e1 1.6062166e1
1.15183e0 3.0126028e0 1.6064508e1 1.6064508e1
1.1720201e0 3.0126028e0 1.6067119e1 1.6067119e1
1.1922101e0 3.0126028e0 1.6069978e1 1.6069978e1
1.2124e0 3.0126028e0 1.6073071e1 1.6073071e1
1.23259e0 3.0126028e0 1.6076385e1 1.6076385e1
1.25278e0 3.0126028e0 1.6079916e1 1.6079916e1
1.2729701e0 3.0126028e0 1.6083644e1 1.6083644e1
1.2931601e0 3.0126028e0 1.6087569e1 1.6087569e1
1.31335e0 3.0126028e0 1.609167e1 1.609167e1
1.33354e0 3.0126028e0 1.6095938e1 1.6095938e1
1.35373e0 3.0126028e0 1.610038e1 1.610038e1
1.3739201e0 3.0126028e0 1.6104968e1 1.6104968e1
1.3941101e0 3.0126028e0 1.6109702e1 1.6109702e1
1.4143001e0 3.0126028e0 1.6114589e1 1.6114589e1
1.43449e0 3.0126028e0 1.6119604e1 1.6119604e1
1.45468e0 3.0126028e0 1.6124747e1 1.6124747e1
1.4748701e0 3.0126028e0 1.6129997e1 1.6129997e1
1.4950601e0 3.0126028e0 1.6135385e1 1.6135385e1
1.5152501e0 3.0126028e0 1.6140843e1 1.6140843e1
1.53544e0 3.0126028e0 1.6146428e1 1.6146428e1
1.55563e0 3.0126028e0 1.615213e1 1.615213e1
1.5758202e0 3.0126028e0 1.6157913e1 1.6157913e1
1.5960101e0 3.0126028e0 1.6163788e1 1.6163788e1
1.6162001e0 3.0126028e0 1.6169728e1 1.6169728e1
1.63639e0 3.0126028e0 1.6175777e1 1.6175777e1
1.65658e0 3.0126028e0 1.6181885e1 1.6181885e1
1.6767702e0 3.0126028e0 1.618808e1 1.618808e1
1.6969601e0 3.0126028e0 1.6194344e1 1.6194344e1
1.7171501e0 3.0126028e0 1.6200615e1 1.6200615e1
1.7373401e0 3.0126028e0 1.6207019e1 1.6207019e1
1.75753e0 3.0126028e0 1.6213458e1 1.6213458e1
1.7777202e0 3.0126028e0 1.621999e1 1.621999e1
1.7979102e0 3.0126028e0 1.622655e1 1.622655e1
1.8181001e0 3.0126028e0 1.6233147e1 1.6233147e1
1.8382901e0 3.0126028e0 1.6239818e1 1.6239818e1
1.85848e0 3.0126028e0 1.624655e1 1.624655e1
1.8786702e0 3.0126028e0 1.6253294e1 1.6253294e1
1.8988602e0 3.0126028e0 1.6260086e1 1.6260086e1
1.9190501e0 3.0126028e0 1.6266841e1 1.6266841e1
1.9392401e0 3.0126028e0 1.6273712e1 1.6273712e1
1.9594301e0 3.0126028e0 1.6280644e1 1.6280644e1
1.9796202e0 3.0126028e0 1.6287611e1 1.6287611e1
1.9998102e0 3.0126028e0 1.6294557e1 1.6294557e1

1.0e-3 3.0555319e0 4.0981856e1 4.0981856e1
2.1190002e-2 3.0555319e0 2.4551009e1 2.4551009e1
4.1380005e-2 3.0555319e0 2.2195364e1 2.2195364e1
6.1570007e-2 3.0555319e0 2.1008875e1 2.1008875e1
8.176001e-2 3.0555319e0 2.0258307e1 2.0258307e1
1.0195001e-1 3.0555319e0 1.9730078e1 1.9730078e1
1.2214001e-1 3.0555319e0 1.9333813e1 1.9333813e1
1.4233002e-1 3.0555319e0 1.9023918e1 1.9023918e1
1.6252002e-1 3.0555319e0 1.8774185e1 1.8774185e1
1.8271002e-1 3.0555319e0 1.856835e1 1.856835e1
2.0290002e-1 3.0555319e0 1.8395442e1 1.8395442e1
2.2309003e-1 3.0555319e0 1.824865e1 1.824865e1
2.4328003e-1 3.0555319e0 1.8122427e1 1.8122427e1
2.6347003e-1 3.0555319e0 1.8012929e1 1.8012929e1
2.8366003e-1 3.0555319e0 1.7917201e1 1.7917201e1
3.0385004e-1 3.0555319e0 1.7832913e1 1.7832913e1
3.2404004e-1 3.0555319e0 1.7758347e1 1.7758347e1
3.4423004e-1 3.0555319e0 1.7692072e1 1.7692072e1
3.6442004e-1 3.0555319e0 1.7632967e1 1.7632967e1
3.8461005e-1 3.0555319e0 1.7579993e1 1.7579993e1
4.0480005e-1 3.0555319e0 1.753231e1 1.753231e1
4.2499005e-1 3.0555319e0 1.748946e1 1.748946e1
4.4518005e-1 3.0555319e0 1.745084e1 1.745084e1
4.6537006e-1 3.0555319e0 1.7415924e1 1.7415924e1
4.8556006e-1 3.0555319e0 1.7384325e1 1.7384325e1
5.0575006e-1 3.0555319e0 1.735572e1 1.735572e1
5.2594006e-1 3.0555319e0 1.7329805e1 1.7329805e1
5.4613007e-1 3.0555319e0 1.730632e1 1.730632e1
5.6632007e-1 3.0555319e0 1.728502e1 1.728502e1
5.8651007e-1 3.0555319e0 1.7265741e1 1.7265741e1
6.0670007e-1 3.0555319e0 1.724823e1 1.724823e1
6.2689008e-1 3.0555319e0 1.7232408e1 1.7232408e1
6.4708008e-1 3.0555319e0 1.7218118e1 1.7218118e1
6.6727008e-1 3.0555319e0 1.7205225e1 1.7205225e1
6.8746008e-1 3.0555319e0 1.7193576e1 1.7193576e1
7.0765009e-1 3.0555319e0 1.7183173e1 1.7183173e1
7.2784009e-1 3.0555319e0 1.717386e1 1.717386e1
7.4803009e-1 3.0555319e0 1.7165546e1 1.7165546e1
7.682201e-1 3.0555319e0 1.7158145e1 1.7158145e1
7.884101e-1 3.0555319e0 1.715164e1 1.715164e1
8.086001e-1 3.0555319e0 1.714592e1 1.714592e1
8.287901e-1 3.0555319e0 1.7140988e1 1.7140988e1
8.489801e-1 3.0555319e0 1.7136758e1 1.7136758e1
8.691701e-1 3.0555319e0 1.7133183e1 1.7133183e1
8.893601e-1 3.0555319e0 1.7130229e1 1.7130229e1
9.0955011e-1 3.0555319e0 1.7127847e1 1.7127847e1
9.2974011e-1 3.0555319e0 1.7126006e1 1.7126006e1
9.4993011e-1 3.0555319e0 1.712467e1 1.712467e1
9.7012012e-1 3.0555319e0 1.712381e1 1.712381e1
9.9031012e-1 3.0555319e0 1.7123398e1 1.7123398e1
1.0105e0 3.0555319e0 1.7123404e1 1.7123404e1
1.03069e0 3.0555319e0 1.7123807e1 1.7123807e1
1.05088e0 3.0555319e0 1.712458e1 1.712458e1
1.0710701e0 3.0555319e0 1.7125706e1 1.7125706e1
1.09126e0 3.0555319e0 1.712716e1 1.712716e1
1.11145e0 3.0555319e0 1.7128932e1 1.7128932e1
1.13164e0 3.0555319e0 1.7130992e1 1.7130992e1
1.15183e0 3.0555319e0 1.7133334e1 1.7133334e1
1.1720201e0 3.0555319e0 1.7135945e1 1.7135945e1
1.1922101e0 3.0555319e0 1.7138805e1 1.7138805e1
1.2124e0 3.0555319e0 1.7141898e1 1.7141898e1
1.23259e0 3.0555319e0 1.7145212e1 1.7145212e1
1.25278e0 3.0555319e0 1.7148743e1 1.7148743e1
1.2729701e0 3.0555319e0 1.715247e1 1.715247e1
1.2931601e0 3.0555319e0 1.7156395e1 1.7156395e1
1.31335e0 3.0555319e0 1.7160497e1 1.7160497e1
1.33354e0 3.0555319e0 1.7164764e1 1.7164764e1
1.35373e0 3.0555319e0 1.7169206e1 1.7169206e1
1.3739201e0 3.0555319e0 1.7173795e1 1.7173795e1
1.3941101e0 3.0555319e0 1.7178528e1 1.7178528e1
1.4143001e0 3.0555319e0 1.7183415e1 1.7183415e1
1.43449e0 3.0555319e0 1.7188431e1 1.7188431e1
1.45468e0 3.0555319e0 1.7193573e1 1.7193573e1
1.4748701e0 3.0555319e0 1.7198824e1 1.7198824e1
1.4950601e0 3.0555319e0 1.7204211e1 1.7204211e1
1.5152501e0 3.0555319e0 1.720967e1 1.720967e1
1.53544e0 3.0555319e0 1.7215254e1 1.7215254e1
1.55563e0 3.0555319e0 1.7220956e1 1.7220956e1
1.5758202e0 3.0555319e0 1.722674e1 1.722674e1
1.5960101e0 3.0555319e0 1.7232614e1 1.7232614e1
1.6162001e0 3.0555319e0 1.7238554e1 1.7238554e1
1.63639e0 3.0555319e0 1.7244603e1 1.7244603e1
1.65658e0 3.0555319e0 1.7250711e1 1.7250711e1
1.6767702e0 3.0555319e0 1.7256906e1 1.7256906e1
1.6969601e0 3.0555319e0 1.726317e1 1.726317e1
1.7171501e0 3.0555319e0 1.7269441e1 1.7269441e1
1.7373401e0 3.0555319e0 1.7275845e1 1.7275845e1
1.75753e0 3.0555319e0 1.7282285e1 1.7282285e1
1.7777202e0 3.0555319e0 1.7288817e1 1.7288817e1
1.7979102e0 3.0555319e0 1.7295377e1 1.7295377e1
1.8181001e0 3.0555319e0 1.7301973e1 1.7301973e1
1.8382901e0 3.0555319e0 1.7308644e1 1.7308644e1
1.85848e0 3.0555319e0 1.7315376e1 1.7315376e1
1.8786702e0 3.0555319e0 1.732212e1 1.732212e1
1.8988602e0 3.0555319e0 1.7328912e1 1.7328912e1
1.9190501e0 3.0555319e0 1.7335667e1 1.7335667e1
1.9392401e0 3.0555319e0 1.7342538e1 1.7342538e1
1.9594301e0 3.0555319e0 1.734947e1 1.734947e1
1.9796202e0 3.0555319e0 1.7356438e1 1.7356438e1
1.9998102e0 3.0555319e0 1.7363383e1 1.7363383e1

1.0e-3 3.0984608e0 4.2100467e1 4.2100467e1
2.1190002e-2 3.0984608e0 2.566962e1 2.566962e1
4.1380005e-2 3.0984608e0 2.3313976e1 2.3313976e1
6.1570007e-2 3.0984608e0 2.2127486e1 2.2127486e1
8.176001e-2 3.0984608e0 2.1376918e1 2.1376918e1
1.0195001e-1 3.0984608e0 2.084869e1 2.084869e1
1.2214001e-1 3.0984608e0 2.0452425e1 2.0452425e1
1.4233002e-1 3.0984608e0 2.014253e1 2.014253e1
1.6252002e-1 3.0984608e0 1.9892796e1 1.9892796e1
1.8271002e-1 3.0984608e0 1.9686961e1 1.9686961e1
2.0290002e-1 3.0984608e0 1.9514053e1 1.9514053e1
2.2309003e-1 3.0984608e0 1.936726e1 1.936726e1
2.4328003e-1 3.0984608e0 1.9241039e1 1.9241039e1
2.6347003e-1 3.0984608e0 1.913154e1 1.913154e1
2.8366003e-1 3.0984608e0 1.9035812e1 1.9035812e1
3.0385004e-1 3.0984608e0 1.8951524e1 1.8951524e1
3.2404004e-1 3.0984608e0 1.8876958e1 1.8876958e1
3.4423004e-1 3.0984608e0 1.8810683e1 1.8810683e1
3.6442004e-1 3.0984608e0 1.8751578e1 1.8751578e1
3.8461005e-1 3.0984608e0 1.8698604e1 1.8698604e1
4.0480005e-1 3.0984608e0 1.8650922e1 1.8650922e1
4.2499005e-1 3.0984608e0 1.8608072e1 1.8608072e1
4.4518005e-1 3.0984608e0 1.8569452e1 1.8569452e1
4.6537006e-1 3.0984608e0 1.8534535e1 1.8534535e1
4.8556006e-1 3.0984608e0 1.8502936e1 1.8502936e1
5.0575006e-1 3.0984608e0 1.8474332e1 1.8474332e1
5.2594006e-1 3.0984608e0 1.8448416e1 1.8448416e1
5.4613007e-1 3.0984608e0 1.8424931e1 1.8424931e1
5.6632007e-1 3.0984608e0 1.8403632e1 1.8403632e1
5.8651007e-1 3.0984608e0 1.8384352e1 1.8384352e1
6.0670007e-1 3.0984608e0 1.8366841e1 1.8366841e1
6.2689008e-1 3.0984608e0 1.835102e1 1.835102e1
6.4708008e-1 3.0984608e0 1.833673e1 1.833673e1
6.6727008e-1 3.0984608e0 1.8323836e1 1.8323836e1
6.8746008e-1 3.0984608e0 1.8312187e1 1.8312187e1
7.0765009e-1 3.0984608e0 1.8301784e1 1.8301784e1
7.2784009e-1 3.0984608e0 1.8292471e1 1.8292471e1
7.4803009e-1 3.0984608e0 1.8284157e1 1.8284157e1
7.682201e-1 3.0984608e0 1.8276756e1 1.8276756e1
7.884101e-1 3.0984608e0 1.8270251e1 1.8270251e1
8.086001e-1 3.0984608e0 1.8264531e1 1.8264531e1
8.287901e-1 3.0984608e0 1.82596e1 1.82596e1
8.489801e-1 3.0984608e0 1.825537e1 1.825537e1
8.691701e-1 3.0984608e0 1.8251794e1 1.8251794e1
8.893601e-1 3.0984608e0 1.824884e1 1.824884e1
9.0955011e-1 3.0984608e0 1.8246458e1 1.8246458e1
9.2974011e-1 3.0984608e0 1.8244617e1 1.8244617e1
9.4993011e-1 3.0984608e0 1.8243282e1 1.8243282e1
9.7012012e-1 3.0984608e0 1.8242421e1 1.8242421e1
9.9031012e-1 3.0984608e0 1.8242009e1 1.8242009e1
1.0105e0 3.0984608e0 1.8242015e1 1.8242015e1
1.03069e0 3.0984608e0 1.8242418e1 1.8242418e1
1.05088e0 3.0984608e0 1.8243192e1 1.8243192e1
1.0710701e0 3.0984608e0 1.8244318e1 1.8244318e1
1.09126e0 3.0984608e0 1.8245772e1 1.8245772e1
1.11145e0 3.0984608e0 1.8247543e1 1.8247543e1
1.13164e0 3.0984608e0 1.8249603e1 1.8249603e1
1.15183e0 3.0984608e0 1.8251945e1 1.8251945e1
1.1720201e0 3.0984608e0 1.8254556e1 1.8254556e1
1.1922101e0 3.0984608e0 1.8257416e1 1.8257416e1
1.2124e0 3.0984608e0 1.8260509e1 1.8260509e1
1.23259e0 3.0984608e0 1.8263823e1 1.8263823e1
1.25278e0 3.0984608e0 1.8267354e1 1.8267354e1
1.2729701e0 3.0984608e0 1.8271082e1 1.8271082e1
1.2931601e0 3.0984608e0 1.8275006e1 1.8275006e1
1.31335e0 3.0984608e0 1.8279108e1 1.8279108e1
1.33354e0 3.0984608e0 1.8283376e1 1.8283376e1
1.35373e0 3.0984608e0 1.8287817e1 1.8287817e1
1.3739201e0 3.0984608e0 1.8292406e1 1.8292406e1
1.3941101e0 3.0984608e0 1.8297139e1 1.8297139e1
1.4143001e0 3.0984608e0 1.8302026e1 1.8302026e1
1.43449e0 3.0984608e0 1.8307042e1 1.8307042e1
1.45468e0 3.0984608e0 1.8312184e1 1.8312184e1
1.4748701e0 3.0984608e0 1.8317435e1 1.8317435e1
1.4950601e0 3.0984608e0 1.8322823e1 1.8322823e1
1.5152501e0 3.0984608e0 1.832828e1 1.832828e1
1.53544e0 3.0984608e0 1.8333865e1 1.8333865e1
1.55563e0 3.0984608e0 1.8339568e1 1.8339568e1
1.5758202e0 3.0984608e0 1.834535e1 1.834535e1
1.5960101e0 3.0984608e0 1.8351225e1 1.8351225e1
1.6162001e0 3.0984608e0 1.8357166e1 1.8357166e1
1.63639e0 3.0984608e0 1.8363214e1 1.8363214e1
1.65658e0 3.0984608e0 1.8369322e1 1.8369322e1
1.6767702e0 3.0984608e0 1.8375517e1 1.8375517e1
1.6969601e0 3.0984608e0 1.8381781e1 1.8381781e1
1.7171501e0 3.0984608e0 1.8388052e1 1.8388052e1
1.7373401e0 3.0984608e0 1.8394456e1 1.8394456e1
1.75753e0 3.0984608e0 1.8400896e1 1.8400896e1
1.7777202e0 3.0984608e0 1.8407428e1 1.8407428e1
1.7979102e0 3.0984608e0 1.8413988e1 1.8413988e1
1.8181001e0 3.0984608e0 1.8420584e1 1.8420584e1
1.8382901e0 3.0984608e0 1.8427255e1 1.8427255e1
1.85848e0 3.0984608e0 1.8433987e1 1.8433987e1
1.8786702e0 3.0984608e0 1.8440732e1 1.8440732e1
1.8988602e0 3.0984608e0 1.8447523e1 1.8447523e1
1.9190501e0 3.0984608e0 1.8454279e1 1.8454279e1
1.9392401e0 3.0984608e0 1.846115e1 1.846115e1
1.9594301e0 3.0984608e0 1.8468082e1 1.8468082e1
1.9796202e0 3.0984608e0 1.8475049e1 1.8475049e1
1.9998102e0 3.0984608e0 1.8481995e1 1.8481995e1

1.0e-3 3.1413899e0 4.3270319e1 4.3270319e1
2.1190002e-2 3.1413899e0 2.6839471e1 2.6839471e1
4.1380005e-2 3.1413899e0 2.4483827e1 2.4483827e1
6.1570007e-2 3.1413899e0 2.3297337e1 2.3297337e1
8.176001e-2 3.1413899e0 2.254677e1 2.254677e1
1.0195001e-1 3.1413899e0 2.2018541e1 2.2018541e1
1.2214001e-1 3.1413899e0 2.1622276e1 2.1622276e1
1.4233002e-1 3.1413899e0 2.1312381e1 2.1312381e1
1.6252002e-1 3.1413899e0 2.1062648e1 2.1062648e1
1.8271002e-1 3.1413899e0 2.0856813e1 2.0856813e1
2.0290002e-1 3.1413899e0 2.0683905e1 2.0683905e1
2.2309003e-1 3.1413899e0 2.0537112e1 2.0537112e1
2.4328003e-1 3.1413899e0 2.041089e1 2.041089e1
2.6347003e-1 3.1413899e0 2.0301392e1 2.0301392e1
2.8366003e-1 3.1413899e0 2.0205664e1 2.0205664e1
3.0385004e-1 3.1413899e0 2.0121376e1 2.0121376e1
3.2404004e-1 3.1413899e0 2.004681e1 2.004681e1
3.4423004e-1 3.1413899e0 1.9980534e1 1.9980534e1
3.6442004e-1 3.1413899e0 1.992143e1 1.992143e1
3.8461005e-1 3.1413899e0 1.9868456e1 1.9868456e1
4.0480005e-1 3.1413899e0 1.9820773e1 1.9820773e1
4.2499005e-1 3.1413899e0 1.9777924e1 1.9777924e1
4.4518005e-1 3.1413899e0 1.9739304e1 1.9739304e1
4.6537006e-1 3.1413899e0 1.9704387e1 1.9704387e1
4.8556006e-1 3.1413899e0 1.9672787e1 1.9672787e1
5.0575006e-1 3.1413899e0 1.9644183e1 1.9644183e1
5.2594006e-1 3.1413899e0 1.9618268e1 1.9618268e1
5.4613007e-1 3.1413899e0 1.9594783e1 1.9594783e1
5.6632007e-1 3.1413899e0 1.9573483e1 1.9573483e1
5.8651007e-1 3.1413899e0 1.9554204e1 1.9554204e1
6.0670007e-1 3.1413899e0 1.9536693e1 1.9536693e1
6.2689008e-1 3.1413899e0 1.9520871e1 1.9520871e1
6.4708008e-1 3.1413899e0 1.9506581e1 1.9506581e1
6.6727008e-1 3.1413899e0 1.9493687e1 1.9493687e1
6.8746008e-1 3.1413899e0 1.9482039e1 1.9482039e1
7.0765009e-1 3.1413899e0 1.9471635e1 1.9471635e1
7.2784009e-1 3.1413899e0 1.9462323e1 1.9462323e1
7.4803009e-1 3.1413899e0 1.9454008e1 1.9454008e1
7.682201e-1 3.1413899e0 1.9446608e1 1.9446608e1
7.884101e-1 3.1413899e0 1.9440103e1 1.9440103e1
8.086001e-1 3.1413899e0 1.9434383e1 1.9434383e1
8.287901e-1 3.1413899e0 1.9429451e1 1.9429451e1
8.489801e-1 3.1413899e0 1.9425221e1 1.9425221e1
8.691701e-1 3.1413899e0 1.9421646e1 1.9421646e1
8.893601e-1 3.1413899e0 1.9418692e1 1.9418692e1
9.0955011e-1 3.1413899e0 1.941631e1 1.941631e1
9.2974011e-1 3.1413899e0 1.9414468e1 1.9414468e1
9.4993011e-1 3.1413899e0 1.9413133e1 1.9413133e1
9.7012012e-1 3.1413899e0 1.9412273e1 1.9412273e1
9.9031012e-1 3.1413899e0 1.941186e1 1.941186e1
1.0105e0 3.1413899e0 1.9411867e1 1.9411867e1
1.03069e0 3.1413899e0 1.941227e1 1.941227e1
1.05088e0 3.1413899e0 1.9413043e1 1.9413043e1
1.0710701e0 3.1413899e0 1.941417e1 1.941417e1
1.09126e0 3.1413899e0 1.9415623e1 1.9415623e1
1.11145e0 3.1413899e0 1.9417395e1 1.9417395e1
1.13164e0 3.1413899e0 1.9419455e1 1.9419455e1
1.15183e0 3.1413899e0 1.9421797e1 1.9421797e1
1.1720201e0 3.1413899e0 1.9424408e1 1.9424408e1
1.1922101e0 3.1413899e0 1.9427267e1 1.9427267e1
1.2124e0 3.1413899e0 1.943036e1 1.943036e1
1.23259e0 3.1413899e0 1.9433675e1 1.9433675e1
1.25278e0 3.1413899e0 1.9437206e1 1.9437206e1
1.2729701e0 3.1413899e0 1.9440933e1 1.9440933e1
1.2931601e0 3.1413899e0 1.9444858e1 1.9444858e1
1.31335e0 3.1413899e0 1.944896e1 1.944896e1
1.33354e0 3.1413899e0 1.9453227e1 1.9453227e1
1.35373e0 3.1413899e0 1.9457669e1 1.9457669e1
1.3739201e0 3.1413899e0 1.9462257e1 1.9462257e1
1.3941101e0 3.1413899e0 1.946699e1 1.946699e1
1.4143001e0 3.1413899e0 1.9471878e1 1.9471878e1
1.43449e0 3.1413899e0 1.9476894e1 1.9476894e1
1.45468e0 3.1413899e0 1.9482036e1 1.9482036e1
1.4748701e0 3.1413899e0 1.9487286e1 1.9487286e1
1.4950601e0 3.1413899e0 1.9492674e1 1.9492674e1
1.5152501e0 3.1413899e0 1.9498132e1 1.9498132e1
1.53544e0 3.1413899e0 1.9503717e1 1.9503717e1
1.55563e0 3.1413899e0 1.950942e1 1.950942e1
1.5758202e0 3.1413899e0 1.9515202e1 1.9515202e1
1.5960101e0 3.1413899e0 1.9521077e1 1.9521077e1
1.6162001e0 3.1413899e0 1.9527017e1 1.9527017e1
1.63639e0 3.1413899e0 1.9533066e1 1.9533066e1
1.65658e0 3.1413899e0 1.9539174e1 1.9539174e1
1.6767702e0 3.1413899e0 1.9545369e1 1.9545369e1
1.6969601e0 3.1413899e0 1.9551633e1 1.9551633e1
1.7171501e0 3.1413899e0 1.9557904e1 1.9557904e1
1.7373401e0 3.1413899e0 1.9564308e1 1.9564308e1
1.75753e0 3.1413899e0 1.9570747e1 1.9570747e1
1.7777202e0 3.1413899e0 1.957728e1 1.957728e1
1.7979102e0 3.1413899e0 1.958384e1 1.958384e1
1.8181001e0 3.1413899e0 1.9590436e1 1.9590436e1
1.8382901e0 3.1413899e0 1.9597107e1 1.9597107e1
1.85848e0 3.1413899e0 1.9603839e1 1.9603839e1
1.8786702e0 3.1413899e0 1.9610583e1 1.9610583e1
1.8988602e0 3.1413899e0 1.9617375e1 1.9617375e1
1.9190501e0 3.1413899e0 1.962413e1 1.962413e1
1.9392401e0 3.1413899e0 1.9631001e1 1.9631001e1
1.9594301e0 3.1413899e0 1.9637933e1 1.9637933e1
1.9796202e0 3.1413899e0 1.96449e1 1.96449e1
1.9998102e0 3.1413899e0 1.9651846e1 1.9651846e1

1.0e-3 3.1843188e0 4.4492845e1 4.4492845e1
2.1190002e-2 3.1843188e0 2.8061998e1 2.8061998e1
4.1380005e-2 3.1843188e0 2.5706354e1 2.5706354e1
6.1570007e-2 3.1843188e0 2.4519864e1 2.4519864e1
8.176001e-2 3.1843188e0 2.3769296e1 2.3769296e1
1.0195001e-1 3.1843188e0 2.3241068e1 2.3241068e1
1.2214001e-1 3.1843188e0 2.2844803e1 2.2844803e1
1.4233002e-1 3.1843188e0 2.2534908e1 2.2534908e1
1.6252002e-1 3.1843188e0 2.2285175e1 2.2285175e1
1.8271002e-1 3.1843188e0 2.207934e1 2.207934e1
2.0290002e-1 3.1843188e0 2.1906432e1 2.1906432e1
2.2309003e-1 3.1843188e0 2.1759639e1 2.1759639e1
2.4328003e-1 3.1843188e0 2.1633417e1 2.1633417e1
2.6347003e-1 3.1843188e0 2.1523918e1 2.1523918e1
2.8366003e-1 3.1843188e0 2.142819e1 2.142819e1
3.0385004e-1 3.1843188e0 2.1343903e1 2.1343903e1
3.2404004e-1 3.1843188e0 2.1269336e1 2.1269336e1
3.4423004e-1 3.1843188e0 2.1203061e1 2.1203061e1
3.6442004e-1 3.1843188e0 2.1143956e1 2.1143956e1
3.8461005e-1 3.1843188e0 2.1090982e1 2.1090982e1
4.0480005e-1 3.1843188e0 2.10433e1 2.10433e1
4.2499005e-1 3.1843188e0 2.100045e1 2.100045e1
4.4518005e-1 3.1843188e0 2.096183e1 2.096183e1
4.6537006e-1 3.1843188e0 2.0926913e1 2.0926913e1
4.8556006e-1 3.1843188e0 2.0895314e1 2.0895314e1
5.0575006e-1 3.1843188e0 2.086671e1 2.086671e1
5.2594006e-1 3.1843188e0 2.0840794e1 2.0840794e1
5.4613007e-1 3.1843188e0 2.081731e1 2.081731e1
5.6632007e-1 3.1843188e0 2.079601e1 2.079601e1
5.8651007e-1 3.1843188e0 2.077673e1 2.077673e1
6.0670007e-1 3.1843188e0 2.075922e1 2.075922e1
6.2689008e-1 3.1843188e0 2.0743398e1 2.0743398e1
6.4708008e-1 3.1843188e0 2.0729108e1 2.0729108e1
6.6727008e-1 3.1843188e0 2.0716214e1 2.0716214e1
6.8746008e-1 3.1843188e0 2.0704565e1 2.0704565e1
7.0765009e-1 3.1843188e0 2.0694162e1 2.0694162e1
7.2784009e-1 3.1843188e0 2.068485e1 2.068485e1
7.4803009e-1 3.1843188e0 2.0676535e1 2.0676535e1
7.682201e-1 3.1843188e0 2.0669135e1 2.0669135e1
7.884101e-1 3.1843188e0 2.066263e1 2.066263e1
8.086001e-1 3.1843188e0 2.0656909e1 2.0656909e1
8.287901e-1 3.1843188e0 2.0651978e1 2.0651978e1
8.489801e-1 3.1843188e0 2.0647748e1 2.0647748e1
8.691701e-1 3.1843188e0 2.0644173e1 2.0644173e1
8.893601e-1 3.1843188e0 2.0641219e1 2.0641219e1
9.0955011e-1 3.1843188e0 2.0638837e1 2.0638837e1
9.2974011e-1 3.1843188e0 2.0636995e1 2.0636995e1
9.4993011e-1 3.1843188e0 2.063566e1 2.063566e1
9.7012012e-1 3.1843188e0 2.0634799e1 2.0634799e1
9.9031012e-1 3.1843188e0 2.0634387e1 2.0634387e1
1.0105e0 3.1843188e0 2.0634393e1 2.0634393e1
1.03069e0 3.1843188e0 2.0634796e1 2.0634796e1
1.05088e0 3.1843188e0 2.063557e1 2.063557e1
1.0710701e0 3.1843188e0 2.0636696e1 2.0636696e1
1.09126e0 3.1843188e0 2.063815e1 2.063815e1
1.11145e0 3.1843188e0 2.0639922e1 2.0639922e1
1.13164e0 3.1843188e0 2.0641982e1 2.0641982e1
1.15183e0 3.1843188e0 2.0644324e1 2.0644324e1
1.1720201e0 3.1843188e0 2.0646935e1 2.0646935e1
1.1922101e0 3.1843188e0 2.0649794e1 2.0649794e1
1.2124e0 3.1843188e0 2.0652887e1 2.0652887e1
1.23259e0 3.1843188e0 2.0656201e1 2.0656201e1
1.25278e0 3.1843188e0 2.0659732e1 2.0659732e1
1.2729701e0 3.1843188e0 2.066346e1 2.066346e1
1.2931601e0 3.1843188e0 2.0667384e1 2.0667384e1
1.31335e0 3.1843188e0 2.0671486e1 2.0671486e1
1.33354e0 3.1843188e0 2.0675754e1 2.0675754e1
1.35373e0 3.1843188e0 2.0680196e1 2.0680196e1
1.3739201e0 3.1843188e0 2.0684784e1 2.0684784e1
1.3941101e0 3.1843188e0 2.0689517e1 2.0689517e1
1.4143001e0 3.1843188e0 2.0694405e1 2.0694405e1
1.43449e0 3.1843188e0 2.069942e1 2.069942e1
1.45468e0 3.1843188e0 2.0704562e1 2.0704562e1
1.4748701e0 3.1843188e0 2.0709813e1 2.0709813e1
1.4950601e0 3.1843188e0 2.0715201e1 2.0715201e1
1.5152501e0 3.1843188e0 2.0720659e1 2.0720659e1
1.53544e0 3.1843188e0 2.0726244e1 2.0726244e1
1.55563e0 3.1843188e0 2.0731946e1 2.0731946e1
1.5758202e0 3.1843188e0 2.0737729e1 2.0737729e1
1.5960101e0 3.1843188e0 2.0743604e1 2.0743604e1
1.6162001e0 3.1843188e0 2.0749544e1 2.0749544e1
1.63639e0 3.1843188e0 2.0755592e1 2.0755592e1
1.65658e0 3.1843188e0 2.07617e1 2.07617e1
1.6767702e0 3.1843188e0 2.0767896e1 2.0767896e1
1.6969601e0 3.1843188e0 2.077416e1 2.077416e1
1.7171501e0 3.1843188e0 2.078043e1 2.078043e1
1.7373401e0 3.1843188e0 2.0786835e1 2.0786835e1
1.75753e0 3.1843188e0 2.0793274e1 2.0793274e1
1.7777202e0 3.1843188e0 2.0799806e1 2.0799806e1
1.7979102e0 3.1843188e0 2.0806366e1 2.0806366e1
1.8181001e0 3.1843188e0 2.0812962e1 2.0812962e1
1.8382901e0 3.1843188e0 2.0819633e1 2.0819633e1
1.85848e0 3.1843188e0 2.0826366e1 2.0826366e1
1.8786702e0 3.1843188e0 2.083311e1 2.083311e1
1.8988602e0 3.1843188e0 2.0839902e1 2.0839902e1
1.9190501e0 3.1843188e0 2.0846657e1 2.0846657e1
1.9392401e0 3.1843188e0 2.0853528e1 2.0853528e1
1.9594301e0 3.1843188e0 2.086046e1 2.086046e1
1.9796202e0 3.1843188e0 2.0867427e1 2.0867427e1
1.9998102e0 3.1843188e0 2.0874373e1 2.0874373e1

1.0e-3 3.2272478e0 4.5769676e1 4.5769676e1
2.1190002e-2 3.2272478e0 2.9338829e1 2.9338829e1
4.1380005e-2 3.2272478e0 2.6983185e1 2.6983185e1
6.1570007e-2 3.2272478e0 2.5796695e1 2.5796695e1
8.176001e-2 3.2272478e0 2.5046127e1 2.5046127e1
1.0195001e-1 3.2272478e0 2.4517899e1 2.4517899e1
1.2214001e-1 3.2272478e0 2.4121634e1 2.4121634e1
1.4233002e-1 3.2272478e0 2.3811739e1 2.3811739e1
1.6252002e-1 3.2272478e0 2.3562006e1 2.3562006e1
1.8271002e-1 3.2272478e0 2.335617e1 2.335617e1
2.0290002e-1 3.2272478e0 2.3183263e1 2.3183263e1
2.2309003e-1 3.2272478e0 2.303647e1 2.303647e1
2.4328003e-1 3.2272478e0 2.2910248e1 2.2910248e1
2.6347003e-1 3.2272478e0 2.2800749e1 2.2800749e1
2.8366003e-1 3.2272478e0 2.2705022e1 2.2705022e1
3.0385004e-1 3.2272478e0 2.2620734e1 2.2620734e1
3.2404004e-1 3.2272478e0 2.2546167e1 2.2546167e1
3.4423004e-1 3.2272478e0 2.2479892e1 2.2479892e1
3.6442004e-1 3.2272478e0 2.2420787e1 2.2420787e1
3.8461005e-1 3.2272478e0 2.2367813e1 2.2367813e1
4.0480005e-1 3.2272478e0 2.2320131e1 2.2320131e1
4.2499005e-1 3.2272478e0 2.2277281e1 2.2277281e1
4.4518005e-1 3.2272478e0 2.2238661e1 2.2238661e1
4.6537006e-1 3.2272478e0 2.2203745e1 2.2203745e1
4.8556006e-1 3.2272478e0 2.2172145e1 2.2172145e1
5.0575006e-1 3.2272478e0 2.2143541e1 2.2143541e1
5.2594006e-1 3.2272478e0 2.2117625e1 2.2117625e1
5.4613007e-1 3.2272478e0 2.209414e1 2.209414e1
5.6632007e-1 3.2272478e0 2.2072841e1 2.2072841e1
5.8651007e-1 3.2272478e0 2.2053561e1 2.2053561e1
6.0670007e-1 3.2272478e0 2.203605e1 2.203605e1
6.2689008e-1 3.2272478e0 2.2020229e1 2.2020229e1
6.4708008e-1 3.2272478e0 2.2005939e1 2.2005939e1
6.6727008e-1 3.2272478e0 2.1993045e1 2.1993045e1
6.8746008e-1 3.2272478e0 2.1981396e1 2.1981396e1
7.0765009e-1 3.2272478e0 2.1970993e1 2.1970993e1
7.2784009e-1 3.2272478e0 2.196168e1 2.196168e1
7.4803009e-1 3.2272478e0 2.1953366e1 2.1953366e1
7.682201e-1 3.2272478e0 2.1945966e1 2.1945966e1
7.884101e-1 3.2272478e0 2.193946e1 2.193946e1
8.086001e-1 3.2272478e0 2.193374e1 2.193374e1
8.287901e-1 3.2272478e0 2.1928809e1 2.1928809e1
8.489801e-1 3.2272478e0 2.1924579e1 2.1924579e1
8.691701e-1 3.2272478e0 2.1921004e1 2.1921004e1
8.893601e-1 3.2272478e0 2.191805e1 2.191805e1
9.0955011e-1 3.2272478e0 2.1915668e1 2.1915668e1
9.2974011e-1 3.2272478e0 2.1913826e1 2.1913826e1
9.4993011e-1 3.2272478e0 2.1912491e1 2.1912491e1
9.7012012e-1 3.2272478e0 2.191163e1 2.191163e1
9.9031012e-1 3.2272478e0 2.1911218e1 2.1911218e1
1.0105e0 3.2272478e0 2.1911224e1 2.1911224e1
1.03069e0 3.2272478e0 2.1911627e1 2.1911627e1
1.05088e0 3.2272478e0 2.1912401e1 2.1912401e1
1.0710701e0 3.2272478e0 2.1913527e1 2.1913527e1
1.09126e0 3.2272478e0 2.1914981e1 2.1914981e1
1.11145e0 3.2272478e0 2.1916753e1 2.1916753e1
1.13164e0 3.2272478e0 2.1918813e1 2.1918813e1
1.15183e0 3.2272478e0 2.1921155e1 2.1921155e1
1.1720201e0 3.2272478e0 2.1923766e1 2.1923766e1
1.1922101e0 3.2272478e0 2.1926625e1 2.1926625e1
1.2124e0 3.2272478e0 2.1929718e1 2.1929718e1
1.23259e0 3.2272478e0 2.1933032e1 2.1933032e1
1.25278e0 3.2272478e0 2.1936563e1 2.1936563e1
1.2729701e0 3.2272478e0 2.1940291e1 2.1940291e1
1.2931601e0 3.2272478e0 2.1944215e1 2.1944215e1
1.31335e0 3.2272478e0 2.1948317e1 2.1948317e1
1.33354e0 3.2272478e0 2.1952585e1 2.1952585e1
1.35373e0 3.2272478e0 2.1957027e1 2.1957027e1
1.3739201e0 3.2272478e0 2.1961615e1 2.1961615e1
1.3941101e0 3.2272478e0 2.1966348e1 2.1966348e1
1.4143001e0 3.2272478e0 2.1971236e1 2.1971236e1
1.43449e0 3.2272478e0 2.1976251e1 2.1976251e1
1.45468e0 3.2272478e0 2.1981393e1 2.1981393e1
1.4748701e0 3.2272478e0 2.1986644e1 2.1986644e1
1.4950601e0 3.2272478e0 2.1992032e1 2.1992032e1
1.5152501e0 3.2272478e0 2.199749e1 2.199749e1
1.53544e0 3.2272478e0 2.2003075e1 2.2003075e1
1.55563e0 3.2272478e0 2.2008777e1 2.2008777e1
1.5758202e0 3.2272478e0 2.201456e1 2.201456e1
1.5960101e0 3.2272478e0 2.2020435e1 2.2020435e1
1.6162001e0 3.2272478e0 2.2026375e1 2.2026375e1
1.63639e0 3.2272478e0 2.2032423e1 2.2032423e1
1.65658e0 3.2272478e0 2.2038531e1 2.2038531e1
1.6767702e0 3.2272478e0 2.2044727e1 2.2044727e1
1.6969601e0 3.2272478e0 2.205099e1 2.205099e1
1.7171501e0 3.2272478e0 2.2057262e1 2.2057262e1
1.7373401e0 3.2272478e0 2.2063666e1 2.2063666e1
1.75753e0 3.2272478e0 2.2070105e1 2.2070105e1
1.7777202e0 3.2272478e0 2.2076637e1 2.2076637e1
1.7979102e0 3.2272478e0 2.2083197e1 2.2083197e1
1.8181001e0 3.2272478e0 2.2089793e1 2.2089793e1
1.8382901e0 3.2272478e0 2.2096465e1 2.2096465e1
1.85848e0 3.2272478e0 2.2103197e1 2.2103197e1
1.8786702e0 3.2272478e0 2.2109941e1 2.2109941e1
1.8988602e0 3.2272478e0 2.2116733e1 2.2116733e1
1.9190501e0 3.2272478e0 2.2123488e1 2.2123488e1
1.9392401e0 3.2272478e0 2.2130359e1 2.2130359e1
1.9594301e0 3.2272478e0 2.2137291e1 2.2137291e1
1.9796202e0 3.2272478e0 2.2144258e1 2.2144258e1
1.9998102e0 3.2272478e0 2.2151204e1 2.2151204e1

1.0e-3 3.2701768e0 4.7102211e1 4.7102211e1
2.1190002e-2 3.2701768e0 3.0671364e1 3.0671364e1
4.1380005e-2 3.2701768e0 2.831572e1 2.831572e1
6.1570007e-2 3.2701768e0 2.712923e1 2.712923e1
8.176001e-2 3.2701768e0 2.6378662e1 2.6378662e1
1.0195001e-1 3.2701768e0 2.5850433e1 2.5850433e1
1.2214001e-1 3.2701768e0 2.5454169e1 2.5454169e1
1.4233002e-1 3.2701768e0 2.5144273e1 2.5144273e1
1.6252002e-1 3.2701768e0 2.489454e1 2.489454e1
1.8271002e-1 3.2701768e0 2.4688705e1 2.4688705e1
2.0290002e-1 3.2701768e0 2.4515797e1 2.4515797e1
2.2309003e-1 3.2701768e0 2.4369005e1 2.4369005e1
2.4328003e-1 3.2701768e0 2.4242783e1 2.4242783e1
2.6347003e-1 3.2701768e0 2.4133284e1 2.4133284e1
2.8366003e-1 3.2701768e0 2.4037556e1 2.4037556e1
3.0385004e-1 3.2701768e0 2.3953268e1 2.3953268e1
3.2404004e-1 3.2701768e0 2.3878702e1 2.3878702e1
3.4423004e-1 3.2701768e0 2.3812427e1 2.3812427e1
3.6442004e-1 3.2701768e0 2.3753322e1 2.3753322e1
3.8461005e-1 3.2701768e0 2.3700348e1 2.3700348e1
4.0480005e-1 3.2701768e0 2.3652666e1 2.3652666e1
4.2499005e-1 3.2701768e0 2.3609816e1 2.3609816e1
4.4518005e-1 3.2701768e0 2.3571196e1 2.3571196e1
4.6537006e-1 3.2701768e0 2.353628e1 2.353628e1
4.8556006e-1 3.2701768e0 2.350468e1 2.350468e1
5.0575006e-1 3.2701768e0 2.3476076e1 2.3476076e1
5.2594006e-1 3.2701768e0 2.345016e1 2.345016e1
5.4613007e-1 3.2701768e0 2.3426675e1 2.3426675e1
5.6632007e-1 3.2701768e0 2.3405376e1 2.3405376e1
5.8651007e-1 3.2701768e0 2.3386096e1 2.3386096e1
6.0670007e-1 3.2701768e0 2.3368585e1 2.3368585e1
6.2689008e-1 3.2701768e0 2.3352763e1 2.3352763e1
6.4708008e-1 3.2701768e0 2.3338474e1 2.3338474e1
6.6727008e-1 3.2701768e0 2.332558e1 2.332558e1
6.8746008e-1 3.2701768e0 2.3313931e1 2.3313931e1
7.0765009e-1 3.2701768e0 2.3303528e1 2.3303528e1
7.2784009e-1 3.2701768e0 2.3294215e1 2.3294215e1
7.4803009e-1 3.2701768e0 2.3285901e1 2.3285901e1
7.682201e-1 3.2701768e0 2.32785e1 2.32785e1
7.884101e-1 3.2701768e0 2.3271996e1 2.3271996e1
8.086001e-1 3.2701768e0 2.3266275e1 2.3266275e1
8.287901e-1 3.2701768e0 2.3261343e1 2.3261343e1
8.489801e-1 3.2701768e0 2.3257114e1 2.3257114e1
8.691701e-1 3.2701768e0 2.3253539e1 2.3253539e1
8.893601e-1 3.2701768e0 2.3250584e1 2.3250584e1
9.0955011e-1 3.2701768e0 2.3248203e1 2.3248203e1
9.2974011e-1 3.2701768e0 2.3246361e1 2.3246361e1
9.4993011e-1 3.2701768e0 2.3245026e1 2.3245026e1
9.7012012e-1 3.2701768e0 2.3244165e1 2.3244165e1
9.9031012e-1 3.2701768e0 2.3243753e1 2.3243753e1
1.0105e0 3.2701768e0 2.3243759e1 2.3243759e1
1.03069e0 3.2701768e0 2.3244162e1 2.3244162e1
1.05088e0 3.2701768e0 2.3244936e1 2.3244936e1
1.0710701e0 3.2701768e0 2.3246062e1 2.3246062e1
1.09126e0 3.2701768e0 2.3247516e1 2.3247516e1
1.11145e0 3.2701768e0 2.3249287e1 2.3249287e1
1.13164e0 3.2701768e0 2.3251347e1 2.3251347e1
1.15183e0 3.2701768e0 2.325369e1 2.325369e1
1.1720201e0 3.2701768e0 2.32563e1 2.32563e1
1.1922101e0 3.2701768e0 2.325916e1 2.325916e1
1.2124e0 3.2701768e0 2.3262253e1 2.3262253e1
1.23259e0 3.2701768e0 2.3265567e1 2.3265567e1
1.25278e0 3.2701768e0 2.3269098e1 2.3269098e1
1.2729701e0 3.2701768e0 2.3272826e1 2.3272826e1
1.2931601e0 3.2701768e0 2.327675e1 2.327675e1
1.31335e0 3.2701768e0 2.3280852e1 2.3280852e1
1.33354e0 3.2701768e0 2.328512e1 2.328512e1
1.35373e0 3.2701768e0 2.3289561e1 2.3289561e1
1.3739201e0 3.2701768e0 2.329415e1 2.329415e1
1.3941101e0 3.2701768e0 2.3298883e1 2.3298883e1
1.4143001e0 3.2701768e0 2.330377e1 2.330377e1
1.43449e0 3.2701768e0 2.3308786e1 2.3308786e1
1.45468e0 3.2701768e0 2.3313928e1 2.3313928e1
1.4748701e0 3.2701768e0 2.3319179e1 2.3319179e1
1.4950601e0 3.2701768e0 2.3324567e1 2.3324567e1
1.5152501e0 3.2701768e0 2.3330025e1 2.3330025e1
1.53544e0 3.2701768e0 2.333561e1 2.333561e1
1.55563e0 3.2701768e0 2.3341312e1 2.3341312e1
1.5758202e0 3.2701768e0 2.3347095e1 2.3347095e1
1.5960101e0 3.2701768e0 2.335297e1 2.335297e1
1.6162001e0 3.2701768e0 2.335891e1 2.335891e1
1.63639e0 3.2701768e0 2.3364958e1 2.3364958e1
1.65658e0 3.2701768e0 2.3371066e1 2.3371066e1
1.6767702e0 3.2701768e0 2.3377261e1 2.3377261e1
1.6969601e0 3.2701768e0 2.3383525e1 2.3383525e1
1.7171501e0 3.2701768e0 2.3389796e1 2.3389796e1
1.7373401e0 3.2701768e0 2.33962e1 2.33962e1
1.75753e0 3.2701768e0 2.340264e1 2.340264e1
1.7777202e0 3.2701768e0 2.3409172e1 2.3409172e1
1.7979102e0 3.2701768e0 2.3415732e1 2.3415732e1
1.8181001e0 3.2701768e0 2.3422328e1 2.3422328e1
1.8382901e0 3.2701768e0 2.3429e1 2.3429e1
1.85848e0 3.2701768e0 2.3435732e1 2.3435732e1
1.8786702e0 3.2701768e0 2.3442476e1 2.3442476e1
1.8988602e0 3.2701768e0 2.3449268e1 2.3449268e1
1.9190501e0 3.2701768e0 2.3456023e1 2.3456023e1
1.9392401e0 3.2701768e0 2.3462894e1 2.3462894e1
1.9594301e0 3.2701768e0 2.3469826e1 2.3469826e1
1.9796202e0 3.2701768e0 2.3476793e1 2.3476793e1
1.9998102e0 3.2701768e0 2.3483739e1 2.3483739e1

1.0e-3 3.3131058e0 4.8491988e1 4.8491988e1
2.1190002e-2 3.3131058e0 3.206114e1 3.206114e1
4.1380005e-2 3.3131058e0 2.9705496e1 2.9705496e1
6.1570007e-2 3.3131058e0 2.8519006e1 2.8519006e1
8.176001e-2 3.3131058e0 2.7768439e1 2.7768439e1
1.0195001e-1 3.3131058e0 2.724021e1 2.724021e1
1.2214001e-1 3.3131058e0 2.6843945e1 2.6843945e1
1.4233002e-1 3.3131058e0 2.653405e1 2.653405e1
1.6252002e-1 3.3131058e0 2.6284317e1 2.6284317e1
1.8271002e-1 3.3131058e0 2.6078482e1 2.6078482e1
2.0290002e-1 3.3131058e0 2.5905574e1 2.5905574e1
2.2309003e-1 3.3131058e0 2.5758781e1 2.5758781e1
2.4328003e-1 3.3131058e0 2.5632559e1 2.5632559e1
2.6347003e-1 3.3131058e0 2.552306e1 2.552306e1
2.8366003e-1 3.3131058e0 2.5427333e1 2.5427333e1
3.0385004e-1 3.3131058e0 2.5343045e1 2.5343045e1
3.2404004e-1 3.3131058e0 2.5268478e1 2.5268478e1
3.4423004e-1 3.3131058e0 2.5202203e1 2.5202203e1
3.6442004e-1 3.3131058e0 2.5143098e1 2.5143098e1
3.8461005e-1 3.3131058e0 2.5090125e1 2.5090125e1
4.0480005e-1 3.3131058e0 2.5042442e1 2.5042442e1
4.2499005e-1 3.3131058e0 2.4999593e1 2.4999593e1
4.4518005e-1 3.3131058e0 2.4960973e1 2.4960973e1
4.6537006e-1 3.3131058e0 2.4926056e1 2.4926056e1
4.8556006e-1 3.3131058e0 2.4894456e1 2.4894456e1
5.0575006e-1 3.3131058e0 2.4865852e1 2.4865852e1
5.2594006e-1 3.3131058e0 2.4839937e1 2.4839937e1
5.4613007e-1 3.3131058e0 2.4816452e1 2.4816452e1
5.6632007e-1 3.3131058e0 2.4795152e1 2.4795152e1
5.8651007e-1 3.3131058e0 2.4775873e1 2.4775873e1
6.0670007e-1 3.3131058e0 2.4758362e1 2.4758362e1
6.2689008e-1 3.3131058e0 2.474254e1 2.474254e1
6.4708008e-1 3.3131058e0 2.472825e1 2.472825e1
6.6727008e-1 3.3131058e0 2.4715356e1 2.4715356e1
6.8746008e-1 3.3131058e0 2.4703708e1 2.4703708e1
7.0765009e-1 3.3131058e0 2.4693304e1 2.4693304e1
7.2784009e-1 3.3131058e0 2.4683992e1 2.4683992e1
7.4803009e-1 3.3131058e0 2.4675677e1 2.4675677e1
7.682201e-1 3.3131058e0 2.4668277e1 2.4668277e1
7.884101e-1 3.3131058e0 2.4661772e1 2.4661772e1
8.086001e-1 3.3131058e0 2.4656052e1 2.4656052e1
8.287901e-1 3.3131058e0 2.465112e1 2.465112e1
8.489801e-1 3.3131058e0 2.464689e1 2.464689e1
8.691701e-1 3.3131058e0 2.4643315e1 2.4643315e1
8.893601e-1 3.3131058e0 2.4640361e1 2.4640361e1
9.0955011e-1 3.3131058e0 2.4637979e1 2.4637979e1
9.2974011e-1 3.3131058e0 2.4636137e1 2.4636137e1
9.4993011e-1 3.3131058e0 2.4634802e1 2.4634802e1
9.7012012e-1 3.3131058e0 2.4633942e1 2.4633942e1
9.9031012e-1 3.3131058e0 2.463353e1 2.463353e1
1.0105e0 3.3131058e0 2.4633536e1 2.4633536e1
1.03069e0 3.3131058e0 2.4633939e1 2.4633939e1
1.05088e0 3.3131058e0 2.4634712e1 2.4634712e1
1.0710701e0 3.3131058e0 2.4635838e1 2.4635838e1
1.09126e0 3.3131058e0 2.4637292e1 2.4637292e1
1.11145e0 3.3131058e0 2.4639064e1 2.4639064e1
1.13164e0 3.3131058e0 2.4641124e1 2.4641124e1
1.15183e0 3.3131058e0 2.4643466e1 2.4643466e1
1.1720201e0 3.3131058e0 2.4646077e1 2.4646077e1
1.1922101e0 3.3131058e0 2.4648936e1 2.4648936e1
1.2124e0 3.3131058e0 2.465203e1 2.465203e1
1.23259e0 3.3131058e0 2.4655344e1 2.4655344e1
1.25278e0 3.3131058e0 2.4658875e1 2.4658875e1
1.2729701e0 3.3131058e0 2.4662602e1 2.4662602e1
1.2931601e0 3.3131058e0 2.4666527e1 2.4666527e1
1.31335e0 3.3131058e0 2.4670628e1 2.4670628e1
1.33354e0 3.3131058e0 2.4674896e1 2.4674896e1
1.35373e0 3.3131058e0 2.4679338e1 2.4679338e1
1.3739201e0 3.3131058e0 2.4683926e1 2.4683926e1
1.3941101e0 3.3131058e0 2.468866e1 2.468866e1
1.4143001e0 3.3131058e0 2.4693547e1 2.4693547e1
1.43449e0 3.3131058e0 2.4698563e1 2.4698563e1
1.45468e0 3.3131058e0 2.4703705e1 2.4703705e1
1.4748701e0 3.3131058e0 2.4708955e1 2.4708955e1
1.4950601e0 3.3131058e0 2.4714343e1 2.4714343e1
1.5152501e0 3.3131058e0 2.4719801e1 2.4719801e1
1.53544e0 3.3131058e0 2.4725386e1 2.4725386e1
1.55563e0 3.3131058e0 2.4731088e1 2.4731088e1
1.5758202e0 3.3131058e0 2.4736871e1 2.4736871e1
1.5960101e0 3.3131058e0 2.4742746e1 2.4742746e1
1.6162001e0 3.3131058e0 2.4748686e1 2.4748686e1
1.63639e0 3.3131058e0 2.4754735e1 2.4754735e1
1.65658e0 3.3131058e0 2.4760843e1 2.4760843e1
1.6767702e0 3.3131058e0 2.4767038e1 2.4767038e1
1.6969601e0 3.3131058e0 2.4773302e1 2.4773302e1
1.7171501e0 3.3131058e0 2.4779573e1 2.4779573e1
1.7373401e0 3.3131058e0 2.4785977e1 2.4785977e1
1.75753e0 3.3131058e0 2.4792416e1 2.4792416e1
1.7777202e0 3.3131058e0 2.4798949e1 2.4798949e1
1.7979102e0 3.3131058e0 2.4805508e1 2.4805508e1
1.8181001e0 3.3131058e0 2.4812105e1 2.4812105e1
1.8382901e0 3.3131058e0 2.4818776e1 2.4818776e1
1.85848e0 3.3131058e0 2.4825508e1 2.4825508e1
1.8786702e0 3.3131058e0 2.4832253e1 2.4832253e1
1.8988602e0 3.3131058e0 2.4839044e1 2.4839044e1
1.9190501e0 3.3131058e0 2.48458e1 2.48458e1
1.9392401e0 3.3131058e0 2.485267e1 2.485267e1
1.9594301e0 3.3131058e0 2.4859602e1 2.4859602e1
1.9796202e0 3.3131058e0 2.486657e1 2.486657e1
1.9998102e0 3.3131058e0 2.4873515e1 2.4873515e1

1.0e-3 3.3560349e0 4.9940643e1 4.9940643e1
2.1190002e-2 3.3560349e0 3.3509796e1 3.3509796e1
4.1380005e-2 3.3560349e0 3.1154152e1 3.1154152e1
6.1570007e-2 3.3560349e0 2.9967662e1 2.9967662e1
8.176001e-2 3.3560349e0 2.9217094e1 2.9217094e1
1.0195001e-1 3.3560349e0 2.8688866e1 2.8688866e1
1.2214001e-1 3.3560349e0 2.8292601e1 2.8292601e1
1.4233002e-1 3.3560349e0 2.7982706e1 2.7982706e1
1.6252002e-1 3.3560349e0 2.7732973e1 2.7732973e1
1.8271002e-1 3.3560349e0 2.7527138e1 2.7527138e1
2.0290002e-1 3.3560349e0 2.735423e1 2.735423e1
2.2309003e-1 3.3560349e0 2.7207437e1 2.7207437e1
2.4328003e-1 3.3560349e0 2.7081215e1 2.7081215e1
2.6347003e-1 3.3560349e0 2.6971716e1 2.6971716e1
2.8366003e-1 3.3560349e0 2.6875989e1 2.6875989e1
3.0385004e-1 3.3560349e0 2.67917e1 2.67917e1
3.2404004e-1 3.3560349e0 2.6717134e1 2.6717134e1
3.4423004e-1 3.3560349e0 2.6650859e1 2.6650859e1
3.6442004e-1 3.3560349e0 2.6591754e1 2.6591754e1
3.8461005e-1 3.3560349e0 2.653878e1 2.653878e1
4.0480005e-1 3.3560349e0 2.6491098e1 2.6491098e1
4.2499005e-1 3.3560349e0 2.6448248e1 2.6448248e1
4.4518005e-1 3.3560349e0 2.6409628e1 2.6409628e1
4.6537006e-1 3.3560349e0 2.6374712e1 2.6374712e1
4.8556006e-1 3.3560349e0 2.6343112e1 2.6343112e1
5.0575006e-1 3.3560349e0 2.6314508e1 2.6314508e1
5.2594006e-1 3.3560349e0 2.6288593e1 2.6288593e1
5.4613007e-1 3.3560349e0 2.6265108e1 2.6265108e1
5.6632007e-1 3.3560349e0 2.6243808e1 2.6243808e1
5.8651007e-1 3.3560349e0 2.6224529e1 2.6224529e1
6.0670007e-1 3.3560349e0 2.6207018e1 2.6207018e1
6.2689008e-1 3.3560349e0 2.6191196e1 2.6191196e1
6.4708008e-1 3.3560349e0 2.6176906e1 2.6176906e1
6.6727008e-1 3.3560349e0 2.6164012e1 2.6164012e1
6.8746008e-1 3.3560349e0 2.6152364e1 2.6152364e1
7.0765009e-1 3.3560349e0 2.614196e1 2.614196e1
7.2784009e-1 3.3560349e0 2.6132648e1 2.6132648e1
7.4803009e-1 3.3560349e0 2.6124333e1 2.6124333e1
7.682201e-1 3.3560349e0 2.6116933e1 2.6116933e1
7.884101e-1 3.3560349e0 2.6110428e1 2.6110428e1
8.086001e-1 3.3560349e0 2.6104707e1 2.6104707e1
8.287901e-1 3.3560349e0 2.6099776e1 2.6099776e1
8.489801e-1 3.3560349e0 2.6095546e1 2.6095546e1
8.691701e-1 3.3560349e0 2.6091971e1 2.6091971e1
8.893601e-1 3.3560349e0 2.6089017e1 2.6089017e1
9.0955011e-1 3.3560349e0 2.6086635e1 2.6086635e1
9.2974011e-1 3.3560349e0 2.6084793e1 2.6084793e1
9.4993011e-1 3.3560349e0 2.6083458e1 2.6083458e1
9.7012012e-1 3.3560349e0 2.6082597e1 2.6082597e1
9.9031012e-1 3.3560349e0 2.6082185e1 2.6082185e1
1.0105e0 3.3560349e0 2.6082191e1 2.6082191e1
1.03069e0 3.3560349e0 2.6082594e1 2.6082594e1
1.05088e0 3.3560349e0 2.6083368e1 2.6083368e1
1.0710701e0 3.3560349e0 2.6084494e1 2.6084494e1
1.09126e0 3.3560349e0 2.6085948e1 2.6085948e1
1.11145e0 3.3560349e0 2.608772e1 2.608772e1
1.13164e0 3.3560349e0 2.608978e1 2.608978e1
1.15183e0 3.3560349e0 2.6092122e1 2.6092122e1
1.1720201e0 3.3560349e0 2.6094733e1 2.6094733e1
1.1922101e0 3.3560349e0 2.6097592e1 2.6097592e1
1.2124e0 3.3560349e0 2.6100685e1 2.6100685e1
1.23259e0 3.3560349e0 2.6104e1 2.6104e1
1.25278e0 3.3560349e0 2.610753e1 2.610753e1
1.2729701e0 3.3560349e0 2.6111258e1 2.6111258e1
1.2931601e0 3.3560349e0 2.6115182e1 2.6115182e1
1.31335e0 3.3560349e0 2.6119284e1 2.6119284e1
1.33354e0 3.3560349e0 2.6123552e1 2.6123552e1
1.35373e0 3.3560349e0 2.6127994e1 2.6127994e1
1.3739201e0 3.3560349e0 2.6132582e1 2.6132582e1
1.3941101e0 3.3560349e0 2.6137315e1 2.6137315e1
1.4143001e0 3.3560349e0 2.6142203e1 2.6142203e1
1.43449e0 3.3560349e0 2.6147218e1 2.6147218e1
1.45468e0 3.3560349e0 2.615236e1 2.615236e1
1.4748701e0 3.3560349e0 2.6157611e1 2.6157611e1
1.4950601e0 3.3560349e0 2.6162999e1 2.6162999e1
1.5152501e0 3.3560349e0 2.6168457e1 2.6168457e1
1.53544e0 3.3560349e0 2.6174042e1 2.6174042e1
1.55563e0 3.3560349e0 2.6179744e1 2.6179744e1
1.5758202e0 3.3560349e0 2.6185527e1 2.6185527e1
1.5960101e0 3.3560349e0 2.6191402e1 2.6191402e1
1.6162001e0 3.3560349e0 2.6197342e1 2.6197342e1
1.63639e0 3.3560349e0 2.620339e1 2.620339e1
1.65658e0 3.3560349e0 2.6209499e1 2.6209499e1
1.6767702e0 3.3560349e0 2.6215694e1 2.6215694e1
1.6969601e0 3.3560349e0 2.6221957e1 2.6221957e1
1.7171501e0 3.3560349e0 2.6228229e1 2.6228229e1
1.7373401e0 3.3560349e0 2.6234633e1 2.6234633e1
1.75753e0 3.3560349e0 2.6241072e1 2.6241072e1
1.7777202e0 3.3560349e0 2.6247604e1 2.6247604e1
1.7979102e0 3.3560349e0 2.6254164e1 2.6254164e1
1.8181001e0 3.3560349e0 2.626076e1 2.626076e1
1.8382901e0 3.3560349e0 2.6267432e1 2.6267432e1
1.85848e0 3.3560349e0 2.6274164e1 2.6274164e1
1.8786702e0 3.3560349e0 2.6280908e1 2.6280908e1
1.8988602e0 3.3560349e0 2.62877e1 2.62877e1
1.9190501e0 3.3560349e0 2.6294455e1 2.6294455e1
1.9392401e0 3.3560349e0 2.6301326e1 2.6301326e1
1.9594301e0 3.3560349e0 2.6308258e1 2.6308258e1
1.9796202e0 3.3560349e0 2.6315225e1 2.6315225e1
1.9998102e0 3.3560349e0 2.6322171e1 2.6322171e1

1.0e-3 3.3989638e0 5.1449763e1 5.1449763e1
2.1190002e-2 3.3989638e0 3.5018916e1 3.5018916e1
4.1380005e-2 3.3989638e0 3.2663272e1 3.2663272e1
6.1570007e-2 3.3989638e0 3.1476782e1 3.1476782e1
8.176001e-2 3.3989638e0 3.0726215e1 3.0726215e1
1.0195001e-1 3.3989638e0 3.0197986e1 3.0197986e1
1.2214001e-1 3.3989638e0 2.9801721e1 2.9801721e1
1.4233002e-1 3.3989638e0 2.9491826e1 2.9491826e1
1.6252002e-1 3.3989638e0 2.9242093e1 2.9242093e1
1.8271002e-1 3.3989638e0 2.9036258e1 2.9036258e1
2.0290002e-1 3.3989638e0 2.886335e1 2.886335e1
2.2309003e-1 3.3989638e0 2.8716557e1 2.8716557e1
2.4328003e-1 3.3989638e0 2.8590335e1 2.8590335e1
2.6347003e-1 3.3989638e0 2.8480836e1 2.8480836e1
2.8366003e-1 3.3989638e0 2.8385109e1 2.8385109e1
3.0385004e-1 3.3989638e0 2.8300821e1 2.8300821e1
3.2404004e-1 3.3989638e0 2.8226254e1 2.8226254e1
3.4423004e-1 3.3989638e0 2.815998e1 2.815998e1
3.6442004e-1 3.3989638e0 2.8100874e1 2.8100874e1
3.8461005e-1 3.3989638e0 2.80479e1 2.80479e1
4.0480005e-1 3.3989638e0 2.8000218e1 2.8000218e1
4.2499005e-1 3.3989638e0 2.7957368e1 2.7957368e1
4.4518005e-1 3.3989638e0 2.7918748e1 2.7918748e1
4.6537006e-1 3.3989638e0 2.7883832e1 2.7883832e1
4.8556006e-1 3.3989638e0 2.7852232e1 2.7852232e1
5.0575006e-1 3.3989638e0 2.7823628e1 2.7823628e1
5.2594006e-1 3.3989638e0 2.7797713e1 2.7797713e1
5.4613007e-1 3.3989638e0 2.7774228e1 2.7774228e1
5.6632007e-1 3.3989638e0 2.7752928e1 2.7752928e1
5.8651007e-1 3.3989638e0 2.7733649e1 2.7733649e1
6.0670007e-1 3.3989638e0 2.7716138e1 2.7716138e1
6.2689008e-1 3.3989638e0 2.7700316e1 2.7700316e1
6.4708008e-1 3.3989638e0 2.7686026e1 2.7686026e1
6.6727008e-1 3.3989638e0 2.7673132e1 2.7673132e1
6.8746008e-1 3.3989638e0 2.7661484e1 2.7661484e1
7.0765009e-1 3.3989638e0 2.765108e1 2.765108e1
7.2784009e-1 3.3989638e0 2.7641768e1 2.7641768e1
7.4803009e-1 3.3989638e0 2.7633453e1 2.7633453e1
7.682201e-1 3.3989638e0 2.7626053e1 2.7626053e1
7.884101e-1 3.3989638e0 2.7619548e1 2.7619548e1
8.086001e-1 3.3989638e0 2.7613828e1 2.7613828e1
8.287901e-1 3.3989638e0 2.7608896e1 2.7608896e1
8.489801e-1 3.3989638e0 2.7604666e1 2.7604666e1
8.691701e-1 3.3989638e0 2.7601091e1 2.7601091e1
8.893601e-1 3.3989638e0 2.7598137e1 2.7598137e1
9.0955011e-1 3.3989638e0 2.7595755e1 2.7595755e1
9.2974011e-1 3.3989638e0 2.7593913e1 2.7593913e1
9.4993011e-1 3.3989638e0 2.7592578e1 2.7592578e1
9.7012012e-1 3.3989638e0 2.7591718e1 2.7591718e1
9.9031012e-1 3.3989638e0 2.7591306e1 2.7591306e1
1.0105e0 3.3989638e0 2.7591312e1 2.7591312e1
1.03069e0 3.3989638e0 2.7591714e1 2.7591714e1
1.05088e0 3.3989638e0 2.7592488e1 2.7592488e1
1.0710701e0 3.3989638e0 2.7593614e1 2.7593614e1
1.09126e0 3.3989638e0 2.7595068e1 2.7595068e1
1.11145e0 3.3989638e0 2.759684e1 2.759684e1
1.13164e0 3.3989638e0 2.75989e1 2.75989e1
1.15183e0 3.3989638e0 2.7601242e1 2.7601242e1
1.1720201e0 3.3989638e0 2.7603853e1 2.7603853e1
1.1922101e0 3.3989638e0 2.7606712e1 2.7606712e1
1.2124e0 3.3989638e0 2.7609805e1 2.7609805e1
1.23259e0 3.3989638e0 2.761312e1 2.761312e1
1.25278e0 3.3989638e0 2.761665e1 2.761665e1
1.2729701e0 3.3989638e0 2.7620378e1 2.7620378e1
1.2931601e0 3.3989638e0 2.7624303e1 2.7624303e1
1.31335e0 3.3989638e0 2.7628404e1 2.7628404e1
1.33354e0 3.3989638e0 2.7632672e1 2.7632672e1
1.35373e0 3.3989638e0 2.7637114e1 2.7637114e1
1.3739201e0 3.3989638e0 2.7641702e1 2.7641702e1
1.3941101e0 3.3989638e0 2.7646436e1 2.7646436e1
1.4143001e0 3.3989638e0 2.7651323e1 2.7651323e1
1.43449e0 3.3989638e0 2.7656339e1 2.7656339e1
1.45468e0 3.3989638e0 2.766148e1 2.766148e1
1.4748701e0 3.3989638e0 2.7666731e1 2.7666731e1
1.4950601e0 3.3989638e0 2.7672119e1 2.7672119e1
1.5152501e0 3.3989638e0 2.7677577e1 2.7677577e1
1.53544e0 3.3989638e0 2.7683162e1 2.7683162e1
1.55563e0 3.3989638e0 2.7688864e1 2.7688864e1
1.5758202e0 3.3989638e0 2.7694647e1 2.7694647e1
1.5960101e0 3.3989638e0 2.7700522e1 2.7700522e1
1.6162001e0 3.3989638e0 2.7706462e1 2.7706462e1
1.63639e0 3.3989638e0 2.771251e1 2.771251e1
1.65658e0 3.3989638e0 2.7718619e1 2.7718619e1
1.6767702e0 3.3989638e0 2.7724814e1 2.7724814e1
1.6969601e0 3.3989638e0 2.7731078e1 2.7731078e1
1.7171501e0 3.3989638e0 2.7737349e1 2.7737349e1
1.7373401e0 3.3989638e0 2.7743753e1 2.7743753e1
1.75753e0 3.3989638e0 2.7750192e1 2.7750192e1
1.7777202e0 3.3989638e0 2.7756725e1 2.7756725e1
1.7979102e0 3.3989638e0 2.7763284e1 2.7763284e1
1.8181001e0 3.3989638e0 2.776988e1 2.776988e1
1.8382901e0 3.3989638e0 2.7776552e1 2.7776552e1
1.85848e0 3.3989638e0 2.7783284e1 2.7783284e1
1.8786702e0 3.3989638e0 2.7790028e1 2.7790028e1
1.8988602e0 3.3989638e0 2.779682e1 2.779682e1
1.9190501e0 3.3989638e0 2.7803575e1 2.7803575e1
1.9392401e0 3.3989638e0 2.7810446e1 2.7810446e1
1.9594301e0 3.3989638e0 2.7817378e1 2.7817378e1
1.9796202e0 3.3989638e0 2.7824345e1 2.7824345e1
1.9998102e0 3.3989638e0 2.7831291e1 2.7831291e1

1.0e-3 3.4418927e0 5.3020872e1 5.3020872e1
2.1190002e-2 3.4418927e0 3.6590025e1 3.6590025e1
4.1380005e-2 3.4418927e0 3.4234381e1 3.4234381e1
6.1570007e-2 3.4418927e0 3.3047891e1 3.3047891e1
8.176001e-2 3.4418927e0 3.2297324e1 3.2297324e1
1.0195001e-1 3.4418927e0 3.1769095e1 3.1769095e1
1.2214001e-1 3.4418927e0 3.137283e1 3.137283e1
1.4233002e-1 3.4418927e0 3.1062935e1 3.1062935e1
1.6252002e-1 3.4418927e0 3.0813202e1 3.0813202e1
1.8271002e-1 3.4418927e0 3.0607367e1 3.0607367e1
2.0290002e-1 3.4418927e0 3.0434459e1 3.0434459e1
2.2309003e-1 3.4418927e0 3.0287666e1 3.0287666e1
2.4328003e-1 3.4418927e0 3.0161444e1 3.0161444e1
2.6347003e-1 3.4418927e0 3.0051945e1 3.0051945e1
2.8366003e-1 3.4418927e0 2.9956218e1 2.9956218e1
3.0385004e-1 3.4418927e0 2.987193e1 2.987193e1
3.2404004e-1 3.4418927e0 2.9797363e1 2.9797363e1
3.4423004e-1 3.4418927e0 2.9731088e1 2.9731088e1
3.6442004e-1 3.4418927e0 2.9671983e1 2.9671983e1
3.8461005e-1 3.4418927e0 2.961901e1 2.961901e1
4.0480005e-1 3.4418927e0 2.9571327e1 2.9571327e1
4.2499005e-1 3.4418927e0 2.9528477e1 2.9528477e1
4.4518005e-1 3.4418927e0 2.9489857e1 2.9489857e1
4.6537006e-1 3.4418927e0 2.9454941e1 2.9454941e1
4.8556006e-1 3.4418927e0 2.9423341e1 2.9423341e1
5.0575006e-1 3.4418927e0 2.9394737e1 2.9394737e1
5.2594006e-1 3.4418927e0 2.9368822e1 2.9368822e1
5.4613007e-1 3.4418927e0 2.9345337e1 2.9345337e1
5.6632007e-1 3.4418927e0 2.9324037e1 2.9324037e1
5.8651007e-1 3.4418927e0 2.9304758e1 2.9304758e1
6.0670007e-1 3.4418927e0 2.9287247e1 2.9287247e1
6.2689008e-1 3.4418927e0 2.9271425e1 2.9271425e1
6.4708008e-1 3.4418927e0 2.9257135e1 2.9257135e1
6.6727008e-1 3.4418927e0 2.9244241e1 2.9244241e1
6.8746008e-1 3.4418927e0 2.9232593e1 2.9232593e1
7.0765009e-1 3.4418927e0 2.922219e1 2.922219e1
7.2784009e-1 3.4418927e0 2.9212877e1 2.9212877e1
7.4803009e-1 3.4418927e0 2.9204562e1 2.9204562e1
7.682201e-1 3.4418927e0 2.9197162e1 2.9197162e1
7.884101e-1 3.4418927e0 2.9190657e1 2.9190657e1
8.086001e-1 3.4418927e0 2.9184937e1 2.9184937e1
8.287901e-1 3.4418927e0 2.9180005e1 2.9180005e1
8.489801e-1 3.4418927e0 2.9175775e1 2.9175775e1
8.691701e-1 3.4418927e0 2.91722e1 2.91722e1
8.893601e-1 3.4418927e0 2.9169246e1 2.9169246e1
9.0955011e-1 3.4418927e0 2.9166864e1 2.9166864e1
9.2974011e-1 3.4418927e0 2.9165022e1 2.9165022e1
9.4993011e-1 3.4418927e0 2.9163687e1 2.9163687e1
9.7012012e-1 3.4418927e0 2.9162827e1 2.9162827e1
9.9031012e-1 3.4418927e0 2.9162415e1 2.9162415e1
1.0105e0 3.4418927e0 2.916242e1 2.916242e1
1.03069e0 3.4418927e0 2.9162823e1 2.9162823e1
1.05088e0 3.4418927e0 2.9163597e1 2.9163597e1
1.0710701e0 3.4418927e0 2.9164723e1 2.9164723e1
1.09126e0 3.4418927e0 2.9166177e1 2.9166177e1
1.11145e0 3.4418927e0 2.9167949e1 2.9167949e1
1.13164e0 3.4418927e0 2.9170009e1 2.9170009e1
1.15183e0 3.4418927e0 2.9172351e1 2.9172351e1
1.1720201e0 3.4418927e0 2.9174962e1 2.9174962e1
1.1922101e0 3.4418927e0 2.9177821e1 2.9177821e1
1.2124e0 3.4418927e0 2.9180914e1 2.9180914e1
1.23259e0 3.4418927e0 2.9184229e1 2.9184229e1
1.25278e0 3.4418927e0 2.918776e1 2.918776e1
1.2729701e0 3.4418927e0 2.9191487e1 2.9191487e1
1.2931601e0 3.4418927e0 2.9195412e1 2.9195412e1
1.31335e0 3.4418927e0 2.9199513e1 2.9199513e1
1.33354e0 3.4418927e0 2.9203781e1 2.9203781e1
1.35373e0 3.4418927e0 2.9208223e1 2.9208223e1
1.3739201e0 3.4418927e0 2.9212811e1 2.9212811e1
1.3941101e0 3.4418927e0 2.9217545e1 2.9217545e1
1.4143001e0 3.4418927e0 2.9222432e1 2.9222432e1
1.43449e0 3.4418927e0 2.9227448e1 2.9227448e1
1.45468e0 3.4418927e0 2.923259e1 2.923259e1
1.4748701e0 3.4418927e0 2.923784e1 2.923784e1
1.4950601e0 3.4418927e0 2.9243228e1 2.9243228e1
1.5152501e0 3.4418927e0 2.9248686e1 2.9248686e1
1.53544e0 3.4418927e0 2.9254271e1 2.9254271e1
1.55563e0 3.4418927e0 2.9259973e1 2.9259973e1
1.5758202e0 3.4418927e0 2.9265756e1 2.9265756e1
1.5960101e0 3.4418927e0 2.9271631e1 2.9271631e1
1.6162001e0 3.4418927e0 2.9277571e1 2.9277571e1
1.63639e0 3.4418927e0 2.928362e1 2.928362e1
1.65658e0 3.4418927e0 2.9289728e1 2.9289728e1
1.6767702e0 3.4418927e0 2.9295923e1 2.9295923e1
1.6969601e0 3.4418927e0 2.9302187e1 2.9302187e1
1.7171501e0 3.4418927e0 2.9308458e1 2.9308458e1
1.7373401e0 3.4418927e0 2.9314862e1 2.9314862e1
1.75753e0 3.4418927e0 2.9321301e1 2.9321301e1
1.7777202e0 3.4418927e0 2.9327834e1 2.9327834e1
1.7979102e0 3.4418927e0 2.9334393e1 2.9334393e1
1.8181001e0 3.4418927e0 2.934099e1 2.934099e1
1.8382901e0 3.4418927e0 2.9347661e1 2.9347661e1
1.85848e0 3.4418927e0 2.9354393e1 2.9354393e1
1.8786702e0 3.4418927e0 2.9361137e1 2.9361137e1
1.8988602e0 3.4418927e0 2.9367929e1 2.9367929e1
1.9190501e0 3.4418927e0 2.9374684e1 2.9374684e1
1.9392401e0 3.4418927e0 2.9381555e1 2.9381555e1
1.9594301e0 3.4418927e0 2.9388487e1 2.9388487e1
1.9796202e0 3.4418927e0 2.9395454e1 2.9395454e1
1.9998102e0 3.4418927e0 2.94024e1 2.94024e1

1.0e-3 3.4848218e0 5.465559e1 5.465559e1
2.1190002e-2 3.4848218e0 3.8224742e1 3.8224742e1
4.1380005e-2 3.4848218e0 3.5869098e1 3.5869098e1
6.1570007e-2 3.4848218e0 3.4682608e1 3.4682608e1
8.176001e-2 3.4848218e0 3.393204e1 3.393204e1
1.0195001e-1 3.4848218e0 3.3403812e1 3.3403812e1
1.2214001e-1 3.4848218e0 3.3007547e1 3.3007547e1
1.4233002e-1 3.4848218e0 3.2697652e1 3.2697652e1
1.6252002e-1 3.4848218e0 3.2447919e1 3.2447919e1
1.8271002e-1 3.4848218e0 3.2242084e1 3.2242084e1
2.0290002e-1 3.4848218e0 3.2069176e1 3.2069176e1
2.2309003e-1 3.4848218e0 3.1922383e1 3.1922383e1
2.4328003e-1 3.4848218e0 3.1796161e1 3.1796161e1
2.6347003e-1 3.4848218e0 3.1686662e1 3.1686662e1
2.8366003e-1 3.4848218e0 3.1590935e1 3.1590935e1
3.0385004e-1 3.4848218e0 3.1506647e1 3.1506647e1
3.2404004e-1 3.4848218e0 3.143208e1 3.143208e1
3.4423004e-1 3.4848218e0 3.1365805e1 3.1365805e1
3.6442004e-1 3.4848218e0 3.13067e1 3.13067e1
3.8461005e-1 3.4848218e0 3.1253726e1 3.1253726e1
4.0480005e-1 3.4848218e0 3.1206044e1 3.1206044e1
4.2499005e-1 3.4848218e0 3.1163194e1 3.1163194e1
4.4518005e-1 3.4848218e0 3.1124574e1 3.1124574e1
4.6537006e-1 3.4848218e0 3.1089658e1 3.1089658e1
4.8556006e-1 3.4848218e0 3.1058058e1 3.1058058e1
5.0575006e-1 3.4848218e0 3.1029454e1 3.1029454e1
5.2594006e-1 3.4848218e0 3.1003539e1 3.1003539e1
5.4613007e-1 3.4848218e0 3.0980054e1 3.0980054e1
5.6632007e-1 3.4848218e0 3.0958754e1 3.0958754e1
5.8651007e-1 3.4848218e0 3.0939474e1 3.0939474e1
6.0670007e-1 3.4848218e0 3.0921964e1 3.0921964e1
6.2689008e-1 3.4848218e0 3.0906142e1 3.0906142e1
6.4708008e-1 3.4848218e0 3.0891852e1 3.0891852e1
6.6727008e-1 3.4848218e0 3.0878958e1 3.0878958e1
6.8746008e-1 3.4848218e0 3.086731e1 3.086731e1
7.0765009e-1 3.4848218e0 3.0856906e1 3.0856906e1
7.2784009e-1 3.4848218e0 3.0847594e1 3.0847594e1
7.4803009e-1 3.4848218e0 3.0839279e1 3.0839279e1
7.682201e-1 3.4848218e0 3.0831879e1 3.0831879e1
7.884101e-1 3.4848218e0 3.0825374e1 3.0825374e1
8.086001e-1 3.4848218e0 3.0819653e1 3.0819653e1
8.287901e-1 3.4848218e0 3.0814722e1 3.0814722e1
8.489801e-1 3.4848218e0 3.0810492e1 3.0810492e1
8.691701e-1 3.4848218e0 3.0806917e1 3.0806917e1
8.893601e-1 3.4848218e0 3.0803963e1 3.0803963e1
9.0955011e-1 3.4848218e0 3.0801581e1 3.0801581e1
9.2974011e-1 3.4848218e0 3.0799739e1 3.0799739e1
9.4993011e-1 3.4848218e0 3.0798404e1 3.0798404e1
9.7012012e-1 3.4848218e0 3.0797543e1 3.0797543e1
9.9031012e-1 3.4848218e0 3.0797131e1 3.0797131e1
1.0105e0 3.4848218e0 3.0797137e1 3.0797137e1
1.03069e0 3.4848218e0 3.079754e1 3.079754e1
1.05088e0 3.4848218e0 3.0798314e1 3.0798314e1
1.0710701e0 3.4848218e0 3.079944e1 3.079944e1
1.09126e0 3.4848218e0 3.0800894e1 3.0800894e1
1.11145e0 3.4848218e0 3.0802666e1 3.0802666e1
1.13164e0 3.4848218e0 3.0804726e1 3.0804726e1
1.15183e0 3.4848218e0 3.0807068e1 3.0807068e1
1.1720201e0 3.4848218e0 3.0809679e1 3.0809679e1
1.1922101e0 3.4848218e0 3.0812538e1 3.0812538e1
1.2124e0 3.4848218e0 3.0815631e1 3.0815631e1
1.23259e0 3.4848218e0 3.0818945e1 3.0818945e1
1.25278e0 3.4848218e0 3.0822476e1 3.0822476e1
1.2729701e0 3.4848218e0 3.0826204e1 3.0826204e1
1.2931601e0 3.4848218e0 3.0830128e1 3.0830128e1
1.31335e0 3.4848218e0 3.083423e1 3.083423e1
1.33354e0 3.4848218e0 3.0838498e1 3.0838498e1
1.35373e0 3.4848218e0 3.084294e1 3.084294e1
1.3739201e0 3.4848218e0 3.0847528e1 3.0847528e1
1.3941101e0 3.4848218e0 3.0852261e1 3.0852261e1
1.4143001e0 3.4848218e0 3.0857149e1 3.0857149e1
1.43449e0 3.4848218e0 3.0862164e1 3.0862164e1
1.45468e0 3.4848218e0 3.0867307e1 3.0867307e1
1.4748701e0 3.4848218e0 3.0872557e1 3.0872557e1
1.4950601e0 3.4848218e0 3.0877945e1 3.0877945e1
1.5152501e0 3.4848218e0 3.0883403e1 3.0883403e1
1.53544e0 3.4848218e0 3.0888988e1 3.0888988e1
1.55563e0 3.4848218e0 3.089469e1 3.089469e1
1.5758202e0 3.4848218e0 3.0900473e1 3.0900473e1
1.5960101e0 3.4848218e0 3.0906348e1 3.0906348e1
1.6162001e0 3.4848218e0 3.0912288e1 3.0912288e1
1.63639e0 3.4848218e0 3.0918336e1 3.0918336e1
1.65658e0 3.4848218e0 3.0924445e1 3.0924445e1
1.6767702e0 3.4848218e0 3.093064e1 3.093064e1
1.6969601e0 3.4848218e0 3.0936903e1 3.0936903e1
1.7171501e0 3.4848218e0 3.0943175e1 3.0943175e1
1.7373401e0 3.4848218e0 3.0949579e1 3.0949579e1
1.75753e0 3.4848218e0 3.0956018e1 3.0956018e1
1.7777202e0 3.4848218e0 3.096255e1 3.096255e1
1.7979102e0 3.4848218e0 3.096911e1 3.096911e1
1.8181001e0 3.4848218e0 3.0975706e1 3.0975706e1
1.8382901e0 3.4848218e0 3.0982378e1 3.0982378e1
1.85848e0 3.4848218e0 3.098911e1 3.098911e1
1.8786702e0 3.4848218e0 3.0995854e1 3.0995854e1
1.8988602e0 3.4848218e0 3.1002646e1 3.1002646e1
1.9190501e0 3.4848218e0 3.1009401e1 3.1009401e1
1.9392401e0 3.4848218e0 3.1016272e1 3.1016272e1
1.9594301e0 3.4848218e0 3.1023204e1 3.1023204e1
1.9796202e0 3.4848218e0 3.1030171e1 3.1030171e1
1.9998102e0 3.4848218e0 3.1037117e1 3.1037117e1

1.0e-3 3.5277507e0 5.6355641e1 5.6355641e1
2.1190002e-2 3.5277507e0 3.9924794e1 3.9924794e1
4.1380005e-2 3.5277507e0 3.756915e1 3.756915e1
6.1570007e-2 3.5277507e0 3.638266e1 3.638266e1
8.176001e-2 3.5277507e0 3.5632092e1 3.5632092e1
1.0195001e-1 3.5277507e0 3.5103864e1 3.5103864e1
1.2214001e-1 3.5277507e0 3.4707599e1 3.4707599e1
1.4233002e-1 3.5277507e0 3.4397704e1 3.4397704e1
1.6252002e-1 3.5277507e0 3.414797e1 3.414797e1
1.8271002e-1 3.5277507e0 3.3942136e1 3.3942136e1
2.0290002e-1 3.5277507e0 3.3769228e1 3.3769228e1
2.2309003e-1 3.5277507e0 3.3622435e1 3.3622435e1
2.4328003e-1 3.5277507e0 3.3496213e1 3.3496213e1
2.6347003e-1 3.5277507e0 3.3386714e1 3.3386714e1
2.8366003e-1 3.5277507e0 3.3290987e1 3.3290987e1
3.0385004e-1 3.5277507e0 3.3206699e1 3.3206699e1
3.2404004e-1 3.5277507e0 3.3132132e1 3.3132132e1
3.4423004e-1 3.5277507e0 3.3065857e1 3.3065857e1
3.6442004e-1 3.5277507e0 3.3006752e1 3.3006752e1
3.8461005e-1 3.5277507e0 3.2953778e1 3.2953778e1
4.0480005e-1 3.5277507e0 3.2906096e1 3.2906096e1
4.2499005e-1 3.5277507e0 3.2863246e1 3.2863246e1
4.4518005e-1 3.5277507e0 3.2824626e1 3.2824626e1
4.6537006e-1 3.5277507e0 3.278971e1 3.278971e1
4.8556006e-1 3.5277507e0 3.275811e1 3.275811e1
5.0575006e-1 3.5277507e0 3.2729506e1 3.2729506e1
5.2594006e-1 3.5277507e0 3.270359e1 3.270359e1
5.4613007e-1 3.5277507e0 3.2680106e1 3.2680106e1
5.6632007e-1 3.5277507e0 3.2658806e1 3.2658806e1
5.8651007e-1 3.5277507e0 3.2639526e1 3.2639526e1
6.0670007e-1 3.5277507e0 3.2622015e1 3.2622015e1
6.2689008e-1 3.5277507e0 3.2606194e1 3.2606194e1
6.4708008e-1 3.5277507e0 3.2591904e1 3.2591904e1
6.6727008e-1 3.5277507e0 3.257901e1 3.257901e1
6.8746008e-1 3.5277507e0 3.2567361e1 3.2567361e1
7.0765009e-1 3.5277507e0 3.2556958e1 3.2556958e1
7.2784009e-1 3.5277507e0 3.2547646e1 3.2547646e1
7.4803009e-1 3.5277507e0 3.2539331e1 3.2539331e1
7.682201e-1 3.5277507e0 3.253193e1 3.253193e1
7.884101e-1 3.5277507e0 3.2525426e1 3.2525426e1
8.086001e-1 3.5277507e0 3.2519705e1 3.2519705e1
8.287901e-1 3.5277507e0 3.2514774e1 3.2514774e1
8.489801e-1 3.5277507e0 3.2510544e1 3.2510544e1
8.691701e-1 3.5277507e0 3.2506969e1 3.2506969e1
8.893601e-1 3.5277507e0 3.2504015e1 3.2504015e1
9.0955011e-1 3.5277507e0 3.2501633e1 3.2501633e1
9.2974011e-1 3.5277507e0 3.2499791e1 3.2499791e1
9.4993011e-1 3.5277507e0 3.2498456e1 3.2498456e1
9.7012012e-1 3.5277507e0 3.2497595e1 3.2497595e1
9.9031012e-1 3.5277507e0 3.2497183e1 3.2497183e1
1.0105e0 3.5277507e0 3.249719e1 3.249719e1
1.03069e0 3.5277507e0 3.2497592e1 3.2497592e1
1.05088e0 3.5277507e0 3.2498366e1 3.2498366e1
1.0710701e0 3.5277507e0 3.2499492e1 3.2499492e1
1.09126e0 3.5277507e0 3.2500946e1 3.2500946e1
1.11145e0 3.5277507e0 3.2502718e1 3.2502718e1
1.13164e0 3.5277507e0 3.2504778e1 3.2504778e1
1.15183e0 3.5277507e0 3.250712e1 3.250712e1
1.1720201e0 3.5277507e0 3.250973e1 3.250973e1
1.1922101e0 3.5277507e0 3.251259e1 3.251259e1
1.2124e0 3.5277507e0 3.2515683e1 3.2515683e1
1.23259e0 3.5277507e0 3.2518997e1 3.2518997e1
1.25278e0 3.5277507e0 3.2522528e1 3.2522528e1
1.2729701e0 3.5277507e0 3.2526256e1 3.2526256e1
1.2931601e0 3.5277507e0 3.253018e1 3.253018e1
1.31335e0 3.5277507e0 3.2534282e1 3.2534282e1
1.33354e0 3.5277507e0 3.253855e1 3.253855e1
1.35373e0 3.5277507e0 3.2542992e1 3.2542992e1
1.3739201e0 3.5277507e0 3.254758e1 3.254758e1
1.3941101e0 3.5277507e0 3.2552313e1 3.2552313e1
1.4143001e0 3.5277507e0 3.25572e1 3.25572e1
1.43449e0 3.5277507e0 3.2562216e1 3.2562216e1
1.45468e0 3.5277507e0 3.2567358e1 3.2567358e1
1.4748701e0 3.5277507e0 3.2572609e1 3.2572609e1
1.4950601e0 3.5277507e0 3.2577997e1 3.2577997e1
1.5152501e0 3.5277507e0 3.2583455e1 3.2583455e1
1.53544e0 3.5277507e0 3.258904e1 3.258904e1
1.55563e0 3.5277507e0 3.2594742e1 3.2594742e1
1.5758202e0 3.5277507e0 3.2600525e1 3.2600525e1
1.5960101e0 3.5277507e0 3.26064e1 3.26064e1
1.6162001e0 3.5277507e0 3.261234e1 3.261234e1
1.63639e0 3.5277507e0 3.2618388e1 3.2618388e1
1.65658e0 3.5277507e0 3.2624496e1 3.2624496e1
1.6767702e0 3.5277507e0 3.2630692e1 3.2630692e1
1.6969601e0 3.5277507e0 3.2636955e1 3.2636955e1
1.7171501e0 3.5277507e0 3.2643227e1 3.2643227e1
1.7373401e0 3.5277507e0 3.264963e1 3.264963e1
1.75753e0 3.5277507e0 3.265607e1 3.265607e1
1.7777202e0 3.5277507e0 3.2662602e1 3.2662602e1
1.7979102e0 3.5277507e0 3.2669162e1 3.2669162e1
1.8181001e0 3.5277507e0 3.2675758e1 3.2675758e1
1.8382901e0 3.5277507e0 3.268243e1 3.268243e1
1.85848e0 3.5277507e0 3.2689162e1 3.2689162e1
1.8786702e0 3.5277507e0 3.2695906e1 3.2695906e1
1.8988602e0 3.5277507e0 3.2702698e1 3.2702698e1
1.9190501e0 3.5277507e0 3.2709453e1 3.2709453e1
1.9392401e0 3.5277507e0 3.2716324e1 3.2716324e1
1.9594301e0 3.5277507e0 3.2723256e1 3.2723256e1
1.9796202e0 3.5277507e0 3.2730223e1 3.2730223e1
1.9998102e0 3.5277507e0 3.2737169e1 3.2737169e1

1.0e-3 3.5706798e0 5.8122696e1 5.8122696e1
2.1190002e-2 3.5706798e0 4.1691849e1 4.1691849e1
4.1380005e-2 3.5706798e0 3.9336205e1 3.9336205e1
6.1570007e-2 3.5706798e0 3.8149715e1 3.8149715e1
8.176001e-2 3.5706798e0 3.7399147e1 3.7399147e1
1.0195001e-1 3.5706798e0 3.6870918e1 3.6870918e1
1.2214001e-1 3.5706798e0 3.6474654e1 3.6474654e1
1.4233002e-1 3.5706798e0 3.6164758e1 3.6164758e1
1.6252002e-1 3.5706798e0 3.5915025e1 3.5915025e1
1.8271002e-1 3.5706798e0 3.570919e1 3.570919e1
2.0290002e-1 3.5706798e0 3.5536282e1 3.5536282e1
2.2309003e-1 3.5706798e0 3.538949e1 3.538949e1
2.4328003e-1 3.5706798e0 3.5263268e1 3.5263268e1
2.6347003e-1 3.5706798e0 3.5153769e1 3.5153769e1
2.8366003e-1 3.5706798e0 3.5058041e1 3.5058041e1
3.0385004e-1 3.5706798e0 3.4973753e1 3.4973753e1
3.2404004e-1 3.5706798e0 3.4899187e1 3.4899187e1
3.4423004e-1 3.5706798e0 3.4832912e1 3.4832912e1
3.6442004e-1 3.5706798e0 3.4773807e1 3.4773807e1
3.8461005e-1 3.5706798e0 3.4720833e1 3.4720833e1
4.0480005e-1 3.5706798e0 3.467315e1 3.467315e1
4.2499005e-1 3.5706798e0 3.4630301e1 3.4630301e1
4.4518005e-1 3.5706798e0 3.4591681e1 3.4591681e1
4.6537006e-1 3.5706798e0 3.4556764e1 3.4556764e1
4.8556006e-1 3.5706798e0 3.4525165e1 3.4525165e1
5.0575006e-1 3.5706798e0 3.449656e1 3.449656e1
5.2594006e-1 3.5706798e0 3.4470645e1 3.4470645e1
5.4613007e-1 3.5706798e0 3.444716e1 3.444716e1
5.6632007e-1 3.5706798e0 3.442586e1 3.442586e1
5.8651007e-1 3.5706798e0 3.4406581e1 3.4406581e1
6.0670007e-1 3.5706798e0 3.438907e1 3.438907e1
6.2689008e-1 3.5706798e0 3.4373248e1 3.4373248e1
6.4708008e-1 3.5706798e0 3.4358958e1 3.4358958e1
6.6727008e-1 3.5706798e0 3.4346065e1 3.4346065e1
6.8746008e-1 3.5706798e0 3.4334416e1 3.4334416e1
7.0765009e-1 3.5706798e0 3.4324013e1 3.4324013e1
7.2784009e-1 3.5706798e0 3.43147e1 3.43147e1
7.4803009e-1 3.5706798e0 3.4306386e1 3.4306386e1
7.682201e-1 3.5706798e0 3.4298985e1 3.4298985e1
7.884101e-1 3.5706798e0 3.429248e1 3.429248e1
8.086001e-1 3.5706798e0 3.428676e1 3.428676e1
8.287901e-1 3.5706798e0 3.4281828e1 3.4281828e1
8.489801e-1 3.5706798e0 3.4277599e1 3.4277599e1
8.691701e-1 3.5706798e0 3.4274023e1 3.4274023e1
8.893601e-1 3.5706798e0 3.427107e1 3.427107e1
9.0955011e-1 3.5706798e0 3.4268687e1 3.4268687e1
9.2974011e-1 3.5706798e0 3.4266846e1 3.4266846e1
9.4993011e-1 3.5706798e0 3.426551e1 3.426551e1
9.7012012e-1 3.5706798e0 3.426465e1 3.426465e1
9.9031012e-1 3.5706798e0 3.4264238e1 3.4264238e1
1.0105e0 3.5706798e0 3.4264244e1 3.4264244e1
1.03069e0 3.5706798e0 3.4264647e1 3.4264647e1
1.05088e0 3.5706798e0 3.426542e1 3.426542e1
1.0710701e0 3.5706798e0 3.4266547e1 3.4266547e1
1.09126e0 3.5706798e0 3.4268001e1 3.4268001e1
1.11145e0 3.5706798e0 3.4269772e1 3.4269772e1
1.13164e0 3.5706798e0 3.4271832e1 3.4271832e1
1.15183e0 3.5706798e0 3.4274174e1 3.4274174e1
1.1720201e0 3.5706798e0 3.4276785e1 3.4276785e1
1.1922101e0 3.5706798e0 3.4279645e1 3.4279645e1
1.2124e0 3.5706798e0 3.4282738e1 3.4282738e1
1.23259e0 3.5706798e0 3.4286052e1 3.4286052e1
1.25278e0 3.5706798e0 3.4289583e1 3.4289583e1
1.2729701e0 3.5706798e0 3.429331e1 3.429331e1
1.2931601e0 3.5706798e0 3.4297235e1 3.4297235e1
1.31335e0 3.5706798e0 3.4301337e1 3.4301337e1
1.33354e0 3.5706798e0 3.4305605e1 3.4305605e1
1.35373e0 3.5706798e0 3.4310046e1 3.4310046e1
1.3739201e0 3.5706798e0 3.4314635e1 3.4314635e1
1.3941101e0 3.5706798e0 3.4319368e1 3.4319368e1
1.4143001e0 3.5706798e0 3.4324255e1 3.4324255e1
1.43449e0 3.5706798e0 3.4329271e1 3.4329271e1
1.45468e0 3.5706798e0 3.4334413e1 3.4334413e1
1.4748701e0 3.5706798e0 3.4339664e1 3.4339664e1
1.4950601e0 3.5706798e0 3.4345052e1 3.4345052e1
1.5152501e0 3.5706798e0 3.435051e1 3.435051e1
1.53544e0 3.5706798e0 3.4356094e1 3.4356094e1
1.55563e0 3.5706798e0 3.4361797e1 3.4361797e1
1.5758202e0 3.5706798e0 3.436758e1 3.436758e1
1.5960101e0 3.5706798e0 3.4373454e1 3.4373454e1
1.6162001e0 3.5706798e0 3.4379395e1 3.4379395e1
1.63639e0 3.5706798e0 3.4385443e1 3.4385443e1
1.65658e0 3.5706798e0 3.4391551e1 3.4391551e1
1.6767702e0 3.5706798e0 3.4397746e1 3.4397746e1
1.6969601e0 3.5706798e0 3.440401e1 3.440401e1
1.7171501e0 3.5706798e0 3.4410281e1 3.4410281e1
1.7373401e0 3.5706798e0 3.4416685e1 3.4416685e1
1.75753e0 3.5706798e0 3.4423125e1 3.4423125e1
1.7777202e0 3.5706798e0 3.4429657e1 3.4429657e1
1.7979102e0 3.5706798e0 3.4436217e1 3.4436217e1
1.8181001e0 3.5706798e0 3.4442813e1 3.4442813e1
1.8382901e0 3.5706798e0 3.4449484e1 3.4449484e1
1.85848e0 3.5706798e0 3.4456216e1 3.4456216e1
1.8786702e0 3.5706798e0 3.4462961e1 3.4462961e1
1.8988602e0 3.5706798e0 3.4469753e1 3.4469753e1
1.9190501e0 3.5706798e0 3.4476508e1 3.4476508e1
1.9392401e0 3.5706798e0 3.4483379e1 3.4483379e1
1.9594301e0 3.5706798e0 3.449031e1 3.449031e1
1.9796202e0 3.5706798e0 3.4497278e1 3.4497278e1
1.9998102e0 3.5706798e0 3.4504224e1 3.4504224e1

1.0e-3 3.6136087e0 5.995835e1 5.995835e1
2.1190002e-2 3.6136087e0 4.3527502e1 4.3527502e1
4.1380005e-2 3.6136087e0 4.1171858e1 4.1171858e1
6.1570007e-2 3.6136087e0 3.9985368e1 3.9985368e1
8.176001e-2 3.6136087e0 3.92348e1 3.92348e1
1.0195001e-1 3.6136087e0 3.8706572e1 3.8706572e1
1.2214001e-1 3.6136087e0 3.8310307e1 3.8310307e1
1.4233002e-1 3.6136087e0 3.8000412e1 3.8000412e1
1.6252002e-1 3.6136087e0 3.7750679e1 3.7750679e1
1.8271002e-1 3.6136087e0 3.7544844e1 3.7544844e1
2.0290002e-1 3.6136087e0 3.7371936e1 3.7371936e1
2.2309003e-1 3.6136087e0 3.7225143e1 3.7225143e1
2.4328003e-1 3.6136087e0 3.7098921e1 3.7098921e1
2.6347003e-1 3.6136087e0 3.6989423e1 3.6989423e1
2.8366003e-1 3.6136087e0 3.6893695e1 3.6893695e1
3.0385004e-1 3.6136087e0 3.6809407e1 3.6809407e1
3.2404004e-1 3.6136087e0 3.673484e1 3.673484e1
3.4423004e-1 3.6136087e0 3.6668565e1 3.6668565e1
3.6442004e-1 3.6136087e0 3.660946e1 3.660946e1
3.8461005e-1 3.6136087e0 3.6556487e1 3.6556487e1
4.0480005e-1 3.6136087e0 3.6508804e1 3.6508804e1
4.2499005e-1 3.6136087e0 3.6465955e1 3.6465955e1
4.4518005e-1 3.6136087e0 3.6427335e1 3.6427335e1
4.6537006e-1 3.6136087e0 3.6392418e1 3.6392418e1
4.8556006e-1 3.6136087e0 3.6360818e1 3.6360818e1
5.0575006e-1 3.6136087e0 3.6332214e1 3.6332214e1
5.2594006e-1 3.6136087e0 3.6306299e1 3.6306299e1
5.4613007e-1 3.6136087e0 3.6282814e1 3.6282814e1
5.6632007e-1 3.6136087e0 3.6261514e1 3.6261514e1
5.8651007e-1 3.6136087e0 3.6242235e1 3.6242235e1
6.0670007e-1 3.6136087e0 3.6224724e1 3.6224724e1
6.2689008e-1 3.6136087e0 3.6208902e1 3.6208902e1
6.4708008e-1 3.6136087e0 3.6194612e1 3.6194612e1
6.6727008e-1 3.6136087e0 3.6181718e1 3.6181718e1
6.8746008e-1 3.6136087e0 3.617007e1 3.617007e1
7.0765009e-1 3.6136087e0 3.6159666e1 3.6159666e1
7.2784009e-1 3.6136087e0 3.6150354e1 3.6150354e1
7.4803009e-1 3.6136087e0 3.614204e1 3.614204e1
7.682201e-1 3.6136087e0 3.6134639e1 3.6134639e1
7.884101e-1 3.6136087e0 3.6128134e1 3.6128134e1
8.086001e-1 3.6136087e0 3.6122414e1 3.6122414e1
8.287901e-1 3.6136087e0 3.6117482e1 3.6117482e1
8.489801e-1 3.6136087e0 3.6113252e1 3.6113252e1
8.691701e-1 3.6136087e0 3.6109677e1 3.6109677e1
8.893601e-1 3.6136087e0 3.6106723e1 3.6106723e1
9.0955011e-1 3.6136087e0 3.6104341e1 3.6104341e1
9.2974011e-1 3.6136087e0 3.61025e1 3.61025e1
9.4993011e-1 3.6136087e0 3.6101164e1 3.6101164e1
9.7012012e-1 3.6136087e0 3.6100304e1 3.6100304e1
9.9031012e-1 3.6136087e0 3.6099892e1 3.6099892e1
1.0105e0 3.6136087e0 3.6099898e1 3.6099898e1
1.03069e0 3.6136087e0 3.61003e1 3.61003e1
1.05088e0 3.6136087e0 3.6101074e1 3.6101074e1
1.0710701e0 3.6136087e0 3.61022e1 3.61022e1
1.09126e0 3.6136087e0 3.6103654e1 3.6103654e1
1.11145e0 3.6136087e0 3.6105426e1 3.6105426e1
1.13164e0 3.6136087e0 3.6107486e1 3.6107486e1
1.15183e0 3.6136087e0 3.6109828e1 3.6109828e1
1.1720201e0 3.6136087e0 3.6112439e1 3.6112439e1
1.1922101e0 3.6136087e0 3.6115298e1 3.6115298e1
1.2124e0 3.6136087e0 3.6118391e1 3.6118391e1
1.23259e0 3.6136087e0 3.6121706e1 3.6121706e1
1.25278e0 3.6136087e0 3.6125237e1 3.6125237e1
1.2729701e0 3.6136087e0 3.6128964e1 3.6128964e1
1.2931601e0 3.6136087e0 3.6132889e1 3.6132889e1
1.31335e0 3.6136087e0 3.613699e1 3.613699e1
1.33354e0 3.6136087e0 3.6141258e1 3.6141258e1
1.35373e0 3.6136087e0 3.61457e1 3.61457e1
1.3739201e0 3.6136087e0 3.6150288e1 3.6150288e1
1.3941101e0 3.6136087e0 3.6155022e1 3.6155022e1
1.4143001e0 3.6136087e0 3.6159909e1 3.6159909e1
1.43449e0 3.6136087e0 3.6164925e1 3.6164925e1
1.45468e0 3.6136087e0 3.6170067e1 3.6170067e1
1.4748701e0 3.6136087e0 3.6175317e1 3.6175317e1
1.4950601e0 3.6136087e0 3.6180705e1 3.6180705e1
1.5152501e0 3.6136087e0 3.6186163e1 3.6186163e1
1.53544e0 3.6136087e0 3.6191748e1 3.6191748e1
1.55563e0 3.6136087e0 3.619745e1 3.619745e1
1.5758202e0 3.6136087e0 3.6203233e1 3.6203233e1
1.5960101e0 3.6136087e0 3.6209108e1 3.6209108e1
1.6162001e0 3.6136087e0 3.6215048e1 3.6215048e1
1.63639e0 3.6136087e0 3.6221097e1 3.6221097e1
1.65658e0 3.6136087e0 3.6227205e1 3.6227205e1
1.6767702e0 3.6136087e0 3.62334e1 3.62334e1
1.6969601e0 3.6136087e0 3.6239664e1 3.6239664e1
1.7171501e0 3.6136087e0 3.6245935e1 3.6245935e1
1.7373401e0 3.6136087e0 3.6252339e1 3.6252339e1
1.75753e0 3.6136087e0 3.6258778e1 3.6258778e1
1.7777202e0 3.6136087e0 3.626531e1 3.626531e1
1.7979102e0 3.6136087e0 3.627187e1 3.627187e1
1.8181001e0 3.6136087e0 3.6278467e1 3.6278467e1
1.8382901e0 3.6136087e0 3.6285138e1 3.6285138e1
1.85848e0 3.6136087e0 3.629187e1 3.629187e1
1.8786702e0 3.6136087e0 3.6298615e1 3.6298615e1
1.8988602e0 3.6136087e0 3.6305406e1 3.6305406e1
1.9190501e0 3.6136087e0 3.6312161e1 3.6312161e1
1.9392401e0 3.6136087e0 3.6319032e1 3.6319032e1
1.9594301e0 3.6136087e0 3.6325964e1 3.6325964e1
1.9796202e0 3.6136087e0 3.6332932e1 3.6332932e1
1.9998102e0 3.6136087e0 3.6339877e1 3.6339877e1

1.0e-3 3.6565376e0 6.1864304e1 6.1864304e1
2.1190002e-2 3.6565376e0 4.5433456e1 4.5433456e1
4.1380005e-2 3.6565376e0 4.3077812e1 4.3077812e1
6.1570007e-2 3.6565376e0 4.1891322e1 4.1891322e1
8.176001e-2 3.6565376e0 4.1140755e1 4.1140755e1
1.0195001e-1 3.6565376e0 4.0612526e1 4.0612526e1
1.2214001e-1 3.6565376e0 4.0216261e1 4.0216261e1
1.4233002e-1 3.6565376e0 3.9906366e1 3.9906366e1
1.6252002e-1 3.6565376e0 3.9656633e1 3.9656633e1
1.8271002e-1 3.6565376e0 3.9450798e1 3.9450798e1
2.0290002e-1 3.6565376e0 3.927789e1 3.927789e1
2.2309003e-1 3.6565376e0 3.9131097e1 3.9131097e1
2.4328003e-1 3.6565376e0 3.9004875e1 3.9004875e1
2.6347003e-1 3.6565376e0 3.8895377e1 3.8895377e1
2.8366003e-1 3.6565376e0 3.8799649e1 3.8799649e1
3.0385004e-1 3.6565376e0 3.8715361e1 3.8715361e1
3.2404004e-1 3.6565376e0 3.8640794e1 3.8640794e1
3.4423004e-1 3.6565376e0 3.857452e1 3.857452e1
3.6442004e-1 3.6565376e0 3.8515414e1 3.8515414e1
3.8461005e-1 3.6565376e0 3.846244e1 3.846244e1
4.0480005e-1 3.6565376e0 3.8414758e1 3.8414758e1
4.2499005e-1 3.6565376e0 3.8371909e1 3.8371909e1
4.4518005e-1 3.6565376e0 3.8333289e1 3.8333289e1
4.6537006e-1 3.6565376e0 3.8298372e1 3.8298372e1
4.8556006e-1 3.6565376e0 3.8266772e1 3.8266772e1
5.0575006e-1 3.6565376e0 3.8238168e1 3.8238168e1
5.2594006e-1 3.6565376e0 3.8212253e1 3.8212253e1
5.4613007e-1 3.6565376e0 3.8188768e1 3.8188768e1
5.6632007e-1 3.6565376e0 3.8167468e1 3.8167468e1
5.8651007e-1 3.6565376e0 3.8148189e1 3.8148189e1
6.0670007e-1 3.6565376e0 3.8130678e1 3.8130678e1
6.2689008e-1 3.6565376e0 3.8114856e1 3.8114856e1
6.4708008e-1 3.6565376e0 3.8100566e1 3.8100566e1
6.6727008e-1 3.6565376e0 3.8087672e1 3.8087672e1
6.8746008e-1 3.6565376e0 3.8076024e1 3.8076024e1
7.0765009e-1 3.6565376e0 3.806562e1 3.806562e1
7.2784009e-1 3.6565376e0 3.8056308e1 3.8056308e1
7.4803009e-1 3.6565376e0 3.8047993e1 3.8047993e1
7.682201e-1 3.6565376e0 3.8040593e1 3.8040593e1
7.884101e-1 3.6565376e0 3.8034088e1 3.8034088e1
8.086001e-1 3.6565376e0 3.8028368e1 3.8028368e1
8.287901e-1 3.6565376e0 3.8023436e1 3.8023436e1
8.489801e-1 3.6565376e0 3.8019206e1 3.8019206e1
8.691701e-1 3.6565376e0 3.8015631e1 3.8015631e1
8.893601e-1 3.6565376e0 3.8012677e1 3.8012677e1
9.0955011e-1 3.6565376e0 3.8010295e1 3.8010295e1
9.2974011e-1 3.6565376e0 3.8008453e1 3.8008453e1
9.4993011e-1 3.6565376e0 3.8007118e1 3.8007118e1
9.7012012e-1 3.6565376e0 3.8006258e1 3.8006258e1
9.9031012e-1 3.6565376e0 3.8005846e1 3.8005846e1
1.0105e0 3.6565376e0 3.8005852e1 3.8005852e1
1.03069e0 3.6565376e0 3.8006255e1 3.8006255e1
1.05088e0 3.6565376e0 3.8007028e1 3.8007028e1
1.0710701e0 3.6565376e0 3.8008154e1 3.8008154e1
1.09126e0 3.6565376e0 3.8009608e1 3.8009608e1
1.11145e0 3.6565376e0 3.801138e1 3.801138e1
1.13164e0 3.6565376e0 3.801344e1 3.801344e1
1.15183e0 3.6565376e0 3.8015782e1 3.8015782e1
1.1720201e0 3.6565376e0 3.8018393e1 3.8018393e1
1.1922101e0 3.6565376e0 3.8021252e1 3.8021252e1
1.2124e0 3.6565376e0 3.8024345e1 3.8024345e1
1.23259e0 3.6565376e0 3.802766e1 3.802766e1
1.25278e0 3.6565376e0 3.803119e1 3.803119e1
1.2729701e0 3.6565376e0 3.8034918e1 3.8034918e1
1.2931601e0 3.6565376e0 3.8038843e1 3.8038843e1
1.31335e0 3.6565376e0 3.8042944e1 3.8042944e1
1.33354e0 3.6565376e0 3.8047212e1 3.8047212e1
1.35373e0 3.6565376e0 3.8051654e1 3.8051654e1
1.3739201e0 3.6565376e0 3.8056242e1 3.8056242e1
1.3941101e0 3.6565376e0 3.8060976e1 3.8060976e1
1.4143001e0 3.6565376e0 3.8065863e1 3.8065863e1
1.43449e0 3.6565376e0 3.8070879e1 3.8070879e1
1.45468e0 3.6565376e0 3.8076021e1 3.8076021e1
1.4748701e0 3.6565376e0 3.8081271e1 3.8081271e1
1.4950601e0 3.6565376e0 3.808666e1 3.808666e1
1.5152501e0 3.6565376e0 3.8092117e1 3.8092117e1
1.53544e0 3.6565376e0 3.8097702e1 3.8097702e1
1.55563e0 3.6565376e0 3.8103404e1 3.8103404e1
1.5758202e0 3.6565376e0 3.8109187e1 3.8109187e1
1.5960101e0 3.6565376e0 3.8115062e1 3.8115062e1
1.6162001e0 3.6565376e0 3.8121002e1 3.8121002e1
1.63639e0 3.6565376e0 3.8127051e1 3.8127051e1
1.65658e0 3.6565376e0 3.8133159e1 3.8133159e1
1.6767702e0 3.6565376e0 3.8139354e1 3.8139354e1
1.6969601e0 3.6565376e0 3.8145618e1 3.8145618e1
1.7171501e0 3.6565376e0 3.8151889e1 3.8151889e1
1.7373401e0 3.6565376e0 3.8158293e1 3.8158293e1
1.75753e0 3.6565376e0 3.8164732e1 3.8164732e1
1.7777202e0 3.6565376e0 3.8171265e1 3.8171265e1
1.7979102e0 3.6565376e0 3.8177824e1 3.8177824e1
1.8181001e0 3.6565376e0 3.8184421e1 3.8184421e1
1.8382901e0 3.6565376e0 3.8191092e1 3.8191092e1
1.85848e0 3.6565376e0 3.8197824e1 3.8197824e1
1.8786702e0 3.6565376e0 3.8204568e1 3.8204568e1
1.8988602e0 3.6565376e0 3.821136e1 3.821136e1
1.9190501e0 3.6565376e0 3.8218115e1 3.8218115e1
1.9392401e0 3.6565376e0 3.8224986e1 3.8224986e1
1.9594301e0 3.6565376e0 3.8231918e1 3.8231918e1
1.9796202e0 3.6565376e0 3.8238885e1 3.8238885e1
1.9998102e0 3.6565376e0 3.8245831e1 3.8245831e1

1.0e-3 3.6994667e0 6.3842474e1 6.3842474e1
2.1190002e-2 3.6994667e0 4.7411627e1 4.7411627e1
4.1380005e-2 3.6994667e0 4.5055983e1 4.5055983e1
6.1570007e-2 3.6994667e0 4.3869493e1 4.3869493e1
8.176001e-2 3.6994667e0 4.3118925e1 4.3118925e1
1.0195001e-1 3.6994667e0 4.2590697e1 4.2590697e1
1.2214001e-1 3.6994667e0 4.2194432e1 4.2194432e1
1.4233002e-1 3.6994667e0 4.1884537e1 4.1884537e1
1.6252002e-1 3.6994667e0 4.1634804e1 4.1634804e1
1.8271002e-1 3.6994667e0 4.1428969e1 4.1428969e1
2.0290002e-1 3.6994667e0 4.1256061e1 4.1256061e1
2.2309003e-1 3.6994667e0 4.1109268e1 4.1109268e1
2.4328003e-1 3.6994667e0 4.0983046e1 4.0983046e1
2.6347003e-1 3.6994667e0 4.0873547e1 4.0873547e1
2.8366003e-1 3.6994667e0 4.077782e1 4.077782e1
3.0385004e-1 3.6994667e0 4.0693532e1 4.0693532e1
3.2404004e-1 3.6994667e0 4.0618965e1 4.0618965e1
3.4423004e-1 3.6994667e0 4.055269e1 4.055269e1
3.6442004e-1 3.6994667e0 4.0493585e1 4.0493585e1
3.8461005e-1 3.6994667e0 4.0440611e1 4.0440611e1
4.0480005e-1 3.6994667e0 4.0392929e1 4.0392929e1
4.2499005e-1 3.6994667e0 4.035008e1 4.035008e1
4.4518005e-1 3.6994667e0 4.031146e1 4.031146e1
4.6537006e-1 3.6994667e0 4.0276543e1 4.0276543e1
4.8556006e-1 3.6994667e0 4.0244943e1 4.0244943e1
5.0575006e-1 3.6994667e0 4.0216339e1 4.0216339e1
5.2594006e-1 3.6994667e0 4.0190424e1 4.0190424e1
5.4613007e-1 3.6994667e0 4.0166939e1 4.0166939e1
5.6632007e-1 3.6994667e0 4.0145639e1 4.0145639e1
5.8651007e-1 3.6994667e0 4.012636e1 4.012636e1
6.0670007e-1 3.6994667e0 4.0108849e1 4.0108849e1
6.2689008e-1 3.6994667e0 4.0093027e1 4.0093027e1
6.4708008e-1 3.6994667e0 4.0078737e1 4.0078737e1
6.6727008e-1 3.6994667e0 4.0065843e1 4.0065843e1
6.8746008e-1 3.6994667e0 4.0054195e1 4.0054195e1
7.0765009e-1 3.6994667e0 4.0043791e1 4.0043791e1
7.2784009e-1 3.6994667e0 4.0034479e1 4.0034479e1
7.4803009e-1 3.6994667e0 4.0026164e1 4.0026164e1
7.682201e-1 3.6994667e0 4.0018764e1 4.0018764e1
7.884101e-1 3.6994667e0 4.0012259e1 4.0012259e1
8.086001e-1 3.6994667e0 4.0006538e1 4.0006538e1
8.287901e-1 3.6994667e0 4.0001607e1 4.0001607e1
8.489801e-1 3.6994667e0 3.9997377e1 3.9997377e1
8.691701e-1 3.6994667e0 3.9993802e1 3.9993802e1
8.893601e-1 3.6994667e0 3.9990848e1 3.9990848e1
9.0955011e-1 3.6994667e0 3.9988466e1 3.9988466e1
9.2974011e-1 3.6994667e0 3.9986624e1 3.9986624e1
9.4993011e-1 3.6994667e0 3.9985289e1 3.9985289e1
9.7012012e-1 3.6994667e0 3.9984428e1 3.9984428e1
9.9031012e-1 3.6994667e0 3.9984016e1 3.9984016e1
1.0105e0 3.6994667e0 3.9984023e1 3.9984023e1
1.03069e0 3.6994667e0 3.9984425e1 3.9984425e1
1.05088e0 3.6994667e0 3.9985199e1 3.9985199e1
1.0710701e0 3.6994667e0 3.9986325e1 3.9986325e1
1.09126e0 3.6994667e0 3.9987779e1 3.9987779e1
1.11145e0 3.6994667e0 3.9989551e1 3.9989551e1
1.13164e0 3.6994667e0 3.999161e1 3.999161e1
1.15183e0 3.6994667e0 3.9993953e1 3.9993953e1
1.1720201e0 3.6994667e0 3.9996564e1 3.9996564e1
1.1922101e0 3.6994667e0 3.9999423e1 3.9999423e1
1.2124e0 3.6994667e0 4.0002516e1 4.0002516e1
1.23259e0 3.6994667e0 4.000583e1 4.000583e1
1.25278e0 3.6994667e0 4.0009361e1 4.0009361e1
1.2729701e0 3.6994667e0 4.0013089e1 4.0013089e1
1.2931601e0 3.6994667e0 4.0017014e1 4.0017014e1
1.31335e0 3.6994667e0 4.0021115e1 4.0021115e1
1.33354e0 3.6994667e0 4.0025383e1 4.0025383e1
1.35373e0 3.6994667e0 4.0029825e1 4.0029825e1
1.3739201e0 3.6994667e0 4.0034413e1 4.0034413e1
1.3941101e0 3.6994667e0 4.0039146e1 4.0039146e1
1.4143001e0 3.6994667e0 4.0044034e1 4.0044034e1
1.43449e0 3.6994667e0 4.004905e1 4.004905e1
1.45468e0 3.6994667e0 4.0054192e1 4.0054192e1
1.4748701e0 3.6994667e0 4.0059442e1 4.0059442e1
1.4950601e0 3.6994667e0 4.006483e1 4.006483e1
1.5152501e0 3.6994667e0 4.0070288e1 4.0070288e1
1.53544e0 3.6994667e0 4.0075873e1 4.0075873e1
1.55563e0 3.6994667e0 4.0081575e1 4.0081575e1
1.5758202e0 3.6994667e0 4.0087358e1 4.0087358e1
1.5960101e0 3.6994667e0 4.0093233e1 4.0093233e1
1.6162001e0 3.6994667e0 4.0099173e1 4.0099173e1
1.63639e0 3.6994667e0 4.0105222e1 4.0105222e1
1.65658e0 3.6994667e0 4.011133e1 4.011133e1
1.6767702e0 3.6994667e0 4.0117525e1 4.0117525e1
1.6969601e0 3.6994667e0 4.0123788e1 4.0123788e1
1.7171501e0 3.6994667e0 4.013006e1 4.013006e1
1.7373401e0 3.6994667e0 4.0136464e1 4.0136464e1
1.75753e0 3.6994667e0 4.0142903e1 4.0142903e1
1.7777202e0 3.6994667e0 4.0149435e1 4.0149435e1
1.7979102e0 3.6994667e0 4.0155995e1 4.0155995e1
1.8181001e0 3.6994667e0 4.0162592e1 4.0162592e1
1.8382901e0 3.6994667e0 4.0169263e1 4.0169263e1
1.85848e0 3.6994667e0 4.0175995e1 4.0175995e1
1.8786702e0 3.6994667e0 4.018274e1 4.018274e1
1.8988602e0 3.6994667e0 4.0189531e1 4.0189531e1
1.9190501e0 3.6994667e0 4.0196286e1 4.0196286e1
1.9392401e0 3.6994667e0 4.0203157e1 4.0203157e1
1.9594301e0 3.6994667e0 4.0210089e1 4.0210089e1
1.9796202e0 3.6994667e0 4.0217056e1 4.0217056e1
1.9998102e0 3.6994667e0 4.0224002e1 4.0224002e1

1.0e-3 3.7423956e0 6.5894417e1 6.5894417e1
2.1190002e-2 3.7423956e0 4.946357e1 4.946357e1
4.1380005e-2 3.7423956e0 4.7107925e1 4.7107925e1
6.1570007e-2 3.7423956e0 4.5921436e1 4.5921436e1
8.176001e-2 3.7423956e0 4.5170868e1 4.5170868e1
1.0195001e-1 3.7423956e0 4.4642639e1 4.4642639e1
1.2214001e-1 3.7423956e0 4.4246375e1 4.4246375e1
1.4233002e-1 3.7423956e0 4.3936479e1 4.3936479e1
1.6252002e-1 3.7423956e0 4.3686746e1 4.3686746e1
1.8271002e-1 3.7423956e0 4.3480911e1 4.3480911e1
2.0290002e-1 3.7423956e0 4.3308003e1 4.3308003e1
2.2309003e-1 3.7423956e0 4.316121e1 4.316121e1
2.4328003e-1 3.7423956e0 4.3034988e1 4.3034988e1
2.6347003e-1 3.7423956e0 4.292549e1 4.292549e1
2.8366003e-1 3.7423956e0 4.2829762e1 4.2829762e1
3.0385004e-1 3.7423956e0 4.2745474e1 4.2745474e1
3.2404004e-1 3.7423956e0 4.2670908e1 4.2670908e1
3.4423004e-1 3.7423956e0 4.2604633e1 4.2604633e1
3.6442004e-1 3.7423956e0 4.2545528e1 4.2545528e1
3.8461005e-1 3.7423956e0 4.2492554e1 4.2492554e1
4.0480005e-1 3.7423956e0 4.2444872e1 4.2444872e1
4.2499005e-1 3.7423956e0 4.2402022e1 4.2402022e1
4.4518005e-1 3.7423956e0 4.2363402e1 4.2363402e1
4.6537006e-1 3.7423956e0 4.2328485e1 4.2328485e1
4.8556006e-1 3.7423956e0 4.2296886e1 4.2296886e1
5.0575006e-1 3.7423956e0 4.2268282e1 4.2268282e1
5.2594006e-1 3.7423956e0 4.2242366e1 4.2242366e1
5.4613007e-1 3.7423956e0 4.2218881e1 4.2218881e1
5.6632007e-1 3.7423956e0 4.2197581e1 4.2197581e1
5.8651007e-1 3.7423956e0 4.2178302e1 4.2178302e1
6.0670007e-1 3.7423956e0 4.2160791e1 4.2160791e1
6.2689008e-1 3.7423956e0 4.2144969e1 4.2144969e1
6.4708008e-1 3.7423956e0 4.213068e1 4.213068e1
6.6727008e-1 3.7423956e0 4.2117786e1 4.2117786e1
6.8746008e-1 3.7423956e0 4.2106137e1 4.2106137e1
7.0765009e-1 3.7423956e0 4.2095734e1 4.2095734e1
7.2784009e-1 3.7423956e0 4.2086421e1 4.2086421e1
7.4803009e-1 3.7423956e0 4.2078107e1 4.2078107e1
7.682201e-1 3.7423956e0 4.2070706e1 4.2070706e1
7.884101e-1 3.7423956e0 4.2064201e1 4.2064201e1
8.086001e-1 3.7423956e0 4.2058481e1 4.2058481e1
8.287901e-1 3.7423956e0 4.2053549e1 4.2053549e1
8.489801e-1 3.7423956e0 4.204932e1 4.204932e1
8.691701e-1 3.7423956e0 4.2045744e1 4.2045744e1
8.893601e-1 3.7423956e0 4.204279e1 4.204279e1
9.0955011e-1 3.7423956e0 4.2040408e1 4.2040408e1
9.2974011e-1 3.7423956e0 4.2038567e1 4.2038567e1
9.4993011e-1 3.7423956e0 4.2037231e1 4.2037231e1
9.7012012e-1 3.7423956e0 4.2036371e1 4.2036371e1
9.9031012e-1 3.7423956e0 4.2035959e1 4.2035959e1
1.0105e0 3.7423956e0 4.2035965e1 4.2035965e1
1.03069e0 3.7423956e0 4.2036368e1 4.2036368e1
1.05088e0 3.7423956e0 4.2037141e1 4.2037141e1
1.0710701e0 3.7423956e0 4.2038268e1 4.2038268e1
1.09126e0 3.7423956e0 4.2039722e1 4.2039722e1
1.11145e0 3.7423956e0 4.2041493e1 4.2041493e1
1.13164e0 3.7423956e0 4.2043553e1 4.2043553e1
1.15183e0 3.7423956e0 4.2045895e1 4.2045895e1
1.1720201e0 3.7423956e0 4.2048506e1 4.2048506e1
1.1922101e0 3.7423956e0 4.2051366e1 4.2051366e1
1.2124e0 3.7423956e0 4.2054459e1 4.2054459e1
1.23259e0 3.7423956e0 4.2057773e1 4.2057773e1
1.25278e0 3.7423956e0 4.2061304e1 4.2061304e1
1.2729701e0 3.7423956e0 4.2065031e1 4.2065031e1
1.2931601e0 3.7423956e0 4.2068956e1 4.2068956e1
1.31335e0 3.7423956e0 4.2073058e1 4.2073058e1
1.33354e0 3.7423956e0 4.2077325e1 4.2077325e1
1.35373e0 3.7423956e0 4.2081767e1 4.2081767e1
1.3739201e0 3.7423956e0 4.2086356e1 4.2086356e1
1.3941101e0 3.7423956e0 4.2091089e1 4.2091089e1
1.4143001e0 3.7423956e0 4.2095976e1 4.2095976e1
1.43449e0 3.7423956e0 4.2100992e1 4.2100992e1
1.45468e0 3.7423956e0 4.2106134e1 4.2106134e1
1.4748701e0 3.7423956e0 4.2111385e1 4.2111385e1
1.4950601e0 3.7423956e0 4.2116772e1 4.2116772e1
1.5152501e0 3.7423956e0 4.212223e1 4.212223e1
1.53544e0 3.7423956e0 4.2127815e1 4.2127815e1
1.55563e0 3.7423956e0 4.2133517e1 4.2133517e1
1.5758202e0 3.7423956e0 4.21393e1 4.21393e1
1.5960101e0 3.7423956e0 4.2145175e1 4.2145175e1
1.6162001e0 3.7423956e0 4.2151115e1 4.2151115e1
1.63639e0 3.7423956e0 4.2157164e1 4.2157164e1
1.65658e0 3.7423956e0 4.2163272e1 4.2163272e1
1.6767702e0 3.7423956e0 4.2169467e1 4.2169467e1
1.6969601e0 3.7423956e0 4.2175731e1 4.2175731e1
1.7171501e0 3.7423956e0 4.2182002e1 4.2182002e1
1.7373401e0 3.7423956e0 4.2188406e1 4.2188406e1
1.75753e0 3.7423956e0 4.2194846e1 4.2194846e1
1.7777202e0 3.7423956e0 4.2201378e1 4.2201378e1
1.7979102e0 3.7423956e0 4.2207938e1 4.2207938e1
1.8181001e0 3.7423956e0 4.2214534e1 4.2214534e1
1.8382901e0 3.7423956e0 4.2221205e1 4.2221205e1
1.85848e0 3.7423956e0 4.2227937e1 4.2227937e1
1.8786702e0 3.7423956e0 4.2234682e1 4.2234682e1
1.8988602e0 3.7423956e0 4.2241473e1 4.2241473e1
1.9190501e0 3.7423956e0 4.2248228e1 4.2248228e1
1.9392401e0 3.7423956e0 4.22551e1 4.22551e1
1.9594301e0 3.7423956e0 4.2262032e1 4.2262032e1
1.9796202e0 3.7423956e0 4.2268999e1 4.2268999e1
1.9998102e0 3.7423956e0 4.2275945e1 4.2275945e1

1.0e-3 3.7853247e0 6.8021895e1 6.8021895e1
2.1190002e-2 3.7853247e0 5.1591048e1 5.1591048e1
4.1380005e-2 3.7853247e0 4.9235403e1 4.9235403e1
6.1570007e-2 3.7853247e0 4.8048914e1 4.8048914e1
8.176001e-2 3.7853247e0 4.7298346e1 4.7298346e1
1.0195001e-1 3.7853247e0 4.6770117e1 4.6770117e1
1.2214001e-1 3.7853247e0 4.6373853e1 4.6373853e1
1.4233002e-1 3.7853247e0 4.6063957e1 4.6063957e1
1.6252002e-1 3.7853247e0 4.5814224e1 4.5814224e1
1.8271002e-1 3.7853247e0 4.560839e1 4.560839e1
2.0290002e-1 3.7853247e0 4.5435481e1 4.5435481e1
2.2309003e-1 3.7853247e0 4.5288689e1 4.5288689e1
2.4328003e-1 3.7853247e0 4.5162466e1 4.5162466e1
2.6347003e-1 3.7853247e0 4.5052968e1 4.5052968e1
2.8366003e-1 3.7853247e0 4.495724e1 4.495724e1
3.0385004e-1 3.7853247e0 4.4872952e1 4.4872952e1
3.2404004e-1 3.7853247e0 4.4798386e1 4.4798386e1
3.4423004e-1 3.7853247e0 4.473211e1 4.473211e1
3.6442004e-1 3.7853247e0 4.4673006e1 4.4673006e1
3.8461005e-1 3.7853247e0 4.4620032e1 4.4620032e1
4.0480005e-1 3.7853247e0 4.457235e1 4.457235e1
4.2499005e-1 3.7853247e0 4.45295e1 4.45295e1
4.4518005e-1 3.7853247e0 4.449088e1 4.449088e1
4.6537006e-1 3.7853247e0 4.4455963e1 4.4455963e1
4.8556006e-1 3.7853247e0 4.4424364e1 4.4424364e1
5.0575006e-1 3.7853247e0 4.439576e1 4.439576e1
5.2594006e-1 3.7853247e0 4.4369844e1 4.4369844e1
5.4613007e-1 3.7853247e0 4.434636e1 4.434636e1
5.6632007e-1 3.7853247e0 4.432506e1 4.432506e1
5.8651007e-1 3.7853247e0 4.430578e1 4.430578e1
6.0670007e-1 3.7853247e0 4.4288269e1 4.4288269e1
6.2689008e-1 3.7853247e0 4.4272447e1 4.4272447e1
6.4708008e-1 3.7853247e0 4.4258157e1 4.4258157e1
6.6727008e-1 3.7853247e0 4.4245264e1 4.4245264e1
6.8746008e-1 3.7853247e0 4.4233615e1 4.4233615e1
7.0765009e-1 3.7853247e0 4.4223212e1 4.4223212e1
7.2784009e-1 3.7853247e0 4.4213899e1 4.4213899e1
7.4803009e-1 3.7853247e0 4.4205585e1 4.4205585e1
7.682201e-1 3.7853247e0 4.4198184e1 4.4198184e1
7.884101e-1 3.7853247e0 4.419168e1 4.419168e1
8.086001e-1 3.7853247e0 4.4185959e1 4.4185959e1
8.287901e-1 3.7853247e0 4.4181027e1 4.4181027e1
8.489801e-1 3.7853247e0 4.4176797e1 4.4176797e1
8.691701e-1 3.7853247e0 4.4173222e1 4.4173222e1
8.893601e-1 3.7853247e0 4.4170268e1 4.4170268e1
9.0955011e-1 3.7853247e0 4.4167886e1 4.4167886e1
9.2974011e-1 3.7853247e0 4.4166045e1 4.4166045e1
9.4993011e-1 3.7853247e0 4.416471e1 4.416471e1
9.7012012e-1 3.7853247e0 4.4163849e1 4.4163849e1
9.9031012e-1 3.7853247e0 4.4163437e1 4.4163437e1
1.0105e0 3.7853247e0 4.4163443e1 4.4163443e1
1.03069e0 3.7853247e0 4.4163846e1 4.4163846e1
1.05088e0 3.7853247e0 4.416462e1 4.416462e1
1.0710701e0 3.7853247e0 4.4165746e1 4.4165746e1
1.09126e0 3.7853247e0 4.41672e1 4.41672e1
1.11145e0 3.7853247e0 4.4168971e1 4.4168971e1
1.13164e0 3.7853247e0 4.4171031e1 4.4171031e1
1.15183e0 3.7853247e0 4.4173373e1 4.4173373e1
1.1720201e0 3.7853247e0 4.4175984e1 4.4175984e1
1.1922101e0 3.7853247e0 4.4178844e1 4.4178844e1
1.2124e0 3.7853247e0 4.4181937e1 4.4181937e1
1.23259e0 3.7853247e0 4.4185251e1 4.4185251e1
1.25278e0 3.7853247e0 4.4188782e1 4.4188782e1
1.2729701e0 3.7853247e0 4.419251e1 4.419251e1
1.2931601e0 3.7853247e0 4.4196434e1 4.4196434e1
1.31335e0 3.7853247e0 4.4200536e1 4.4200536e1
1.33354e0 3.7853247e0 4.4204803e1 4.4204803e1
1.35373e0 3.7853247e0 4.4209245e1 4.4209245e1
1.3739201e0 3.7853247e0 4.4213834e1 4.4213834e1
1.3941101e0 3.7853247e0 4.4218567e1 4.4218567e1
1.4143001e0 3.7853247e0 4.4223454e1 4.4223454e1
1.43449e0 3.7853247e0 4.422847e1 4.422847e1
1.45468e0 3.7853247e0 4.4233612e1 4.4233612e1
1.4748701e0 3.7853247e0 4.4238863e1 4.4238863e1
1.4950601e0 3.7853247e0 4.424425e1 4.424425e1
1.5152501e0 3.7853247e0 4.4249709e1 4.4249709e1
1.53544e0 3.7853247e0 4.4255293e1 4.4255293e1
1.55563e0 3.7853247e0 4.4260995e1 4.4260995e1
1.5758202e0 3.7853247e0 4.4266779e1 4.4266779e1
1.5960101e0 3.7853247e0 4.4272653e1 4.4272653e1
1.6162001e0 3.7853247e0 4.4278593e1 4.4278593e1
1.63639e0 3.7853247e0 4.4284642e1 4.4284642e1
1.65658e0 3.7853247e0 4.429075e1 4.429075e1
1.6767702e0 3.7853247e0 4.4296945e1 4.4296945e1
1.6969601e0 3.7853247e0 4.4303209e1 4.4303209e1
1.7171501e0 3.7853247e0 4.430948e1 4.430948e1
1.7373401e0 3.7853247e0 4.4315884e1 4.4315884e1
1.75753e0 3.7853247e0 4.4322324e1 4.4322324e1
1.7777202e0 3.7853247e0 4.4328856e1 4.4328856e1
1.7979102e0 3.7853247e0 4.4335416e1 4.4335416e1
1.8181001e0 3.7853247e0 4.4342012e1 4.4342012e1
1.8382901e0 3.7853247e0 4.4348683e1 4.4348683e1
1.85848e0 3.7853247e0 4.4355415e1 4.4355415e1
1.8786702e0 3.7853247e0 4.436216e1 4.436216e1
1.8988602e0 3.7853247e0 4.4368951e1 4.4368951e1
1.9190501e0 3.7853247e0 4.4375706e1 4.4375706e1
1.9392401e0 3.7853247e0 4.4382578e1 4.4382578e1
1.9594301e0 3.7853247e0 4.438951e1 4.438951e1
1.9796202e0 3.7853247e0 4.4396477e1 4.4396477e1
1.9998102e0 3.7853247e0 4.4403423e1 4.4403423e1

1.0e-3 3.8282536e0 7.0226796e1 7.0226796e1
2.1190002e-2 3.8282536e0 5.3795949e1 5.3795949e1
4.1380005e-2 3.8282536e0 5.1440305e1 5.1440305e1
6.1570007e-2 3.8282536e0 5.0253815e1 5.0253815e1
8.176001e-2 3.8282536e0 4.9503247e1 4.9503247e1
1.0195001e-1 3.8282536e0 4.8975018e1 4.8975018e1
1.2214001e-1 3.8282536e0 4.8578754e1 4.8578754e1
1.4233002e-1 3.8282536e0 4.8268858e1 4.8268858e1
1.6252002e-1 3.8282536e0 4.8019125e1 4.8019125e1
1.8271002e-1 3.8282536e0 4.781329e1 4.781329e1
2.0290002e-1 3.8282536e0 4.7640382e1 4.7640382e1
2.2309003e-1 3.8282536e0 4.749359e1 4.749359e1
2.4328003e-1 3.8282536e0 4.7367368e1 4.7367368e1
2.6347003e-1 3.8282536e0 4.7257869e1 4.7257869e1
2.8366003e-1 3.8282536e0 4.7162141e1 4.7162141e1
3.0385004e-1 3.8282536e0 4.7077853e1 4.7077853e1
3.2404004e-1 3.8282536e0 4.7003287e1 4.7003287e1
3.4423004e-1 3.8282536e0 4.6937012e1 4.6937012e1
3.6442004e-1 3.8282536e0 4.6877907e1 4.6877907e1
3.8461005e-1 3.8282536e0 4.6824933e1 4.6824933e1
4.0480005e-1 3.8282536e0 4.677725e1 4.677725e1
4.2499005e-1 3.8282536e0 4.6734401e1 4.6734401e1
4.4518005e-1 3.8282536e0 4.6695781e1 4.6695781e1
4.6537006e-1 3.8282536e0 4.6660864e1 4.6660864e1
4.8556006e-1 3.8282536e0 4.6629265e1 4.6629265e1
5.0575006e-1 3.8282536e0 4.660066e1 4.660066e1
5.2594006e-1 3.8282536e0 4.6574745e1 4.6574745e1
5.4613007e-1 3.8282536e0 4.655126e1 4.655126e1
5.6632007e-1 3.8282536e0 4.652996e1 4.652996e1
5.8651007e-1 3.8282536e0 4.6510681e1 4.6510681e1
6.0670007e-1 3.8282536e0 4.649317e1 4.649317e1
6.2689008e-1 3.8282536e0 4.6477348e1 4.6477348e1
6.4708008e-1 3.8282536e0 4.6463058e1 4.6463058e1
6.6727008e-1 3.8282536e0 4.6450165e1 4.6450165e1
6.8746008e-1 3.8282536e0 4.6438516e1 4.6438516e1
7.0765009e-1 3.8282536e0 4.6428113e1 4.6428113e1
7.2784009e-1 3.8282536e0 4.64188e1 4.64188e1
7.4803009e-1 3.8282536e0 4.6410486e1 4.6410486e1
7.682201e-1 3.8282536e0 4.6403085e1 4.6403085e1
7.884101e-1 3.8282536e0 4.639658e1 4.639658e1
8.086001e-1 3.8282536e0 4.639086e1 4.639086e1
8.287901e-1 3.8282536e0 4.6385928e1 4.6385928e1
8.489801e-1 3.8282536e0 4.6381699e1 4.6381699e1
8.691701e-1 3.8282536e0 4.6378123e1 4.6378123e1
8.893601e-1 3.8282536e0 4.637517e1 4.637517e1
9.0955011e-1 3.8282536e0 4.6372787e1 4.6372787e1
9.2974011e-1 3.8282536e0 4.6370946e1 4.6370946e1
9.4993011e-1 3.8282536e0 4.636961e1 4.636961e1
9.7012012e-1 3.8282536e0 4.636875e1 4.636875e1
9.9031012e-1 3.8282536e0 4.6368338e1 4.6368338e1
1.0105e0 3.8282536e0 4.6368344e1 4.6368344e1
1.03069e0 3.8282536e0 4.6368747e1 4.6368747e1
1.05088e0 3.8282536e0 4.636952e1 4.636952e1
1.0710701e0 3.8282536e0 4.6370647e1 4.6370647e1
1.09126e0 3.8282536e0 4.6372101e1 4.6372101e1
1.11145e0 3.8282536e0 4.6373872e1 4.6373872e1
1.13164e0 3.8282536e0 4.6375932e1 4.6375932e1
1.15183e0 3.8282536e0 4.6378275e1 4.6378275e1
1.1720201e0 3.8282536e0 4.6380885e1 4.6380885e1
1.1922101e0 3.8282536e0 4.6383745e1 4.6383745e1
1.2124e0 3.8282536e0 4.6386838e1 4.6386838e1
1.23259e0 3.8282536e0 4.6390152e1 4.6390152e1
1.25278e0 3.8282536e0 4.6393683e1 4.6393683e1
1.2729701e0 3.8282536e0 4.639741e1 4.639741e1
1.2931601e0 3.8282536e0 4.6401335e1 4.6401335e1
1.31335e0 3.8282536e0 4.6405437e1 4.6405437e1
1.33354e0 3.8282536e0 4.6409705e1 4.6409705e1
1.35373e0 3.8282536e0 4.6414146e1 4.6414146e1
1.3739201e0 3.8282536e0 4.6418735e1 4.6418735e1
1.3941101e0 3.8282536e0 4.6423468e1 4.6423468e1
1.4143001e0 3.8282536e0 4.6428355e1 4.6428355e1
1.43449e0 3.8282536e0 4.6433371e1 4.6433371e1
1.45468e0 3.8282536e0 4.6438513e1 4.6438513e1
1.4748701e0 3.8282536e0 4.6443764e1 4.6443764e1
1.4950601e0 3.8282536e0 4.6449152e1 4.6449152e1
1.5152501e0 3.8282536e0 4.645461e1 4.645461e1
1.53544e0 3.8282536e0 4.6460194e1 4.6460194e1
1.55563e0 3.8282536e0 4.6465897e1 4.6465897e1
1.5758202e0 3.8282536e0 4.647168e1 4.647168e1
1.5960101e0 3.8282536e0 4.6477554e1 4.6477554e1
1.6162001e0 3.8282536e0 4.6483495e1 4.6483495e1
1.63639e0 3.8282536e0 4.6489543e1 4.6489543e1
1.65658e0 3.8282536e0 4.6495651e1 4.6495651e1
1.6767702e0 3.8282536e0 4.6501846e1 4.6501846e1
1.6969601e0 3.8282536e0 4.650811e1 4.650811e1
1.7171501e0 3.8282536e0 4.6514381e1 4.6514381e1
1.7373401e0 3.8282536e0 4.6520786e1 4.6520786e1
1.75753e0 3.8282536e0 4.6527225e1 4.6527225e1
1.7777202e0 3.8282536e0 4.6533757e1 4.6533757e1
1.7979102e0 3.8282536e0 4.6540317e1 4.6540317e1
1.8181001e0 3.8282536e0 4.6546913e1 4.6546913e1
1.8382901e0 3.8282536e0 4.6553584e1 4.6553584e1
1.85848e0 3.8282536e0 4.6560316e1 4.6560316e1
1.8786702e0 3.8282536e0 4.6567061e1 4.6567061e1
1.8988602e0 3.8282536e0 4.6573853e1 4.6573853e1
1.9190501e0 3.8282536e0 4.6580608e1 4.6580608e1
1.9392401e0 3.8282536e0 4.6587479e1 4.6587479e1
1.9594301e0 3.8282536e0 4.659441e1 4.659441e1
1.9796202e0 3.8282536e0 4.6601378e1 4.6601378e1
1.9998102e0 3.8282536e0 4.6608324e1 4.6608324e1

1.0e-3 3.8711826e0 7.2510928e1 7.2510928e1
2.1190002e-2 3.8711826e0 5.6080081e1 5.6080081e1
4.1380005e-2 3.8711826e0 5.3724437e1 5.3724437e1
6.1570007e-2 3.8711826e0 5.2537947e1 5.2537947e1
8.176001e-2 3.8711826e0 5.178738e1 5.178738e1
1.0195001e-1 3.8711826e0 5.125915e1 5.125915e1
1.2214001e-1 3.8711826e0 5.0862886e1 5.0862886e1
1.4233002e-1 3.8711826e0 5.055299e1 5.055299e1
1.6252002e-1 3.8711826e0 5.0303258e1 5.0303258e1
1.8271002e-1 3.8711826e0 5.0097423e1 5.0097423e1
2.0290002e-1 3.8711826e0 4.9924515e1 4.9924515e1
2.2309003e-1 3.8711826e0 4.9777722e1 4.9777722e1
2.4328003e-1 3.8711826e0 4.96515e1 4.96515e1
2.6347003e-1 3.8711826e0 4.9542001e1 4.9542001e1
2.8366003e-1 3.8711826e0 4.9446274e1 4.9446274e1
3.0385004e-1 3.8711826e0 4.9361986e1 4.9361986e1
3.2404004e-1 3.8711826e0 4.9287419e1 4.9287419e1
3.4423004e-1 3.8711826e0 4.9221144e1 4.9221144e1
3.6442004e-1 3.8711826e0 4.9162039e1 4.9162039e1
3.8461005e-1 3.8711826e0 4.9109065e1 4.9109065e1
4.0480005e-1 3.8711826e0 4.9061383e1 4.9061383e1
4.2499005e-1 3.8711826e0 4.9018533e1 4.9018533e1
4.4518005e-1 3.8711826e0 4.8979913e1 4.8979913e1
4.6537006e-1 3.8711826e0 4.8944997e1 4.8944997e1
4.8556006e-1 3.8711826e0 4.8913397e1 4.8913397e1
5.0575006e-1 3.8711826e0 4.8884793e1 4.8884793e1
5.2594006e-1 3.8711826e0 4.8858878e1 4.8858878e1
5.4613007e-1 3.8711826e0 4.8835393e1 4.8835393e1
5.6632007e-1 3.8711826e0 4.8814093e1 4.8814093e1
5.8651007e-1 3.8711826e0 4.8794814e1 4.8794814e1
6.0670007e-1 3.8711826e0 4.8777303e1 4.8777303e1
6.2689008e-1 3.8711826e0 4.876148e1 4.876148e1
6.4708008e-1 3.8711826e0 4.8747191e1 4.8747191e1
6.6727008e-1 3.8711826e0 4.8734297e1 4.8734297e1
6.8746008e-1 3.8711826e0 4.8722649e1 4.8722649e1
7.0765009e-1 3.8711826e0 4.8712245e1 4.8712245e1
7.2784009e-1 3.8711826e0 4.8702933e1 4.8702933e1
7.4803009e-1 3.8711826e0 4.8694618e1 4.8694618e1
7.682201e-1 3.8711826e0 4.8687218e1 4.8687218e1
7.884101e-1 3.8711826e0 4.8680713e1 4.8680713e1
8.086001e-1 3.8711826e0 4.8674992e1 4.8674992e1
8.287901e-1 3.8711826e0 4.867006e1 4.867006e1
8.489801e-1 3.8711826e0 4.8665831e1 4.8665831e1
8.691701e-1 3.8711826e0 4.8662256e1 4.8662256e1
8.893601e-1 3.8711826e0 4.8659302e1 4.8659302e1
9.0955011e-1 3.8711826e0 4.865692e1 4.865692e1
9.2974011e-1 3.8711826e0 4.8655078e1 4.8655078e1
9.4993011e-1 3.8711826e0 4.8653743e1 4.8653743e1
9.7012012e-1 3.8711826e0 4.8652882e1 4.8652882e1
9.9031012e-1 3.8711826e0 4.865247e1 4.865247e1
1.0105e0 3.8711826e0 4.8652477e1 4.8652477e1
1.03069e0 3.8711826e0 4.865288e1 4.865288e1
1.05088e0 3.8711826e0 4.8653653e1 4.8653653e1
1.0710701e0 3.8711826e0 4.8654779e1 4.8654779e1
1.09126e0 3.8711826e0 4.8656233e1 4.8656233e1
1.11145e0 3.8711826e0 4.8658005e1 4.8658005e1
1.13164e0 3.8711826e0 4.8660065e1 4.8660065e1
1.15183e0 3.8711826e0 4.8662407e1 4.8662407e1
1.1720201e0 3.8711826e0 4.8665018e1 4.8665018e1
1.1922101e0 3.8711826e0 4.8667877e1 4.8667877e1
1.2124e0 3.8711826e0 4.867097e1 4.867097e1
1.23259e0 3.8711826e0 4.8674284e1 4.8674284e1
1.25278e0 3.8711826e0 4.8677815e1 4.8677815e1
1.2729701e0 3.8711826e0 4.8681543e1 4.8681543e1
1.2931601e0 3.8711826e0 4.8685468e1 4.8685468e1
1.31335e0 3.8711826e0 4.8689569e1 4.8689569e1
1.33354e0 3.8711826e0 4.8693837e1 4.8693837e1
1.35373e0 3.8711826e0 4.8698279e1 4.8698279e1
1.3739201e0 3.8711826e0 4.8702867e1 4.8702867e1
1.3941101e0 3.8711826e0 4.87076e1 4.87076e1
1.4143001e0 3.8711826e0 4.8712488e1 4.8712488e1
1.43449e0 3.8711826e0 4.8717503e1 4.8717503e1
1.45468e0 3.8711826e0 4.8722646e1 4.8722646e1
1.4748701e0 3.8711826e0 4.8727896e1 4.8727896e1
1.4950601e0 3.8711826e0 4.8733284e1 4.8733284e1
1.5152501e0 3.8711826e0 4.8738742e1 4.8738742e1
1.53544e0 3.8711826e0 4.8744327e1 4.8744327e1
1.55563e0 3.8711826e0 4.8750029e1 4.8750029e1
1.5758202e0 3.8711826e0 4.8755812e1 4.8755812e1
1.5960101e0 3.8711826e0 4.8761687e1 4.8761687e1
1.6162001e0 3.8711826e0 4.8767627e1 4.8767627e1
1.63639e0 3.8711826e0 4.8773676e1 4.8773676e1
1.65658e0 3.8711826e0 4.8779784e1 4.8779784e1
1.6767702e0 3.8711826e0 4.8785979e1 4.8785979e1
1.6969601e0 3.8711826e0 4.8792242e1 4.8792242e1
1.7171501e0 3.8711826e0 4.8798514e1 4.8798514e1
1.7373401e0 3.8711826e0 4.8804918e1 4.8804918e1
1.75753e0 3.8711826e0 4.8811357e1 4.8811357e1
1.7777202e0 3.8711826e0 4.881789e1 4.881789e1
1.7979102e0 3.8711826e0 4.8824449e1 4.8824449e1
1.8181001e0 3.8711826e0 4.8831046e1 4.8831046e1
1.8382901e0 3.8711826e0 4.8837717e1 4.8837717e1
1.85848e0 3.8711826e0 4.8844449e1 4.8844449e1
1.8786702e0 3.8711826e0 4.8851193e1 4.8851193e1
1.8988602e0 3.8711826e0 4.8857985e1 4.8857985e1
1.9190501e0 3.8711826e0 4.886474e1 4.886474e1
1.9392401e0 3.8711826e0 4.8871611e1 4.8871611e1
1.9594301e0 3.8711826e0 4.8878543e1 4.8878543e1
1.9796202e0 3.8711826e0 4.888551e1 4.888551e1
1.9998102e0 3.8711826e0 4.8892456e1 4.8892456e1

1.0e-3 3.9141116e0 7.4876015e1 7.4876015e1
2.1190002e-2 3.9141116e0 5.8445168e1 5.8445168e1
4.1380005e-2 3.9141116e0 5.6089523e1 5.6089523e1
6.1570007e-2 3.9141116e0 5.4903033e1 5.4903033e1
8.176001e-2 3.9141116e0 5.4152466e1 5.4152466e1
1.0195001e-1 3.9141116e0 5.3624237e1 5.3624237e1
1.2214001e-1 3.9141116e0 5.3227972e1 5.3227972e1
1.4233002e-1 3.9141116e0 5.2918077e1 5.2918077e1
1.6252002e-1 3.9141116e0 5.2668344e1 5.2668344e1
1.8271002e-1 3.9141116e0 5.2462509e1 5.2462509e1
2.0290002e-1 3.9141116e0 5.2289601e1 5.2289601e1
2.2309003e-1 3.9141116e0 5.2142809e1 5.2142809e1
2.4328003e-1 3.9141116e0 5.2016586e1 5.2016586e1
2.6347003e-1 3.9141116e0 5.1907088e1 5.1907088e1
2.8366003e-1 3.9141116e0 5.181136e1 5.181136e1
3.0385004e-1 3.9141116e0 5.1727072e1 5.1727072e1
3.2404004e-1 3.9141116e0 5.1652505e1 5.1652505e1
3.4423004e-1 3.9141116e0 5.158623e1 5.158623e1
3.6442004e-1 3.9141116e0 5.1527126e1 5.1527126e1
3.8461005e-1 3.9141116e0 5.1474152e1 5.1474152e1
4.0480005e-1 3.9141116e0 5.142647e1 5.142647e1
4.2499005e-1 3.9141116e0 5.138362e1 5.138362e1
4.4518005e-1 3.9141116e0 5.1345e1 5.1345e1
4.6537006e-1 3.9141116e0 5.1310083e1 5.1310083e1
4.8556006e-1 3.9141116e0 5.1278484e1 5.1278484e1
5.0575006e-1 3.9141116e0 5.124988e1 5.124988e1
5.2594006e-1 3.9141116e0 5.1223964e1 5.1223964e1
5.4613007e-1 3.9141116e0 5.1200479e1 5.1200479e1
5.6632007e-1 3.9141116e0 5.117918e1 5.117918e1
5.8651007e-1 3.9141116e0 5.11599e1 5.11599e1
6.0670007e-1 3.9141116e0 5.1142389e1 5.1142389e1
6.2689008e-1 3.9141116e0 5.1126567e1 5.1126567e1
6.4708008e-1 3.9141116e0 5.1112277e1 5.1112277e1
6.6727008e-1 3.9141116e0 5.1099384e1 5.1099384e1
6.8746008e-1 3.9141116e0 5.1087735e1 5.1087735e1
7.0765009e-1 3.9141116e0 5.1077332e1 5.1077332e1
7.2784009e-1 3.9141116e0 5.1068019e1 5.1068019e1
7.4803009e-1 3.9141116e0 5.1059705e1 5.1059705e1
7.682201e-1 3.9141116e0 5.1052304e1 5.1052304e1
7.884101e-1 3.9141116e0 5.10458e1 5.10458e1
8.086001e-1 3.9141116e0 5.1040079e1 5.1040079e1
8.287901e-1 3.9141116e0 5.1035147e1 5.1035147e1
8.489801e-1 3.9141116e0 5.1030917e1 5.1030917e1
8.691701e-1 3.9141116e0 5.1027342e1 5.1027342e1
8.893601e-1 3.9141116e0 5.1024388e1 5.1024388e1
9.0955011e-1 3.9141116e0 5.1022006e1 5.1022006e1
9.2974011e-1 3.9141116e0 5.1020164e1 5.1020164e1
9.4993011e-1 3.9141116e0 5.101883e1 5.101883e1
9.7012012e-1 3.9141116e0 5.1017969e1 5.1017969e1
9.9031012e-1 3.9141116e0 5.1017557e1 5.1017557e1
1.0105e0 3.9141116e0 5.1017563e1 5.1017563e1
1.03069e0 3.9141116e0 5.1017966e1 5.1017966e1
1.05088e0 3.9141116e0 5.101874e1 5.101874e1
1.0710701e0 3.9141116e0 5.1019865e1 5.1019865e1
1.09126e0 3.9141116e0 5.102132e1 5.102132e1
1.11145e0 3.9141116e0 5.1023091e1 5.1023091e1
1.13164e0 3.9141116e0 5.1025151e1 5.1025151e1
1.15183e0 3.9141116e0 5.1027493e1 5.1027493e1
1.1720201e0 3.9141116e0 5.1030104e1 5.1030104e1
1.1922101e0 3.9141116e0 5.1032964e1 5.1032964e1
1.2124e0 3.9141116e0 5.1036057e1 5.1036057e1
1.23259e0 3.9141116e0 5.103937e1 5.103937e1
1.25278e0 3.9141116e0 5.1042902e1 5.1042902e1
1.2729701e0 3.9141116e0 5.104663e1 5.104663e1
1.2931601e0 3.9141116e0 5.1050554e1 5.1050554e1
1.31335e0 3.9141116e0 5.1054655e1 5.1054655e1
1.33354e0 3.9141116e0 5.1058923e1 5.1058923e1
1.35373e0 3.9141116e0 5.1063365e1 5.1063365e1
1.3739201e0 3.9141116e0 5.1067953e1 5.1067953e1
1.3941101e0 3.9141116e0 5.1072687e1 5.1072687e1
1.4143001e0 3.9141116e0 5.1077574e1 5.1077574e1
1.43449e0 3.9141116e0 5.108259e1 5.108259e1
1.45468e0 3.9141116e0 5.1087732e1 5.1087732e1
1.4748701e0 3.9141116e0 5.1092982e1 5.1092982e1
1.4950601e0 3.9141116e0 5.109837e1 5.109837e1
1.5152501e0 3.9141116e0 5.1103828e1 5.1103828e1
1.53544e0 3.9141116e0 5.1109413e1 5.1109413e1
1.55563e0 3.9141116e0 5.1115115e1 5.1115115e1
1.5758202e0 3.9141116e0 5.1120898e1 5.1120898e1
1.5960101e0 3.9141116e0 5.1126773e1 5.1126773e1
1.6162001e0 3.9141116e0 5.1132713e1 5.1132713e1
1.63639e0 3.9141116e0 5.1138762e1 5.1138762e1
1.65658e0 3.9141116e0 5.114487e1 5.114487e1
1.6767702e0 3.9141116e0 5.1151065e1 5.1151065e1
1.6969601e0 3.9141116e0 5.1157329e1 5.1157329e1
1.7171501e0 3.9141116e0 5.11636e1 5.11636e1
1.7373401e0 3.9141116e0 5.1170004e1 5.1170004e1
1.75753e0 3.9141116e0 5.1176443e1 5.1176443e1
1.7777202e0 3.9141116e0 5.1182976e1 5.1182976e1
1.7979102e0 3.9141116e0 5.1189536e1 5.1189536e1
1.8181001e0 3.9141116e0 5.1196132e1 5.1196132e1
1.8382901e0 3.9141116e0 5.1202803e1 5.1202803e1
1.85848e0 3.9141116e0 5.1209535e1 5.1209535e1
1.8786702e0 3.9141116e0 5.121628e1 5.121628e1
1.8988602e0 3.9141116e0 5.1223071e1 5.1223071e1
1.9190501e0 3.9141116e0 5.1229826e1 5.1229826e1
1.9392401e0 3.9141116e0 5.1236697e1 5.1236697e1
1.9594301e0 3.9141116e0 5.124363e1 5.124363e1
1.9796202e0 3.9141116e0 5.1250597e1 5.1250597e1
1.9998102e0 3.9141116e0 5.1257542e1 5.1257542e1

1.0e-3 3.9570406e0 7.7324011e1 7.7324011e1
2.1190002e-2 3.9570406e0 6.0893164e1 6.0893164e1
4.1380005e-2 3.9570406e0 5.853752e1 5.853752e1
6.1570007e-2 3.9570406e0 5.735103e1 5.735103e1
8.176001e-2 3.9570406e0 5.6600462e1 5.6600462e1
1.0195001e-1 3.9570406e0 5.6072234e1 5.6072234e1
1.2214001e-1 3.9570406e0 5.5675969e1 5.5675969e1
1.4233002e-1 3.9570406e0 5.5366074e1 5.5366074e1
1.6252002e-1 3.9570406e0 5.511634e1 5.511634e1
1.8271002e-1 3.9570406e0 5.4910506e1 5.4910506e1
2.0290002e-1 3.9570406e0 5.4737598e1 5.4737598e1
2.2309003e-1 3.9570406e0 5.4590805e1 5.4590805e1
2.4328003e-1 3.9570406e0 5.4464583e1 5.4464583e1
2.6347003e-1 3.9570406e0 5.4355084e1 5.4355084e1
2.8366003e-1 3.9570406e0 5.4259357e1 5.4259357e1
3.0385004e-1 3.9570406e0 5.4175069e1 5.4175069e1
3.2404004e-1 3.9570406e0 5.4100502e1 5.4100502e1
3.4423004e-1 3.9570406e0 5.4034227e1 5.4034227e1
3.6442004e-1 3.9570406e0 5.3975122e1 5.3975122e1
3.8461005e-1 3.9570406e0 5.3922148e1 5.3922148e1
4.0480005e-1 3.9570406e0 5.3874466e1 5.3874466e1
4.2499005e-1 3.9570406e0 5.3831616e1 5.3831616e1
4.4518005e-1 3.9570406e0 5.3792996e1 5.3792996e1
4.6537006e-1 3.9570406e0 5.375808e1 5.375808e1
4.8556006e-1 3.9570406e0 5.372648e1 5.372648e1
5.0575006e-1 3.9570406e0 5.3697876e1 5.3697876e1
5.2594006e-1 3.9570406e0 5.367196e1 5.367196e1
5.4613007e-1 3.9570406e0 5.3648476e1 5.3648476e1
5.6632007e-1 3.9570406e0 5.3627176e1 5.3627176e1
5.8651007e-1 3.9570406e0 5.3607896e1 5.3607896e1
6.0670007e-1 3.9570406e0 5.3590385e1 5.3590385e1
6.2689008e-1 3.9570406e0 5.3574564e1 5.3574564e1
6.4708008e-1 3.9570406e0 5.3560274e1 5.3560274e1
6.6727008e-1 3.9570406e0 5.354738e1 5.354738e1
6.8746008e-1 3.9570406e0 5.3535732e1 5.3535732e1
7.0765009e-1 3.9570406e0 5.3525328e1 5.3525328e1
7.2784009e-1 3.9570406e0 5.3516016e1 5.3516016e1
7.4803009e-1 3.9570406e0 5.3507701e1 5.3507701e1
7.682201e-1 3.9570406e0 5.35003e1 5.35003e1
7.884101e-1 3.9570406e0 5.3493796e1 5.3493796e1
8.086001e-1 3.9570406e0 5.3488075e1 5.3488075e1
8.287901e-1 3.9570406e0 5.3483144e1 5.3483144e1
8.489801e-1 3.9570406e0 5.3478914e1 5.3478914e1
8.691701e-1 3.9570406e0 5.3475339e1 5.3475339e1
8.893601e-1 3.9570406e0 5.3472385e1 5.3472385e1
9.0955011e-1 3.9570406e0 5.3470003e1 5.3470003e1
9.2974011e-1 3.9570406e0 5.3468161e1 5.3468161e1
9.4993011e-1 3.9570406e0 5.3466826e1 5.3466826e1
9.7012012e-1 3.9570406e0 5.3465965e1 5.3465965e1
9.9031012e-1 3.9570406e0 5.3465553e1 5.3465553e1
1.0105e0 3.9570406e0 5.346556e1 5.346556e1
1.03069e0 3.9570406e0 5.3465962e1 5.3465962e1
1.05088e0 3.9570406e0 5.3466736e1 5.3466736e1
1.0710701e0 3.9570406e0 5.3467862e1 5.3467862e1
1.09126e0 3.9570406e0 5.3469316e1 5.3469316e1
1.11145e0 3.9570406e0 5.3471088e1 5.3471088e1
1.13164e0 3.9570406e0 5.3473148e1 5.3473148e1
1.15183e0 3.9570406e0 5.347549e1 5.347549e1
1.1720201e0 3.9570406e0 5.34781e1 5.34781e1
1.1922101e0 3.9570406e0 5.348096e1 5.348096e1
1.2124e0 3.9570406e0 5.3484053e1 5.3484053e1
1.23259e0 3.9570406e0 5.3487367e1 5.3487367e1
1.25278e0 3.9570406e0 5.3490898e1 5.3490898e1
1.2729701e0 3.9570406e0 5.3494626e1 5.3494626e1
1.2931601e0 3.9570406e0 5.349855e1 5.349855e1
1.31335e0 3.9570406e0 5.3502652e1 5.3502652e1
1.33354e0 3.9570406e0 5.350692e1 5.350692e1
1.35373e0 3.9570406e0 5.3511362e1 5.3511362e1
1.3739201e0 3.9570406e0 5.351595e1 5.351595e1
1.3941101e0 3.9570406e0 5.3520683e1 5.3520683e1
1.4143001e0 3.9570406e0 5.352557e1 5.352557e1
1.43449e0 3.9570406e0 5.3530586e1 5.3530586e1
1.45468e0 3.9570406e0 5.3535728e1 5.3535728e1
1.4748701e0 3.9570406e0 5.3540979e1 5.3540979e1
1.4950601e0 3.9570406e0 5.3546367e1 5.3546367e1
1.5152501e0 3.9570406e0 5.3551825e1 5.3551825e1
1.53544e0 3.9570406e0 5.355741e1 5.355741e1
1.55563e0 3.9570406e0 5.3563112e1 5.3563112e1
1.5758202e0 3.9570406e0 5.3568895e1 5.3568895e1
1.5960101e0 3.9570406e0 5.357477e1 5.357477e1
1.6162001e0 3.9570406e0 5.358071e1 5.358071e1
1.63639e0 3.9570406e0 5.3586758e1 5.3586758e1
1.65658e0 3.9570406e0 5.3592867e1 5.3592867e1
1.6767702e0 3.9570406e0 5.3599062e1 5.3599062e1
1.6969601e0 3.9570406e0 5.3605325e1 5.3605325e1
1.7171501e0 3.9570406e0 5.3611597e1 5.3611597e1
1.7373401e0 3.9570406e0 5.3618001e1 5.3618001e1
1.75753e0 3.9570406e0 5.362444e1 5.362444e1
1.7777202e0 3.9570406e0 5.3630972e1 5.3630972e1
1.7979102e0 3.9570406e0 5.3637532e1 5.3637532e1
1.8181001e0 3.9570406e0 5.3644128e1 5.3644128e1
1.8382901e0 3.9570406e0 5.36508e1 5.36508e1
1.85848e0 3.9570406e0 5.3657532e1 5.3657532e1
1.8786702e0 3.9570406e0 5.3664276e1 5.3664276e1
1.8988602e0 3.9570406e0 5.3671068e1 5.3671068e1
1.9190501e0 3.9570406e0 5.3677823e1 5.3677823e1
1.9392401e0 3.9570406e0 5.3684694e1 5.3684694e1
1.9594301e0 3.9570406e0 5.3691626e1 5.3691626e1
1.9796202e0 3.9570406e0 5.3698593e1 5.3698593e1
1.9998102e0 3.9570406e0 5.3705539e1 5.3705539e1

1.0e-3 3.9999696e0 7.9856674e1 7.9856674e1
2.1190002e-2 3.9999696e0 6.3425827e1 6.3425827e1
4.1380005e-2 3.9999696e0 6.1070183e1 6.1070183e1
6.1570007e-2 3.9999696e0 5.9883693e1 5.9883693e1
8.176001e-2 3.9999696e0 5.9133125e1 5.9133125e1
1.0195001e-1 3.9999696e0 5.8604897e1 5.8604897e1
1.2214001e-1 3.9999696e0 5.8208632e1 5.8208632e1
1.4233002e-1 3.9999696e0 5.7898737e1 5.7898737e1
1.6252002e-1 3.9999696e0 5.7649004e1 5.7649004e1
1.8271002e-1 3.9999696e0 5.7443169e1 5.7443169e1
2.0290002e-1 3.9999696e0 5.727026e1 5.727026e1
2.2309003e-1 3.9999696e0 5.7123468e1 5.7123468e1
2.4328003e-1 3.9999696e0 5.6997246e1 5.6997246e1
2.6347003e-1 3.9999696e0 5.6887747e1 5.6887747e1
2.8366003e-1 3.9999696e0 5.679202e1 5.679202e1
3.0385004e-1 3.9999696e0 5.6707732e1 5.6707732e1
3.2404004e-1 3.9999696e0 5.6633165e1 5.6633165e1
3.4423004e-1 3.9999696e0 5.656689e1 5.656689e1
3.6442004e-1 3.9999696e0 5.6507785e1 5.6507785e1
3.8461005e-1 3.9999696e0 5.6454811e1 5.6454811e1
4.0480005e-1 3.9999696e0 5.6407129e1 5.6407129e1
4.2499005e-1 3.9999696e0 5.6364279e1 5.6364279e1
4.4518005e-1 3.9999696e0 5.6325659e1 5.6325659e1
4.6537006e-1 3.9999696e0 5.6290742e1 5.6290742e1
4.8556006e-1 3.9999696e0 5.6259143e1 5.6259143e1
5.0575006e-1 3.9999696e0 5.6230539e1 5.6230539e1
5.2594006e-1 3.9999696e0 5.6204623e1 5.6204623e1
5.4613007e-1 3.9999696e0 5.6181139e1 5.6181139e1
5.6632007e-1 3.9999696e0 5.6159839e1 5.6159839e1
5.8651007e-1 3.9999696e0 5.614056e1 5.614056e1
6.0670007e-1 3.9999696e0 5.6123048e1 5.6123048e1
6.2689008e-1 3.9999696e0 5.6107227e1 5.6107227e1
6.4708008e-1 3.9999696e0 5.6092937e1 5.6092937e1
6.6727008e-1 3.9999696e0 5.6080043e1 5.6080043e1
6.8746008e-1 3.9999696e0 5.6068394e1 5.6068394e1
7.0765009e-1 3.9999696e0 5.6057991e1 5.6057991e1
7.2784009e-1 3.9999696e0 5.6048679e1 5.6048679e1
7.4803009e-1 3.9999696e0 5.6040364e1 5.6040364e1
7.682201e-1 3.9999696e0 5.6032964e1 5.6032964e1
7.884101e-1 3.9999696e0 5.6026459e1 5.6026459e1
8.086001e-1 3.9999696e0 5.6020738e1 5.6020738e1
8.287901e-1 3.9999696e0 5.6015807e1 5.6015807e1
8.489801e-1 3.9999696e0 5.6011577e1 5.6011577e1
8.691701e-1 3.9999696e0 5.6008002e1 5.6008002e1
8.893601e-1 3.9999696e0 5.6005048e1 5.6005048e1
9.0955011e-1 3.9999696e0 5.6002666e1 5.6002666e1
9.2974011e-1 3.9999696e0 5.6000824e1 5.6000824e1
9.4993011e-1 3.9999696e0 5.5999489e1 5.5999489e1
9.7012012e-1 3.9999696e0 5.5998628e1 5.5998628e1
9.9031012e-1 3.9999696e0 5.5998216e1 5.5998216e1
1.0105e0 3.9999696e0 5.5998222e1 5.5998222e1
1.03069e0 3.9999696e0 5.5998625e1 5.5998625e1
1.05088e0 3.9999696e0 5.5999399e1 5.5999399e1
1.0710701e0 3.9999696e0 5.6000525e1 5.6000525e1
1.09126e0 3.9999696e0 5.6001979e1 5.6001979e1
1.11145e0 3.9999696e0 5.600375e1 5.600375e1
1.13164e0 3.9999696e0 5.600581e1 5.600581e1
1.15183e0 3.9999696e0 5.6008153e1 5.6008153e1
1.1720201e0 3.9999696e0 5.6010764e1 5.6010764e1
1.1922101e0 3.9999696e0 5.6013623e1 5.6013623e1
1.2124e0 3.9999696e0 5.6016716e1 5.6016716e1
1.23259e0 3.9999696e0 5.602003e1 5.602003e1
1.25278e0 3.9999696e0 5.6023561e1 5.6023561e1
1.2729701e0 3.9999696e0 5.6027289e1 5.6027289e1
1.2931601e0 3.9999696e0 5.6031213e1 5.6031213e1
1.31335e0 3.9999696e0 5.6035315e1 5.6035315e1
1.33354e0 3.9999696e0 5.6039583e1 5.6039583e1
1.35373e0 3.9999696e0 5.6044025e1 5.6044025e1
1.3739201e0 3.9999696e0 5.6048613e1 5.6048613e1
1.3941101e0 3.9999696e0 5.6053346e1 5.6053346e1
1.4143001e0 3.9999696e0 5.6058234e1 5.6058234e1
1.43449e0 3.9999696e0 5.6063249e1 5.6063249e1
1.45468e0 3.9999696e0 5.6068391e1 5.6068391e1
1.4748701e0 3.9999696e0 5.6073642e1 5.6073642e1
1.4950601e0 3.9999696e0 5.607903e1 5.607903e1
1.5152501e0 3.9999696e0 5.6084488e1 5.6084488e1
1.53544e0 3.9999696e0 5.6090073e1 5.6090073e1
1.55563e0 3.9999696e0 5.6095775e1 5.6095775e1
1.5758202e0 3.9999696e0 5.6101558e1 5.6101558e1
1.5960101e0 3.9999696e0 5.6107433e1 5.6107433e1
1.6162001e0 3.9999696e0 5.6113373e1 5.6113373e1
1.63639e0 3.9999696e0 5.6119421e1 5.6119421e1
1.65658e0 3.9999696e0 5.612553e1 5.612553e1
1.6767702e0 3.9999696e0 5.6131725e1 5.6131725e1
1.6969601e0 3.9999696e0 5.6137988e1 5.6137988e1
1.7171501e0 3.9999696e0 5.614426e1 5.614426e1
1.7373401e0 3.9999696e0 5.6150664e1 5.6150664e1
1.75753e0 3.9999696e0 5.6157103e1 5.6157103e1
1.7777202e0 3.9999696e0 5.6163635e1 5.6163635e1
1.7979102e0 3.9999696e0 5.6170195e1 5.6170195e1
1.8181001e0 3.9999696e0 5.6176791e1 5.6176791e1
1.8382901e0 3.9999696e0 5.6183463e1 5.6183463e1
1.85848e0 3.9999696e0 5.6190195e1 5.6190195e1
1.8786702e0 3.9999696e0 5.6196939e1 5.6196939e1
1.8988602e0 3.9999696e0 5.6203731e1 5.6203731e1
1.9190501e0 3.9999696e0 5.6210486e1 5.6210486e1
1.9392401e0 3.9999696e0 5.6217357e1 5.6217357e1
1.9594301e0 3.9999696e0 5.6224289e1 5.6224289e1
1.9796202e0 3.9999696e0 5.6231256e1 5.6231256e1
1.9998102e0 3.9999696e0 5.6238202e1 5.6238202e1
