This is pdfTeX, Version 3.141592653-2.6-1.40.29 (TeX Live 2026/Arch Linux) (preloaded format=pdflatex 2026.7.8)  19 AUG 2026 15:19
entering extended mode
 \write18 enabled.
 %&-line parsing enabled.
**\def\tikzexternalrealjob{main}\input{main}
(./main.tex (/usr/share/texmf-dist/tex/latex/base/book.cls
Document Class: book 2025/01/22 v1.4n Standard LaTeX document class
(/usr/share/texmf-dist/tex/latex/base/bk10.clo
File: bk10.clo 2025/01/22 v1.4n Standard LaTeX file (size option)
)
\c@part=\count275
\c@chapter=\count276
\c@section=\count277
\c@subsection=\count278
\c@subsubsection=\count279
\c@paragraph=\count280
\c@subparagraph=\count281
\c@figure=\count282
\c@table=\count283
\abovecaptionskip=\skip49
\belowcaptionskip=\skip50
\bibindent=\dimen148
) (./preamble.tex (/usr/share/texmf-dist/tex/latex/biblatex/biblatex.sty
Package: biblatex 2025/07/10 v3.21 programmable bibliographies (PK/MW)
(/usr/share/texmf-dist/tex/generic/pdftexcmds/pdftexcmds.sty
Package: pdftexcmds 2020-06-27 v0.33 Utility functions of pdfTeX for LuaTeX (HO)
(/usr/share/texmf-dist/tex/generic/infwarerr/infwarerr.sty
Package: infwarerr 2019/12/03 v1.5 Providing info/warning/error messages (HO)
) (/usr/share/texmf-dist/tex/generic/iftex/iftex.sty
Package: iftex 2024/12/12 v1.0g TeX engine tests
) (/usr/share/texmf-dist/tex/generic/ltxcmds/ltxcmds.sty
Package: ltxcmds 2023-12-04 v1.26 LaTeX kernel commands for general use (HO)
)
Package pdftexcmds Info: \pdf@primitive is available.
Package pdftexcmds Info: \pdf@ifprimitive is available.
Package pdftexcmds Info: \pdfdraftmode found.
) (/usr/share/texmf-dist/tex/latex/etoolbox/etoolbox.sty
Package: etoolbox 2025/10/02 v2.5m e-TeX tools for LaTeX (JAW)
\etb@tempcnta=\count284
) (/usr/share/texmf-dist/tex/latex/graphics/keyval.sty
Package: keyval 2022/05/29 v1.15 key=value parser (DPC)
\KV@toks@=\toks17
) (/usr/share/texmf-dist/tex/latex/kvoptions/kvoptions.sty
Package: kvoptions 2022-06-15 v3.15 Key value format for package options (HO)
(/usr/share/texmf-dist/tex/latex/kvsetkeys/kvsetkeys.sty
Package: kvsetkeys 2022-10-05 v1.19 Key value parser (HO)
)) (/usr/share/texmf-dist/tex/latex/logreq/logreq.sty
Package: logreq 2010/08/04 v1.0 xml request logger
\lrq@indent=\count285
(/usr/share/texmf-dist/tex/latex/logreq/logreq.def
File: logreq.def 2010/08/04 v1.0 logreq spec v1.0
)) (/usr/share/texmf-dist/tex/latex/base/ifthen.sty
Package: ifthen 2024/03/16 v1.1e Standard LaTeX ifthen package (DPC)
) (/usr/share/texmf-dist/tex/latex/url/url.sty
\Urlmuskip=\muskip17
Package: url 2013/09/16  ver 3.4  Verb mode for urls, etc.
)
\c@tabx@nest=\count286
\c@listtotal=\count287
\c@listcount=\count288
\c@liststart=\count289
\c@liststop=\count290
\c@citecount=\count291
\c@citetotal=\count292
\c@multicitecount=\count293
\c@multicitetotal=\count294
\c@instcount=\count295
\c@maxnames=\count296
\c@minnames=\count297
\c@maxitems=\count298
\c@minitems=\count299
\c@citecounter=\count300
\c@maxcitecounter=\count301
\c@savedcitecounter=\count302
\c@uniquelist=\count303
\c@uniquename=\count304
\c@refsection=\count305
\c@refsegment=\count306
\c@maxextratitle=\count307
\c@maxextratitleyear=\count308
\c@maxextraname=\count309
\c@maxextradate=\count310
\c@maxextraalpha=\count311
\c@abbrvpenalty=\count312
\c@highnamepenalty=\count313
\c@lownamepenalty=\count314
\c@maxparens=\count315
\c@parenlevel=\count316
\blx@tempcnta=\count317
\blx@tempcntb=\count318
\blx@tempcntc=\count319
\c@blx@maxsection=\count320
\blx@maxsegment@0=\count321
\blx@notetype=\count322
\blx@parenlevel@text=\count323
\blx@parenlevel@foot=\count324
\blx@sectionciteorder@0=\count325
\blx@sectionciteorderinternal@0=\count326
\blx@entrysetcounter=\count327
\blx@biblioinstance=\count328
\labelnumberwidth=\skip51
\labelalphawidth=\skip52
\biblabelsep=\skip53
\bibitemsep=\skip54
\bibnamesep=\skip55
\bibinitsep=\skip56
\bibparsep=\skip57
\bibhang=\skip58
\blx@bcfin=\read2
\blx@bcfout=\write3
\blx@langwohyphens=\language3
\c@mincomprange=\count329
\c@maxcomprange=\count330
\c@mincompwidth=\count331
Package biblatex Info: Trying to load biblatex default data model...
Package biblatex Info: ... file 'blx-dm.def' found.
(/usr/share/texmf-dist/tex/latex/biblatex/blx-dm.def
File: blx-dm.def 2025/07/10 v3.21 biblatex datamodel (PK/MW)
)
Package biblatex Info: Trying to load biblatex custom data model...
Package biblatex Info: ... file 'biblatex-dm.cfg' not found.
\c@afterword=\count332
\c@savedafterword=\count333
\c@annotator=\count334
\c@savedannotator=\count335
\c@author=\count336
\c@savedauthor=\count337
\c@bookauthor=\count338
\c@savedbookauthor=\count339
\c@commentator=\count340
\c@savedcommentator=\count341
\c@editor=\count342
\c@savededitor=\count343
\c@editora=\count344
\c@savededitora=\count345
\c@editorb=\count346
\c@savededitorb=\count347
\c@editorc=\count348
\c@savededitorc=\count349
\c@foreword=\count350
\c@savedforeword=\count351
\c@holder=\count352
\c@savedholder=\count353
\c@introduction=\count354
\c@savedintroduction=\count355
\c@namea=\count356
\c@savednamea=\count357
\c@nameb=\count358
\c@savednameb=\count359
\c@namec=\count360
\c@savednamec=\count361
\c@translator=\count362
\c@savedtranslator=\count363
\c@shortauthor=\count364
\c@savedshortauthor=\count365
\c@shorteditor=\count366
\c@savedshorteditor=\count367
\c@labelname=\count368
\c@savedlabelname=\count369
\c@institution=\count370
\c@savedinstitution=\count371
\c@lista=\count372
\c@savedlista=\count373
\c@listb=\count374
\c@savedlistb=\count375
\c@listc=\count376
\c@savedlistc=\count377
\c@listd=\count378
\c@savedlistd=\count379
\c@liste=\count380
\c@savedliste=\count381
\c@listf=\count382
\c@savedlistf=\count383
\c@location=\count384
\c@savedlocation=\count385
\c@organization=\count386
\c@savedorganization=\count387
\c@origlocation=\count388
\c@savedoriglocation=\count389
\c@origpublisher=\count390
\c@savedorigpublisher=\count391
\c@publisher=\count392
\c@savedpublisher=\count393
\c@language=\count394
\c@savedlanguage=\count395
\c@origlanguage=\count396
\c@savedoriglanguage=\count397
\c@pageref=\count398
\c@savedpageref=\count399
\shorthandwidth=\skip59
\shortjournalwidth=\skip60
\shortserieswidth=\skip61
\shorttitlewidth=\skip62
\shortauthorwidth=\skip63
\shorteditorwidth=\skip64
\locallabelnumberwidth=\skip65
\locallabelalphawidth=\skip66
\localshorthandwidth=\skip67
\localshortjournalwidth=\skip68
\localshortserieswidth=\skip69
\localshorttitlewidth=\skip70
\localshortauthorwidth=\skip71
\localshorteditorwidth=\skip72
Package biblatex Info: Trying to load compatibility code...
Package biblatex Info: ... file 'blx-compat.def' found.
(/usr/share/texmf-dist/tex/latex/biblatex/blx-compat.def
File: blx-compat.def 2025/07/10 v3.21 biblatex compatibility (PK/MW)
)
Package biblatex Info: Trying to load generic definitions...
Package biblatex Info: ... file 'biblatex.def' found.
(/usr/share/texmf-dist/tex/latex/biblatex/biblatex.def
File: biblatex.def 2025/07/10 v3.21 biblatex compatibility (PK/MW)
\c@textcitecount=\count400
\c@textcitetotal=\count401
\c@textcitemaxnames=\count402
\c@biburlbigbreakpenalty=\count403
\c@biburlbreakpenalty=\count404
\c@biburlnumpenalty=\count405
\c@biburlucpenalty=\count406
\c@biburllcpenalty=\count407
\biburlbigskip=\muskip18
\biburlnumskip=\muskip19
\biburlucskip=\muskip20
\biburllcskip=\muskip21
\c@smartand=\count408
)
Package biblatex Info: Trying to load bibliography style 'numeric'...
Package biblatex Info: ... file 'numeric.bbx' found.
(/usr/share/texmf-dist/tex/latex/biblatex/bbx/numeric.bbx
File: numeric.bbx 2025/07/10 v3.21 biblatex bibliography style (PK/MW)
Package biblatex Info: Trying to load bibliography style 'standard'...
Package biblatex Info: ... file 'standard.bbx' found.
(/usr/share/texmf-dist/tex/latex/biblatex/bbx/standard.bbx
File: standard.bbx 2025/07/10 v3.21 biblatex bibliography style (PK/MW)
\c@bbx:relatedcount=\count409
\c@bbx:relatedtotal=\count410
))
Package biblatex Info: Trying to load citation style 'numeric'...
Package biblatex Info: ... file 'numeric.cbx' found.
(/usr/share/texmf-dist/tex/latex/biblatex/cbx/numeric.cbx
File: numeric.cbx 2025/07/10 v3.21 biblatex citation style (PK/MW)
Package biblatex Info: Redefining '\cite'.
Package biblatex Info: Redefining '\parencite'.
Package biblatex Info: Redefining '\footcite'.
Package biblatex Info: Redefining '\footcitetext'.
Package biblatex Info: Redefining '\smartcite'.
Package biblatex Info: Redefining '\supercite'.
Package biblatex Info: Redefining '\textcite'.
Package biblatex Info: Redefining '\textcites'.
Package biblatex Info: Redefining '\cites'.
Package biblatex Info: Redefining '\parencites'.
Package biblatex Info: Redefining '\smartcites'.
)
Package biblatex Info: Trying to load configuration file...
Package biblatex Info: ... file 'biblatex.cfg' found.
(/usr/share/texmf-dist/tex/latex/biblatex/biblatex.cfg
File: biblatex.cfg 
)
Package biblatex Info: Input encoding 'utf8' detected.
Package biblatex Info: Document encoding is UTF8 ....
(/usr/share/texmf-dist/tex/latex/l3kernel/expl3.sty
Package: expl3 2026-01-19 L3 programming layer (loader) 
(/usr/share/texmf-dist/tex/latex/l3backend/l3backend-pdftex.def
File: l3backend-pdftex.def 2025-10-09 L3 backend support: PDF output (pdfTeX)
\l__color_backend_stack_int=\count411
))
Package biblatex Info: ... and expl3
(biblatex)             2026-01-19 L3 programming layer (loader) 
(biblatex)             is new enough (at least 2020/04/06),
(biblatex)             setting 'casechanger=expl3'.
(/usr/share/texmf-dist/tex/latex/biblatex/blx-case-expl3.sty (/usr/share/texmf-dist/tex/latex/l3packages/xparse/xparse.sty
Package: xparse 2025-10-09 L3 Experimental document command parser
)
Package: blx-case-expl3 2025/07/10 v3.21 expl3 case changing code for biblatex
)) (/usr/share/texmf-dist/tex/latex/geometry/geometry.sty
Package: geometry 2020/01/02 v5.9 Page Geometry
(/usr/share/texmf-dist/tex/generic/iftex/ifvtex.sty
Package: ifvtex 2019/10/25 v1.7 ifvtex legacy package. Use iftex instead.
)
\Gm@cnth=\count412
\Gm@cntv=\count413
\c@Gm@tempcnt=\count414
\Gm@bindingoffset=\dimen149
\Gm@wd@mp=\dimen150
\Gm@odd@mp=\dimen151
\Gm@even@mp=\dimen152
\Gm@layoutwidth=\dimen153
\Gm@layoutheight=\dimen154
\Gm@layouthoffset=\dimen155
\Gm@layoutvoffset=\dimen156
\Gm@dimlist=\toks18
) (/usr/share/texmf-dist/tex/generic/babel/babel.sty
Package: babel 2026/02/14 v26.3 The multilingual framework for LuaLaTeX, pdfLaTeX and XeLaTeX
\babel@savecnt=\count415
LaTeX Encoding Info:    Redeclaring text command \ij (encoding OT1) on input line 2078.
LaTeX Encoding Info:    Redeclaring text command \IJ (encoding OT1) on input line 2080.
LaTeX Encoding Info:    Redeclaring text command \ij (encoding T1) on input line 2082.
LaTeX Encoding Info:    Redeclaring text command \IJ (encoding T1) on input line 2083.
LaTeX Encoding Info:    Ignoring declaration for text command \ij (encoding ?) on input line 2084.
LaTeX Encoding Info:    Ignoring declaration for text command \IJ (encoding ?) on input line 2086.
LaTeX Encoding Info:    Ignoring declaration for text command \SS (encoding ?) on input line 2111.
\U@D=\dimen157
\l@unhyphenated=\language4
(/usr/share/texmf-dist/tex/generic/babel/txtbabel.def)
\bbl@readstream=\read3
\bbl@dirlevel=\count416
(/usr/share/texmf-dist/tex/generic/babel/locale/en/babel-english.tex)
Package babel Info: Importing font and identification data for english
(babel)             from babel-en.ini. Reported on input line 4330.
(/usr/share/texmf-dist/tex/generic/babel-english/english.ldf
Language: english 2017/06/06 v3.3r English support from the babel system
Package babel Info: Hyphen rules for 'british' set to \l@english
(babel)             (\language0). Reported on input line 82.
Package babel Info: Hyphen rules for 'UKenglish' set to \l@english
(babel)             (\language0). Reported on input line 83.
Package babel Info: Hyphen rules for 'canadian' set to \l@english
(babel)             (\language0). Reported on input line 102.
Package babel Info: Hyphen rules for 'australian' set to \l@english
(babel)             (\language0). Reported on input line 105.
Package babel Info: Hyphen rules for 'newzealand' set to \l@english
(babel)             (\language0). Reported on input line 108.
)) (/usr/share/texmf-dist/tex/latex/base/fontenc.sty
Package: fontenc 2025/07/18 v2.1d Standard LaTeX package
) (/usr/share/texmf-dist/tex/latex/amsfonts/amsfonts.sty
Package: amsfonts 2013/01/14 v3.01 Basic AMSFonts support
\@emptytoks=\toks19
\symAMSa=\mathgroup4
\symAMSb=\mathgroup5
LaTeX Font Info:    Redeclaring math symbol \hbar on input line 98.
LaTeX Font Info:    Overwriting math alphabet `\mathfrak' in version `bold'
(Font)                  U/euf/m/n --> U/euf/b/n on input line 106.
) (/usr/share/texmf-dist/tex/latex/amsmath/amsmath.sty
Package: amsmath 2025/07/09 v2.17z AMS math features
\@mathmargin=\skip73
For additional information on amsmath, use the `?' option.
(/usr/share/texmf-dist/tex/latex/amsmath/amstext.sty
Package: amstext 2024/11/17 v2.01 AMS text
(/usr/share/texmf-dist/tex/latex/amsmath/amsgen.sty
File: amsgen.sty 1999/11/30 v2.0 generic functions
\@emptytoks=\toks20
\ex@=\dimen158
)) (/usr/share/texmf-dist/tex/latex/amsmath/amsbsy.sty
Package: amsbsy 1999/11/29 v1.2d Bold Symbols
\pmbraise@=\dimen159
) (/usr/share/texmf-dist/tex/latex/amsmath/amsopn.sty
Package: amsopn 2022/04/08 v2.04 operator names
)
\inf@bad=\count417
LaTeX Info: Redefining \frac on input line 233.
\uproot@=\count418
\leftroot@=\count419
LaTeX Info: Redefining \overline on input line 398.
LaTeX Info: Redefining \colon on input line 409.
\classnum@=\count420
\DOTSCASE@=\count421
LaTeX Info: Redefining \ldots on input line 495.
LaTeX Info: Redefining \dots on input line 498.
LaTeX Info: Redefining \cdots on input line 619.
\Mathstrutbox@=\box53
\strutbox@=\box54
LaTeX Info: Redefining \big on input line 721.
LaTeX Info: Redefining \Big on input line 722.
LaTeX Info: Redefining \bigg on input line 723.
LaTeX Info: Redefining \Bigg on input line 724.
\big@size=\dimen160
LaTeX Font Info:    Redeclaring font encoding OML on input line 742.
LaTeX Font Info:    Redeclaring font encoding OMS on input line 743.
\macc@depth=\count422
LaTeX Info: Redefining \bmod on input line 904.
LaTeX Info: Redefining \pmod on input line 909.
LaTeX Info: Redefining \smash on input line 939.
LaTeX Info: Redefining \relbar on input line 969.
LaTeX Info: Redefining \Relbar on input line 970.
\c@MaxMatrixCols=\count423
\dotsspace@=\muskip22
\c@parentequation=\count424
\dspbrk@lvl=\count425
\tag@help=\toks21
\row@=\count426
\column@=\count427
\maxfields@=\count428
\andhelp@=\toks22
\eqnshift@=\dimen161
\alignsep@=\dimen162
\tagshift@=\dimen163
\tagwidth@=\dimen164
\totwidth@=\dimen165
\lineht@=\dimen166
\@envbody=\toks23
\multlinegap=\skip74
\multlinetaggap=\skip75
\mathdisplay@stack=\toks24
LaTeX Info: Redefining \[ on input line 2950.
LaTeX Info: Redefining \] on input line 2951.
) (/usr/share/texmf-dist/tex/latex/amscls/amsthm.sty
Package: amsthm 2020/05/29 v2.20.6
\thm@style=\toks25
\thm@bodyfont=\toks26
\thm@headfont=\toks27
\thm@notefont=\toks28
\thm@headpunct=\toks29
\thm@preskip=\skip76
\thm@postskip=\skip77
\thm@headsep=\skip78
\dth@everypar=\toks30
) (/usr/share/texmf-dist/tex/latex/amsfonts/amssymb.sty
Package: amssymb 2013/01/14 v3.01 AMS font symbols
) (/usr/share/texmf-dist/tex/latex/siunitx/siunitx.sty
Package: siunitx 2025-07-09 v3.4.14 A comprehensive (SI) units package
\l__siunitx_number_uncert_offset_int=\count429
\l__siunitx_number_exponent_fixed_int=\count430
\l__siunitx_number_min_decimal_int=\count431
\l__siunitx_number_min_integer_int=\count432
\l__siunitx_number_round_precision_int=\count433
\l__siunitx_number_lower_threshold_int=\count434
\l__siunitx_number_upper_threshold_int=\count435
\l__siunitx_number_group_first_int=\count436
\l__siunitx_number_group_size_int=\count437
\l__siunitx_number_group_minimum_int=\count438
\l__siunitx_angle_tmp_dim=\dimen167
\l__siunitx_angle_marker_box=\box55
\l__siunitx_angle_unit_box=\box56
\l__siunitx_compound_count_int=\count439
(/usr/share/texmf-dist/tex/latex/translations/translations.sty
Package: translations 2022/02/05 v1.12 internationalization of LaTeX2e packages (CN)
)
\l__siunitx_table_tmp_box=\box57
\l__siunitx_table_tmp_dim=\dimen168
\l__siunitx_table_column_width_dim=\dimen169
\l__siunitx_table_integer_box=\box58
\l__siunitx_table_decimal_box=\box59
\l__siunitx_table_uncert_box=\box60
\l__siunitx_table_before_box=\box61
\l__siunitx_table_after_box=\box62
\l__siunitx_table_before_dim=\dimen170
\l__siunitx_table_carry_dim=\dimen171
\l__siunitx_unit_tmp_int=\count440
\l__siunitx_unit_position_int=\count441
\l__siunitx_unit_total_int=\count442
(/usr/share/texmf-dist/tex/latex/tools/array.sty
Package: array 2025/09/25 v2.6n Tabular extension package (FMi)
\col@sep=\dimen172
\ar@mcellbox=\box63
\extrarowheight=\dimen173
\NC@list=\toks31
\extratabsurround=\skip79
\backup@length=\skip80
\ar@cellbox=\box64
)) (/usr/share/texmf-dist/tex/latex/was/upgreek.sty
Package: upgreek 2003/02/12 v2.0 (WaS)
Package upgreek Info: Using Euler Roman for upright Greek on input line 31.
\symugrf@m=\mathgroup6
LaTeX Font Info:    Overwriting symbol font `ugrf@m' in version `bold'
(Font)                  U/eur/m/n --> U/eur/b/n on input line 38.
) (/usr/share/texmf-dist/tex/latex/float/float.sty
Package: float 2001/11/08 v1.3d Float enhancements (AL)
\c@float@type=\count443
\float@exts=\toks32
\float@box=\box65
\@float@everytoks=\toks33
\@floatcapt=\box66
) (/usr/share/texmf-dist/tex/latex/mathtools/mathtools.sty
Package: mathtools 2024/10/04 v1.31 mathematical typesetting tools
(/usr/share/texmf-dist/tex/latex/tools/calc.sty
Package: calc 2025/03/01 v4.3b Infix arithmetic (KKT,FJ)
\calc@Acount=\count444
\calc@Bcount=\count445
\calc@Adimen=\dimen174
\calc@Bdimen=\dimen175
\calc@Askip=\skip81
\calc@Bskip=\skip82
LaTeX Info: Redefining \setlength on input line 86.
LaTeX Info: Redefining \addtolength on input line 87.
\calc@Ccount=\count446
\calc@Cskip=\skip83
) (/usr/share/texmf-dist/tex/latex/mathtools/mhsetup.sty
Package: mhsetup 2021/03/18 v1.4 programming setup (MH)
)
\g_MT_multlinerow_int=\count447
\l_MT_multwidth_dim=\dimen176
\origjot=\skip84
\l_MT_shortvdotswithinadjustabove_dim=\dimen177
\l_MT_shortvdotswithinadjustbelow_dim=\dimen178
\l_MT_above_intertext_sep=\dimen179
\l_MT_below_intertext_sep=\dimen180
\l_MT_above_shortintertext_sep=\dimen181
\l_MT_below_shortintertext_sep=\dimen182
\xmathstrut@box=\box67
\xmathstrut@dim=\dimen183
) (/usr/share/texmf-dist/tex/latex/stmaryrd/stmaryrd.sty
Package: stmaryrd 1994/03/03 St Mary's Road symbol package
\symstmry=\mathgroup7
LaTeX Font Info:    Overwriting symbol font `stmry' in version `bold'
(Font)                  U/stmry/m/n --> U/stmry/b/n on input line 89.
) (/usr/share/texmf-dist/tex/latex/esint/esint.sty
Package: esint 
\symlargesymbolsA=\mathgroup8
) (/usr/share/texmf-dist/tex/latex/jknapltx/mathrsfs.sty
Package: mathrsfs 1996/01/01 Math RSFS package v1.0 (jk)
\symrsfs=\mathgroup9
) (/usr/share/texmf-dist/tex/latex/graphics/graphicx.sty
Package: graphicx 2024/12/31 v1.2e Enhanced LaTeX Graphics (DPC,SPQR)
(/usr/share/texmf-dist/tex/latex/graphics/graphics.sty
Package: graphics 2024/08/06 v1.4g Standard LaTeX Graphics (DPC,SPQR)
(/usr/share/texmf-dist/tex/latex/graphics/trig.sty
Package: trig 2023/12/02 v1.11 sin cos tan (DPC)
) (/usr/share/texmf-dist/tex/latex/graphics-cfg/graphics.cfg
File: graphics.cfg 2016/06/04 v1.11 sample graphics configuration
)
Package graphics Info: Driver file: pdftex.def on input line 106.
(/usr/share/texmf-dist/tex/latex/graphics-def/pdftex.def
File: pdftex.def 2025/09/29 v1.2d Graphics/color driver for pdftex
))
\Gin@req@height=\dimen184
\Gin@req@width=\dimen185
) (/usr/share/texmf-dist/tex/latex/wrapfig/wrapfig.sty
\wrapoverhang=\dimen186
\WF@size=\dimen187
\c@WF@wrappedlines=\count448
\WF@box=\box68
\WF@everypar=\toks34
Package: wrapfig 2003/01/31  v 3.6
) (/usr/share/texmf-dist/tex/latex/pgf/frontendlayer/tikz.sty (/usr/share/texmf-dist/tex/latex/pgf/basiclayer/pgf.sty (/usr/share/texmf-dist/tex/latex/pgf/utilities/pgfrcs.sty (/usr/share/texmf-dist/tex/generic/pgf/utilities/pgfutil-common.tex
\pgfutil@everybye=\toks35
\pgfutil@tempdima=\dimen188
\pgfutil@tempdimb=\dimen189
) (/usr/share/texmf-dist/tex/generic/pgf/utilities/pgfutil-latex.def
\pgfutil@abb=\box69
) (/usr/share/texmf-dist/tex/generic/pgf/utilities/pgfrcs.code.tex (/usr/share/texmf-dist/tex/generic/pgf/pgf.revision.tex)
Package: pgfrcs 2025-08-29 v3.1.11a (3.1.11a)
))
Package: pgf 2025-08-29 v3.1.11a (3.1.11a)
(/usr/share/texmf-dist/tex/latex/pgf/basiclayer/pgfcore.sty (/usr/share/texmf-dist/tex/latex/pgf/systemlayer/pgfsys.sty (/usr/share/texmf-dist/tex/generic/pgf/systemlayer/pgfsys.code.tex
Package: pgfsys 2025-08-29 v3.1.11a (3.1.11a)
(/usr/share/texmf-dist/tex/generic/pgf/utilities/pgfkeys.code.tex
\pgfkeys@pathtoks=\toks36
\pgfkeys@temptoks=\toks37
(/usr/share/texmf-dist/tex/generic/pgf/utilities/pgfkeyslibraryfiltered.code.tex
\pgfkeys@tmptoks=\toks38
))
\pgf@x=\dimen190
\pgf@y=\dimen191
\pgf@xa=\dimen192
\pgf@ya=\dimen193
\pgf@xb=\dimen194
\pgf@yb=\dimen195
\pgf@xc=\dimen196
\pgf@yc=\dimen197
\pgf@xd=\dimen198
\pgf@yd=\dimen199
\w@pgf@writea=\write4
\r@pgf@reada=\read4
\c@pgf@counta=\count449
\c@pgf@countb=\count450
\c@pgf@countc=\count451
\c@pgf@countd=\count452
\t@pgf@toka=\toks39
\t@pgf@tokb=\toks40
\t@pgf@tokc=\toks41
\pgf@sys@id@count=\count453
(/usr/share/texmf-dist/tex/generic/pgf/systemlayer/pgf.cfg
File: pgf.cfg 2025-08-29 v3.1.11a (3.1.11a)
)
Driver file for pgf: pgfsys-pdftex.def
(/usr/share/texmf-dist/tex/generic/pgf/systemlayer/pgfsys-pdftex.def
File: pgfsys-pdftex.def 2025-08-29 v3.1.11a (3.1.11a)
(/usr/share/texmf-dist/tex/generic/pgf/systemlayer/pgfsys-common-pdf.def
File: pgfsys-common-pdf.def 2025-08-29 v3.1.11a (3.1.11a)
))) (/usr/share/texmf-dist/tex/generic/pgf/systemlayer/pgfsyssoftpath.code.tex
File: pgfsyssoftpath.code.tex 2025-08-29 v3.1.11a (3.1.11a)
\pgfsyssoftpath@smallbuffer@items=\count454
\pgfsyssoftpath@bigbuffer@items=\count455
) (/usr/share/texmf-dist/tex/generic/pgf/systemlayer/pgfsysprotocol.code.tex
File: pgfsysprotocol.code.tex 2025-08-29 v3.1.11a (3.1.11a)
)) (/usr/share/texmf-dist/tex/latex/xcolor/xcolor.sty
Package: xcolor 2024/09/29 v3.02 LaTeX color extensions (UK)
(/usr/share/texmf-dist/tex/latex/graphics-cfg/color.cfg
File: color.cfg 2016/01/02 v1.6 sample color configuration
)
Package xcolor Info: Driver file: pdftex.def on input line 274.
(/usr/share/texmf-dist/tex/latex/graphics/mathcolor.ltx)
Package xcolor Info: Model `cmy' substituted by `cmy0' on input line 1349.
Package xcolor Info: Model `hsb' substituted by `rgb' on input line 1353.
Package xcolor Info: Model `RGB' extended on input line 1365.
Package xcolor Info: Model `HTML' substituted by `rgb' on input line 1367.
Package xcolor Info: Model `Hsb' substituted by `hsb' on input line 1368.
Package xcolor Info: Model `tHsb' substituted by `hsb' on input line 1369.
Package xcolor Info: Model `HSB' substituted by `hsb' on input line 1370.
Package xcolor Info: Model `Gray' substituted by `gray' on input line 1371.
Package xcolor Info: Model `wave' substituted by `hsb' on input line 1372.
) (/usr/share/texmf-dist/tex/generic/pgf/basiclayer/pgfcore.code.tex
Package: pgfcore 2025-08-29 v3.1.11a (3.1.11a)
(/usr/share/texmf-dist/tex/generic/pgf/math/pgfmath.code.tex (/usr/share/texmf-dist/tex/generic/pgf/math/pgfmathutil.code.tex) (/usr/share/texmf-dist/tex/generic/pgf/math/pgfmathparser.code.tex
\pgfmath@dimen=\dimen256
\pgfmath@count=\count456
\pgfmath@box=\box70
\pgfmath@toks=\toks42
\pgfmath@stack@operand=\toks43
\pgfmath@stack@operation=\toks44
) (/usr/share/texmf-dist/tex/generic/pgf/math/pgfmathfunctions.code.tex) (/usr/share/texmf-dist/tex/generic/pgf/math/pgfmathfunctions.basic.code.tex) (/usr/share/texmf-dist/tex/generic/pgf/math/pgfmathfunctions.trigonometric.code.tex) (/usr/share/texmf-dist/tex/generic/pgf/math/pgfmathfunctions.random.code.tex) (/usr/share/texmf-dist/tex/generic/pgf/math/pgfmathfunctions.comparison.code.tex) (/usr/share/texmf-dist/tex/generic/pgf/math/pgfmathfunctions.base.code.tex) (/usr/share/texmf-dist/tex/generic/pgf/math/pgfmathfunctions.round.code.tex) (/usr/share/texmf-dist/tex/generic/pgf/math/pgfmathfunctions.misc.code.tex) (/usr/share/texmf-dist/tex/generic/pgf/math/pgfmathfunctions.integerarithmetics.code.tex) (/usr/share/texmf-dist/tex/generic/pgf/math/pgfmathcalc.code.tex) (/usr/share/texmf-dist/tex/generic/pgf/math/pgfmathfloat.code.tex
\c@pgfmathroundto@lastzeros=\count457
)) (/usr/share/texmf-dist/tex/generic/pgf/math/pgfint.code.tex) (/usr/share/texmf-dist/tex/generic/pgf/basiclayer/pgfcorepoints.code.tex
File: pgfcorepoints.code.tex 2025-08-29 v3.1.11a (3.1.11a)
\pgf@picminx=\dimen257
\pgf@picmaxx=\dimen258
\pgf@picminy=\dimen259
\pgf@picmaxy=\dimen260
\pgf@pathminx=\dimen261
\pgf@pathmaxx=\dimen262
\pgf@pathminy=\dimen263
\pgf@pathmaxy=\dimen264
\pgf@xx=\dimen265
\pgf@xy=\dimen266
\pgf@yx=\dimen267
\pgf@yy=\dimen268
\pgf@zx=\dimen269
\pgf@zy=\dimen270
) (/usr/share/texmf-dist/tex/generic/pgf/basiclayer/pgfcorepathconstruct.code.tex
File: pgfcorepathconstruct.code.tex 2025-08-29 v3.1.11a (3.1.11a)
\pgf@path@lastx=\dimen271
\pgf@path@lasty=\dimen272
) (/usr/share/texmf-dist/tex/generic/pgf/basiclayer/pgfcorepathusage.code.tex
File: pgfcorepathusage.code.tex 2025-08-29 v3.1.11a (3.1.11a)
\pgf@shorten@end@additional=\dimen273
\pgf@shorten@start@additional=\dimen274
) (/usr/share/texmf-dist/tex/generic/pgf/basiclayer/pgfcorescopes.code.tex
File: pgfcorescopes.code.tex 2025-08-29 v3.1.11a (3.1.11a)
\pgfpic=\box71
\pgf@hbox=\box72
\pgf@layerbox@main=\box73
\pgf@picture@serial@count=\count458
) (/usr/share/texmf-dist/tex/generic/pgf/basiclayer/pgfcoregraphicstate.code.tex
File: pgfcoregraphicstate.code.tex 2025-08-29 v3.1.11a (3.1.11a)
\pgflinewidth=\dimen275
) (/usr/share/texmf-dist/tex/generic/pgf/basiclayer/pgfcoretransformations.code.tex
File: pgfcoretransformations.code.tex 2025-08-29 v3.1.11a (3.1.11a)
\pgf@pt@x=\dimen276
\pgf@pt@y=\dimen277
\pgf@pt@temp=\dimen278
) (/usr/share/texmf-dist/tex/generic/pgf/basiclayer/pgfcorequick.code.tex
File: pgfcorequick.code.tex 2025-08-29 v3.1.11a (3.1.11a)
) (/usr/share/texmf-dist/tex/generic/pgf/basiclayer/pgfcoreobjects.code.tex
File: pgfcoreobjects.code.tex 2025-08-29 v3.1.11a (3.1.11a)
) (/usr/share/texmf-dist/tex/generic/pgf/basiclayer/pgfcorepathprocessing.code.tex
File: pgfcorepathprocessing.code.tex 2025-08-29 v3.1.11a (3.1.11a)
) (/usr/share/texmf-dist/tex/generic/pgf/basiclayer/pgfcorearrows.code.tex
File: pgfcorearrows.code.tex 2025-08-29 v3.1.11a (3.1.11a)
\pgfarrowsep=\dimen279
) (/usr/share/texmf-dist/tex/generic/pgf/basiclayer/pgfcoreshade.code.tex
File: pgfcoreshade.code.tex 2025-08-29 v3.1.11a (3.1.11a)
\pgf@max=\dimen280
\pgf@sys@shading@range@num=\count459
\pgf@shadingcount=\count460
) (/usr/share/texmf-dist/tex/generic/pgf/basiclayer/pgfcoreimage.code.tex
File: pgfcoreimage.code.tex 2025-08-29 v3.1.11a (3.1.11a)
) (/usr/share/texmf-dist/tex/generic/pgf/basiclayer/pgfcoreexternal.code.tex
File: pgfcoreexternal.code.tex 2025-08-29 v3.1.11a (3.1.11a)
\pgfexternal@startupbox=\box74
) (/usr/share/texmf-dist/tex/generic/pgf/basiclayer/pgfcorelayers.code.tex
File: pgfcorelayers.code.tex 2025-08-29 v3.1.11a (3.1.11a)
) (/usr/share/texmf-dist/tex/generic/pgf/basiclayer/pgfcoretransparency.code.tex
File: pgfcoretransparency.code.tex 2025-08-29 v3.1.11a (3.1.11a)
) (/usr/share/texmf-dist/tex/generic/pgf/basiclayer/pgfcorepatterns.code.tex
File: pgfcorepatterns.code.tex 2025-08-29 v3.1.11a (3.1.11a)
) (/usr/share/texmf-dist/tex/generic/pgf/basiclayer/pgfcorerdf.code.tex
File: pgfcorerdf.code.tex 2025-08-29 v3.1.11a (3.1.11a)
))) (/usr/share/texmf-dist/tex/generic/pgf/modules/pgfmoduleshapes.code.tex
File: pgfmoduleshapes.code.tex 2025-08-29 v3.1.11a (3.1.11a)
\pgfnodeparttextbox=\box75
) (/usr/share/texmf-dist/tex/generic/pgf/modules/pgfmoduleplot.code.tex
File: pgfmoduleplot.code.tex 2025-08-29 v3.1.11a (3.1.11a)
) (/usr/share/texmf-dist/tex/latex/pgf/compatibility/pgfcomp-version-0-65.sty
Package: pgfcomp-version-0-65 2025-08-29 v3.1.11a (3.1.11a)
\pgf@nodesepstart=\dimen281
\pgf@nodesepend=\dimen282
) (/usr/share/texmf-dist/tex/latex/pgf/compatibility/pgfcomp-version-1-18.sty
Package: pgfcomp-version-1-18 2025-08-29 v3.1.11a (3.1.11a)
)) (/usr/share/texmf-dist/tex/latex/pgf/utilities/pgffor.sty (/usr/share/texmf-dist/tex/latex/pgf/utilities/pgfkeys.sty (/usr/share/texmf-dist/tex/generic/pgf/utilities/pgfkeys.code.tex)) (/usr/share/texmf-dist/tex/latex/pgf/math/pgfmath.sty (/usr/share/texmf-dist/tex/generic/pgf/math/pgfmath.code.tex)) (/usr/share/texmf-dist/tex/generic/pgf/utilities/pgffor.code.tex
Package: pgffor 2025-08-29 v3.1.11a (3.1.11a)
\pgffor@iter=\dimen283
\pgffor@skip=\dimen284
\pgffor@stack=\toks45
\pgffor@toks=\toks46
)) (/usr/share/texmf-dist/tex/generic/pgf/frontendlayer/tikz/tikz.code.tex
Package: tikz 2025-08-29 v3.1.11a (3.1.11a)
(/usr/share/texmf-dist/tex/generic/pgf/libraries/pgflibraryplothandlers.code.tex
File: pgflibraryplothandlers.code.tex 2025-08-29 v3.1.11a (3.1.11a)
\pgf@plot@mark@count=\count461
\pgfplotmarksize=\dimen285
)
\tikz@lastx=\dimen286
\tikz@lasty=\dimen287
\tikz@lastxsaved=\dimen288
\tikz@lastysaved=\dimen289
\tikz@lastmovetox=\dimen290
\tikz@lastmovetoy=\dimen291
\tikzleveldistance=\dimen292
\tikzsiblingdistance=\dimen293
\tikz@figbox=\box76
\tikz@figbox@bg=\box77
\tikz@tempbox=\box78
\tikz@tempbox@bg=\box79
\tikztreelevel=\count462
\tikznumberofchildren=\count463
\tikznumberofcurrentchild=\count464
\tikz@fig@count=\count465
(/usr/share/texmf-dist/tex/generic/pgf/modules/pgfmodulematrix.code.tex
File: pgfmodulematrix.code.tex 2025-08-29 v3.1.11a (3.1.11a)
\pgfmatrixcurrentrow=\count466
\pgfmatrixcurrentcolumn=\count467
\pgf@matrix@numberofcolumns=\count468
)
\tikz@expandcount=\count469
(/usr/share/texmf-dist/tex/generic/pgf/frontendlayer/tikz/libraries/tikzlibrarytopaths.code.tex
File: tikzlibrarytopaths.code.tex 2025-08-29 v3.1.11a (3.1.11a)
))) (/usr/share/texmf-dist/tex/latex/pgfplots/pgfplots.sty (/usr/share/texmf-dist/tex/generic/pgfplots/pgfplots.revision.tex)
Package: pgfplots 2025/08/14 v1.18.2 Data Visualization (1.18.2)
(/usr/share/texmf-dist/tex/generic/pgfplots/pgfplots.code.tex (/usr/share/texmf-dist/tex/generic/pgfplots/pgfplotscore.code.tex
\t@pgfplots@toka=\toks47
\t@pgfplots@tokb=\toks48
\t@pgfplots@tokc=\toks49
\pgfplots@tmpa=\dimen294
\c@pgfplots@coordindex=\count470
\c@pgfplots@scanlineindex=\count471
(/usr/share/texmf-dist/tex/generic/pgfplots/sys/pgfplotssysgeneric.code.tex)) (/usr/share/texmf-dist/tex/generic/pgfplots/libs/pgfplotslibrary.code.tex) (/usr/share/texmf-dist/tex/generic/pgfplots/oldpgfcompatib/pgfplotsoldpgfsupp_loader.code.tex (/usr/share/texmf-dist/tex/generic/pgf/libraries/pgflibraryfpu.code.tex) (/usr/share/texmf-dist/tex/generic/pgfplots/oldpgfcompatib/pgfplotsoldpgfsupp_pgfutil-common-lists.tex)) (/usr/share/texmf-dist/tex/generic/pgfplots/util/pgfplotsutil.code.tex (/usr/share/texmf-dist/tex/generic/pgfplots/liststructure/pgfplotsliststructure.code.tex) (/usr/share/texmf-dist/tex/generic/pgfplots/liststructure/pgfplotsliststructureext.code.tex) (/usr/share/texmf-dist/tex/generic/pgfplots/liststructure/pgfplotsarray.code.tex
\c@pgfplotsarray@tmp=\count472
) (/usr/share/texmf-dist/tex/generic/pgfplots/liststructure/pgfplotsmatrix.code.tex) (/usr/share/texmf-dist/tex/generic/pgfplots/numtable/pgfplotstableshared.code.tex
\c@pgfplotstable@counta=\count473
\t@pgfplotstable@a=\toks50
) (/usr/share/texmf-dist/tex/generic/pgfplots/liststructure/pgfplotsdeque.code.tex) (/usr/share/texmf-dist/tex/generic/pgfplots/util/pgfplotsbinary.code.tex (/usr/share/texmf-dist/tex/generic/pgfplots/util/pgfplotsbinary.data.code.tex)) (/usr/share/texmf-dist/tex/generic/pgfplots/util/pgfplotsutil.verb.code.tex) (/usr/share/texmf-dist/tex/generic/pgfplots/libs/pgflibrarypgfplots.surfshading.code.tex
\c@pgfplotslibrarysurf@no=\count474
(/usr/share/texmf-dist/tex/generic/pgfplots/sys/pgflibrarypgfplots.surfshading.pgfsys-pdftex.def))) (/usr/share/texmf-dist/tex/generic/pgfplots/util/pgfplotscolormap.code.tex (/usr/share/texmf-dist/tex/generic/pgfplots/util/pgfplotscolor.code.tex)) (/usr/share/texmf-dist/tex/generic/pgfplots/pgfplotsstackedplots.code.tex) (/usr/share/texmf-dist/tex/generic/pgfplots/pgfplotsplothandlers.code.tex (/usr/share/texmf-dist/tex/generic/pgfplots/pgfplotsmeshplothandler.code.tex (/usr/share/texmf-dist/tex/generic/pgfplots/pgfplotsmeshplotimage.code.tex))) (/usr/share/texmf-dist/tex/generic/pgfplots/pgfplots.scaling.code.tex) (/usr/share/texmf-dist/tex/generic/pgfplots/pgfplotscoordprocessing.code.tex) (/usr/share/texmf-dist/tex/generic/pgfplots/pgfplots.errorbars.code.tex) (/usr/share/texmf-dist/tex/generic/pgfplots/pgfplots.markers.code.tex) (/usr/share/texmf-dist/tex/generic/pgfplots/pgfplotsticks.code.tex) (/usr/share/texmf-dist/tex/generic/pgfplots/pgfplots.paths.code.tex) (/usr/share/texmf-dist/tex/generic/pgf/frontendlayer/tikz/libraries/tikzlibrarydecorations.code.tex (/usr/share/texmf-dist/tex/generic/pgf/modules/pgfmoduledecorations.code.tex
\pgfdecoratedcompleteddistance=\dimen295
\pgfdecoratedremainingdistance=\dimen296
\pgfdecoratedinputsegmentcompleteddistance=\dimen297
\pgfdecoratedinputsegmentremainingdistance=\dimen298
\pgf@decorate@distancetomove=\dimen299
\pgf@decorate@repeatstate=\count475
\pgfdecorationsegmentamplitude=\dimen300
\pgfdecorationsegmentlength=\dimen301
)
\tikz@lib@dec@box=\box80
) (/usr/share/texmf-dist/tex/generic/pgf/frontendlayer/tikz/libraries/tikzlibrarydecorations.pathmorphing.code.tex (/usr/share/texmf-dist/tex/generic/pgf/libraries/decorations/pgflibrarydecorations.pathmorphing.code.tex)) (/usr/share/texmf-dist/tex/generic/pgf/frontendlayer/tikz/libraries/tikzlibrarydecorations.pathreplacing.code.tex (/usr/share/texmf-dist/tex/generic/pgf/libraries/decorations/pgflibrarydecorations.pathreplacing.code.tex)) (/usr/share/texmf-dist/tex/generic/pgfplots/libs/tikzlibrarypgfplots.contourlua.code.tex)
\pgfplots@numplots=\count476
\pgfplots@xmin@reg=\dimen302
\pgfplots@xmax@reg=\dimen303
\pgfplots@ymin@reg=\dimen304
\pgfplots@ymax@reg=\dimen305
\pgfplots@zmin@reg=\dimen306
\pgfplots@zmax@reg=\dimen307
) (/usr/share/texmf-dist/tex/generic/pgf/frontendlayer/tikz/libraries/tikzlibraryplotmarks.code.tex
File: tikzlibraryplotmarks.code.tex 2025-08-29 v3.1.11a (3.1.11a)
(/usr/share/texmf-dist/tex/generic/pgf/libraries/pgflibraryplotmarks.code.tex
File: pgflibraryplotmarks.code.tex 2025-08-29 v3.1.11a (3.1.11a)
))) (/usr/share/texmf-dist/tex/latex/tikz-3dplot/tikz-3dplot.sty (/usr/share/texmf-dist/tex/generic/pgf/frontendlayer/tikz/libraries/tikzlibrarycalc.code.tex
File: tikzlibrarycalc.code.tex 2025-08-29 v3.1.11a (3.1.11a)
) (/usr/share/texmf-dist/tex/generic/pgf/frontendlayer/tikz/libraries/tikzlibrary3d.code.tex
File: tikzlibrary3d.code.tex 2025-08-29 v3.1.11a (3.1.11a)
) (/usr/share/texmf-dist/tex/generic/pgf/frontendlayer/tikz/libraries/tikzlibraryarrows.code.tex
File: tikzlibraryarrows.code.tex 2025-08-29 v3.1.11a (3.1.11a)
(/usr/share/texmf-dist/tex/generic/pgf/libraries/pgflibraryarrows.code.tex
File: pgflibraryarrows.code.tex 2025-08-29 v3.1.11a (3.1.11a)
\arrowsize=\dimen308
))) (/usr/share/texmf-dist/tex/latex/tkz-euclide/tkz-euclide.sty
2026/01/25 5.13c tkz-euclide.sty
Package: tkz-euclide  2026/01/25 5.13c for pure Euclidean Geometry 
(/usr/share/texmf-dist/tex/generic/pgf/frontendlayer/tikz/libraries/tikzlibraryangles.code.tex
File: tikzlibraryangles.code.tex 2025-08-29 v3.1.11 (3.1.11a)
) (/usr/share/texmf-dist/tex/generic/pgf/libraries/pgflibraryarrows.meta.code.tex
File: pgflibraryarrows.meta.code.tex 2025-08-29 v3.1.11 (3.1.11a)
\pgfarrowinset=\dimen309
\pgfarrowlength=\dimen310
\pgfarrowwidth=\dimen311
\pgfarrowlinewidth=\dimen312
) (/usr/share/texmf-dist/tex/generic/pgf/frontendlayer/tikz/libraries/tikzlibrarybackgrounds.code.tex
File: tikzlibrarybackgrounds.code.tex 2025-08-29 v3.1.11 (3.1.11a)
\pgf@layerbox@background=\box81
\pgf@layerboxsaved@background=\box82
) (/usr/share/texmf-dist/tex/generic/pgf/frontendlayer/tikz/libraries/tikzlibrarydecorations.markings.code.tex (/usr/share/texmf-dist/tex/generic/pgf/libraries/decorations/pgflibrarydecorations.markings.code.tex)) (/usr/share/texmf-dist/tex/generic/pgf/frontendlayer/tikz/libraries/tikzlibrarydecorations.shapes.code.tex (/usr/share/texmf-dist/tex/generic/pgf/libraries/decorations/pgflibrarydecorations.shapes.code.tex)) (/usr/share/texmf-dist/tex/generic/pgf/frontendlayer/tikz/libraries/tikzlibrarydecorations.text.code.tex (/usr/share/texmf-dist/tex/generic/pgf/libraries/decorations/pgflibrarydecorations.text.code.tex
\pgf@lib@dec@text@box=\box83
)
\tikz@lib@dec@te@box=\box84
) (/usr/share/texmf-dist/tex/generic/pgf/frontendlayer/tikz/libraries/tikzlibraryintersections.code.tex (/usr/share/texmf-dist/tex/generic/pgf/libraries/pgflibraryintersections.code.tex
\pgf@intersect@solutions=\count477
)) (/usr/share/texmf-dist/tex/generic/pgf/frontendlayer/tikz/libraries/tikzlibrarymath.code.tex (/usr/share/texmf-dist/tex/generic/pgf/frontendlayer/tikz/libraries/tikzlibraryfpu.code.tex)
\tikz@math@for@depth=\count478
\tikz@math@dimen=\dimen313
\tikz@math@toks=\toks51
) (/usr/share/texmf-dist/tex/generic/pgf/frontendlayer/tikz/libraries/tikzlibrarypositioning.code.tex
File: tikzlibrarypositioning.code.tex 2025-08-29 v3.1.11 (3.1.11a)
) (/usr/share/texmf-dist/tex/generic/pgf/frontendlayer/tikz/libraries/tikzlibraryquotes.code.tex
File: tikzlibraryquotes.code.tex 2025-08-29 v3.1.11 (3.1.11a)
) (/usr/share/texmf-dist/tex/generic/pgf/frontendlayer/tikz/libraries/tikzlibraryshapes.misc.code.tex
File: tikzlibraryshapes.misc.code.tex 2025-08-29 v3.1.11 (3.1.11a)
(/usr/share/texmf-dist/tex/generic/pgf/libraries/shapes/pgflibraryshapes.misc.code.tex
File: pgflibraryshapes.misc.code.tex 2025-08-29 v3.1.11 (3.1.11a)
)) (/usr/share/texmf-dist/tex/generic/pgf/frontendlayer/tikz/libraries/tikzlibrarythrough.code.tex
File: tikzlibrarythrough.code.tex 2025-08-29 v3.1.11 (3.1.11a)
) (/usr/share/texmf-dist/tex/latex/l3packages/xfp/xfp.sty
Package: xfp 2025-10-09 L3 Floating point unit
) (/usr/share/texmf-dist/tex/latex/xpatch/xpatch.sty
Package: xpatch 2020/03/25 v0.3a Extending etoolbox patching commands
)
\tkzRadius=\dimen314
\tkzLength=\dimen315
\tkz@radi=\dimen316
\tkz@ax=\dimen317
\tkz@ay=\dimen318
\tkz@bx=\dimen319
\tkz@by=\dimen320
\tkz@cx=\dimen321
\tkz@cy=\dimen322
\tkz@dx=\dimen323
\tkz@dy=\dimen324
\tkz@cntmk=\count479
Local configuration file tkz-euclide.cfg found and used
(/usr/share/texmf-dist/tex/latex/tkz-euclide/tkz-euclide.cfg
2026/01/25 5.13c tkz-euclide.cfg
) (/usr/share/texmf-dist/tex/latex/tkz-euclide/tkz-tools-eu-base.tex
2026/01/25 5.13c tkz-tools-eu-base.tex
) (/usr/share/texmf-dist/tex/latex/tkz-euclide/tkz-tools-eu-utilities.tex
2026/01/25 5.13c tkz-tools-eu-utilities.tex
) (/usr/share/texmf-dist/tex/latex/tkz-euclide/tkz-tools-eu-BB.tex
2026/01/25 5.13c tkz-obj-eu-BB.tex
) (/usr/share/texmf-dist/tex/latex/tkz-euclide/tkz-obj-eu-grids.tex
2026/01/25 5.13c tkz-obj-eu-grids.tex
) (/usr/share/texmf-dist/tex/latex/tkz-euclide/tkz-lib-eu-marks.tex
2026/01/25 5.13c tkz-lib-eu-marks.tex
) (/usr/share/texmf-dist/tex/latex/tkz-euclide/tkz-tools-eu-text.tex
2026/01/25 5.13c tkz-tools-eu-text.tex
) (/usr/share/texmf-dist/tex/latex/tkz-euclide/tkz-lib-eu-shape.tex
2026/01/25 5.13c tkz-lib-eu-shape.tex
) (/usr/share/texmf-dist/tex/latex/tkz-euclide/tkz-obj-eu-axesmin.tex
2026/01/25 5.13c tkz-obj-eu-axesmin
) (/usr/share/texmf-dist/tex/latex/tkz-euclide/tkz-tools-eu-colors.tex
2026/01/25 5.13c tkz-tools-eu-colors
) (/usr/share/texmf-dist/tex/latex/tkz-euclide/tkz-obj-eu-points.tex
2026/01/25 5.13c tkz-obj-eu-points.tex
) (/usr/share/texmf-dist/tex/latex/tkz-euclide/tkz-draw-eu-points.tex
2026/01/25 5.13c tkz-draw-eu-points.tex
) (/usr/share/texmf-dist/tex/latex/tkz-euclide/tkz-obj-eu-points.tex
2026/01/25 5.13c tkz-obj-eu-points.tex
) (/usr/share/texmf-dist/tex/latex/tkz-euclide/tkz-obj-eu-points-by.tex
2026/01/25 5.13c tkz-tools-eu-points-by.tex
) (/usr/share/texmf-dist/tex/latex/tkz-euclide/tkz-tools-eu-math.tex
2026/01/25 5.13c tkz-tools-eu-math.tex
) (/usr/share/texmf-dist/tex/latex/tkz-euclide/tkz-tools-eu-intersections.tex
2026/01/25 5.13c tkz-tools-eu-intersections.tex
) (/usr/share/texmf-dist/tex/latex/tkz-euclide/tkz-obj-eu-points-with.tex
2026/01/25 5.13c tkz-obj-eu-points-with.tex
) (/usr/share/texmf-dist/tex/latex/tkz-euclide/tkz-obj-eu-points-spc.tex
2026/01/25 5.13c tkz-obj-el-points.tex
) (/usr/share/texmf-dist/tex/latex/tkz-euclide/tkz-tools-eu-angles.tex
2026/01/25 5.13c tkz-tools-eu-angles.tex
) (/usr/share/texmf-dist/tex/latex/tkz-euclide/tkz-obj-eu-circles.tex
2026/01/25 5.13c tkz-obj-eu-circles.tex
) (/usr/share/texmf-dist/tex/latex/tkz-euclide/tkz-obj-eu-circles-by.tex
2026/01/25 5.13c tkz-obj-eu-circles.tex
) (/usr/share/texmf-dist/tex/latex/tkz-euclide/tkz-obj-eu-points-rnd.tex
2026/01/25 5.13c tkz-obj-eu-points-rnd.tex
) (/usr/share/texmf-dist/tex/latex/tkz-euclide/tkz-obj-eu-lines.tex
2026/01/25 5.13c tkz-obj-eu-lines.tex
) (/usr/share/texmf-dist/tex/latex/tkz-euclide/tkz-obj-eu-polygons.tex
2026/01/25 5.13c tkz-obj-eu-polygons.tex
) (/usr/share/texmf-dist/tex/latex/tkz-euclide/tkz-obj-eu-triangles.tex
2026/01/25 5.13c tkz-obj-eu-triangles.tex
) (/usr/share/texmf-dist/tex/latex/tkz-euclide/tkz-draw-eu-lines.tex
2026/01/25 5.13c tkz-obj-eu-draw-lines.tex
) (/usr/share/texmf-dist/tex/latex/tkz-euclide/tkz-draw-eu-circles.tex
2026/01/25 5.13c tkz-obj-eu-draw-circles.tex
) (/usr/share/texmf-dist/tex/latex/tkz-euclide/tkz-draw-eu-ellipses.tex
2026/01/25 5.13c tkz-obj-eu-draw-ellipses.tex
) (/usr/share/texmf-dist/tex/latex/tkz-euclide/tkz-draw-eu-polygons.tex
2026/01/25 5.13c tkz-obj-eu-polygons.tex
) (/usr/share/texmf-dist/tex/latex/tkz-euclide/tkz-draw-eu-arcs.tex
2026/01/25 5.13c tkz-tool-eu-arcs.tex
) (/usr/share/texmf-dist/tex/latex/tkz-euclide/tkz-draw-eu-angles.tex
2026/01/25 5.13c tkz-tool-eu-angles.tex
) (/usr/share/texmf-dist/tex/latex/tkz-euclide/tkz-draw-eu-sectors.tex
2026/01/25 5.13c tkz-obj-eu-sectors.tex
) (/usr/share/texmf-dist/tex/latex/tkz-euclide/tkz-draw-eu-compass.tex
2026/01/25 5.13c tkz-obj-eu-compass.tex
) (/usr/share/texmf-dist/tex/latex/tkz-euclide/tkz-draw-eu-show.tex
2026/01/25 5.13c tkz-obj-eu-show.tex
) (/usr/share/texmf-dist/tex/latex/tkz-euclide/tkz-draw-eu-protractor.tex
2026/01/25 5.13c tkz-obj-eu-protractor.tex
)) (/usr/share/texmf-dist/tex/generic/pgf/frontendlayer/tikz/libraries/tikzlibrarypatterns.code.tex
File: tikzlibrarypatterns.code.tex 2025-08-29 v3.1.11 (3.1.11a)
(/usr/share/texmf-dist/tex/generic/pgf/libraries/pgflibrarypatterns.code.tex
File: pgflibrarypatterns.code.tex 2025-08-29 v3.1.11 (3.1.11a)
)) (/usr/share/texmf-dist/tex/generic/pgf/frontendlayer/tikz/libraries/tikzlibraryshapes.geometric.code.tex
File: tikzlibraryshapes.geometric.code.tex 2025-08-29 v3.1.11 (3.1.11a)
(/usr/share/texmf-dist/tex/generic/pgf/libraries/shapes/pgflibraryshapes.geometric.code.tex
File: pgflibraryshapes.geometric.code.tex 2025-08-29 v3.1.11 (3.1.11a)
)) (/usr/share/texmf-dist/tex/generic/pgf/frontendlayer/tikz/libraries/tikzlibrarymatrix.code.tex
File: tikzlibrarymatrix.code.tex 2025-08-29 v3.1.11 (3.1.11a)
) (/usr/share/texmf-dist/tex/generic/pgf/frontendlayer/tikz/libraries/tikzlibraryscopes.code.tex
File: tikzlibraryscopes.code.tex 2025-08-29 v3.1.11 (3.1.11a)
) (/usr/share/texmf-dist/tex/generic/pgf/frontendlayer/tikz/libraries/tikzlibraryfit.code.tex
File: tikzlibraryfit.code.tex 2025-08-29 v3.1.11 (3.1.11a)
) (/usr/share/texmf-dist/tex/generic/pgf/frontendlayer/tikz/libraries/tikzlibraryshapes.code.tex
File: tikzlibraryshapes.code.tex 2025-08-29 v3.1.11 (3.1.11a)
(/usr/share/texmf-dist/tex/generic/pgf/frontendlayer/tikz/libraries/tikzlibraryshapes.symbols.code.tex
File: tikzlibraryshapes.symbols.code.tex 2025-08-29 v3.1.11 (3.1.11a)
(/usr/share/texmf-dist/tex/generic/pgf/libraries/shapes/pgflibraryshapes.symbols.code.tex
File: pgflibraryshapes.symbols.code.tex 2025-08-29 v3.1.11 (3.1.11a)
)) (/usr/share/texmf-dist/tex/generic/pgf/frontendlayer/tikz/libraries/tikzlibraryshapes.arrows.code.tex
File: tikzlibraryshapes.arrows.code.tex 2025-08-29 v3.1.11 (3.1.11a)
(/usr/share/texmf-dist/tex/generic/pgf/libraries/shapes/pgflibraryshapes.arrows.code.tex
File: pgflibraryshapes.arrows.code.tex 2025-08-29 v3.1.11 (3.1.11a)
)) (/usr/share/texmf-dist/tex/generic/pgf/frontendlayer/tikz/libraries/tikzlibraryshapes.callouts.code.tex (/usr/share/texmf-dist/tex/generic/pgf/libraries/shapes/pgflibraryshapes.callouts.code.tex)) (/usr/share/texmf-dist/tex/generic/pgf/frontendlayer/tikz/libraries/tikzlibraryshapes.multipart.code.tex
File: tikzlibraryshapes.multipart.code.tex 2025-08-29 v3.1.11 (3.1.11a)
(/usr/share/texmf-dist/tex/generic/pgf/libraries/shapes/pgflibraryshapes.multipart.code.tex
File: pgflibraryshapes.multipart.code.tex 2025-08-29 v3.1.11 (3.1.11a)
\pgfnodepartlowerbox=\box85
\pgfnodeparttwobox=\box86
\pgfnodepartthreebox=\box87
\pgfnodepartfourbox=\box88
\pgfnodeparttwentybox=\box89
\pgfnodepartnineteenbox=\box90
\pgfnodeparteighteenbox=\box91
\pgfnodepartseventeenbox=\box92
\pgfnodepartsixteenbox=\box93
\pgfnodepartfifteenbox=\box94
\pgfnodepartfourteenbox=\box95
\pgfnodepartthirteenbox=\box96
\pgfnodeparttwelvebox=\box97
\pgfnodepartelevenbox=\box98
\pgfnodeparttenbox=\box99
\pgfnodepartninebox=\box100
\pgfnodeparteightbox=\box101
\pgfnodepartsevenbox=\box102
\pgfnodepartsixbox=\box103
\pgfnodepartfivebox=\box104
))) (/usr/share/texmf-dist/tex/generic/tikz-ext/tikzlibraryext.paths.ortho.code.tex (/usr/share/texmf-dist/tex/generic/tikz-ext/tikzext-util.tex)) (/usr/share/texmf-dist/tex/generic/pgf/frontendlayer/tikz/libraries/tikzlibrarybending.code.tex
File: tikzlibrarybending.code.tex 2025-08-29 v3.1.11 (3.1.11a)
(/usr/share/texmf-dist/tex/generic/pgf/modules/pgfmodulebending.code.tex
File: pgfmodulebending.code.tex 2025-08-29 v3.1.11 (3.1.11a)
(/usr/share/texmf-dist/tex/generic/pgf/modules/pgfmodulenonlineartransformations.code.tex
File: pgfmodulenonlineartransformations.code.tex 2025-08-29 v3.1.11 (3.1.11a)
\pgftransformnonlinearflatness=\dimen325
) (/usr/share/texmf-dist/tex/generic/pgf/libraries/pgflibrarycurvilinear.code.tex
File: pgflibrarycurvilinear.code.tex 2025-08-29 v3.1.11 (3.1.11a)
\pgf@curvilinear@time@a=\dimen326
\pgf@curvilinear@length@a=\dimen327
\pgf@curvilinear@length@b=\dimen328
\pgf@curvilinear@length@c=\dimen329
\pgf@curvilinear@length@d=\dimen330
)
\pgf@arrows@the@rigidity=\dimen331
)) (/usr/share/texmf-dist/tex/generic/pgfplots/libs/tikzlibrarypgfplots.fillbetween.code.tex (/usr/share/texmf-dist/tex/generic/pgfplots/pgfcontrib/tikzlibraryfillbetween.code.tex (/usr/share/texmf-dist/tex/generic/pgfplots/pgfcontrib/tikzlibrarydecorations.softclip.code.tex (/usr/share/texmf-dist/tex/generic/pgfplots/pgfcontrib/pgflibraryfillbetween.code.tex))) (/usr/share/texmf-dist/tex/generic/pgfplots/libs/tikzlibrarypgfplots.decorations.softclip.code.tex)) (/usr/share/texmf-dist/tex/generic/pgfplots/libs/tikzlibrarypgfplots.colormaps.code.tex) (/usr/share/texmf-dist/tex/generic/pgfplots/libs/tikzlibrarypgfplots.patchplots.code.tex) (/usr/share/texmf-dist/tex/generic/pgfplots/libs/tikzlibrarypgfplots.external.code.tex (/usr/share/texmf-dist/tex/latex/pgf/frontendlayer/libraries/tikzlibraryexternal.code.tex (/usr/share/texmf-dist/tex/latex/base/atveryend-ltx.sty
Package: atveryend-ltx 2020/08/19 v1.0a Emulation of the original atveryend package
with kernel methods
) (/usr/share/texmf-dist/tex/generic/pgf/frontendlayer/tikz/libraries/tikzexternalshared.code.tex))) (/usr/share/texmf-dist/tex/generic/pgf/libraries/pgflibraryshadings.code.tex
File: pgflibraryshadings.code.tex 2025-08-29 v3.1.11 (3.1.11a)
)
No auxiliary output files.

\w@pgfexternal@auxout=\write5
Package TikZ externalization: calling \geometry{driver=none} during externalization.

\pgf@layerbox@bg=\box105
\pgf@layerboxsaved@bg=\box106
(/usr/share/texmf-dist/tex/latex/hyperref/hyperref.sty
Package: hyperref 2026-01-29 v7.01p Hypertext links for LaTeX
(/usr/share/texmf-dist/tex/generic/kvdefinekeys/kvdefinekeys.sty
Package: kvdefinekeys 2019-12-19 v1.6 Define keys (HO)
) (/usr/share/texmf-dist/tex/generic/pdfescape/pdfescape.sty
Package: pdfescape 2019/12/09 v1.15 Implements pdfTeX's escape features (HO)
) (/usr/share/texmf-dist/tex/latex/hycolor/hycolor.sty
Package: hycolor 2020-01-27 v1.10 Color options for hyperref/bookmark (HO)
) (/usr/share/texmf-dist/tex/latex/hyperref/nameref.sty
Package: nameref 2026-01-29 v2.58 Cross-referencing by name of section
(/usr/share/texmf-dist/tex/latex/refcount/refcount.sty
Package: refcount 2019/12/15 v3.6 Data extraction from label references (HO)
) (/usr/share/texmf-dist/tex/generic/gettitlestring/gettitlestring.sty
Package: gettitlestring 2019/12/15 v1.6 Cleanup title references (HO)
)
\c@section@level=\count480
) (/usr/share/texmf-dist/tex/generic/stringenc/stringenc.sty
Package: stringenc 2019/11/29 v1.12 Convert strings between diff. encodings (HO)
)
\@linkdim=\dimen332
\Hy@linkcounter=\count481
\Hy@pagecounter=\count482
(/usr/share/texmf-dist/tex/latex/hyperref/pd1enc.def
File: pd1enc.def 2026-01-29 v7.01p Hyperref: PDFDocEncoding definition (HO)
Now handling font encoding PD1 ...
... no UTF-8 mapping file for font encoding PD1
) (/usr/share/texmf-dist/tex/generic/intcalc/intcalc.sty
Package: intcalc 2019/12/15 v1.3 Expandable calculations with integers (HO)
)
\Hy@SavedSpaceFactor=\count483
(/usr/share/texmf-dist/tex/latex/hyperref/puenc.def
File: puenc.def 2026-01-29 v7.01p Hyperref: PDF Unicode definition (HO)
Now handling font encoding PU ...
... no UTF-8 mapping file for font encoding PU
)
Package hyperref Info: Option `colorlinks' set `true' on input line 4072.
Package hyperref Info: Option `bookmarks' set `true' on input line 4072.
Package hyperref Info: Option `debug' set `true' on input line 4072.
Package hyperref Info: Option `linktocpage' set `true' on input line 4072.
Package hyperref Info: Hyper figures OFF on input line 4201.
Package hyperref Info: Link nesting OFF on input line 4206.
Package hyperref Info: Hyper index ON on input line 4209.
Package hyperref Info: Plain pages OFF on input line 4216.
Package hyperref Info: Backreferencing OFF on input line 4221.
Package hyperref Info: Implicit mode ON; LaTeX internals redefined.
Package hyperref Info: Bookmarks ON on input line 4468.
\c@Hy@tempcnt=\count484
LaTeX Info: Redefining \url on input line 4807.
\XeTeXLinkMargin=\dimen333
(/usr/share/texmf-dist/tex/generic/bitset/bitset.sty
Package: bitset 2019/12/09 v1.3 Handle bit-vector datatype (HO)
(/usr/share/texmf-dist/tex/generic/bigintcalc/bigintcalc.sty
Package: bigintcalc 2019/12/15 v1.5 Expandable calculations on big integers (HO)
))
\Fld@menulength=\count485
\Field@Width=\dimen334
\Fld@charsize=\dimen335
Package hyperref Info: Hyper figures OFF on input line 6084.
Package hyperref Info: Link nesting OFF on input line 6089.
Package hyperref Info: Hyper index ON on input line 6092.
Package hyperref Info: backreferencing OFF on input line 6099.
Package hyperref Info: Link coloring OFF on input line 6104.
Package hyperref Info: Link coloring with OCG OFF on input line 6109.
Package hyperref Info: PDF/A mode OFF on input line 6114.
\Hy@abspage=\count486
\c@Item=\count487
\c@Hfootnote=\count488
)
Package hyperref Info: Driver: hpdftex.
(/usr/share/texmf-dist/tex/latex/hyperref/hpdftex.def
File: hpdftex.def 2026-01-29 v7.01p Hyperref driver for pdfTeX
\Fld@listcount=\count489
\c@bookmark@seq@number=\count490
(/usr/share/texmf-dist/tex/latex/rerunfilecheck/rerunfilecheck.sty
Package: rerunfilecheck 2025-06-21 v1.11 Rerun checks for auxiliary files (HO)
(/usr/share/texmf-dist/tex/generic/uniquecounter/uniquecounter.sty
Package: uniquecounter 2019/12/15 v1.4 Provide unlimited unique counter (HO)
)
Package uniquecounter Info: New unique counter `rerunfilecheck' on input line 284.
)
\Hy@SectionHShift=\skip85
) (/usr/share/texmf-dist/tex/latex/tools/multicol.sty
Package: multicol 2025/10/21 v2.0b multicolumn formatting (FMi)
\c@tracingmulticols=\count491
\mult@box=\box107
\multicol@leftmargin=\dimen336
\c@unbalance=\count492
\c@collectmore=\count493
\doublecol@number=\count494
\multicoltolerance=\count495
\multicolpretolerance=\count496
\full@width=\dimen337
\page@free=\dimen338
\premulticols=\dimen339
\postmulticols=\dimen340
\multicolsep=\skip86
\multicolbaselineskip=\skip87
\partial@page=\box108
\last@line=\box109
\mc@boxedresult=\box110
\maxbalancingoverflow=\dimen341
\mult@rightbox=\box111
\mult@grightbox=\box112
\mult@firstbox=\box113
\mult@gfirstbox=\box114
\@tempa=\box115
\@tempa=\box116
\@tempa=\box117
\@tempa=\box118
\@tempa=\box119
\@tempa=\box120
\@tempa=\box121
\@tempa=\box122
\@tempa=\box123
\@tempa=\box124
\@tempa=\box125
\@tempa=\box126
\@tempa=\box127
\@tempa=\box128
\@tempa=\box129
\@tempa=\box130
\@tempa=\box131
\@tempa=\box132
\@tempa=\box133
\@tempa=\box134
\@tempa=\box135
\@tempa=\box136
\@tempa=\box137
\@tempa=\box138
\@tempa=\box139
\@tempa=\box140
\@tempa=\box141
\@tempa=\box142
\@tempa=\box143
\@tempa=\box144
\@tempa=\box145
\@tempa=\box146
\@tempa=\box147
\@tempa=\box148
\@tempa=\box149
\@tempa=\box150
\c@minrows=\count497
\c@columnbadness=\count498
\c@finalcolumnbadness=\count499
\last@try=\dimen342
\multicolovershoot=\dimen343
\multicolundershoot=\dimen344
\mult@nat@firstbox=\box151
\colbreak@box=\box152
\mc@col@check@num=\count500
\g__mc_curr_col_int=\count501
) (/usr/share/texmf-dist/tex/latex/fancyhdr/fancyhdr.sty
Package: fancyhdr 2025/02/07 v5.2 Extensive control of page headers and footers
\f@nch@headwidth=\skip88
\f@nch@offset@elh=\skip89
\f@nch@offset@erh=\skip90
\f@nch@offset@olh=\skip91
\f@nch@offset@orh=\skip92
\f@nch@offset@elf=\skip93
\f@nch@offset@erf=\skip94
\f@nch@offset@olf=\skip95
\f@nch@offset@orf=\skip96
\f@nch@height=\skip97
\f@nch@footalignment=\skip98
\f@nch@widthL=\skip99
\f@nch@widthC=\skip100
\f@nch@widthR=\skip101
\@temptokenb=\toks52
) (/usr/share/texmf-dist/tex/latex/caption/caption.sty
Package: caption 2023/08/05 v3.6o Customizing captions (AR)
(/usr/share/texmf-dist/tex/latex/caption/caption3.sty
Package: caption3 2023/07/31 v2.4d caption3 kernel (AR)
\caption@tempdima=\dimen345
\captionmargin=\dimen346
\caption@leftmargin=\dimen347
\caption@rightmargin=\dimen348
\caption@width=\dimen349
\caption@indent=\dimen350
\caption@parindent=\dimen351
\caption@hangindent=\dimen352
Package caption Info: Standard document class detected.
)
\c@caption@flags=\count502
\c@continuedfloat=\count503
Package caption Info: float package is loaded.
Package caption Info: hyperref package is loaded.
Package caption Info: wrapfig package is loaded.
) (/usr/share/texmf-dist/tex/latex/esdiff/esdiff.sty
Package: esdiff 
) (/usr/share/texmf-dist/tex/latex/stackengine/stackengine.sty
Package: stackengine 2021/07/22 v4.11\ Stacking text and objects in convenient ways
(./listofitems.sty (./listofitems.tex
\loi_cnt_foreach_nest=\count504
\loi_nestcnt=\count505
)
Package: listofitems 2024/03/09 v1.65 Grab items in lists using user-specified sep char (CT)
)
\c@@stackindex=\count506
\@boxshift=\skip102
\stack@tmplength=\skip103
\temp@stkl=\skip104
\@stackedboxwidth=\skip105
\@addedbox=\box153
\@anchorbox=\box154
\@insetbox=\box155
\se@backgroundbox=\box156
\stackedbox=\box157
\@centerbox=\box158
\c@ROWcellindex@=\count507
)
\CBox=\box159
(./custom.sty
Package: custom 
(./tikzlibrary3dtools.code.tex
File: tikzlibrary3dtools.code.tex 2025-08-29 v3.1.11 (3.1.11a)
(/usr/share/texmf-dist/tex/latex/calculator/calculator.sty
Package: calculator 2022/09/15 v.2.1
\cctr@lengtha=\dimen353
\cctr@lengthb=\dimen354
\cctr@epsilon=\dimen355
)
\c@tikz@td@recorded@point=\count508
\c@tikz@td@cone@shading=\count509
) (/usr/share/texmf-dist/tex/latex/tensor/tensor.sty
Package: tensor 2023/07/18 v2.2 tensor indices package (PGR)
\tnsr@Sps=\toks53
\tnsr@Sbs=\toks54
\tnsr@Spe=\toks55
\tnsr@Sbe=\toks56
\ncld@Mno=\toks57
) (/usr/share/texmf-dist/tex/latex/enumitem/enumitem.sty
Package: enumitem 2025/02/06 v3.11 Customized lists
\labelindent=\skip106
\enit@outerparindent=\dimen356
\enit@toks=\toks58
\enit@inbox=\box160
\enit@count@id=\count510
\enitdp@description=\count511
) (/usr/share/texmf-dist/tex/latex/carlisle/slashed.sty
Package: slashed 1997/01/16 v0.01 Feynman Slashed Character Notation (DPC)
) (/usr/share/texmf-dist/tex/latex/bbm-macros/bbm.sty
Package: bbm 1999/03/15 V 1.2 provides fonts for set symbols - TH
LaTeX Font Info:    Overwriting math alphabet `\mathbbm' in version `bold'
(Font)                  U/bbm/m/n --> U/bbm/bx/n on input line 33.
LaTeX Font Info:    Overwriting math alphabet `\mathbbmss' in version `bold'
(Font)                  U/bbmss/m/n --> U/bbmss/bx/n on input line 35.
) (/usr/share/texmf-dist/tex/latex/anyfontsize/anyfontsize.sty
Package: anyfontsize 2007/11/22 anyfontsize.sty by pts
)
\c@subparti=\count512
\enitdp@subpart=\count513
(/usr/share/texmf-dist/tex/latex/sectsty/sectsty.sty
Package: sectsty 2002/02/25 v2.0.2 Commands to change all sectional heading styles

LaTeX Warning: Command \underbar  has changed.
               Check if current package is valid.


LaTeX Warning: Command \underline  has changed.
               Check if current package is valid.

) (/usr/share/texmf-dist/tex/generic/ulem/ulem.sty
\UL@box=\box161
\UL@hyphenbox=\box162
\UL@skip=\skip107
\UL@hook=\toks59
\UL@height=\dimen357
\UL@pe=\count514
\UL@pixel=\dimen358
\ULC@box=\box163
Package: ulem 2019/11/18
\ULdepth=\dimen359
) (/usr/share/texmf-dist/tex/latex/titlesec/titlesec.sty
Package: titlesec 2025/01/04 v2.17 Sectioning titles
\ttl@box=\box164
\beforetitleunit=\skip108
\aftertitleunit=\skip109
\ttl@plus=\dimen360
\ttl@minus=\dimen361
\ttl@toksa=\toks60
\titlewidth=\dimen362
\titlewidthlast=\dimen363
\titlewidthfirst=\dimen364
) (/usr/share/texmf-dist/tex/latex/cleveref/cleveref.sty
Package: cleveref 2018/03/27 v0.21.4 Intelligent cross-referencing
Package cleveref Info: `hyperref' support loaded on input line 2370.
LaTeX Info: Redefining \cref on input line 2370.
LaTeX Info: Redefining \Cref on input line 2370.
LaTeX Info: Redefining \crefrange on input line 2370.
LaTeX Info: Redefining \Crefrange on input line 2370.
LaTeX Info: Redefining \cpageref on input line 2370.
LaTeX Info: Redefining \Cpageref on input line 2370.
LaTeX Info: Redefining \cpagerefrange on input line 2370.
LaTeX Info: Redefining \Cpagerefrange on input line 2370.
LaTeX Info: Redefining \labelcref on input line 2370.
LaTeX Info: Redefining \labelcpageref on input line 2370.
Package cleveref Info: `amsthm' support loaded on input line 3026.
)
==> First Aid for cleveref.sty applied!
(/usr/share/texmf-dist/tex/latex/tools/bm.sty
Package: bm 2025/10/21 v1.2g Bold Symbol Support (DPC/FMi)
\symboldoperators=\mathgroup10
\symboldletters=\mathgroup11
\symboldsymbols=\mathgroup12
Package bm Info: No bold for \OMX/cmex/m/n, using \pmb.
Package bm Info: No bold for \U/msa/m/n, using \pmb.
Package bm Info: No bold for \U/msb/m/n, using \pmb.
\symboldugrf@m=\mathgroup13
Package bm Info: No bold for \U/esint/m/n, using \pmb.
Package bm Info: No bold for \U/rsfs/m/n, using \pmb.
LaTeX Font Info:    Redeclaring math alphabet \mathbf on input line 149.
)
\foobox=\box165
(/usr/share/texmf-dist/tex/latex/tools/xspace.sty
Package: xspace 2014/10/28 v1.13 Space after command names (DPC,MH)
)))

Package biblatex Warning: 'babel/polyglossia' detected but 'csquotes' missing.
(biblatex)                Loading 'csquotes' recommended.

\@quotelevel=\count515
\@quotereset=\count516
No file tikzcache/main-figure9.aux.
LaTeX Font Info:    Checking defaults for OML/cmm/m/it on input line 9.
LaTeX Font Info:    ... okay on input line 9.
LaTeX Font Info:    Checking defaults for OMS/cmsy/m/n on input line 9.
LaTeX Font Info:    ... okay on input line 9.
LaTeX Font Info:    Checking defaults for OT1/cmr/m/n on input line 9.
LaTeX Font Info:    ... okay on input line 9.
LaTeX Font Info:    Checking defaults for T1/cmr/m/n on input line 9.
LaTeX Font Info:    ... okay on input line 9.
LaTeX Font Info:    Checking defaults for TS1/cmr/m/n on input line 9.
LaTeX Font Info:    ... okay on input line 9.
LaTeX Font Info:    Checking defaults for OMX/cmex/m/n on input line 9.
LaTeX Font Info:    ... okay on input line 9.
LaTeX Font Info:    Checking defaults for U/cmr/m/n on input line 9.
LaTeX Font Info:    ... okay on input line 9.
LaTeX Font Info:    Checking defaults for PD1/pdf/m/n on input line 9.
LaTeX Font Info:    ... okay on input line 9.
LaTeX Font Info:    Checking defaults for PU/pdf/m/n on input line 9.
LaTeX Font Info:    ... okay on input line 9.
Package biblatex Info: Trying to load language 'english'...
Package biblatex Info: ... file 'english.lbx' found.
(/usr/share/texmf-dist/tex/latex/biblatex/lbx/english.lbx
File: english.lbx 2025/07/10 v3.21 biblatex localization (PK/MW)
)
Package biblatex Info: Input encoding 'utf8' detected.
Package biblatex Info: Automatic encoding selection.
(biblatex)             Assuming data encoding 'utf8'.
Package biblatex Info: Trying to load bibliographic data...
Package biblatex Info: ... file 'tikzcache/main-figure9.bbl' not found.
No file tikzcache/main-figure9.bbl.
Package biblatex Info: Reference section=0 on input line 9.
Package biblatex Info: Reference segment=0 on input line 9.
*geometry* detected driver: <none>
*geometry* verbose mode - [ preamble ] result:
* driver: \Gm@driver 
* paper: custom
* layout: <same size as paper>
* layoutoffset:(h,v)=(0.0pt,0.0pt)
* modes: twoside 
* h-part:(L,W,R)=(72.26999pt, 452.9679pt, 72.26999pt)
* v-part:(T,H,B)=(72.26999pt, 714.96056pt, 57.81621pt)
* \paperwidth=597.50787pt
* \paperheight=845.04675pt
* \textwidth=452.9679pt
* \textheight=714.96056pt
* \oddsidemargin=0.0pt
* \evensidemargin=0.0pt
* \topmargin=-30.06749pt
* \headheight=0.0pt
* \headsep=18.06749pt
* \topskip=10.0pt
* \footskip=25.29494pt
* \marginparwidth=125.0pt
* \marginparsep=7.0pt
* \columnsep=21.33955pt
* \skip\footins=9.0pt plus 4.0pt minus 2.0pt
* \hoffset=0.0pt
* \voffset=0.0pt
* \mag=1000
* \@twocolumnfalse
* \@twosidetrue
* \@mparswitchtrue
* \@reversemarginfalse
* (1in=72.27pt=25.4mm, 1cm=28.453pt)

(/usr/share/texmf-dist/tex/latex/translations/translations-basic-dictionary-english.trsl
File: translations-basic-dictionary-english.trsl (english translation file `translations-basic-dictionary')
)
Package translations Info: loading dictionary `translations-basic-dictionary' for `english'. on input line 9.
(/usr/share/texmf-dist/tex/context/base/mkii/supp-pdf.mkii
[Loading MPS to PDF converter (version 2006.09.02).]
\scratchcounter=\count517
\scratchdimen=\dimen365
\scratchbox=\box166
\nofMPsegments=\count518
\nofMParguments=\count519
\everyMPshowfont=\toks61
\MPscratchCnt=\count520
\MPscratchDim=\dimen366
\MPnumerator=\count521
\makeMPintoPDFobject=\count522
\everyMPtoPDFconversion=\toks62
) (/usr/share/texmf-dist/tex/latex/epstopdf-pkg/epstopdf-base.sty
Package: epstopdf-base 2020-01-24 v2.11 Base part for package epstopdf
Package epstopdf-base Info: Redefining graphics rule for `.eps' on input line 485.
(/usr/share/texmf-dist/tex/latex/latexconfig/epstopdf-sys.cfg
File: epstopdf-sys.cfg 2010/07/13 v1.3 Configuration of (r)epstopdf for TeX Live
))
Package pgfplots notification 'compat/show suggested version=true': document has been generated with the most recent feature set (\pgfplotsset{compat=1.18}).

\providecommand\hyper@newdestlabel[2]{}
Package hyperref Info: Link coloring OFF on input line 9.
Package hyperref Info: Anchor `Doc-Start' on input line 9.
Package caption Info: Begin \AtBeginDocument code.
Package caption Info: End \AtBeginDocument code.
\providecommand\hyper@newdestlabel[2]{}
(./Chapters/front-page.tex
LaTeX Font Info:    Trying to load font information for U+msa on input line 30.
(/usr/share/texmf-dist/tex/latex/amsfonts/umsa.fd
File: umsa.fd 2013/01/14 v3.01 AMS symbols A
)
LaTeX Font Info:    Trying to load font information for U+msb on input line 30.
(/usr/share/texmf-dist/tex/latex/amsfonts/umsb.fd
File: umsb.fd 2013/01/14 v3.01 AMS symbols B
)
LaTeX Font Info:    Trying to load font information for U+stmry on input line 30.
(/usr/share/texmf-dist/tex/latex/stmaryrd/Ustmry.fd)
LaTeX Font Info:    Trying to load font information for U+esint on input line 30.
(/usr/share/texmf-dist/tex/latex/esint/uesint.fd
File: uesint.fd 
)
LaTeX Font Info:    Trying to load font information for U+rsfs on input line 30.
(/usr/share/texmf-dist/tex/latex/jknapltx/ursfs.fd
File: ursfs.fd 1998/03/24 rsfs font definition file (jk)
))
\providecommand\hyper@newdestlabel[2]{}
(./Chapters/preface.tex
Package hyperref Info: Anchor `chapter*.1' on input line 3.
Package hyperref Info: bookmark on input line 5:
(hyperref)             thecounter {0}
(hyperref)             text {Preface}
(hyperref)             reference {chapter*.1}
(hyperref)             toclevel {0}
(hyperref)             type {toc}.
)
Package hyperref Info: Anchor `chapter*.2' on input line 16.
No file tikzcache/main-figure9.toc.
Package hyperref Info: bookmark on input line 17:
(hyperref)             thecounter {0}
(hyperref)             text {Contents}
(hyperref)             reference {chapter*.2}
(hyperref)             toclevel {0}
(hyperref)             type {toc}.
\providecommand\hyper@newdestlabel[2]{}
(./Chapters/fundamental-concepts.tex
Package hyperref Info: Anchor `chapter.1' on input line 3.
Chapter 1.
Package hyperref Info: bookmark on input line 3:
(hyperref)             thecounter {1}
(hyperref)             text {\protect \numberline {\thechapter }Preliminaries}
(hyperref)             reference {chapter.1}
(hyperref)             toclevel {0}
(hyperref)             type {toc}.
Package hyperref Info: Anchor `section.1.1' on input line 11.
Package hyperref Info: bookmark on input line 11:
(hyperref)             thecounter {1.1}
(hyperref)             text {\ifttl@toclabel \ttl@a \fi Fundamental plasma parameters}
(hyperref)             reference {section.1.1}
(hyperref)             toclevel {1}
(hyperref)             type {toc}.
Package hyperref Info: Anchor `Item.1' on input line 16.
Package hyperref Info: Anchor `Item.2' on input line 17.
Package hyperref Info: Anchor `Item.3' on input line 18.
Package hyperref Info: Anchor `Item.4' on input line 19.
Package hyperref Info: Anchor `Item.5' on input line 20.
Package hyperref Info: Anchor `section.1.2' on input line 25.
Package hyperref Info: bookmark on input line 25:
(hyperref)             thecounter {1.2}
(hyperref)             text {\ifttl@toclabel \ttl@a \fi Logical scheme of plasma physics}
(hyperref)             reference {section.1.2}
(hyperref)             toclevel {1}
(hyperref)             type {toc}.
Package hyperref Info: Anchor `Item.6' on input line 30.
Package hyperref Info: Anchor `Item.7' on input line 31.
Package hyperref Info: Anchor `Item.8' on input line 37.
Package hyperref Info: Anchor `Item.9' on input line 39.
Package hyperref Info: Anchor `Item.10' on input line 40.
Package hyperref Info: Anchor `Item.11' on input line 41.
Package hyperref Info: Anchor `Item.12' on input line 42.
Package hyperref Info: Anchor `Item.13' on input line 43.
Package hyperref Info: Anchor `Item.14' on input line 45.
Package hyperref Info: Anchor `Item.15' on input line 47.
Package hyperref Info: Anchor `Item.16' on input line 49.
Package hyperref Info: Anchor `Item.17' on input line 50.
Package hyperref Info: Anchor `Item.18' on input line 51.
Package hyperref Info: Anchor `Item.19' on input line 53.
Package hyperref Info: Anchor `Item.20' on input line 54.
Package hyperref Info: Anchor `Item.21' on input line 55.

LaTeX Warning: Reference `fig1-2' on page 2 undefined on input line 63.

Package hyperref Info: Anchor `figure.caption.3' on input line 65.
(./Figures/figure1-2.tikz
A tikzpicture has been optimized away. Use '/tikz/external/optimize=false' to disable this.
)
Package hyperref Info: bookmark on input line 68:
(hyperref)             thecounter {1.1}
(hyperref)             text {\protect \numberline {\caption@listformat {\caption@p {figure}}{\caption@the {figure}}}{\ignorespaces Hierarchy of plasma models}}
(hyperref)             reference {figure.caption.3}
(hyperref)             toclevel {0}
(hyperref)             type {lof}.
Package hyperref Info: Anchor `section.1.3' on input line 72.
Package hyperref Info: bookmark on input line 72:
(hyperref)             thecounter {1.3}
(hyperref)             text {\ifttl@toclabel \ttl@a \fi Debye Shielding}
(hyperref)             reference {section.1.3}
(hyperref)             toclevel {1}
(hyperref)             type {toc}.

LaTeX Warning: Reference `fig1-2' on page 2 undefined on input line 74.

Package hyperref Info: Anchor `Item.22' on input line 77.
Package hyperref Info: Anchor `Item.23' on input line 78.
Package hyperref Info: Anchor `equation.1.1' on input line 80.
Package hyperref Info: Anchor `equation.1.1' on input line 80.
Package hyperref Info: Anchor `equation.1.1' on input line 80.
Package hyperref Info: Anchor `equation.1.1' on input line 80.
Package hyperref Info: Anchor `Item.24' on input line 91.
Package hyperref Info: Anchor `Item.25' on input line 92.
Package hyperref Info: Anchor `Item.26' on input line 93.
Package hyperref Info: Anchor `Item.27' on input line 94.

LaTeX Warning: Reference `eq1-1' on page 3 undefined on input line 97.

Package hyperref Info: Anchor `equation.1.2' on input line 99.
Package hyperref Info: Anchor `equation.1.2' on input line 99.
Package hyperref Info: Anchor `equation.1.2' on input line 99.
Package hyperref Info: Anchor `equation.1.2' on input line 99.

LaTeX Warning: Reference `eq1-2' on page 3 undefined on input line 104.

Package hyperref Info: Anchor `equation.1.3' on input line 106.
Package hyperref Info: Anchor `equation.1.3' on input line 106.
Package hyperref Info: Anchor `equation.1.3' on input line 106.
Package hyperref Info: Anchor `equation.1.3' on input line 106.

LaTeX Warning: Reference `eq1-3' on page 4 undefined on input line 121.

Package hyperref Info: Anchor `equation.1.4' on input line 123.
Package hyperref Info: Anchor `equation.1.4' on input line 123.
Package hyperref Info: Anchor `equation.1.4' on input line 123.
Package hyperref Info: Anchor `equation.1.4' on input line 123.
Package hyperref Info: Anchor `equation.1.5' on input line 127.
Package hyperref Info: Anchor `equation.1.5' on input line 127.
Package hyperref Info: Anchor `equation.1.5' on input line 127.
Package hyperref Info: Anchor `equation.1.5' on input line 127.

LaTeX Warning: Reference `eq1-6' on page 4 undefined on input line 132.

Package hyperref Info: Anchor `equation.1.6' on input line 134.
Package hyperref Info: Anchor `equation.1.6' on input line 134.
Package hyperref Info: Anchor `equation.1.6' on input line 134.
Package hyperref Info: Anchor `equation.1.6' on input line 134.
Package hyperref Info: Anchor `equation.1.7' on input line 141.
Package hyperref Info: Anchor `equation.1.7' on input line 141.
Package hyperref Info: Anchor `equation.1.7' on input line 141.
Package hyperref Info: Anchor `equation.1.7' on input line 141.

LaTeX Warning: Reference `eq1-9' on page 4 undefined on input line 146.

Package hyperref Info: Anchor `equation.1.8' on input line 190.
Package hyperref Info: Anchor `equation.1.8' on input line 190.
Package hyperref Info: Anchor `equation.1.8' on input line 190.
Package hyperref Info: Anchor `equation.1.8' on input line 190.
Package hyperref Info: Anchor `section.1.4' on input line 197.
Package hyperref Info: bookmark on input line 197:
(hyperref)             thecounter {1.4}
(hyperref)             text {\ifttl@toclabel \ttl@a \fi Quasi-neutrality}
(hyperref)             reference {section.1.4}
(hyperref)             toclevel {1}
(hyperref)             type {toc}.
Package hyperref Info: Anchor `section.1.5' on input line 227.
Package hyperref Info: bookmark on input line 227:
(hyperref)             thecounter {1.5}
(hyperref)             text {\ifttl@toclabel \ttl@a \fi Collisions in plasmas: first considerations}
(hyperref)             reference {section.1.5}
(hyperref)             toclevel {1}
(hyperref)             type {toc}.

LaTeX Warning: Reference `fig1-3' on page 6 undefined on input line 247.


LaTeX Warning: Reference `fig1-3' on page 6 undefined on input line 247.

Package hyperref Info: Anchor `figure.caption.4' on input line 249.
(./Figures/figure1-3.tikz
A tikzpicture has been optimized away. Use '/tikz/external/optimize=false' to disable this.
)
Package hyperref Info: bookmark on input line 252:
(hyperref)             thecounter {1.2}
(hyperref)             text {\protect \numberline {\caption@listformat {\caption@p {figure}}{\caption@the {figure}}}{\ignorespaces Illustration of the binary Coulomb collision problem.}}
(hyperref)             reference {figure.caption.4}
(hyperref)             toclevel {0}
(hyperref)             type {lof}.
Package hyperref Info: Anchor `equation.1.9' on input line 258.
Package hyperref Info: Anchor `equation.1.9' on input line 258.
Package hyperref Info: Anchor `equation.1.9' on input line 258.
Package hyperref Info: Anchor `equation.1.9' on input line 258.
Package hyperref Info: Anchor `equation.1.10' on input line 270.
Package hyperref Info: Anchor `equation.1.10' on input line 270.
Package hyperref Info: Anchor `equation.1.10' on input line 270.
Package hyperref Info: Anchor `equation.1.10' on input line 270.

LaTeX Warning: Reference `eq-1-29' on page 7 undefined on input line 275.


LaTeX Warning: Reference `eq-1-31' on page 7 undefined on input line 275.

Package hyperref Info: Anchor `equation.1.11' on input line 277.
Package hyperref Info: Anchor `equation.1.11' on input line 277.
Package hyperref Info: Anchor `equation.1.11' on input line 277.
Package hyperref Info: Anchor `equation.1.11' on input line 277.
Package hyperref Info: Anchor `equation.1.12' on input line 284.
Package hyperref Info: Anchor `equation.1.12' on input line 284.
Package hyperref Info: Anchor `equation.1.12' on input line 284.
Package hyperref Info: Anchor `equation.1.12' on input line 284.
Package hyperref Info: Anchor `equation.1.13' on input line 300.
Package hyperref Info: Anchor `equation.1.13' on input line 300.
Package hyperref Info: Anchor `equation.1.13' on input line 300.
Package hyperref Info: Anchor `equation.1.13' on input line 300.
Package hyperref Info: Anchor `subsection.1.5.1' on input line 306.
Package hyperref Info: bookmark on input line 306:
(hyperref)             thecounter {1.5.1}
(hyperref)             text {\ifttl@toclabel \ttl@a \fi Digression: cross-sections}
(hyperref)             reference {subsection.1.5.1}
(hyperref)             toclevel {2}
(hyperref)             type {toc}.
Package hyperref Info: Anchor `equation.1.14' on input line 314.
Package hyperref Info: Anchor `equation.1.14' on input line 314.
Package hyperref Info: Anchor `equation.1.14' on input line 314.
Package hyperref Info: Anchor `equation.1.14' on input line 314.

LaTeX Warning: Reference `eq-preliminaries-13' on page 7 undefined on input line 319.

Package hyperref Info: Anchor `equation.1.15' on input line 321.
Package hyperref Info: Anchor `equation.1.15' on input line 321.
Package hyperref Info: Anchor `equation.1.15' on input line 321.
Package hyperref Info: Anchor `equation.1.15' on input line 321.

LaTeX Warning: Reference `eq-preliminaries-14' on page 8 undefined on input line 330.


LaTeX Warning: Reference `yukawa' on page 8 undefined on input line 330.

Package hyperref Info: Anchor `equation.1.16' on input line 340.
Package hyperref Info: Anchor `equation.1.16' on input line 340.
Package hyperref Info: Anchor `equation.1.16' on input line 340.
Package hyperref Info: Anchor `equation.1.16' on input line 340.

LaTeX Warning: Reference `eq-1-32' on page 8 undefined on input line 344.

Package hyperref Info: Anchor `equation.1.17' on input line 346.
Package hyperref Info: Anchor `equation.1.17' on input line 346.
Package hyperref Info: Anchor `equation.1.17' on input line 346.
Package hyperref Info: Anchor `equation.1.17' on input line 346.
Package hyperref Info: Anchor `subsection.1.5.2' on input line 350.
Package hyperref Info: bookmark on input line 350:
(hyperref)             thecounter {1.5.2}
(hyperref)             text {\ifttl@toclabel \ttl@a \fi Collisions with small and large angles of deflection}
(hyperref)             reference {subsection.1.5.2}
(hyperref)             toclevel {2}
(hyperref)             type {toc}.
Package hyperref Info: Anchor `equation.1.18' on input line 356.
Package hyperref Info: Anchor `equation.1.18' on input line 356.
Package hyperref Info: Anchor `equation.1.18' on input line 356.
Package hyperref Info: Anchor `equation.1.18' on input line 356.

LaTeX Warning: Reference `eq-preliminaries-13' on page 9 undefined on input line 370.

Package hyperref Info: Anchor `equation.1.19' on input line 378.
Package hyperref Info: Anchor `equation.1.19' on input line 378.
Package hyperref Info: Anchor `equation.1.19' on input line 378.
Package hyperref Info: Anchor `equation.1.19' on input line 378.

LaTeX Warning: Reference `eq-1-18-coll' on page 10 undefined on input line 399.


Underfull \vbox (badness 10000) has occurred while \output is active []


LaTeX Warning: Reference `eq-1-18-coll' on page 11 undefined on input line 430.


LaTeX Warning: Reference `9-a-more-correct-approach' on page 11 undefined on input line 430.

Package hyperref Info: Anchor `equation.1.20' on input line 432.
Package hyperref Info: Anchor `equation.1.20' on input line 432.
Package hyperref Info: Anchor `equation.1.20' on input line 432.
Package hyperref Info: Anchor `equation.1.20' on input line 432.

LaTeX Warning: Reference `eq-1-18-coll' on page 11 undefined on input line 437.


Overfull \hbox (19.98894pt too wide) detected at line 443
[]
 []

Package hyperref Info: Anchor `equation.1.21' on input line 451.
Package hyperref Info: Anchor `equation.1.21' on input line 451.
Package hyperref Info: Anchor `equation.1.21' on input line 451.
Package hyperref Info: Anchor `equation.1.21' on input line 451.

LaTeX Warning: Reference `eq-1-20-coll' on page 12 undefined on input line 456.

Package hyperref Info: Anchor `subsection.1.5.3' on input line 458.
Package hyperref Info: bookmark on input line 458:
(hyperref)             thecounter {1.5.3}
(hyperref)             text {\ifttl@toclabel \ttl@a \fi Slowing down of a mono-energetic beam}
(hyperref)             reference {subsection.1.5.3}
(hyperref)             toclevel {2}
(hyperref)             type {toc}.

LaTeX Warning: Reference `fokker' on page 12 undefined on input line 460.


LaTeX Warning: Reference `fokker' on page 12 undefined on input line 470.

Package hyperref Info: Anchor `Item.28' on input line 485.
Package hyperref Info: Anchor `Item.29' on input line 486.
Package hyperref Info: Anchor `equation.1.22' on input line 491.
Package hyperref Info: Anchor `equation.1.22' on input line 491.
Package hyperref Info: Anchor `equation.1.22' on input line 491.
Package hyperref Info: Anchor `equation.1.22' on input line 491.
Package hyperref Info: Anchor `equation.1.23' on input line 495.
Package hyperref Info: Anchor `equation.1.23' on input line 495.
Package hyperref Info: Anchor `equation.1.23' on input line 495.
Package hyperref Info: Anchor `equation.1.23' on input line 495.
Package hyperref Info: Anchor `equation.1.24' on input line 506.
Package hyperref Info: Anchor `equation.1.24' on input line 506.
Package hyperref Info: Anchor `equation.1.24' on input line 506.
Package hyperref Info: Anchor `equation.1.24' on input line 506.
Package hyperref Info: Anchor `equation.1.25' on input line 523.
Package hyperref Info: Anchor `equation.1.25' on input line 523.
Package hyperref Info: Anchor `equation.1.25' on input line 523.
Package hyperref Info: Anchor `equation.1.25' on input line 523.

LaTeX Warning: Reference `fokker' on page 13 undefined on input line 527.

Package hyperref Info: Anchor `equation.1.26' on input line 533.
Package hyperref Info: Anchor `equation.1.26' on input line 533.
Package hyperref Info: Anchor `equation.1.26' on input line 533.
Package hyperref Info: Anchor `equation.1.26' on input line 533.
Package hyperref Info: Anchor `equation.1.27' on input line 543.
Package hyperref Info: Anchor `equation.1.27' on input line 543.
Package hyperref Info: Anchor `equation.1.27' on input line 543.
Package hyperref Info: Anchor `equation.1.27' on input line 543.
Package hyperref Info: Anchor `subsection.1.5.4' on input line 547.
Package hyperref Info: bookmark on input line 547:
(hyperref)             thecounter {1.5.4}
(hyperref)             text {\ifttl@toclabel \ttl@a \fi Types and frequencies of collisional phenomena}
(hyperref)             reference {subsection.1.5.4}
(hyperref)             toclevel {2}
(hyperref)             type {toc}.
Package hyperref Info: Anchor `subsubsection.1.5.4.1' on input line 551.
Package hyperref Info: bookmark on input line 551:
(hyperref)             thecounter {1.5.4.1}
(hyperref)             text {\ifttl@toclabel \ttl@a \fi Frequencies of momentum dissipation}
(hyperref)             reference {subsubsection.1.5.4.1}
(hyperref)             toclevel {3}
(hyperref)             type {toc}.
Package hyperref Info: Anchor `Item.30' on input line 556.
Package hyperref Info: Anchor `Item.31' on input line 557.

LaTeX Warning: Reference `eq-1-140' on page 13 undefined on input line 560.

Package hyperref Info: Anchor `subsubsection.1.5.4.2' on input line 562.
Package hyperref Info: bookmark on input line 562:
(hyperref)             thecounter {1.5.4.2}
(hyperref)             text {\ifttl@toclabel \ttl@a \fi Electron-electron collisions}
(hyperref)             reference {subsubsection.1.5.4.2}
(hyperref)             toclevel {3}
(hyperref)             type {toc}.

LaTeX Warning: Reference `fokker' on page 14 undefined on input line 564.

Package hyperref Info: Anchor `equation.1.28' on input line 566.
Package hyperref Info: Anchor `equation.1.28' on input line 566.
Package hyperref Info: Anchor `equation.1.28' on input line 566.
Package hyperref Info: Anchor `equation.1.28' on input line 566.
Package hyperref Info: Anchor `subsubsection.1.5.4.3' on input line 570.
Package hyperref Info: bookmark on input line 570:
(hyperref)             thecounter {1.5.4.3}
(hyperref)             text {\ifttl@toclabel \ttl@a \fi Ion-ion collisions}
(hyperref)             reference {subsubsection.1.5.4.3}
(hyperref)             toclevel {3}
(hyperref)             type {toc}.
Package hyperref Info: Anchor `equation.1.29' on input line 574.
Package hyperref Info: Anchor `equation.1.29' on input line 574.
Package hyperref Info: Anchor `equation.1.29' on input line 574.
Package hyperref Info: Anchor `equation.1.29' on input line 574.
Package hyperref Info: Anchor `subsubsection.1.5.4.4' on input line 578.
Package hyperref Info: bookmark on input line 578:
(hyperref)             thecounter {1.5.4.4}
(hyperref)             text {\ifttl@toclabel \ttl@a \fi Electron-ion collisions}
(hyperref)             reference {subsubsection.1.5.4.4}
(hyperref)             toclevel {3}
(hyperref)             type {toc}.
Package hyperref Info: Anchor `equation.1.30' on input line 582.
Package hyperref Info: Anchor `equation.1.30' on input line 582.
Package hyperref Info: Anchor `equation.1.30' on input line 582.
Package hyperref Info: Anchor `equation.1.30' on input line 582.
Package hyperref Info: Anchor `subsubsection.1.5.4.5' on input line 586.
Package hyperref Info: bookmark on input line 586:
(hyperref)             thecounter {1.5.4.5}
(hyperref)             text {\ifttl@toclabel \ttl@a \fi Ion-electron collisions}
(hyperref)             reference {subsubsection.1.5.4.5}
(hyperref)             toclevel {3}
(hyperref)             type {toc}.

LaTeX Warning: Reference `eq-1-144' on page 14 undefined on input line 588.

Package hyperref Info: Anchor `equation.1.31' on input line 590.
Package hyperref Info: Anchor `equation.1.31' on input line 590.
Package hyperref Info: Anchor `equation.1.31' on input line 590.
Package hyperref Info: Anchor `equation.1.31' on input line 590.
Package hyperref Info: Anchor `subsubsection.1.5.4.6' on input line 594.
Package hyperref Info: bookmark on input line 594:
(hyperref)             thecounter {1.5.4.6}
(hyperref)             text {\ifttl@toclabel \ttl@a \fi Comparison of momentum dissipation frequencies}
(hyperref)             reference {subsubsection.1.5.4.6}
(hyperref)             toclevel {3}
(hyperref)             type {toc}.
Package hyperref Info: Anchor `equation.1.32' on input line 598.
Package hyperref Info: Anchor `equation.1.32' on input line 598.
Package hyperref Info: Anchor `equation.1.32' on input line 598.
Package hyperref Info: Anchor `equation.1.32' on input line 598.
Package hyperref Info: Anchor `section.1.6' on input line 606.
Package hyperref Info: bookmark on input line 606:
(hyperref)             thecounter {1.6}
(hyperref)             text {\ifttl@toclabel \ttl@a \fi Simple transport phenomena}
(hyperref)             reference {section.1.6}
(hyperref)             toclevel {1}
(hyperref)             type {toc}.
Package hyperref Info: Anchor `subsection.1.6.1' on input line 610.
Package hyperref Info: bookmark on input line 610:
(hyperref)             thecounter {1.6.1}
(hyperref)             text {\ifttl@toclabel \ttl@a \fi Electrical resistivity}
(hyperref)             reference {subsection.1.6.1}
(hyperref)             toclevel {2}
(hyperref)             type {toc}.
Package hyperref Info: Anchor `equation.1.33' on input line 621.
Package hyperref Info: Anchor `equation.1.33' on input line 621.
Package hyperref Info: Anchor `equation.1.33' on input line 621.
Package hyperref Info: Anchor `equation.1.33' on input line 621.

LaTeX Warning: Reference `eq-7-51' on page 15 undefined on input line 631.

Package hyperref Info: Anchor `equation.1.34' on input line 633.
Package hyperref Info: Anchor `equation.1.34' on input line 633.
Package hyperref Info: Anchor `equation.1.34' on input line 633.
Package hyperref Info: Anchor `equation.1.34' on input line 633.
Package hyperref Info: Anchor `equation.1.35' on input line 646.
Package hyperref Info: Anchor `equation.1.35' on input line 646.
Package hyperref Info: Anchor `equation.1.35' on input line 646.
Package hyperref Info: Anchor `equation.1.35' on input line 646.
Package hyperref Info: Anchor `equation.1.36' on input line 652.
Package hyperref Info: Anchor `equation.1.36' on input line 652.
Package hyperref Info: Anchor `equation.1.36' on input line 652.
Package hyperref Info: Anchor `equation.1.36' on input line 652.
Package hyperref Info: Anchor `subsubsection.1.6.1.1' on input line 656.
Package hyperref Info: bookmark on input line 656:
(hyperref)             thecounter {1.6.1.1}
(hyperref)             text {\ifttl@toclabel \ttl@a \fi Dreicer electric field}
(hyperref)             reference {subsubsection.1.6.1.1}
(hyperref)             toclevel {3}
(hyperref)             type {toc}.

LaTeX Warning: Reference `eq-7-63' on page 15 undefined on input line 658.

Package hyperref Info: Anchor `equation.1.37' on input line 660.
Package hyperref Info: Anchor `equation.1.37' on input line 660.
Package hyperref Info: Anchor `equation.1.37' on input line 660.
Package hyperref Info: Anchor `equation.1.37' on input line 660.

LaTeX Warning: Reference `eq-7-63' on page 16 undefined on input line 664.

Package hyperref Info: Anchor `subsection.1.6.2' on input line 666.
Package hyperref Info: bookmark on input line 666:
(hyperref)             thecounter {1.6.2}
(hyperref)             text {\ifttl@toclabel \ttl@a \fi Temperature equilibration}
(hyperref)             reference {subsection.1.6.2}
(hyperref)             toclevel {2}
(hyperref)             type {toc}.

LaTeX Warning: Reference `fokker' on page 16 undefined on input line 668.


LaTeX Warning: Reference `eq-fokker-138' on page 16 undefined on input line 668.

Package hyperref Info: Anchor `equation.1.38' on input line 670.
Package hyperref Info: Anchor `equation.1.38' on input line 670.
Package hyperref Info: Anchor `equation.1.38' on input line 670.
Package hyperref Info: Anchor `equation.1.38' on input line 670.
)
\providecommand\hyper@newdestlabel[2]{}
(./Chapters/charged-particle-motion.tex
Package hyperref Info: Anchor `chapter.2' on input line 3.
Chapter 2.
Package hyperref Info: bookmark on input line 3:
(hyperref)             thecounter {2}
(hyperref)             text {\protect \numberline {\thechapter }Motion of a single plasma particle}
(hyperref)             reference {chapter.2}
(hyperref)             toclevel {0}
(hyperref)             type {toc}.
Package hyperref Info: Anchor `section.2.1' on input line 9.
Package hyperref Info: bookmark on input line 9:
(hyperref)             thecounter {2.1}
(hyperref)             text {\ifttl@toclabel \ttl@a \fi Hamilton-Lagrange formalism applied to a plasma particle}
(hyperref)             reference {section.2.1}
(hyperref)             toclevel {1}
(hyperref)             type {toc}.
Package hyperref Info: Anchor `equation.2.1' on input line 17.
Package hyperref Info: Anchor `equation.2.1' on input line 17.
Package hyperref Info: Anchor `equation.2.1' on input line 17.
Package hyperref Info: Anchor `equation.2.1' on input line 17.
Package hyperref Info: Anchor `equation.2.2' on input line 21.
Package hyperref Info: Anchor `equation.2.2' on input line 21.
Package hyperref Info: Anchor `equation.2.2' on input line 21.
Package hyperref Info: Anchor `equation.2.2' on input line 21.
Package hyperref Info: Anchor `equation.2.3' on input line 30.
Package hyperref Info: Anchor `equation.2.3' on input line 30.
Package hyperref Info: Anchor `equation.2.3' on input line 30.
Package hyperref Info: Anchor `equation.2.3' on input line 30.
Package hyperref Info: Anchor `equation.2.4' on input line 33.
Package hyperref Info: Anchor `equation.2.4' on input line 33.
Package hyperref Info: Anchor `equation.2.4' on input line 33.
Package hyperref Info: Anchor `equation.2.4' on input line 33.
Package hyperref Info: Anchor `equation.2.5' on input line 46.
Package hyperref Info: Anchor `equation.2.5' on input line 46.
Package hyperref Info: Anchor `equation.2.5' on input line 46.
Package hyperref Info: Anchor `equation.2.5' on input line 46.
Package hyperref Info: Anchor `equation.2.6' on input line 66.
Package hyperref Info: Anchor `equation.2.6' on input line 66.
Package hyperref Info: Anchor `equation.2.6' on input line 66.
Package hyperref Info: Anchor `equation.2.6' on input line 66.
Package hyperref Info: Anchor `equation.2.7' on input line 72.
Package hyperref Info: Anchor `equation.2.7' on input line 72.
Package hyperref Info: Anchor `equation.2.7' on input line 72.
Package hyperref Info: Anchor `equation.2.7' on input line 72.
Package hyperref Info: Anchor `subsection.2.1.1' on input line 78.
Package hyperref Info: bookmark on input line 78:
(hyperref)             thecounter {2.1.1}
(hyperref)             text {\ifttl@toclabel \ttl@a \fi Concepts from classical mechanics}
(hyperref)             reference {subsection.2.1.1}
(hyperref)             toclevel {2}
(hyperref)             type {toc}.
Package hyperref Info: Anchor `subsubsection.2.1.1.1' on input line 82.
Package hyperref Info: bookmark on input line 82:
(hyperref)             thecounter {2.1.1.1}
(hyperref)             text {\ifttl@toclabel \ttl@a \fi Action-angle variables and adiabatic invariants}
(hyperref)             reference {subsubsection.2.1.1.1}
(hyperref)             toclevel {3}
(hyperref)             type {toc}.
Package hyperref Info: Anchor `equation.2.8' on input line 106.
Package hyperref Info: Anchor `equation.2.8' on input line 106.
Package hyperref Info: Anchor `equation.2.8' on input line 106.
Package hyperref Info: Anchor `equation.2.8' on input line 106.

LaTeX Warning: Reference `H-8' on page 19 undefined on input line 117.

Package hyperref Info: Anchor `equation.2.9' on input line 119.
Package hyperref Info: Anchor `equation.2.9' on input line 119.
Package hyperref Info: Anchor `equation.2.9' on input line 119.
Package hyperref Info: Anchor `equation.2.9' on input line 119.

LaTeX Warning: Reference `H-9' on page 19 undefined on input line 130.

Package hyperref Info: Anchor `equation.2.10' on input line 132.
Package hyperref Info: Anchor `equation.2.10' on input line 132.
Package hyperref Info: Anchor `equation.2.10' on input line 132.
Package hyperref Info: Anchor `equation.2.10' on input line 132.

LaTeX Warning: Reference `H-10' on page 19 undefined on input line 137.

Package hyperref Info: Anchor `equation.2.11' on input line 139.
Package hyperref Info: Anchor `equation.2.11' on input line 139.
Package hyperref Info: Anchor `equation.2.11' on input line 139.
Package hyperref Info: Anchor `equation.2.11' on input line 139.

LaTeX Warning: Reference `H-11' on page 19 undefined on input line 144.


LaTeX Warning: Reference `H-11' on page 19 undefined on input line 144.

Package hyperref Info: Anchor `equation.2.12' on input line 150.
Package hyperref Info: Anchor `equation.2.12' on input line 150.
Package hyperref Info: Anchor `equation.2.12' on input line 150.
Package hyperref Info: Anchor `equation.2.12' on input line 150.
Package hyperref Info: Anchor `equation.2.13' on input line 181.
Package hyperref Info: Anchor `equation.2.13' on input line 181.
Package hyperref Info: Anchor `equation.2.13' on input line 181.
Package hyperref Info: Anchor `equation.2.13' on input line 181.

LaTeX Warning: Reference `H-12' on page 20 undefined on input line 207.

Package hyperref Info: Anchor `equation.2.14' on input line 209.
Package hyperref Info: Anchor `equation.2.14' on input line 209.
Package hyperref Info: Anchor `equation.2.14' on input line 209.
Package hyperref Info: Anchor `equation.2.14' on input line 209.

LaTeX Warning: Reference `H-14' on page 21 undefined on input line 227.

Package hyperref Info: Anchor `equation.2.15' on input line 229.
Package hyperref Info: Anchor `equation.2.15' on input line 229.
Package hyperref Info: Anchor `equation.2.15' on input line 229.
Package hyperref Info: Anchor `equation.2.15' on input line 229.

LaTeX Warning: Reference `H-15' on page 21 undefined on input line 234.

Package hyperref Info: Anchor `equation.2.16' on input line 242.
Package hyperref Info: Anchor `equation.2.16' on input line 242.
Package hyperref Info: Anchor `equation.2.16' on input line 242.
Package hyperref Info: Anchor `equation.2.16' on input line 242.

LaTeX Warning: Reference `H-18' on page 21 undefined on input line 255.


LaTeX Warning: Reference `H-10' on page 21 undefined on input line 259.

Package hyperref Info: Anchor `equation.2.17' on input line 261.
Package hyperref Info: Anchor `equation.2.17' on input line 261.
Package hyperref Info: Anchor `equation.2.17' on input line 261.
Package hyperref Info: Anchor `equation.2.17' on input line 261.
Package hyperref Info: Anchor `equation.2.18' on input line 268.
Package hyperref Info: Anchor `equation.2.18' on input line 268.
Package hyperref Info: Anchor `equation.2.18' on input line 268.
Package hyperref Info: Anchor `equation.2.18' on input line 268.
Package hyperref Info: Anchor `equation.2.19' on input line 298.
Package hyperref Info: Anchor `equation.2.19' on input line 298.
Package hyperref Info: Anchor `equation.2.19' on input line 298.
Package hyperref Info: Anchor `equation.2.19' on input line 298.

LaTeX Warning: Reference `H-18' on page 22 undefined on input line 303.

Package hyperref Info: Anchor `equation.2.20' on input line 311.
Package hyperref Info: Anchor `equation.2.20' on input line 311.
Package hyperref Info: Anchor `equation.2.20' on input line 311.
Package hyperref Info: Anchor `equation.2.20' on input line 311.
Package hyperref Info: Anchor `equation.2.21' on input line 318.
Package hyperref Info: Anchor `equation.2.21' on input line 318.
Package hyperref Info: Anchor `equation.2.21' on input line 318.
Package hyperref Info: Anchor `equation.2.21' on input line 318.

LaTeX Warning: Reference `H-21' on page 22 undefined on input line 323.


LaTeX Warning: Reference `H-20' on page 22 undefined on input line 323.

Package hyperref Info: Anchor `equation.2.22' on input line 325.
Package hyperref Info: Anchor `equation.2.22' on input line 325.
Package hyperref Info: Anchor `equation.2.22' on input line 325.
Package hyperref Info: Anchor `equation.2.22' on input line 325.

LaTeX Warning: Reference `H-19' on page 22 undefined on input line 329.


LaTeX Warning: Reference `H-17' on page 22 undefined on input line 339.

Package hyperref Info: Anchor `equation.2.23' on input line 347.
Package hyperref Info: Anchor `equation.2.23' on input line 347.
Package hyperref Info: Anchor `equation.2.23' on input line 347.
Package hyperref Info: Anchor `equation.2.23' on input line 347.

LaTeX Warning: Reference `H-23' on page 23 undefined on input line 354.

Package hyperref Info: Anchor `equation.2.24' on input line 374.
Package hyperref Info: Anchor `equation.2.24' on input line 374.
Package hyperref Info: Anchor `equation.2.24' on input line 374.
Package hyperref Info: Anchor `equation.2.24' on input line 374.
Package hyperref Info: Anchor `equation.2.25' on input line 380.
Package hyperref Info: Anchor `equation.2.25' on input line 380.
Package hyperref Info: Anchor `equation.2.25' on input line 380.
Package hyperref Info: Anchor `equation.2.25' on input line 380.

Overfull \hbox (1.36552pt too wide) detected at line 404
[] \OT1/cmr/m/n/10 = [] [] + [] = [] []\OML/cmm/m/it/10 H[]\OT1/cmr/m/n/10 (\OT1/cmr/bx/n/10 x\OT1/cmr/m/n/10 ) + []
 []

Package hyperref Info: Anchor `equation.2.26' on input line 418.
Package hyperref Info: Anchor `equation.2.26' on input line 418.
Package hyperref Info: Anchor `equation.2.26' on input line 418.
Package hyperref Info: Anchor `equation.2.26' on input line 418.
Package hyperref Info: Anchor `equation.2.27' on input line 425.
Package hyperref Info: Anchor `equation.2.27' on input line 425.
Package hyperref Info: Anchor `equation.2.27' on input line 425.
Package hyperref Info: Anchor `equation.2.27' on input line 425.
Package hyperref Info: Anchor `equation.2.28' on input line 431.
Package hyperref Info: Anchor `equation.2.28' on input line 431.
Package hyperref Info: Anchor `equation.2.28' on input line 431.
Package hyperref Info: Anchor `equation.2.28' on input line 431.

LaTeX Warning: Reference `H-26' on page 24 undefined on input line 435.

Package hyperref Info: Anchor `equation.2.29' on input line 437.
Package hyperref Info: Anchor `equation.2.29' on input line 437.
Package hyperref Info: Anchor `equation.2.29' on input line 437.
Package hyperref Info: Anchor `equation.2.29' on input line 437.

LaTeX Warning: Reference `H-29' on page 24 undefined on input line 442.

Package hyperref Info: Anchor `equation.2.30' on input line 448.
Package hyperref Info: Anchor `equation.2.30' on input line 448.
Package hyperref Info: Anchor `equation.2.30' on input line 448.
Package hyperref Info: Anchor `equation.2.30' on input line 448.

LaTeX Warning: Reference `H-30' on page 25 undefined on input line 453.

Package hyperref Info: Anchor `equation.2.31' on input line 459.
Package hyperref Info: Anchor `equation.2.31' on input line 459.
Package hyperref Info: Anchor `equation.2.31' on input line 459.
Package hyperref Info: Anchor `equation.2.31' on input line 459.

LaTeX Warning: Reference `H-31' on page 25 undefined on input line 464.

Package hyperref Info: Anchor `equation.2.32' on input line 466.
Package hyperref Info: Anchor `equation.2.32' on input line 466.
Package hyperref Info: Anchor `equation.2.32' on input line 466.
Package hyperref Info: Anchor `equation.2.32' on input line 466.

LaTeX Warning: Reference `H-32' on page 25 undefined on input line 471.

Package hyperref Info: Anchor `equation.2.33' on input line 477.
Package hyperref Info: Anchor `equation.2.33' on input line 477.
Package hyperref Info: Anchor `equation.2.33' on input line 477.
Package hyperref Info: Anchor `equation.2.33' on input line 477.
Package hyperref Info: Anchor `equation.2.34' on input line 483.
Package hyperref Info: Anchor `equation.2.34' on input line 483.
Package hyperref Info: Anchor `equation.2.34' on input line 483.
Package hyperref Info: Anchor `equation.2.34' on input line 483.
Package hyperref Info: Anchor `equation.2.35' on input line 490.
Package hyperref Info: Anchor `equation.2.35' on input line 490.
Package hyperref Info: Anchor `equation.2.35' on input line 490.
Package hyperref Info: Anchor `equation.2.35' on input line 490.

LaTeX Warning: Reference `H-35' on page 25 undefined on input line 495.

Package hyperref Info: Anchor `equation.2.36' on input line 497.
Package hyperref Info: Anchor `equation.2.36' on input line 497.
Package hyperref Info: Anchor `equation.2.36' on input line 497.
Package hyperref Info: Anchor `equation.2.36' on input line 497.
Package hyperref Info: Anchor `equation.2.37' on input line 503.
Package hyperref Info: Anchor `equation.2.37' on input line 503.
Package hyperref Info: Anchor `equation.2.37' on input line 503.
Package hyperref Info: Anchor `equation.2.37' on input line 503.

LaTeX Warning: Reference `H-37' on page 26 undefined on input line 508.

Package hyperref Info: Anchor `equation.2.38' on input line 510.
Package hyperref Info: Anchor `equation.2.38' on input line 510.
Package hyperref Info: Anchor `equation.2.38' on input line 510.
Package hyperref Info: Anchor `equation.2.38' on input line 510.
Package hyperref Info: Anchor `equation.2.39' on input line 516.
Package hyperref Info: Anchor `equation.2.39' on input line 516.
Package hyperref Info: Anchor `equation.2.39' on input line 516.
Package hyperref Info: Anchor `equation.2.39' on input line 516.

LaTeX Warning: Reference `H-34' on page 26 undefined on input line 520.

Package hyperref Info: Anchor `equation.2.40' on input line 526.
Package hyperref Info: Anchor `equation.2.40' on input line 526.
Package hyperref Info: Anchor `equation.2.40' on input line 526.
Package hyperref Info: Anchor `equation.2.40' on input line 526.
Package hyperref Info: Anchor `subsubsection.2.1.1.2' on input line 532.
Package hyperref Info: bookmark on input line 532:
(hyperref)             thecounter {2.1.1.2}
(hyperref)             text {\ifttl@toclabel \ttl@a \fi Interlude to magnetic confinement and the magnetic moment}
(hyperref)             reference {subsubsection.2.1.1.2}
(hyperref)             toclevel {3}
(hyperref)             type {toc}.
Package hyperref Info: Anchor `equation.2.41' on input line 536.
Package hyperref Info: Anchor `equation.2.41' on input line 536.
Package hyperref Info: Anchor `equation.2.41' on input line 536.
Package hyperref Info: Anchor `equation.2.41' on input line 536.
Package hyperref Info: Anchor `equation.2.42' on input line 542.
Package hyperref Info: Anchor `equation.2.42' on input line 542.
Package hyperref Info: Anchor `equation.2.42' on input line 542.
Package hyperref Info: Anchor `equation.2.42' on input line 542.
Package hyperref Info: Anchor `equation.2.43' on input line 548.
Package hyperref Info: Anchor `equation.2.43' on input line 548.
Package hyperref Info: Anchor `equation.2.43' on input line 548.
Package hyperref Info: Anchor `equation.2.43' on input line 548.
Package hyperref Info: Anchor `equation.2.44' on input line 554.
Package hyperref Info: Anchor `equation.2.44' on input line 554.
Package hyperref Info: Anchor `equation.2.44' on input line 554.
Package hyperref Info: Anchor `equation.2.44' on input line 554.
Package hyperref Info: Anchor `equation.2.45' on input line 560.
Package hyperref Info: Anchor `equation.2.45' on input line 560.
Package hyperref Info: Anchor `equation.2.45' on input line 560.
Package hyperref Info: Anchor `equation.2.45' on input line 560.
Package hyperref Info: Anchor `equation.2.46' on input line 566.
Package hyperref Info: Anchor `equation.2.46' on input line 566.
Package hyperref Info: Anchor `equation.2.46' on input line 566.
Package hyperref Info: Anchor `equation.2.46' on input line 566.
Package hyperref Info: Anchor `equation.2.47' on input line 600.
Package hyperref Info: Anchor `equation.2.47' on input line 600.
Package hyperref Info: Anchor `equation.2.47' on input line 600.
Package hyperref Info: Anchor `equation.2.47' on input line 600.
Package hyperref Info: Anchor `equation.2.48' on input line 718.
Package hyperref Info: Anchor `equation.2.48' on input line 718.
Package hyperref Info: Anchor `equation.2.48' on input line 718.
Package hyperref Info: Anchor `equation.2.48' on input line 718.
Package hyperref Info: Anchor `equation.2.49' on input line 730.
Package hyperref Info: Anchor `equation.2.49' on input line 730.
Package hyperref Info: Anchor `equation.2.49' on input line 730.
Package hyperref Info: Anchor `equation.2.49' on input line 730.
! Undefined control sequence.
l.745 \ifflase
              
The control sequence at the end of the top line
of your error message was never \def'ed. If you have
misspelled it (e.g., `\hobx'), type `I' and the correct
spelling (e.g., `I\hbox'). Otherwise just continue,
and I'll forget about whatever was undefined.

 
Here is how much of TeX's memory you used:
 58629 strings out of 469515
 1377371 string characters out of 5470808
 2228037 words of memory out of 5000000
 86284 multiletter control sequences out of 15000+600000
 647329 words of font info for 89 fonts, out of 8000000 for 9000
 14 hyphenation exceptions out of 8191
 93i,14n,110p,2265b,999s stack positions out of 10000i,1000n,20000p,200000b,200000s
!  ==> Fatal error occurred, no output PDF file produced!
