This is pdfTeX, Version 3.141592653-2.6-1.40.29 (TeX Live 2026/Arch Linux) (preloaded format=pdflatex 2026.7.8)  19 AUG 2026 15:20
entering extended mode
 \write18 enabled.
 %&-line parsing enabled.
**\def\tikzexternalrealjob{main}\input{main}
(./main.tex (/usr/share/texmf-dist/tex/latex/base/book.cls
Document Class: book 2025/01/22 v1.4n Standard LaTeX document class
(/usr/share/texmf-dist/tex/latex/base/bk10.clo
File: bk10.clo 2025/01/22 v1.4n Standard LaTeX file (size option)
)
\c@part=\count275
\c@chapter=\count276
\c@section=\count277
\c@subsection=\count278
\c@subsubsection=\count279
\c@paragraph=\count280
\c@subparagraph=\count281
\c@figure=\count282
\c@table=\count283
\abovecaptionskip=\skip49
\belowcaptionskip=\skip50
\bibindent=\dimen148
) (./preamble.tex (/usr/share/texmf-dist/tex/latex/biblatex/biblatex.sty
Package: biblatex 2025/07/10 v3.21 programmable bibliographies (PK/MW)
(/usr/share/texmf-dist/tex/generic/pdftexcmds/pdftexcmds.sty
Package: pdftexcmds 2020-06-27 v0.33 Utility functions of pdfTeX for LuaTeX (HO)
(/usr/share/texmf-dist/tex/generic/infwarerr/infwarerr.sty
Package: infwarerr 2019/12/03 v1.5 Providing info/warning/error messages (HO)
) (/usr/share/texmf-dist/tex/generic/iftex/iftex.sty
Package: iftex 2024/12/12 v1.0g TeX engine tests
) (/usr/share/texmf-dist/tex/generic/ltxcmds/ltxcmds.sty
Package: ltxcmds 2023-12-04 v1.26 LaTeX kernel commands for general use (HO)
)
Package pdftexcmds Info: \pdf@primitive is available.
Package pdftexcmds Info: \pdf@ifprimitive is available.
Package pdftexcmds Info: \pdfdraftmode found.
) (/usr/share/texmf-dist/tex/latex/etoolbox/etoolbox.sty
Package: etoolbox 2025/10/02 v2.5m e-TeX tools for LaTeX (JAW)
\etb@tempcnta=\count284
) (/usr/share/texmf-dist/tex/latex/graphics/keyval.sty
Package: keyval 2022/05/29 v1.15 key=value parser (DPC)
\KV@toks@=\toks17
) (/usr/share/texmf-dist/tex/latex/kvoptions/kvoptions.sty
Package: kvoptions 2022-06-15 v3.15 Key value format for package options (HO)
(/usr/share/texmf-dist/tex/latex/kvsetkeys/kvsetkeys.sty
Package: kvsetkeys 2022-10-05 v1.19 Key value parser (HO)
)) (/usr/share/texmf-dist/tex/latex/logreq/logreq.sty
Package: logreq 2010/08/04 v1.0 xml request logger
\lrq@indent=\count285
(/usr/share/texmf-dist/tex/latex/logreq/logreq.def
File: logreq.def 2010/08/04 v1.0 logreq spec v1.0
)) (/usr/share/texmf-dist/tex/latex/base/ifthen.sty
Package: ifthen 2024/03/16 v1.1e Standard LaTeX ifthen package (DPC)
) (/usr/share/texmf-dist/tex/latex/url/url.sty
\Urlmuskip=\muskip17
Package: url 2013/09/16  ver 3.4  Verb mode for urls, etc.
)
\c@tabx@nest=\count286
\c@listtotal=\count287
\c@listcount=\count288
\c@liststart=\count289
\c@liststop=\count290
\c@citecount=\count291
\c@citetotal=\count292
\c@multicitecount=\count293
\c@multicitetotal=\count294
\c@instcount=\count295
\c@maxnames=\count296
\c@minnames=\count297
\c@maxitems=\count298
\c@minitems=\count299
\c@citecounter=\count300
\c@maxcitecounter=\count301
\c@savedcitecounter=\count302
\c@uniquelist=\count303
\c@uniquename=\count304
\c@refsection=\count305
\c@refsegment=\count306
\c@maxextratitle=\count307
\c@maxextratitleyear=\count308
\c@maxextraname=\count309
\c@maxextradate=\count310
\c@maxextraalpha=\count311
\c@abbrvpenalty=\count312
\c@highnamepenalty=\count313
\c@lownamepenalty=\count314
\c@maxparens=\count315
\c@parenlevel=\count316
\blx@tempcnta=\count317
\blx@tempcntb=\count318
\blx@tempcntc=\count319
\c@blx@maxsection=\count320
\blx@maxsegment@0=\count321
\blx@notetype=\count322
\blx@parenlevel@text=\count323
\blx@parenlevel@foot=\count324
\blx@sectionciteorder@0=\count325
\blx@sectionciteorderinternal@0=\count326
\blx@entrysetcounter=\count327
\blx@biblioinstance=\count328
\labelnumberwidth=\skip51
\labelalphawidth=\skip52
\biblabelsep=\skip53
\bibitemsep=\skip54
\bibnamesep=\skip55
\bibinitsep=\skip56
\bibparsep=\skip57
\bibhang=\skip58
\blx@bcfin=\read2
\blx@bcfout=\write3
\blx@langwohyphens=\language3
\c@mincomprange=\count329
\c@maxcomprange=\count330
\c@mincompwidth=\count331
Package biblatex Info: Trying to load biblatex default data model...
Package biblatex Info: ... file 'blx-dm.def' found.
(/usr/share/texmf-dist/tex/latex/biblatex/blx-dm.def
File: blx-dm.def 2025/07/10 v3.21 biblatex datamodel (PK/MW)
)
Package biblatex Info: Trying to load biblatex custom data model...
Package biblatex Info: ... file 'biblatex-dm.cfg' not found.
\c@afterword=\count332
\c@savedafterword=\count333
\c@annotator=\count334
\c@savedannotator=\count335
\c@author=\count336
\c@savedauthor=\count337
\c@bookauthor=\count338
\c@savedbookauthor=\count339
\c@commentator=\count340
\c@savedcommentator=\count341
\c@editor=\count342
\c@savededitor=\count343
\c@editora=\count344
\c@savededitora=\count345
\c@editorb=\count346
\c@savededitorb=\count347
\c@editorc=\count348
\c@savededitorc=\count349
\c@foreword=\count350
\c@savedforeword=\count351
\c@holder=\count352
\c@savedholder=\count353
\c@introduction=\count354
\c@savedintroduction=\count355
\c@namea=\count356
\c@savednamea=\count357
\c@nameb=\count358
\c@savednameb=\count359
\c@namec=\count360
\c@savednamec=\count361
\c@translator=\count362
\c@savedtranslator=\count363
\c@shortauthor=\count364
\c@savedshortauthor=\count365
\c@shorteditor=\count366
\c@savedshorteditor=\count367
\c@labelname=\count368
\c@savedlabelname=\count369
\c@institution=\count370
\c@savedinstitution=\count371
\c@lista=\count372
\c@savedlista=\count373
\c@listb=\count374
\c@savedlistb=\count375
\c@listc=\count376
\c@savedlistc=\count377
\c@listd=\count378
\c@savedlistd=\count379
\c@liste=\count380
\c@savedliste=\count381
\c@listf=\count382
\c@savedlistf=\count383
\c@location=\count384
\c@savedlocation=\count385
\c@organization=\count386
\c@savedorganization=\count387
\c@origlocation=\count388
\c@savedoriglocation=\count389
\c@origpublisher=\count390
\c@savedorigpublisher=\count391
\c@publisher=\count392
\c@savedpublisher=\count393
\c@language=\count394
\c@savedlanguage=\count395
\c@origlanguage=\count396
\c@savedoriglanguage=\count397
\c@pageref=\count398
\c@savedpageref=\count399
\shorthandwidth=\skip59
\shortjournalwidth=\skip60
\shortserieswidth=\skip61
\shorttitlewidth=\skip62
\shortauthorwidth=\skip63
\shorteditorwidth=\skip64
\locallabelnumberwidth=\skip65
\locallabelalphawidth=\skip66
\localshorthandwidth=\skip67
\localshortjournalwidth=\skip68
\localshortserieswidth=\skip69
\localshorttitlewidth=\skip70
\localshortauthorwidth=\skip71
\localshorteditorwidth=\skip72
Package biblatex Info: Trying to load compatibility code...
Package biblatex Info: ... file 'blx-compat.def' found.
(/usr/share/texmf-dist/tex/latex/biblatex/blx-compat.def
File: blx-compat.def 2025/07/10 v3.21 biblatex compatibility (PK/MW)
)
Package biblatex Info: Trying to load generic definitions...
Package biblatex Info: ... file 'biblatex.def' found.
(/usr/share/texmf-dist/tex/latex/biblatex/biblatex.def
File: biblatex.def 2025/07/10 v3.21 biblatex compatibility (PK/MW)
\c@textcitecount=\count400
\c@textcitetotal=\count401
\c@textcitemaxnames=\count402
\c@biburlbigbreakpenalty=\count403
\c@biburlbreakpenalty=\count404
\c@biburlnumpenalty=\count405
\c@biburlucpenalty=\count406
\c@biburllcpenalty=\count407
\biburlbigskip=\muskip18
\biburlnumskip=\muskip19
\biburlucskip=\muskip20
\biburllcskip=\muskip21
\c@smartand=\count408
)
Package biblatex Info: Trying to load bibliography style 'numeric'...
Package biblatex Info: ... file 'numeric.bbx' found.
(/usr/share/texmf-dist/tex/latex/biblatex/bbx/numeric.bbx
File: numeric.bbx 2025/07/10 v3.21 biblatex bibliography style (PK/MW)
Package biblatex Info: Trying to load bibliography style 'standard'...
Package biblatex Info: ... file 'standard.bbx' found.
(/usr/share/texmf-dist/tex/latex/biblatex/bbx/standard.bbx
File: standard.bbx 2025/07/10 v3.21 biblatex bibliography style (PK/MW)
\c@bbx:relatedcount=\count409
\c@bbx:relatedtotal=\count410
))
Package biblatex Info: Trying to load citation style 'numeric'...
Package biblatex Info: ... file 'numeric.cbx' found.
(/usr/share/texmf-dist/tex/latex/biblatex/cbx/numeric.cbx
File: numeric.cbx 2025/07/10 v3.21 biblatex citation style (PK/MW)
Package biblatex Info: Redefining '\cite'.
Package biblatex Info: Redefining '\parencite'.
Package biblatex Info: Redefining '\footcite'.
Package biblatex Info: Redefining '\footcitetext'.
Package biblatex Info: Redefining '\smartcite'.
Package biblatex Info: Redefining '\supercite'.
Package biblatex Info: Redefining '\textcite'.
Package biblatex Info: Redefining '\textcites'.
Package biblatex Info: Redefining '\cites'.
Package biblatex Info: Redefining '\parencites'.
Package biblatex Info: Redefining '\smartcites'.
)
Package biblatex Info: Trying to load configuration file...
Package biblatex Info: ... file 'biblatex.cfg' found.
(/usr/share/texmf-dist/tex/latex/biblatex/biblatex.cfg
File: biblatex.cfg 
)
Package biblatex Info: Input encoding 'utf8' detected.
Package biblatex Info: Document encoding is UTF8 ....
(/usr/share/texmf-dist/tex/latex/l3kernel/expl3.sty
Package: expl3 2026-01-19 L3 programming layer (loader) 
(/usr/share/texmf-dist/tex/latex/l3backend/l3backend-pdftex.def
File: l3backend-pdftex.def 2025-10-09 L3 backend support: PDF output (pdfTeX)
\l__color_backend_stack_int=\count411
))
Package biblatex Info: ... and expl3
(biblatex)             2026-01-19 L3 programming layer (loader) 
(biblatex)             is new enough (at least 2020/04/06),
(biblatex)             setting 'casechanger=expl3'.
(/usr/share/texmf-dist/tex/latex/biblatex/blx-case-expl3.sty (/usr/share/texmf-dist/tex/latex/l3packages/xparse/xparse.sty
Package: xparse 2025-10-09 L3 Experimental document command parser
)
Package: blx-case-expl3 2025/07/10 v3.21 expl3 case changing code for biblatex
)) (/usr/share/texmf-dist/tex/latex/geometry/geometry.sty
Package: geometry 2020/01/02 v5.9 Page Geometry
(/usr/share/texmf-dist/tex/generic/iftex/ifvtex.sty
Package: ifvtex 2019/10/25 v1.7 ifvtex legacy package. Use iftex instead.
)
\Gm@cnth=\count412
\Gm@cntv=\count413
\c@Gm@tempcnt=\count414
\Gm@bindingoffset=\dimen149
\Gm@wd@mp=\dimen150
\Gm@odd@mp=\dimen151
\Gm@even@mp=\dimen152
\Gm@layoutwidth=\dimen153
\Gm@layoutheight=\dimen154
\Gm@layouthoffset=\dimen155
\Gm@layoutvoffset=\dimen156
\Gm@dimlist=\toks18
) (/usr/share/texmf-dist/tex/generic/babel/babel.sty
Package: babel 2026/02/14 v26.3 The multilingual framework for LuaLaTeX, pdfLaTeX and XeLaTeX
\babel@savecnt=\count415
LaTeX Encoding Info:    Redeclaring text command \ij (encoding OT1) on input line 2078.
LaTeX Encoding Info:    Redeclaring text command \IJ (encoding OT1) on input line 2080.
LaTeX Encoding Info:    Redeclaring text command \ij (encoding T1) on input line 2082.
LaTeX Encoding Info:    Redeclaring text command \IJ (encoding T1) on input line 2083.
LaTeX Encoding Info:    Ignoring declaration for text command \ij (encoding ?) on input line 2084.
LaTeX Encoding Info:    Ignoring declaration for text command \IJ (encoding ?) on input line 2086.
LaTeX Encoding Info:    Ignoring declaration for text command \SS (encoding ?) on input line 2111.
\U@D=\dimen157
\l@unhyphenated=\language4
(/usr/share/texmf-dist/tex/generic/babel/txtbabel.def)
\bbl@readstream=\read3
\bbl@dirlevel=\count416
(/usr/share/texmf-dist/tex/generic/babel/locale/en/babel-english.tex)
Package babel Info: Importing font and identification data for english
(babel)             from babel-en.ini. Reported on input line 4330.
(/usr/share/texmf-dist/tex/generic/babel-english/english.ldf
Language: english 2017/06/06 v3.3r English support from the babel system
Package babel Info: Hyphen rules for 'british' set to \l@english
(babel)             (\language0). Reported on input line 82.
Package babel Info: Hyphen rules for 'UKenglish' set to \l@english
(babel)             (\language0). Reported on input line 83.
Package babel Info: Hyphen rules for 'canadian' set to \l@english
(babel)             (\language0). Reported on input line 102.
Package babel Info: Hyphen rules for 'australian' set to \l@english
(babel)             (\language0). Reported on input line 105.
Package babel Info: Hyphen rules for 'newzealand' set to \l@english
(babel)             (\language0). Reported on input line 108.
)) (/usr/share/texmf-dist/tex/latex/base/fontenc.sty
Package: fontenc 2025/07/18 v2.1d Standard LaTeX package
) (/usr/share/texmf-dist/tex/latex/amsfonts/amsfonts.sty
Package: amsfonts 2013/01/14 v3.01 Basic AMSFonts support
\@emptytoks=\toks19
\symAMSa=\mathgroup4
\symAMSb=\mathgroup5
LaTeX Font Info:    Redeclaring math symbol \hbar on input line 98.
LaTeX Font Info:    Overwriting math alphabet `\mathfrak' in version `bold'
(Font)                  U/euf/m/n --> U/euf/b/n on input line 106.
) (/usr/share/texmf-dist/tex/latex/amsmath/amsmath.sty
Package: amsmath 2025/07/09 v2.17z AMS math features
\@mathmargin=\skip73
For additional information on amsmath, use the `?' option.
(/usr/share/texmf-dist/tex/latex/amsmath/amstext.sty
Package: amstext 2024/11/17 v2.01 AMS text
(/usr/share/texmf-dist/tex/latex/amsmath/amsgen.sty
File: amsgen.sty 1999/11/30 v2.0 generic functions
\@emptytoks=\toks20
\ex@=\dimen158
)) (/usr/share/texmf-dist/tex/latex/amsmath/amsbsy.sty
Package: amsbsy 1999/11/29 v1.2d Bold Symbols
\pmbraise@=\dimen159
) (/usr/share/texmf-dist/tex/latex/amsmath/amsopn.sty
Package: amsopn 2022/04/08 v2.04 operator names
)
\inf@bad=\count417
LaTeX Info: Redefining \frac on input line 233.
\uproot@=\count418
\leftroot@=\count419
LaTeX Info: Redefining \overline on input line 398.
LaTeX Info: Redefining \colon on input line 409.
\classnum@=\count420
\DOTSCASE@=\count421
LaTeX Info: Redefining \ldots on input line 495.
LaTeX Info: Redefining \dots on input line 498.
LaTeX Info: Redefining \cdots on input line 619.
\Mathstrutbox@=\box53
\strutbox@=\box54
LaTeX Info: Redefining \big on input line 721.
LaTeX Info: Redefining \Big on input line 722.
LaTeX Info: Redefining \bigg on input line 723.
LaTeX Info: Redefining \Bigg on input line 724.
\big@size=\dimen160
LaTeX Font Info:    Redeclaring font encoding OML on input line 742.
LaTeX Font Info:    Redeclaring font encoding OMS on input line 743.
\macc@depth=\count422
LaTeX Info: Redefining \bmod on input line 904.
LaTeX Info: Redefining \pmod on input line 909.
LaTeX Info: Redefining \smash on input line 939.
LaTeX Info: Redefining \relbar on input line 969.
LaTeX Info: Redefining \Relbar on input line 970.
\c@MaxMatrixCols=\count423
\dotsspace@=\muskip22
\c@parentequation=\count424
\dspbrk@lvl=\count425
\tag@help=\toks21
\row@=\count426
\column@=\count427
\maxfields@=\count428
\andhelp@=\toks22
\eqnshift@=\dimen161
\alignsep@=\dimen162
\tagshift@=\dimen163
\tagwidth@=\dimen164
\totwidth@=\dimen165
\lineht@=\dimen166
\@envbody=\toks23
\multlinegap=\skip74
\multlinetaggap=\skip75
\mathdisplay@stack=\toks24
LaTeX Info: Redefining \[ on input line 2950.
LaTeX Info: Redefining \] on input line 2951.
) (/usr/share/texmf-dist/tex/latex/amscls/amsthm.sty
Package: amsthm 2020/05/29 v2.20.6
\thm@style=\toks25
\thm@bodyfont=\toks26
\thm@headfont=\toks27
\thm@notefont=\toks28
\thm@headpunct=\toks29
\thm@preskip=\skip76
\thm@postskip=\skip77
\thm@headsep=\skip78
\dth@everypar=\toks30
) (/usr/share/texmf-dist/tex/latex/amsfonts/amssymb.sty
Package: amssymb 2013/01/14 v3.01 AMS font symbols
) (/usr/share/texmf-dist/tex/latex/siunitx/siunitx.sty
Package: siunitx 2025-07-09 v3.4.14 A comprehensive (SI) units package
\l__siunitx_number_uncert_offset_int=\count429
\l__siunitx_number_exponent_fixed_int=\count430
\l__siunitx_number_min_decimal_int=\count431
\l__siunitx_number_min_integer_int=\count432
\l__siunitx_number_round_precision_int=\count433
\l__siunitx_number_lower_threshold_int=\count434
\l__siunitx_number_upper_threshold_int=\count435
\l__siunitx_number_group_first_int=\count436
\l__siunitx_number_group_size_int=\count437
\l__siunitx_number_group_minimum_int=\count438
\l__siunitx_angle_tmp_dim=\dimen167
\l__siunitx_angle_marker_box=\box55
\l__siunitx_angle_unit_box=\box56
\l__siunitx_compound_count_int=\count439
(/usr/share/texmf-dist/tex/latex/translations/translations.sty
Package: translations 2022/02/05 v1.12 internationalization of LaTeX2e packages (CN)
)
\l__siunitx_table_tmp_box=\box57
\l__siunitx_table_tmp_dim=\dimen168
\l__siunitx_table_column_width_dim=\dimen169
\l__siunitx_table_integer_box=\box58
\l__siunitx_table_decimal_box=\box59
\l__siunitx_table_uncert_box=\box60
\l__siunitx_table_before_box=\box61
\l__siunitx_table_after_box=\box62
\l__siunitx_table_before_dim=\dimen170
\l__siunitx_table_carry_dim=\dimen171
\l__siunitx_unit_tmp_int=\count440
\l__siunitx_unit_position_int=\count441
\l__siunitx_unit_total_int=\count442
(/usr/share/texmf-dist/tex/latex/tools/array.sty
Package: array 2025/09/25 v2.6n Tabular extension package (FMi)
\col@sep=\dimen172
\ar@mcellbox=\box63
\extrarowheight=\dimen173
\NC@list=\toks31
\extratabsurround=\skip79
\backup@length=\skip80
\ar@cellbox=\box64
)) (/usr/share/texmf-dist/tex/latex/was/upgreek.sty
Package: upgreek 2003/02/12 v2.0 (WaS)
Package upgreek Info: Using Euler Roman for upright Greek on input line 31.
\symugrf@m=\mathgroup6
LaTeX Font Info:    Overwriting symbol font `ugrf@m' in version `bold'
(Font)                  U/eur/m/n --> U/eur/b/n on input line 38.
) (/usr/share/texmf-dist/tex/latex/float/float.sty
Package: float 2001/11/08 v1.3d Float enhancements (AL)
\c@float@type=\count443
\float@exts=\toks32
\float@box=\box65
\@float@everytoks=\toks33
\@floatcapt=\box66
) (/usr/share/texmf-dist/tex/latex/mathtools/mathtools.sty
Package: mathtools 2024/10/04 v1.31 mathematical typesetting tools
(/usr/share/texmf-dist/tex/latex/tools/calc.sty
Package: calc 2025/03/01 v4.3b Infix arithmetic (KKT,FJ)
\calc@Acount=\count444
\calc@Bcount=\count445
\calc@Adimen=\dimen174
\calc@Bdimen=\dimen175
\calc@Askip=\skip81
\calc@Bskip=\skip82
LaTeX Info: Redefining \setlength on input line 86.
LaTeX Info: Redefining \addtolength on input line 87.
\calc@Ccount=\count446
\calc@Cskip=\skip83
) (/usr/share/texmf-dist/tex/latex/mathtools/mhsetup.sty
Package: mhsetup 2021/03/18 v1.4 programming setup (MH)
)
\g_MT_multlinerow_int=\count447
\l_MT_multwidth_dim=\dimen176
\origjot=\skip84
\l_MT_shortvdotswithinadjustabove_dim=\dimen177
\l_MT_shortvdotswithinadjustbelow_dim=\dimen178
\l_MT_above_intertext_sep=\dimen179
\l_MT_below_intertext_sep=\dimen180
\l_MT_above_shortintertext_sep=\dimen181
\l_MT_below_shortintertext_sep=\dimen182
\xmathstrut@box=\box67
\xmathstrut@dim=\dimen183
) (/usr/share/texmf-dist/tex/latex/stmaryrd/stmaryrd.sty
Package: stmaryrd 1994/03/03 St Mary's Road symbol package
\symstmry=\mathgroup7
LaTeX Font Info:    Overwriting symbol font `stmry' in version `bold'
(Font)                  U/stmry/m/n --> U/stmry/b/n on input line 89.
) (/usr/share/texmf-dist/tex/latex/esint/esint.sty
Package: esint 
\symlargesymbolsA=\mathgroup8
) (/usr/share/texmf-dist/tex/latex/jknapltx/mathrsfs.sty
Package: mathrsfs 1996/01/01 Math RSFS package v1.0 (jk)
\symrsfs=\mathgroup9
) (/usr/share/texmf-dist/tex/latex/graphics/graphicx.sty
Package: graphicx 2024/12/31 v1.2e Enhanced LaTeX Graphics (DPC,SPQR)
(/usr/share/texmf-dist/tex/latex/graphics/graphics.sty
Package: graphics 2024/08/06 v1.4g Standard LaTeX Graphics (DPC,SPQR)
(/usr/share/texmf-dist/tex/latex/graphics/trig.sty
Package: trig 2023/12/02 v1.11 sin cos tan (DPC)
) (/usr/share/texmf-dist/tex/latex/graphics-cfg/graphics.cfg
File: graphics.cfg 2016/06/04 v1.11 sample graphics configuration
)
Package graphics Info: Driver file: pdftex.def on input line 106.
(/usr/share/texmf-dist/tex/latex/graphics-def/pdftex.def
File: pdftex.def 2025/09/29 v1.2d Graphics/color driver for pdftex
))
\Gin@req@height=\dimen184
\Gin@req@width=\dimen185
) (/usr/share/texmf-dist/tex/latex/wrapfig/wrapfig.sty
\wrapoverhang=\dimen186
\WF@size=\dimen187
\c@WF@wrappedlines=\count448
\WF@box=\box68
\WF@everypar=\toks34
Package: wrapfig 2003/01/31  v 3.6
) (/usr/share/texmf-dist/tex/latex/pgf/frontendlayer/tikz.sty (/usr/share/texmf-dist/tex/latex/pgf/basiclayer/pgf.sty (/usr/share/texmf-dist/tex/latex/pgf/utilities/pgfrcs.sty (/usr/share/texmf-dist/tex/generic/pgf/utilities/pgfutil-common.tex
\pgfutil@everybye=\toks35
\pgfutil@tempdima=\dimen188
\pgfutil@tempdimb=\dimen189
) (/usr/share/texmf-dist/tex/generic/pgf/utilities/pgfutil-latex.def
\pgfutil@abb=\box69
) (/usr/share/texmf-dist/tex/generic/pgf/utilities/pgfrcs.code.tex (/usr/share/texmf-dist/tex/generic/pgf/pgf.revision.tex)
Package: pgfrcs 2025-08-29 v3.1.11a (3.1.11a)
))
Package: pgf 2025-08-29 v3.1.11a (3.1.11a)
(/usr/share/texmf-dist/tex/latex/pgf/basiclayer/pgfcore.sty (/usr/share/texmf-dist/tex/latex/pgf/systemlayer/pgfsys.sty (/usr/share/texmf-dist/tex/generic/pgf/systemlayer/pgfsys.code.tex
Package: pgfsys 2025-08-29 v3.1.11a (3.1.11a)
(/usr/share/texmf-dist/tex/generic/pgf/utilities/pgfkeys.code.tex
\pgfkeys@pathtoks=\toks36
\pgfkeys@temptoks=\toks37
(/usr/share/texmf-dist/tex/generic/pgf/utilities/pgfkeyslibraryfiltered.code.tex
\pgfkeys@tmptoks=\toks38
))
\pgf@x=\dimen190
\pgf@y=\dimen191
\pgf@xa=\dimen192
\pgf@ya=\dimen193
\pgf@xb=\dimen194
\pgf@yb=\dimen195
\pgf@xc=\dimen196
\pgf@yc=\dimen197
\pgf@xd=\dimen198
\pgf@yd=\dimen199
\w@pgf@writea=\write4
\r@pgf@reada=\read4
\c@pgf@counta=\count449
\c@pgf@countb=\count450
\c@pgf@countc=\count451
\c@pgf@countd=\count452
\t@pgf@toka=\toks39
\t@pgf@tokb=\toks40
\t@pgf@tokc=\toks41
\pgf@sys@id@count=\count453
(/usr/share/texmf-dist/tex/generic/pgf/systemlayer/pgf.cfg
File: pgf.cfg 2025-08-29 v3.1.11a (3.1.11a)
)
Driver file for pgf: pgfsys-pdftex.def
(/usr/share/texmf-dist/tex/generic/pgf/systemlayer/pgfsys-pdftex.def
File: pgfsys-pdftex.def 2025-08-29 v3.1.11a (3.1.11a)
(/usr/share/texmf-dist/tex/generic/pgf/systemlayer/pgfsys-common-pdf.def
File: pgfsys-common-pdf.def 2025-08-29 v3.1.11a (3.1.11a)
))) (/usr/share/texmf-dist/tex/generic/pgf/systemlayer/pgfsyssoftpath.code.tex
File: pgfsyssoftpath.code.tex 2025-08-29 v3.1.11a (3.1.11a)
\pgfsyssoftpath@smallbuffer@items=\count454
\pgfsyssoftpath@bigbuffer@items=\count455
) (/usr/share/texmf-dist/tex/generic/pgf/systemlayer/pgfsysprotocol.code.tex
File: pgfsysprotocol.code.tex 2025-08-29 v3.1.11a (3.1.11a)
)) (/usr/share/texmf-dist/tex/latex/xcolor/xcolor.sty
Package: xcolor 2024/09/29 v3.02 LaTeX color extensions (UK)
(/usr/share/texmf-dist/tex/latex/graphics-cfg/color.cfg
File: color.cfg 2016/01/02 v1.6 sample color configuration
)
Package xcolor Info: Driver file: pdftex.def on input line 274.
(/usr/share/texmf-dist/tex/latex/graphics/mathcolor.ltx)
Package xcolor Info: Model `cmy' substituted by `cmy0' on input line 1349.
Package xcolor Info: Model `hsb' substituted by `rgb' on input line 1353.
Package xcolor Info: Model `RGB' extended on input line 1365.
Package xcolor Info: Model `HTML' substituted by `rgb' on input line 1367.
Package xcolor Info: Model `Hsb' substituted by `hsb' on input line 1368.
Package xcolor Info: Model `tHsb' substituted by `hsb' on input line 1369.
Package xcolor Info: Model `HSB' substituted by `hsb' on input line 1370.
Package xcolor Info: Model `Gray' substituted by `gray' on input line 1371.
Package xcolor Info: Model `wave' substituted by `hsb' on input line 1372.
) (/usr/share/texmf-dist/tex/generic/pgf/basiclayer/pgfcore.code.tex
Package: pgfcore 2025-08-29 v3.1.11a (3.1.11a)
(/usr/share/texmf-dist/tex/generic/pgf/math/pgfmath.code.tex (/usr/share/texmf-dist/tex/generic/pgf/math/pgfmathutil.code.tex) (/usr/share/texmf-dist/tex/generic/pgf/math/pgfmathparser.code.tex
\pgfmath@dimen=\dimen256
\pgfmath@count=\count456
\pgfmath@box=\box70
\pgfmath@toks=\toks42
\pgfmath@stack@operand=\toks43
\pgfmath@stack@operation=\toks44
) (/usr/share/texmf-dist/tex/generic/pgf/math/pgfmathfunctions.code.tex) (/usr/share/texmf-dist/tex/generic/pgf/math/pgfmathfunctions.basic.code.tex) (/usr/share/texmf-dist/tex/generic/pgf/math/pgfmathfunctions.trigonometric.code.tex) (/usr/share/texmf-dist/tex/generic/pgf/math/pgfmathfunctions.random.code.tex) (/usr/share/texmf-dist/tex/generic/pgf/math/pgfmathfunctions.comparison.code.tex) (/usr/share/texmf-dist/tex/generic/pgf/math/pgfmathfunctions.base.code.tex) (/usr/share/texmf-dist/tex/generic/pgf/math/pgfmathfunctions.round.code.tex) (/usr/share/texmf-dist/tex/generic/pgf/math/pgfmathfunctions.misc.code.tex) (/usr/share/texmf-dist/tex/generic/pgf/math/pgfmathfunctions.integerarithmetics.code.tex) (/usr/share/texmf-dist/tex/generic/pgf/math/pgfmathcalc.code.tex) (/usr/share/texmf-dist/tex/generic/pgf/math/pgfmathfloat.code.tex
\c@pgfmathroundto@lastzeros=\count457
)) (/usr/share/texmf-dist/tex/generic/pgf/math/pgfint.code.tex) (/usr/share/texmf-dist/tex/generic/pgf/basiclayer/pgfcorepoints.code.tex
File: pgfcorepoints.code.tex 2025-08-29 v3.1.11a (3.1.11a)
\pgf@picminx=\dimen257
\pgf@picmaxx=\dimen258
\pgf@picminy=\dimen259
\pgf@picmaxy=\dimen260
\pgf@pathminx=\dimen261
\pgf@pathmaxx=\dimen262
\pgf@pathminy=\dimen263
\pgf@pathmaxy=\dimen264
\pgf@xx=\dimen265
\pgf@xy=\dimen266
\pgf@yx=\dimen267
\pgf@yy=\dimen268
\pgf@zx=\dimen269
\pgf@zy=\dimen270
) (/usr/share/texmf-dist/tex/generic/pgf/basiclayer/pgfcorepathconstruct.code.tex
File: pgfcorepathconstruct.code.tex 2025-08-29 v3.1.11a (3.1.11a)
\pgf@path@lastx=\dimen271
\pgf@path@lasty=\dimen272
) (/usr/share/texmf-dist/tex/generic/pgf/basiclayer/pgfcorepathusage.code.tex
File: pgfcorepathusage.code.tex 2025-08-29 v3.1.11a (3.1.11a)
\pgf@shorten@end@additional=\dimen273
\pgf@shorten@start@additional=\dimen274
) (/usr/share/texmf-dist/tex/generic/pgf/basiclayer/pgfcorescopes.code.tex
File: pgfcorescopes.code.tex 2025-08-29 v3.1.11a (3.1.11a)
\pgfpic=\box71
\pgf@hbox=\box72
\pgf@layerbox@main=\box73
\pgf@picture@serial@count=\count458
) (/usr/share/texmf-dist/tex/generic/pgf/basiclayer/pgfcoregraphicstate.code.tex
File: pgfcoregraphicstate.code.tex 2025-08-29 v3.1.11a (3.1.11a)
\pgflinewidth=\dimen275
) (/usr/share/texmf-dist/tex/generic/pgf/basiclayer/pgfcoretransformations.code.tex
File: pgfcoretransformations.code.tex 2025-08-29 v3.1.11a (3.1.11a)
\pgf@pt@x=\dimen276
\pgf@pt@y=\dimen277
\pgf@pt@temp=\dimen278
) (/usr/share/texmf-dist/tex/generic/pgf/basiclayer/pgfcorequick.code.tex
File: pgfcorequick.code.tex 2025-08-29 v3.1.11a (3.1.11a)
) (/usr/share/texmf-dist/tex/generic/pgf/basiclayer/pgfcoreobjects.code.tex
File: pgfcoreobjects.code.tex 2025-08-29 v3.1.11a (3.1.11a)
) (/usr/share/texmf-dist/tex/generic/pgf/basiclayer/pgfcorepathprocessing.code.tex
File: pgfcorepathprocessing.code.tex 2025-08-29 v3.1.11a (3.1.11a)
) (/usr/share/texmf-dist/tex/generic/pgf/basiclayer/pgfcorearrows.code.tex
File: pgfcorearrows.code.tex 2025-08-29 v3.1.11a (3.1.11a)
\pgfarrowsep=\dimen279
) (/usr/share/texmf-dist/tex/generic/pgf/basiclayer/pgfcoreshade.code.tex
File: pgfcoreshade.code.tex 2025-08-29 v3.1.11a (3.1.11a)
\pgf@max=\dimen280
\pgf@sys@shading@range@num=\count459
\pgf@shadingcount=\count460
) (/usr/share/texmf-dist/tex/generic/pgf/basiclayer/pgfcoreimage.code.tex
File: pgfcoreimage.code.tex 2025-08-29 v3.1.11a (3.1.11a)
) (/usr/share/texmf-dist/tex/generic/pgf/basiclayer/pgfcoreexternal.code.tex
File: pgfcoreexternal.code.tex 2025-08-29 v3.1.11a (3.1.11a)
\pgfexternal@startupbox=\box74
) (/usr/share/texmf-dist/tex/generic/pgf/basiclayer/pgfcorelayers.code.tex
File: pgfcorelayers.code.tex 2025-08-29 v3.1.11a (3.1.11a)
) (/usr/share/texmf-dist/tex/generic/pgf/basiclayer/pgfcoretransparency.code.tex
File: pgfcoretransparency.code.tex 2025-08-29 v3.1.11a (3.1.11a)
) (/usr/share/texmf-dist/tex/generic/pgf/basiclayer/pgfcorepatterns.code.tex
File: pgfcorepatterns.code.tex 2025-08-29 v3.1.11a (3.1.11a)
) (/usr/share/texmf-dist/tex/generic/pgf/basiclayer/pgfcorerdf.code.tex
File: pgfcorerdf.code.tex 2025-08-29 v3.1.11a (3.1.11a)
))) (/usr/share/texmf-dist/tex/generic/pgf/modules/pgfmoduleshapes.code.tex
File: pgfmoduleshapes.code.tex 2025-08-29 v3.1.11a (3.1.11a)
\pgfnodeparttextbox=\box75
) (/usr/share/texmf-dist/tex/generic/pgf/modules/pgfmoduleplot.code.tex
File: pgfmoduleplot.code.tex 2025-08-29 v3.1.11a (3.1.11a)
) (/usr/share/texmf-dist/tex/latex/pgf/compatibility/pgfcomp-version-0-65.sty
Package: pgfcomp-version-0-65 2025-08-29 v3.1.11a (3.1.11a)
\pgf@nodesepstart=\dimen281
\pgf@nodesepend=\dimen282
) (/usr/share/texmf-dist/tex/latex/pgf/compatibility/pgfcomp-version-1-18.sty
Package: pgfcomp-version-1-18 2025-08-29 v3.1.11a (3.1.11a)
)) (/usr/share/texmf-dist/tex/latex/pgf/utilities/pgffor.sty (/usr/share/texmf-dist/tex/latex/pgf/utilities/pgfkeys.sty (/usr/share/texmf-dist/tex/generic/pgf/utilities/pgfkeys.code.tex)) (/usr/share/texmf-dist/tex/latex/pgf/math/pgfmath.sty (/usr/share/texmf-dist/tex/generic/pgf/math/pgfmath.code.tex)) (/usr/share/texmf-dist/tex/generic/pgf/utilities/pgffor.code.tex
Package: pgffor 2025-08-29 v3.1.11a (3.1.11a)
\pgffor@iter=\dimen283
\pgffor@skip=\dimen284
\pgffor@stack=\toks45
\pgffor@toks=\toks46
)) (/usr/share/texmf-dist/tex/generic/pgf/frontendlayer/tikz/tikz.code.tex
Package: tikz 2025-08-29 v3.1.11a (3.1.11a)
(/usr/share/texmf-dist/tex/generic/pgf/libraries/pgflibraryplothandlers.code.tex
File: pgflibraryplothandlers.code.tex 2025-08-29 v3.1.11a (3.1.11a)
\pgf@plot@mark@count=\count461
\pgfplotmarksize=\dimen285
)
\tikz@lastx=\dimen286
\tikz@lasty=\dimen287
\tikz@lastxsaved=\dimen288
\tikz@lastysaved=\dimen289
\tikz@lastmovetox=\dimen290
\tikz@lastmovetoy=\dimen291
\tikzleveldistance=\dimen292
\tikzsiblingdistance=\dimen293
\tikz@figbox=\box76
\tikz@figbox@bg=\box77
\tikz@tempbox=\box78
\tikz@tempbox@bg=\box79
\tikztreelevel=\count462
\tikznumberofchildren=\count463
\tikznumberofcurrentchild=\count464
\tikz@fig@count=\count465
(/usr/share/texmf-dist/tex/generic/pgf/modules/pgfmodulematrix.code.tex
File: pgfmodulematrix.code.tex 2025-08-29 v3.1.11a (3.1.11a)
\pgfmatrixcurrentrow=\count466
\pgfmatrixcurrentcolumn=\count467
\pgf@matrix@numberofcolumns=\count468
)
\tikz@expandcount=\count469
(/usr/share/texmf-dist/tex/generic/pgf/frontendlayer/tikz/libraries/tikzlibrarytopaths.code.tex
File: tikzlibrarytopaths.code.tex 2025-08-29 v3.1.11a (3.1.11a)
))) (/usr/share/texmf-dist/tex/latex/pgfplots/pgfplots.sty (/usr/share/texmf-dist/tex/generic/pgfplots/pgfplots.revision.tex)
Package: pgfplots 2025/08/14 v1.18.2 Data Visualization (1.18.2)
(/usr/share/texmf-dist/tex/generic/pgfplots/pgfplots.code.tex (/usr/share/texmf-dist/tex/generic/pgfplots/pgfplotscore.code.tex
\t@pgfplots@toka=\toks47
\t@pgfplots@tokb=\toks48
\t@pgfplots@tokc=\toks49
\pgfplots@tmpa=\dimen294
\c@pgfplots@coordindex=\count470
\c@pgfplots@scanlineindex=\count471
(/usr/share/texmf-dist/tex/generic/pgfplots/sys/pgfplotssysgeneric.code.tex)) (/usr/share/texmf-dist/tex/generic/pgfplots/libs/pgfplotslibrary.code.tex) (/usr/share/texmf-dist/tex/generic/pgfplots/oldpgfcompatib/pgfplotsoldpgfsupp_loader.code.tex (/usr/share/texmf-dist/tex/generic/pgf/libraries/pgflibraryfpu.code.tex) (/usr/share/texmf-dist/tex/generic/pgfplots/oldpgfcompatib/pgfplotsoldpgfsupp_pgfutil-common-lists.tex)) (/usr/share/texmf-dist/tex/generic/pgfplots/util/pgfplotsutil.code.tex (/usr/share/texmf-dist/tex/generic/pgfplots/liststructure/pgfplotsliststructure.code.tex) (/usr/share/texmf-dist/tex/generic/pgfplots/liststructure/pgfplotsliststructureext.code.tex) (/usr/share/texmf-dist/tex/generic/pgfplots/liststructure/pgfplotsarray.code.tex
\c@pgfplotsarray@tmp=\count472
) (/usr/share/texmf-dist/tex/generic/pgfplots/liststructure/pgfplotsmatrix.code.tex) (/usr/share/texmf-dist/tex/generic/pgfplots/numtable/pgfplotstableshared.code.tex
\c@pgfplotstable@counta=\count473
\t@pgfplotstable@a=\toks50
) (/usr/share/texmf-dist/tex/generic/pgfplots/liststructure/pgfplotsdeque.code.tex) (/usr/share/texmf-dist/tex/generic/pgfplots/util/pgfplotsbinary.code.tex (/usr/share/texmf-dist/tex/generic/pgfplots/util/pgfplotsbinary.data.code.tex)) (/usr/share/texmf-dist/tex/generic/pgfplots/util/pgfplotsutil.verb.code.tex) (/usr/share/texmf-dist/tex/generic/pgfplots/libs/pgflibrarypgfplots.surfshading.code.tex
\c@pgfplotslibrarysurf@no=\count474
(/usr/share/texmf-dist/tex/generic/pgfplots/sys/pgflibrarypgfplots.surfshading.pgfsys-pdftex.def))) (/usr/share/texmf-dist/tex/generic/pgfplots/util/pgfplotscolormap.code.tex (/usr/share/texmf-dist/tex/generic/pgfplots/util/pgfplotscolor.code.tex)) (/usr/share/texmf-dist/tex/generic/pgfplots/pgfplotsstackedplots.code.tex) (/usr/share/texmf-dist/tex/generic/pgfplots/pgfplotsplothandlers.code.tex (/usr/share/texmf-dist/tex/generic/pgfplots/pgfplotsmeshplothandler.code.tex (/usr/share/texmf-dist/tex/generic/pgfplots/pgfplotsmeshplotimage.code.tex))) (/usr/share/texmf-dist/tex/generic/pgfplots/pgfplots.scaling.code.tex) (/usr/share/texmf-dist/tex/generic/pgfplots/pgfplotscoordprocessing.code.tex) (/usr/share/texmf-dist/tex/generic/pgfplots/pgfplots.errorbars.code.tex) (/usr/share/texmf-dist/tex/generic/pgfplots/pgfplots.markers.code.tex) (/usr/share/texmf-dist/tex/generic/pgfplots/pgfplotsticks.code.tex) (/usr/share/texmf-dist/tex/generic/pgfplots/pgfplots.paths.code.tex) (/usr/share/texmf-dist/tex/generic/pgf/frontendlayer/tikz/libraries/tikzlibrarydecorations.code.tex (/usr/share/texmf-dist/tex/generic/pgf/modules/pgfmoduledecorations.code.tex
\pgfdecoratedcompleteddistance=\dimen295
\pgfdecoratedremainingdistance=\dimen296
\pgfdecoratedinputsegmentcompleteddistance=\dimen297
\pgfdecoratedinputsegmentremainingdistance=\dimen298
\pgf@decorate@distancetomove=\dimen299
\pgf@decorate@repeatstate=\count475
\pgfdecorationsegmentamplitude=\dimen300
\pgfdecorationsegmentlength=\dimen301
)
\tikz@lib@dec@box=\box80
) (/usr/share/texmf-dist/tex/generic/pgf/frontendlayer/tikz/libraries/tikzlibrarydecorations.pathmorphing.code.tex (/usr/share/texmf-dist/tex/generic/pgf/libraries/decorations/pgflibrarydecorations.pathmorphing.code.tex)) (/usr/share/texmf-dist/tex/generic/pgf/frontendlayer/tikz/libraries/tikzlibrarydecorations.pathreplacing.code.tex (/usr/share/texmf-dist/tex/generic/pgf/libraries/decorations/pgflibrarydecorations.pathreplacing.code.tex)) (/usr/share/texmf-dist/tex/generic/pgfplots/libs/tikzlibrarypgfplots.contourlua.code.tex)
\pgfplots@numplots=\count476
\pgfplots@xmin@reg=\dimen302
\pgfplots@xmax@reg=\dimen303
\pgfplots@ymin@reg=\dimen304
\pgfplots@ymax@reg=\dimen305
\pgfplots@zmin@reg=\dimen306
\pgfplots@zmax@reg=\dimen307
) (/usr/share/texmf-dist/tex/generic/pgf/frontendlayer/tikz/libraries/tikzlibraryplotmarks.code.tex
File: tikzlibraryplotmarks.code.tex 2025-08-29 v3.1.11a (3.1.11a)
(/usr/share/texmf-dist/tex/generic/pgf/libraries/pgflibraryplotmarks.code.tex
File: pgflibraryplotmarks.code.tex 2025-08-29 v3.1.11a (3.1.11a)
))) (/usr/share/texmf-dist/tex/latex/tikz-3dplot/tikz-3dplot.sty (/usr/share/texmf-dist/tex/generic/pgf/frontendlayer/tikz/libraries/tikzlibrarycalc.code.tex
File: tikzlibrarycalc.code.tex 2025-08-29 v3.1.11a (3.1.11a)
) (/usr/share/texmf-dist/tex/generic/pgf/frontendlayer/tikz/libraries/tikzlibrary3d.code.tex
File: tikzlibrary3d.code.tex 2025-08-29 v3.1.11a (3.1.11a)
) (/usr/share/texmf-dist/tex/generic/pgf/frontendlayer/tikz/libraries/tikzlibraryarrows.code.tex
File: tikzlibraryarrows.code.tex 2025-08-29 v3.1.11a (3.1.11a)
(/usr/share/texmf-dist/tex/generic/pgf/libraries/pgflibraryarrows.code.tex
File: pgflibraryarrows.code.tex 2025-08-29 v3.1.11a (3.1.11a)
\arrowsize=\dimen308
))) (/usr/share/texmf-dist/tex/latex/tkz-euclide/tkz-euclide.sty
2026/01/25 5.13c tkz-euclide.sty
Package: tkz-euclide  2026/01/25 5.13c for pure Euclidean Geometry 
(/usr/share/texmf-dist/tex/generic/pgf/frontendlayer/tikz/libraries/tikzlibraryangles.code.tex
File: tikzlibraryangles.code.tex 2025-08-29 v3.1.11 (3.1.11a)
) (/usr/share/texmf-dist/tex/generic/pgf/libraries/pgflibraryarrows.meta.code.tex
File: pgflibraryarrows.meta.code.tex 2025-08-29 v3.1.11 (3.1.11a)
\pgfarrowinset=\dimen309
\pgfarrowlength=\dimen310
\pgfarrowwidth=\dimen311
\pgfarrowlinewidth=\dimen312
) (/usr/share/texmf-dist/tex/generic/pgf/frontendlayer/tikz/libraries/tikzlibrarybackgrounds.code.tex
File: tikzlibrarybackgrounds.code.tex 2025-08-29 v3.1.11 (3.1.11a)
\pgf@layerbox@background=\box81
\pgf@layerboxsaved@background=\box82
) (/usr/share/texmf-dist/tex/generic/pgf/frontendlayer/tikz/libraries/tikzlibrarydecorations.markings.code.tex (/usr/share/texmf-dist/tex/generic/pgf/libraries/decorations/pgflibrarydecorations.markings.code.tex)) (/usr/share/texmf-dist/tex/generic/pgf/frontendlayer/tikz/libraries/tikzlibrarydecorations.shapes.code.tex (/usr/share/texmf-dist/tex/generic/pgf/libraries/decorations/pgflibrarydecorations.shapes.code.tex)) (/usr/share/texmf-dist/tex/generic/pgf/frontendlayer/tikz/libraries/tikzlibrarydecorations.text.code.tex (/usr/share/texmf-dist/tex/generic/pgf/libraries/decorations/pgflibrarydecorations.text.code.tex
\pgf@lib@dec@text@box=\box83
)
\tikz@lib@dec@te@box=\box84
) (/usr/share/texmf-dist/tex/generic/pgf/frontendlayer/tikz/libraries/tikzlibraryintersections.code.tex (/usr/share/texmf-dist/tex/generic/pgf/libraries/pgflibraryintersections.code.tex
\pgf@intersect@solutions=\count477
)) (/usr/share/texmf-dist/tex/generic/pgf/frontendlayer/tikz/libraries/tikzlibrarymath.code.tex (/usr/share/texmf-dist/tex/generic/pgf/frontendlayer/tikz/libraries/tikzlibraryfpu.code.tex)
\tikz@math@for@depth=\count478
\tikz@math@dimen=\dimen313
\tikz@math@toks=\toks51
) (/usr/share/texmf-dist/tex/generic/pgf/frontendlayer/tikz/libraries/tikzlibrarypositioning.code.tex
File: tikzlibrarypositioning.code.tex 2025-08-29 v3.1.11 (3.1.11a)
) (/usr/share/texmf-dist/tex/generic/pgf/frontendlayer/tikz/libraries/tikzlibraryquotes.code.tex
File: tikzlibraryquotes.code.tex 2025-08-29 v3.1.11 (3.1.11a)
) (/usr/share/texmf-dist/tex/generic/pgf/frontendlayer/tikz/libraries/tikzlibraryshapes.misc.code.tex
File: tikzlibraryshapes.misc.code.tex 2025-08-29 v3.1.11 (3.1.11a)
(/usr/share/texmf-dist/tex/generic/pgf/libraries/shapes/pgflibraryshapes.misc.code.tex
File: pgflibraryshapes.misc.code.tex 2025-08-29 v3.1.11 (3.1.11a)
)) (/usr/share/texmf-dist/tex/generic/pgf/frontendlayer/tikz/libraries/tikzlibrarythrough.code.tex
File: tikzlibrarythrough.code.tex 2025-08-29 v3.1.11 (3.1.11a)
) (/usr/share/texmf-dist/tex/latex/l3packages/xfp/xfp.sty
Package: xfp 2025-10-09 L3 Floating point unit
) (/usr/share/texmf-dist/tex/latex/xpatch/xpatch.sty
Package: xpatch 2020/03/25 v0.3a Extending etoolbox patching commands
)
\tkzRadius=\dimen314
\tkzLength=\dimen315
\tkz@radi=\dimen316
\tkz@ax=\dimen317
\tkz@ay=\dimen318
\tkz@bx=\dimen319
\tkz@by=\dimen320
\tkz@cx=\dimen321
\tkz@cy=\dimen322
\tkz@dx=\dimen323
\tkz@dy=\dimen324
\tkz@cntmk=\count479
Local configuration file tkz-euclide.cfg found and used
(/usr/share/texmf-dist/tex/latex/tkz-euclide/tkz-euclide.cfg
2026/01/25 5.13c tkz-euclide.cfg
) (/usr/share/texmf-dist/tex/latex/tkz-euclide/tkz-tools-eu-base.tex
2026/01/25 5.13c tkz-tools-eu-base.tex
) (/usr/share/texmf-dist/tex/latex/tkz-euclide/tkz-tools-eu-utilities.tex
2026/01/25 5.13c tkz-tools-eu-utilities.tex
) (/usr/share/texmf-dist/tex/latex/tkz-euclide/tkz-tools-eu-BB.tex
2026/01/25 5.13c tkz-obj-eu-BB.tex
) (/usr/share/texmf-dist/tex/latex/tkz-euclide/tkz-obj-eu-grids.tex
2026/01/25 5.13c tkz-obj-eu-grids.tex
) (/usr/share/texmf-dist/tex/latex/tkz-euclide/tkz-lib-eu-marks.tex
2026/01/25 5.13c tkz-lib-eu-marks.tex
) (/usr/share/texmf-dist/tex/latex/tkz-euclide/tkz-tools-eu-text.tex
2026/01/25 5.13c tkz-tools-eu-text.tex
) (/usr/share/texmf-dist/tex/latex/tkz-euclide/tkz-lib-eu-shape.tex
2026/01/25 5.13c tkz-lib-eu-shape.tex
) (/usr/share/texmf-dist/tex/latex/tkz-euclide/tkz-obj-eu-axesmin.tex
2026/01/25 5.13c tkz-obj-eu-axesmin
) (/usr/share/texmf-dist/tex/latex/tkz-euclide/tkz-tools-eu-colors.tex
2026/01/25 5.13c tkz-tools-eu-colors
) (/usr/share/texmf-dist/tex/latex/tkz-euclide/tkz-obj-eu-points.tex
2026/01/25 5.13c tkz-obj-eu-points.tex
) (/usr/share/texmf-dist/tex/latex/tkz-euclide/tkz-draw-eu-points.tex
2026/01/25 5.13c tkz-draw-eu-points.tex
) (/usr/share/texmf-dist/tex/latex/tkz-euclide/tkz-obj-eu-points.tex
2026/01/25 5.13c tkz-obj-eu-points.tex
) (/usr/share/texmf-dist/tex/latex/tkz-euclide/tkz-obj-eu-points-by.tex
2026/01/25 5.13c tkz-tools-eu-points-by.tex
) (/usr/share/texmf-dist/tex/latex/tkz-euclide/tkz-tools-eu-math.tex
2026/01/25 5.13c tkz-tools-eu-math.tex
) (/usr/share/texmf-dist/tex/latex/tkz-euclide/tkz-tools-eu-intersections.tex
2026/01/25 5.13c tkz-tools-eu-intersections.tex
) (/usr/share/texmf-dist/tex/latex/tkz-euclide/tkz-obj-eu-points-with.tex
2026/01/25 5.13c tkz-obj-eu-points-with.tex
) (/usr/share/texmf-dist/tex/latex/tkz-euclide/tkz-obj-eu-points-spc.tex
2026/01/25 5.13c tkz-obj-el-points.tex
) (/usr/share/texmf-dist/tex/latex/tkz-euclide/tkz-tools-eu-angles.tex
2026/01/25 5.13c tkz-tools-eu-angles.tex
) (/usr/share/texmf-dist/tex/latex/tkz-euclide/tkz-obj-eu-circles.tex
2026/01/25 5.13c tkz-obj-eu-circles.tex
) (/usr/share/texmf-dist/tex/latex/tkz-euclide/tkz-obj-eu-circles-by.tex
2026/01/25 5.13c tkz-obj-eu-circles.tex
) (/usr/share/texmf-dist/tex/latex/tkz-euclide/tkz-obj-eu-points-rnd.tex
2026/01/25 5.13c tkz-obj-eu-points-rnd.tex
) (/usr/share/texmf-dist/tex/latex/tkz-euclide/tkz-obj-eu-lines.tex
2026/01/25 5.13c tkz-obj-eu-lines.tex
) (/usr/share/texmf-dist/tex/latex/tkz-euclide/tkz-obj-eu-polygons.tex
2026/01/25 5.13c tkz-obj-eu-polygons.tex
) (/usr/share/texmf-dist/tex/latex/tkz-euclide/tkz-obj-eu-triangles.tex
2026/01/25 5.13c tkz-obj-eu-triangles.tex
) (/usr/share/texmf-dist/tex/latex/tkz-euclide/tkz-draw-eu-lines.tex
2026/01/25 5.13c tkz-obj-eu-draw-lines.tex
) (/usr/share/texmf-dist/tex/latex/tkz-euclide/tkz-draw-eu-circles.tex
2026/01/25 5.13c tkz-obj-eu-draw-circles.tex
) (/usr/share/texmf-dist/tex/latex/tkz-euclide/tkz-draw-eu-ellipses.tex
2026/01/25 5.13c tkz-obj-eu-draw-ellipses.tex
) (/usr/share/texmf-dist/tex/latex/tkz-euclide/tkz-draw-eu-polygons.tex
2026/01/25 5.13c tkz-obj-eu-polygons.tex
) (/usr/share/texmf-dist/tex/latex/tkz-euclide/tkz-draw-eu-arcs.tex
2026/01/25 5.13c tkz-tool-eu-arcs.tex
) (/usr/share/texmf-dist/tex/latex/tkz-euclide/tkz-draw-eu-angles.tex
2026/01/25 5.13c tkz-tool-eu-angles.tex
) (/usr/share/texmf-dist/tex/latex/tkz-euclide/tkz-draw-eu-sectors.tex
2026/01/25 5.13c tkz-obj-eu-sectors.tex
) (/usr/share/texmf-dist/tex/latex/tkz-euclide/tkz-draw-eu-compass.tex
2026/01/25 5.13c tkz-obj-eu-compass.tex
) (/usr/share/texmf-dist/tex/latex/tkz-euclide/tkz-draw-eu-show.tex
2026/01/25 5.13c tkz-obj-eu-show.tex
) (/usr/share/texmf-dist/tex/latex/tkz-euclide/tkz-draw-eu-protractor.tex
2026/01/25 5.13c tkz-obj-eu-protractor.tex
)) (/usr/share/texmf-dist/tex/generic/pgf/frontendlayer/tikz/libraries/tikzlibrarypatterns.code.tex
File: tikzlibrarypatterns.code.tex 2025-08-29 v3.1.11 (3.1.11a)
(/usr/share/texmf-dist/tex/generic/pgf/libraries/pgflibrarypatterns.code.tex
File: pgflibrarypatterns.code.tex 2025-08-29 v3.1.11 (3.1.11a)
)) (/usr/share/texmf-dist/tex/generic/pgf/frontendlayer/tikz/libraries/tikzlibraryshapes.geometric.code.tex
File: tikzlibraryshapes.geometric.code.tex 2025-08-29 v3.1.11 (3.1.11a)
(/usr/share/texmf-dist/tex/generic/pgf/libraries/shapes/pgflibraryshapes.geometric.code.tex
File: pgflibraryshapes.geometric.code.tex 2025-08-29 v3.1.11 (3.1.11a)
)) (/usr/share/texmf-dist/tex/generic/pgf/frontendlayer/tikz/libraries/tikzlibrarymatrix.code.tex
File: tikzlibrarymatrix.code.tex 2025-08-29 v3.1.11 (3.1.11a)
) (/usr/share/texmf-dist/tex/generic/pgf/frontendlayer/tikz/libraries/tikzlibraryscopes.code.tex
File: tikzlibraryscopes.code.tex 2025-08-29 v3.1.11 (3.1.11a)
) (/usr/share/texmf-dist/tex/generic/pgf/frontendlayer/tikz/libraries/tikzlibraryfit.code.tex
File: tikzlibraryfit.code.tex 2025-08-29 v3.1.11 (3.1.11a)
) (/usr/share/texmf-dist/tex/generic/pgf/frontendlayer/tikz/libraries/tikzlibraryshapes.code.tex
File: tikzlibraryshapes.code.tex 2025-08-29 v3.1.11 (3.1.11a)
(/usr/share/texmf-dist/tex/generic/pgf/frontendlayer/tikz/libraries/tikzlibraryshapes.symbols.code.tex
File: tikzlibraryshapes.symbols.code.tex 2025-08-29 v3.1.11 (3.1.11a)
(/usr/share/texmf-dist/tex/generic/pgf/libraries/shapes/pgflibraryshapes.symbols.code.tex
File: pgflibraryshapes.symbols.code.tex 2025-08-29 v3.1.11 (3.1.11a)
)) (/usr/share/texmf-dist/tex/generic/pgf/frontendlayer/tikz/libraries/tikzlibraryshapes.arrows.code.tex
File: tikzlibraryshapes.arrows.code.tex 2025-08-29 v3.1.11 (3.1.11a)
(/usr/share/texmf-dist/tex/generic/pgf/libraries/shapes/pgflibraryshapes.arrows.code.tex
File: pgflibraryshapes.arrows.code.tex 2025-08-29 v3.1.11 (3.1.11a)
)) (/usr/share/texmf-dist/tex/generic/pgf/frontendlayer/tikz/libraries/tikzlibraryshapes.callouts.code.tex (/usr/share/texmf-dist/tex/generic/pgf/libraries/shapes/pgflibraryshapes.callouts.code.tex)) (/usr/share/texmf-dist/tex/generic/pgf/frontendlayer/tikz/libraries/tikzlibraryshapes.multipart.code.tex
File: tikzlibraryshapes.multipart.code.tex 2025-08-29 v3.1.11 (3.1.11a)
(/usr/share/texmf-dist/tex/generic/pgf/libraries/shapes/pgflibraryshapes.multipart.code.tex
File: pgflibraryshapes.multipart.code.tex 2025-08-29 v3.1.11 (3.1.11a)
\pgfnodepartlowerbox=\box85
\pgfnodeparttwobox=\box86
\pgfnodepartthreebox=\box87
\pgfnodepartfourbox=\box88
\pgfnodeparttwentybox=\box89
\pgfnodepartnineteenbox=\box90
\pgfnodeparteighteenbox=\box91
\pgfnodepartseventeenbox=\box92
\pgfnodepartsixteenbox=\box93
\pgfnodepartfifteenbox=\box94
\pgfnodepartfourteenbox=\box95
\pgfnodepartthirteenbox=\box96
\pgfnodeparttwelvebox=\box97
\pgfnodepartelevenbox=\box98
\pgfnodeparttenbox=\box99
\pgfnodepartninebox=\box100
\pgfnodeparteightbox=\box101
\pgfnodepartsevenbox=\box102
\pgfnodepartsixbox=\box103
\pgfnodepartfivebox=\box104
))) (/usr/share/texmf-dist/tex/generic/tikz-ext/tikzlibraryext.paths.ortho.code.tex (/usr/share/texmf-dist/tex/generic/tikz-ext/tikzext-util.tex)) (/usr/share/texmf-dist/tex/generic/pgf/frontendlayer/tikz/libraries/tikzlibrarybending.code.tex
File: tikzlibrarybending.code.tex 2025-08-29 v3.1.11 (3.1.11a)
(/usr/share/texmf-dist/tex/generic/pgf/modules/pgfmodulebending.code.tex
File: pgfmodulebending.code.tex 2025-08-29 v3.1.11 (3.1.11a)
(/usr/share/texmf-dist/tex/generic/pgf/modules/pgfmodulenonlineartransformations.code.tex
File: pgfmodulenonlineartransformations.code.tex 2025-08-29 v3.1.11 (3.1.11a)
\pgftransformnonlinearflatness=\dimen325
) (/usr/share/texmf-dist/tex/generic/pgf/libraries/pgflibrarycurvilinear.code.tex
File: pgflibrarycurvilinear.code.tex 2025-08-29 v3.1.11 (3.1.11a)
\pgf@curvilinear@time@a=\dimen326
\pgf@curvilinear@length@a=\dimen327
\pgf@curvilinear@length@b=\dimen328
\pgf@curvilinear@length@c=\dimen329
\pgf@curvilinear@length@d=\dimen330
)
\pgf@arrows@the@rigidity=\dimen331
)) (/usr/share/texmf-dist/tex/generic/pgfplots/libs/tikzlibrarypgfplots.fillbetween.code.tex (/usr/share/texmf-dist/tex/generic/pgfplots/pgfcontrib/tikzlibraryfillbetween.code.tex (/usr/share/texmf-dist/tex/generic/pgfplots/pgfcontrib/tikzlibrarydecorations.softclip.code.tex (/usr/share/texmf-dist/tex/generic/pgfplots/pgfcontrib/pgflibraryfillbetween.code.tex))) (/usr/share/texmf-dist/tex/generic/pgfplots/libs/tikzlibrarypgfplots.decorations.softclip.code.tex)) (/usr/share/texmf-dist/tex/generic/pgfplots/libs/tikzlibrarypgfplots.colormaps.code.tex) (/usr/share/texmf-dist/tex/generic/pgfplots/libs/tikzlibrarypgfplots.patchplots.code.tex) (/usr/share/texmf-dist/tex/generic/pgfplots/libs/tikzlibrarypgfplots.external.code.tex (/usr/share/texmf-dist/tex/latex/pgf/frontendlayer/libraries/tikzlibraryexternal.code.tex (/usr/share/texmf-dist/tex/latex/base/atveryend-ltx.sty
Package: atveryend-ltx 2020/08/19 v1.0a Emulation of the original atveryend package
with kernel methods
) (/usr/share/texmf-dist/tex/generic/pgf/frontendlayer/tikz/libraries/tikzexternalshared.code.tex))) (/usr/share/texmf-dist/tex/generic/pgf/libraries/pgflibraryshadings.code.tex
File: pgflibraryshadings.code.tex 2025-08-29 v3.1.11 (3.1.11a)
)
No auxiliary output files.

\w@pgfexternal@auxout=\write5
Package TikZ externalization: calling \geometry{driver=none} during externalization.

\pgf@layerbox@bg=\box105
\pgf@layerboxsaved@bg=\box106
(/usr/share/texmf-dist/tex/latex/hyperref/hyperref.sty
Package: hyperref 2026-01-29 v7.01p Hypertext links for LaTeX
(/usr/share/texmf-dist/tex/generic/kvdefinekeys/kvdefinekeys.sty
Package: kvdefinekeys 2019-12-19 v1.6 Define keys (HO)
) (/usr/share/texmf-dist/tex/generic/pdfescape/pdfescape.sty
Package: pdfescape 2019/12/09 v1.15 Implements pdfTeX's escape features (HO)
) (/usr/share/texmf-dist/tex/latex/hycolor/hycolor.sty
Package: hycolor 2020-01-27 v1.10 Color options for hyperref/bookmark (HO)
) (/usr/share/texmf-dist/tex/latex/hyperref/nameref.sty
Package: nameref 2026-01-29 v2.58 Cross-referencing by name of section
(/usr/share/texmf-dist/tex/latex/refcount/refcount.sty
Package: refcount 2019/12/15 v3.6 Data extraction from label references (HO)
) (/usr/share/texmf-dist/tex/generic/gettitlestring/gettitlestring.sty
Package: gettitlestring 2019/12/15 v1.6 Cleanup title references (HO)
)
\c@section@level=\count480
) (/usr/share/texmf-dist/tex/generic/stringenc/stringenc.sty
Package: stringenc 2019/11/29 v1.12 Convert strings between diff. encodings (HO)
)
\@linkdim=\dimen332
\Hy@linkcounter=\count481
\Hy@pagecounter=\count482
(/usr/share/texmf-dist/tex/latex/hyperref/pd1enc.def
File: pd1enc.def 2026-01-29 v7.01p Hyperref: PDFDocEncoding definition (HO)
Now handling font encoding PD1 ...
... no UTF-8 mapping file for font encoding PD1
) (/usr/share/texmf-dist/tex/generic/intcalc/intcalc.sty
Package: intcalc 2019/12/15 v1.3 Expandable calculations with integers (HO)
)
\Hy@SavedSpaceFactor=\count483
(/usr/share/texmf-dist/tex/latex/hyperref/puenc.def
File: puenc.def 2026-01-29 v7.01p Hyperref: PDF Unicode definition (HO)
Now handling font encoding PU ...
... no UTF-8 mapping file for font encoding PU
)
Package hyperref Info: Option `colorlinks' set `true' on input line 4072.
Package hyperref Info: Option `bookmarks' set `true' on input line 4072.
Package hyperref Info: Option `debug' set `true' on input line 4072.
Package hyperref Info: Option `linktocpage' set `true' on input line 4072.
Package hyperref Info: Hyper figures OFF on input line 4201.
Package hyperref Info: Link nesting OFF on input line 4206.
Package hyperref Info: Hyper index ON on input line 4209.
Package hyperref Info: Plain pages OFF on input line 4216.
Package hyperref Info: Backreferencing OFF on input line 4221.
Package hyperref Info: Implicit mode ON; LaTeX internals redefined.
Package hyperref Info: Bookmarks ON on input line 4468.
\c@Hy@tempcnt=\count484
LaTeX Info: Redefining \url on input line 4807.
\XeTeXLinkMargin=\dimen333
(/usr/share/texmf-dist/tex/generic/bitset/bitset.sty
Package: bitset 2019/12/09 v1.3 Handle bit-vector datatype (HO)
(/usr/share/texmf-dist/tex/generic/bigintcalc/bigintcalc.sty
Package: bigintcalc 2019/12/15 v1.5 Expandable calculations on big integers (HO)
))
\Fld@menulength=\count485
\Field@Width=\dimen334
\Fld@charsize=\dimen335
Package hyperref Info: Hyper figures OFF on input line 6084.
Package hyperref Info: Link nesting OFF on input line 6089.
Package hyperref Info: Hyper index ON on input line 6092.
Package hyperref Info: backreferencing OFF on input line 6099.
Package hyperref Info: Link coloring OFF on input line 6104.
Package hyperref Info: Link coloring with OCG OFF on input line 6109.
Package hyperref Info: PDF/A mode OFF on input line 6114.
\Hy@abspage=\count486
\c@Item=\count487
\c@Hfootnote=\count488
)
Package hyperref Info: Driver: hpdftex.
(/usr/share/texmf-dist/tex/latex/hyperref/hpdftex.def
File: hpdftex.def 2026-01-29 v7.01p Hyperref driver for pdfTeX
\Fld@listcount=\count489
\c@bookmark@seq@number=\count490
(/usr/share/texmf-dist/tex/latex/rerunfilecheck/rerunfilecheck.sty
Package: rerunfilecheck 2025-06-21 v1.11 Rerun checks for auxiliary files (HO)
(/usr/share/texmf-dist/tex/generic/uniquecounter/uniquecounter.sty
Package: uniquecounter 2019/12/15 v1.4 Provide unlimited unique counter (HO)
)
Package uniquecounter Info: New unique counter `rerunfilecheck' on input line 284.
)
\Hy@SectionHShift=\skip85
) (/usr/share/texmf-dist/tex/latex/tools/multicol.sty
Package: multicol 2025/10/21 v2.0b multicolumn formatting (FMi)
\c@tracingmulticols=\count491
\mult@box=\box107
\multicol@leftmargin=\dimen336
\c@unbalance=\count492
\c@collectmore=\count493
\doublecol@number=\count494
\multicoltolerance=\count495
\multicolpretolerance=\count496
\full@width=\dimen337
\page@free=\dimen338
\premulticols=\dimen339
\postmulticols=\dimen340
\multicolsep=\skip86
\multicolbaselineskip=\skip87
\partial@page=\box108
\last@line=\box109
\mc@boxedresult=\box110
\maxbalancingoverflow=\dimen341
\mult@rightbox=\box111
\mult@grightbox=\box112
\mult@firstbox=\box113
\mult@gfirstbox=\box114
\@tempa=\box115
\@tempa=\box116
\@tempa=\box117
\@tempa=\box118
\@tempa=\box119
\@tempa=\box120
\@tempa=\box121
\@tempa=\box122
\@tempa=\box123
\@tempa=\box124
\@tempa=\box125
\@tempa=\box126
\@tempa=\box127
\@tempa=\box128
\@tempa=\box129
\@tempa=\box130
\@tempa=\box131
\@tempa=\box132
\@tempa=\box133
\@tempa=\box134
\@tempa=\box135
\@tempa=\box136
\@tempa=\box137
\@tempa=\box138
\@tempa=\box139
\@tempa=\box140
\@tempa=\box141
\@tempa=\box142
\@tempa=\box143
\@tempa=\box144
\@tempa=\box145
\@tempa=\box146
\@tempa=\box147
\@tempa=\box148
\@tempa=\box149
\@tempa=\box150
\c@minrows=\count497
\c@columnbadness=\count498
\c@finalcolumnbadness=\count499
\last@try=\dimen342
\multicolovershoot=\dimen343
\multicolundershoot=\dimen344
\mult@nat@firstbox=\box151
\colbreak@box=\box152
\mc@col@check@num=\count500
\g__mc_curr_col_int=\count501
) (/usr/share/texmf-dist/tex/latex/fancyhdr/fancyhdr.sty
Package: fancyhdr 2025/02/07 v5.2 Extensive control of page headers and footers
\f@nch@headwidth=\skip88
\f@nch@offset@elh=\skip89
\f@nch@offset@erh=\skip90
\f@nch@offset@olh=\skip91
\f@nch@offset@orh=\skip92
\f@nch@offset@elf=\skip93
\f@nch@offset@erf=\skip94
\f@nch@offset@olf=\skip95
\f@nch@offset@orf=\skip96
\f@nch@height=\skip97
\f@nch@footalignment=\skip98
\f@nch@widthL=\skip99
\f@nch@widthC=\skip100
\f@nch@widthR=\skip101
\@temptokenb=\toks52
) (/usr/share/texmf-dist/tex/latex/caption/caption.sty
Package: caption 2023/08/05 v3.6o Customizing captions (AR)
(/usr/share/texmf-dist/tex/latex/caption/caption3.sty
Package: caption3 2023/07/31 v2.4d caption3 kernel (AR)
\caption@tempdima=\dimen345
\captionmargin=\dimen346
\caption@leftmargin=\dimen347
\caption@rightmargin=\dimen348
\caption@width=\dimen349
\caption@indent=\dimen350
\caption@parindent=\dimen351
\caption@hangindent=\dimen352
Package caption Info: Standard document class detected.
)
\c@caption@flags=\count502
\c@continuedfloat=\count503
Package caption Info: float package is loaded.
Package caption Info: hyperref package is loaded.
Package caption Info: wrapfig package is loaded.
) (/usr/share/texmf-dist/tex/latex/esdiff/esdiff.sty
Package: esdiff 
) (/usr/share/texmf-dist/tex/latex/stackengine/stackengine.sty
Package: stackengine 2021/07/22 v4.11\ Stacking text and objects in convenient ways
(./listofitems.sty (./listofitems.tex
\loi_cnt_foreach_nest=\count504
\loi_nestcnt=\count505
)
Package: listofitems 2024/03/09 v1.65 Grab items in lists using user-specified sep char (CT)
)
\c@@stackindex=\count506
\@boxshift=\skip102
\stack@tmplength=\skip103
\temp@stkl=\skip104
\@stackedboxwidth=\skip105
\@addedbox=\box153
\@anchorbox=\box154
\@insetbox=\box155
\se@backgroundbox=\box156
\stackedbox=\box157
\@centerbox=\box158
\c@ROWcellindex@=\count507
)
\CBox=\box159
(./custom.sty
Package: custom 
(./tikzlibrary3dtools.code.tex
File: tikzlibrary3dtools.code.tex 2025-08-29 v3.1.11 (3.1.11a)
(/usr/share/texmf-dist/tex/latex/calculator/calculator.sty
Package: calculator 2022/09/15 v.2.1
\cctr@lengtha=\dimen353
\cctr@lengthb=\dimen354
\cctr@epsilon=\dimen355
)
\c@tikz@td@recorded@point=\count508
\c@tikz@td@cone@shading=\count509
) (/usr/share/texmf-dist/tex/latex/tensor/tensor.sty
Package: tensor 2023/07/18 v2.2 tensor indices package (PGR)
\tnsr@Sps=\toks53
\tnsr@Sbs=\toks54
\tnsr@Spe=\toks55
\tnsr@Sbe=\toks56
\ncld@Mno=\toks57
) (/usr/share/texmf-dist/tex/latex/enumitem/enumitem.sty
Package: enumitem 2025/02/06 v3.11 Customized lists
\labelindent=\skip106
\enit@outerparindent=\dimen356
\enit@toks=\toks58
\enit@inbox=\box160
\enit@count@id=\count510
\enitdp@description=\count511
) (/usr/share/texmf-dist/tex/latex/carlisle/slashed.sty
Package: slashed 1997/01/16 v0.01 Feynman Slashed Character Notation (DPC)
) (/usr/share/texmf-dist/tex/latex/bbm-macros/bbm.sty
Package: bbm 1999/03/15 V 1.2 provides fonts for set symbols - TH
LaTeX Font Info:    Overwriting math alphabet `\mathbbm' in version `bold'
(Font)                  U/bbm/m/n --> U/bbm/bx/n on input line 33.
LaTeX Font Info:    Overwriting math alphabet `\mathbbmss' in version `bold'
(Font)                  U/bbmss/m/n --> U/bbmss/bx/n on input line 35.
) (/usr/share/texmf-dist/tex/latex/anyfontsize/anyfontsize.sty
Package: anyfontsize 2007/11/22 anyfontsize.sty by pts
)
\c@subparti=\count512
\enitdp@subpart=\count513
(/usr/share/texmf-dist/tex/latex/sectsty/sectsty.sty
Package: sectsty 2002/02/25 v2.0.2 Commands to change all sectional heading styles

LaTeX Warning: Command \underbar  has changed.
               Check if current package is valid.


LaTeX Warning: Command \underline  has changed.
               Check if current package is valid.

) (/usr/share/texmf-dist/tex/generic/ulem/ulem.sty
\UL@box=\box161
\UL@hyphenbox=\box162
\UL@skip=\skip107
\UL@hook=\toks59
\UL@height=\dimen357
\UL@pe=\count514
\UL@pixel=\dimen358
\ULC@box=\box163
Package: ulem 2019/11/18
\ULdepth=\dimen359
) (/usr/share/texmf-dist/tex/latex/titlesec/titlesec.sty
Package: titlesec 2025/01/04 v2.17 Sectioning titles
\ttl@box=\box164
\beforetitleunit=\skip108
\aftertitleunit=\skip109
\ttl@plus=\dimen360
\ttl@minus=\dimen361
\ttl@toksa=\toks60
\titlewidth=\dimen362
\titlewidthlast=\dimen363
\titlewidthfirst=\dimen364
) (/usr/share/texmf-dist/tex/latex/cleveref/cleveref.sty
Package: cleveref 2018/03/27 v0.21.4 Intelligent cross-referencing
Package cleveref Info: `hyperref' support loaded on input line 2370.
LaTeX Info: Redefining \cref on input line 2370.
LaTeX Info: Redefining \Cref on input line 2370.
LaTeX Info: Redefining \crefrange on input line 2370.
LaTeX Info: Redefining \Crefrange on input line 2370.
LaTeX Info: Redefining \cpageref on input line 2370.
LaTeX Info: Redefining \Cpageref on input line 2370.
LaTeX Info: Redefining \cpagerefrange on input line 2370.
LaTeX Info: Redefining \Cpagerefrange on input line 2370.
LaTeX Info: Redefining \labelcref on input line 2370.
LaTeX Info: Redefining \labelcpageref on input line 2370.
Package cleveref Info: `amsthm' support loaded on input line 3026.
)
==> First Aid for cleveref.sty applied!
(/usr/share/texmf-dist/tex/latex/tools/bm.sty
Package: bm 2025/10/21 v1.2g Bold Symbol Support (DPC/FMi)
\symboldoperators=\mathgroup10
\symboldletters=\mathgroup11
\symboldsymbols=\mathgroup12
Package bm Info: No bold for \OMX/cmex/m/n, using \pmb.
Package bm Info: No bold for \U/msa/m/n, using \pmb.
Package bm Info: No bold for \U/msb/m/n, using \pmb.
\symboldugrf@m=\mathgroup13
Package bm Info: No bold for \U/esint/m/n, using \pmb.
Package bm Info: No bold for \U/rsfs/m/n, using \pmb.
LaTeX Font Info:    Redeclaring math alphabet \mathbf on input line 149.
)
\foobox=\box165
(/usr/share/texmf-dist/tex/latex/tools/xspace.sty
Package: xspace 2014/10/28 v1.13 Space after command names (DPC,MH)
)))

Package biblatex Warning: 'babel/polyglossia' detected but 'csquotes' missing.
(biblatex)                Loading 'csquotes' recommended.

\@quotelevel=\count515
\@quotereset=\count516
No file tikzcache/main-figure7.aux.
LaTeX Font Info:    Checking defaults for OML/cmm/m/it on input line 9.
LaTeX Font Info:    ... okay on input line 9.
LaTeX Font Info:    Checking defaults for OMS/cmsy/m/n on input line 9.
LaTeX Font Info:    ... okay on input line 9.
LaTeX Font Info:    Checking defaults for OT1/cmr/m/n on input line 9.
LaTeX Font Info:    ... okay on input line 9.
LaTeX Font Info:    Checking defaults for T1/cmr/m/n on input line 9.
LaTeX Font Info:    ... okay on input line 9.
LaTeX Font Info:    Checking defaults for TS1/cmr/m/n on input line 9.
LaTeX Font Info:    ... okay on input line 9.
LaTeX Font Info:    Checking defaults for OMX/cmex/m/n on input line 9.
LaTeX Font Info:    ... okay on input line 9.
LaTeX Font Info:    Checking defaults for U/cmr/m/n on input line 9.
LaTeX Font Info:    ... okay on input line 9.
LaTeX Font Info:    Checking defaults for PD1/pdf/m/n on input line 9.
LaTeX Font Info:    ... okay on input line 9.
LaTeX Font Info:    Checking defaults for PU/pdf/m/n on input line 9.
LaTeX Font Info:    ... okay on input line 9.
Package biblatex Info: Trying to load language 'english'...
Package biblatex Info: ... file 'english.lbx' found.
(/usr/share/texmf-dist/tex/latex/biblatex/lbx/english.lbx
File: english.lbx 2025/07/10 v3.21 biblatex localization (PK/MW)
)
Package biblatex Info: Input encoding 'utf8' detected.
Package biblatex Info: Automatic encoding selection.
(biblatex)             Assuming data encoding 'utf8'.
Package biblatex Info: Trying to load bibliographic data...
Package biblatex Info: ... file 'tikzcache/main-figure7.bbl' not found.
No file tikzcache/main-figure7.bbl.
Package biblatex Info: Reference section=0 on input line 9.
Package biblatex Info: Reference segment=0 on input line 9.
*geometry* detected driver: <none>
*geometry* verbose mode - [ preamble ] result:
* driver: \Gm@driver 
* paper: custom
* layout: <same size as paper>
* layoutoffset:(h,v)=(0.0pt,0.0pt)
* modes: twoside 
* h-part:(L,W,R)=(72.26999pt, 452.9679pt, 72.26999pt)
* v-part:(T,H,B)=(72.26999pt, 714.96056pt, 57.81621pt)
* \paperwidth=597.50787pt
* \paperheight=845.04675pt
* \textwidth=452.9679pt
* \textheight=714.96056pt
* \oddsidemargin=0.0pt
* \evensidemargin=0.0pt
* \topmargin=-30.06749pt
* \headheight=0.0pt
* \headsep=18.06749pt
* \topskip=10.0pt
* \footskip=25.29494pt
* \marginparwidth=125.0pt
* \marginparsep=7.0pt
* \columnsep=21.33955pt
* \skip\footins=9.0pt plus 4.0pt minus 2.0pt
* \hoffset=0.0pt
* \voffset=0.0pt
* \mag=1000
* \@twocolumnfalse
* \@twosidetrue
* \@mparswitchtrue
* \@reversemarginfalse
* (1in=72.27pt=25.4mm, 1cm=28.453pt)

(/usr/share/texmf-dist/tex/latex/translations/translations-basic-dictionary-english.trsl
File: translations-basic-dictionary-english.trsl (english translation file `translations-basic-dictionary')
)
Package translations Info: loading dictionary `translations-basic-dictionary' for `english'. on input line 9.
(/usr/share/texmf-dist/tex/context/base/mkii/supp-pdf.mkii
[Loading MPS to PDF converter (version 2006.09.02).]
\scratchcounter=\count517
\scratchdimen=\dimen365
\scratchbox=\box166
\nofMPsegments=\count518
\nofMParguments=\count519
\everyMPshowfont=\toks61
\MPscratchCnt=\count520
\MPscratchDim=\dimen366
\MPnumerator=\count521
\makeMPintoPDFobject=\count522
\everyMPtoPDFconversion=\toks62
) (/usr/share/texmf-dist/tex/latex/epstopdf-pkg/epstopdf-base.sty
Package: epstopdf-base 2020-01-24 v2.11 Base part for package epstopdf
Package epstopdf-base Info: Redefining graphics rule for `.eps' on input line 485.
(/usr/share/texmf-dist/tex/latex/latexconfig/epstopdf-sys.cfg
File: epstopdf-sys.cfg 2010/07/13 v1.3 Configuration of (r)epstopdf for TeX Live
))
Package pgfplots notification 'compat/show suggested version=true': document has been generated with the most recent feature set (\pgfplotsset{compat=1.18}).

\providecommand\hyper@newdestlabel[2]{}
Package hyperref Info: Link coloring OFF on input line 9.
Package hyperref Info: Anchor `Doc-Start' on input line 9.
Package caption Info: Begin \AtBeginDocument code.
Package caption Info: End \AtBeginDocument code.
\providecommand\hyper@newdestlabel[2]{}
(./Chapters/front-page.tex
LaTeX Font Info:    Trying to load font information for U+msa on input line 30.
(/usr/share/texmf-dist/tex/latex/amsfonts/umsa.fd
File: umsa.fd 2013/01/14 v3.01 AMS symbols A
)
LaTeX Font Info:    Trying to load font information for U+msb on input line 30.
(/usr/share/texmf-dist/tex/latex/amsfonts/umsb.fd
File: umsb.fd 2013/01/14 v3.01 AMS symbols B
)
LaTeX Font Info:    Trying to load font information for U+stmry on input line 30.
(/usr/share/texmf-dist/tex/latex/stmaryrd/Ustmry.fd)
LaTeX Font Info:    Trying to load font information for U+esint on input line 30.
(/usr/share/texmf-dist/tex/latex/esint/uesint.fd
File: uesint.fd 
)
LaTeX Font Info:    Trying to load font information for U+rsfs on input line 30.
(/usr/share/texmf-dist/tex/latex/jknapltx/ursfs.fd
File: ursfs.fd 1998/03/24 rsfs font definition file (jk)
))
\providecommand\hyper@newdestlabel[2]{}
(./Chapters/preface.tex
Package hyperref Info: Anchor `chapter*.1' on input line 3.
Package hyperref Info: bookmark on input line 5:
(hyperref)             thecounter {0}
(hyperref)             text {Preface}
(hyperref)             reference {chapter*.1}
(hyperref)             toclevel {0}
(hyperref)             type {toc}.
)
Package hyperref Info: Anchor `chapter*.2' on input line 16.
No file tikzcache/main-figure7.toc.
Package hyperref Info: bookmark on input line 17:
(hyperref)             thecounter {0}
(hyperref)             text {Contents}
(hyperref)             reference {chapter*.2}
(hyperref)             toclevel {0}
(hyperref)             type {toc}.
\providecommand\hyper@newdestlabel[2]{}
(./Chapters/fundamental-concepts.tex
Package hyperref Info: Anchor `chapter.1' on input line 3.
Chapter 1.
Package hyperref Info: bookmark on input line 3:
(hyperref)             thecounter {1}
(hyperref)             text {\protect \numberline {\thechapter }Preliminaries}
(hyperref)             reference {chapter.1}
(hyperref)             toclevel {0}
(hyperref)             type {toc}.
Package hyperref Info: Anchor `section.1.1' on input line 11.
Package hyperref Info: bookmark on input line 11:
(hyperref)             thecounter {1.1}
(hyperref)             text {\ifttl@toclabel \ttl@a \fi Fundamental plasma parameters}
(hyperref)             reference {section.1.1}
(hyperref)             toclevel {1}
(hyperref)             type {toc}.
Package hyperref Info: Anchor `Item.1' on input line 16.
Package hyperref Info: Anchor `Item.2' on input line 17.
Package hyperref Info: Anchor `Item.3' on input line 18.
Package hyperref Info: Anchor `Item.4' on input line 19.
Package hyperref Info: Anchor `Item.5' on input line 20.
Package hyperref Info: Anchor `section.1.2' on input line 25.
Package hyperref Info: bookmark on input line 25:
(hyperref)             thecounter {1.2}
(hyperref)             text {\ifttl@toclabel \ttl@a \fi Logical scheme of plasma physics}
(hyperref)             reference {section.1.2}
(hyperref)             toclevel {1}
(hyperref)             type {toc}.
Package hyperref Info: Anchor `Item.6' on input line 30.
Package hyperref Info: Anchor `Item.7' on input line 31.
Package hyperref Info: Anchor `Item.8' on input line 37.
Package hyperref Info: Anchor `Item.9' on input line 39.
Package hyperref Info: Anchor `Item.10' on input line 40.
Package hyperref Info: Anchor `Item.11' on input line 41.
Package hyperref Info: Anchor `Item.12' on input line 42.
Package hyperref Info: Anchor `Item.13' on input line 43.
Package hyperref Info: Anchor `Item.14' on input line 45.
Package hyperref Info: Anchor `Item.15' on input line 47.
Package hyperref Info: Anchor `Item.16' on input line 49.
Package hyperref Info: Anchor `Item.17' on input line 50.
Package hyperref Info: Anchor `Item.18' on input line 51.
Package hyperref Info: Anchor `Item.19' on input line 53.
Package hyperref Info: Anchor `Item.20' on input line 54.
Package hyperref Info: Anchor `Item.21' on input line 55.

LaTeX Warning: Reference `fig1-2' on page 2 undefined on input line 63.

Package hyperref Info: Anchor `figure.caption.3' on input line 65.
(./Figures/figure1-2.tikz
A tikzpicture has been optimized away. Use '/tikz/external/optimize=false' to disable this.
)
Package hyperref Info: bookmark on input line 68:
(hyperref)             thecounter {1.1}
(hyperref)             text {\protect \numberline {\caption@listformat {\caption@p {figure}}{\caption@the {figure}}}{\ignorespaces Hierarchy of plasma models}}
(hyperref)             reference {figure.caption.3}
(hyperref)             toclevel {0}
(hyperref)             type {lof}.
Package hyperref Info: Anchor `section.1.3' on input line 72.
Package hyperref Info: bookmark on input line 72:
(hyperref)             thecounter {1.3}
(hyperref)             text {\ifttl@toclabel \ttl@a \fi Debye Shielding}
(hyperref)             reference {section.1.3}
(hyperref)             toclevel {1}
(hyperref)             type {toc}.

LaTeX Warning: Reference `fig1-2' on page 2 undefined on input line 74.

Package hyperref Info: Anchor `Item.22' on input line 77.
Package hyperref Info: Anchor `Item.23' on input line 78.
Package hyperref Info: Anchor `equation.1.1' on input line 80.
Package hyperref Info: Anchor `equation.1.1' on input line 80.
Package hyperref Info: Anchor `equation.1.1' on input line 80.
Package hyperref Info: Anchor `equation.1.1' on input line 80.
Package hyperref Info: Anchor `Item.24' on input line 91.
Package hyperref Info: Anchor `Item.25' on input line 92.
Package hyperref Info: Anchor `Item.26' on input line 93.
Package hyperref Info: Anchor `Item.27' on input line 94.

LaTeX Warning: Reference `eq1-1' on page 3 undefined on input line 97.

Package hyperref Info: Anchor `equation.1.2' on input line 99.
Package hyperref Info: Anchor `equation.1.2' on input line 99.
Package hyperref Info: Anchor `equation.1.2' on input line 99.
Package hyperref Info: Anchor `equation.1.2' on input line 99.

LaTeX Warning: Reference `eq1-2' on page 3 undefined on input line 104.

Package hyperref Info: Anchor `equation.1.3' on input line 106.
Package hyperref Info: Anchor `equation.1.3' on input line 106.
Package hyperref Info: Anchor `equation.1.3' on input line 106.
Package hyperref Info: Anchor `equation.1.3' on input line 106.

LaTeX Warning: Reference `eq1-3' on page 4 undefined on input line 121.

Package hyperref Info: Anchor `equation.1.4' on input line 123.
Package hyperref Info: Anchor `equation.1.4' on input line 123.
Package hyperref Info: Anchor `equation.1.4' on input line 123.
Package hyperref Info: Anchor `equation.1.4' on input line 123.
Package hyperref Info: Anchor `equation.1.5' on input line 127.
Package hyperref Info: Anchor `equation.1.5' on input line 127.
Package hyperref Info: Anchor `equation.1.5' on input line 127.
Package hyperref Info: Anchor `equation.1.5' on input line 127.

LaTeX Warning: Reference `eq1-6' on page 4 undefined on input line 132.

Package hyperref Info: Anchor `equation.1.6' on input line 134.
Package hyperref Info: Anchor `equation.1.6' on input line 134.
Package hyperref Info: Anchor `equation.1.6' on input line 134.
Package hyperref Info: Anchor `equation.1.6' on input line 134.
Package hyperref Info: Anchor `equation.1.7' on input line 141.
Package hyperref Info: Anchor `equation.1.7' on input line 141.
Package hyperref Info: Anchor `equation.1.7' on input line 141.
Package hyperref Info: Anchor `equation.1.7' on input line 141.

LaTeX Warning: Reference `eq1-9' on page 4 undefined on input line 146.

Package hyperref Info: Anchor `equation.1.8' on input line 190.
Package hyperref Info: Anchor `equation.1.8' on input line 190.
Package hyperref Info: Anchor `equation.1.8' on input line 190.
Package hyperref Info: Anchor `equation.1.8' on input line 190.
Package hyperref Info: Anchor `section.1.4' on input line 197.
Package hyperref Info: bookmark on input line 197:
(hyperref)             thecounter {1.4}
(hyperref)             text {\ifttl@toclabel \ttl@a \fi Quasi-neutrality}
(hyperref)             reference {section.1.4}
(hyperref)             toclevel {1}
(hyperref)             type {toc}.
Package hyperref Info: Anchor `section.1.5' on input line 227.
Package hyperref Info: bookmark on input line 227:
(hyperref)             thecounter {1.5}
(hyperref)             text {\ifttl@toclabel \ttl@a \fi Collisions in plasmas: first considerations}
(hyperref)             reference {section.1.5}
(hyperref)             toclevel {1}
(hyperref)             type {toc}.

LaTeX Warning: Reference `fig1-3' on page 6 undefined on input line 247.


LaTeX Warning: Reference `fig1-3' on page 6 undefined on input line 247.

Package hyperref Info: Anchor `figure.caption.4' on input line 249.
(./Figures/figure1-3.tikz
A tikzpicture has been optimized away. Use '/tikz/external/optimize=false' to disable this.
)
Package hyperref Info: bookmark on input line 252:
(hyperref)             thecounter {1.2}
(hyperref)             text {\protect \numberline {\caption@listformat {\caption@p {figure}}{\caption@the {figure}}}{\ignorespaces Illustration of the binary Coulomb collision problem.}}
(hyperref)             reference {figure.caption.4}
(hyperref)             toclevel {0}
(hyperref)             type {lof}.
Package hyperref Info: Anchor `equation.1.9' on input line 258.
Package hyperref Info: Anchor `equation.1.9' on input line 258.
Package hyperref Info: Anchor `equation.1.9' on input line 258.
Package hyperref Info: Anchor `equation.1.9' on input line 258.
Package hyperref Info: Anchor `equation.1.10' on input line 270.
Package hyperref Info: Anchor `equation.1.10' on input line 270.
Package hyperref Info: Anchor `equation.1.10' on input line 270.
Package hyperref Info: Anchor `equation.1.10' on input line 270.

LaTeX Warning: Reference `eq-1-29' on page 7 undefined on input line 275.


LaTeX Warning: Reference `eq-1-31' on page 7 undefined on input line 275.

Package hyperref Info: Anchor `equation.1.11' on input line 277.
Package hyperref Info: Anchor `equation.1.11' on input line 277.
Package hyperref Info: Anchor `equation.1.11' on input line 277.
Package hyperref Info: Anchor `equation.1.11' on input line 277.
Package hyperref Info: Anchor `equation.1.12' on input line 284.
Package hyperref Info: Anchor `equation.1.12' on input line 284.
Package hyperref Info: Anchor `equation.1.12' on input line 284.
Package hyperref Info: Anchor `equation.1.12' on input line 284.
Package hyperref Info: Anchor `equation.1.13' on input line 300.
Package hyperref Info: Anchor `equation.1.13' on input line 300.
Package hyperref Info: Anchor `equation.1.13' on input line 300.
Package hyperref Info: Anchor `equation.1.13' on input line 300.
Package hyperref Info: Anchor `subsection.1.5.1' on input line 306.
Package hyperref Info: bookmark on input line 306:
(hyperref)             thecounter {1.5.1}
(hyperref)             text {\ifttl@toclabel \ttl@a \fi Digression: cross-sections}
(hyperref)             reference {subsection.1.5.1}
(hyperref)             toclevel {2}
(hyperref)             type {toc}.
Package hyperref Info: Anchor `equation.1.14' on input line 314.
Package hyperref Info: Anchor `equation.1.14' on input line 314.
Package hyperref Info: Anchor `equation.1.14' on input line 314.
Package hyperref Info: Anchor `equation.1.14' on input line 314.

LaTeX Warning: Reference `eq-preliminaries-13' on page 7 undefined on input line 319.

Package hyperref Info: Anchor `equation.1.15' on input line 321.
Package hyperref Info: Anchor `equation.1.15' on input line 321.
Package hyperref Info: Anchor `equation.1.15' on input line 321.
Package hyperref Info: Anchor `equation.1.15' on input line 321.

LaTeX Warning: Reference `eq-preliminaries-14' on page 8 undefined on input line 330.


LaTeX Warning: Reference `yukawa' on page 8 undefined on input line 330.

Package hyperref Info: Anchor `equation.1.16' on input line 340.
Package hyperref Info: Anchor `equation.1.16' on input line 340.
Package hyperref Info: Anchor `equation.1.16' on input line 340.
Package hyperref Info: Anchor `equation.1.16' on input line 340.

LaTeX Warning: Reference `eq-1-32' on page 8 undefined on input line 344.

Package hyperref Info: Anchor `equation.1.17' on input line 346.
Package hyperref Info: Anchor `equation.1.17' on input line 346.
Package hyperref Info: Anchor `equation.1.17' on input line 346.
Package hyperref Info: Anchor `equation.1.17' on input line 346.
Package hyperref Info: Anchor `subsection.1.5.2' on input line 350.
Package hyperref Info: bookmark on input line 350:
(hyperref)             thecounter {1.5.2}
(hyperref)             text {\ifttl@toclabel \ttl@a \fi Collisions with small and large angles of deflection}
(hyperref)             reference {subsection.1.5.2}
(hyperref)             toclevel {2}
(hyperref)             type {toc}.
Package hyperref Info: Anchor `equation.1.18' on input line 356.
Package hyperref Info: Anchor `equation.1.18' on input line 356.
Package hyperref Info: Anchor `equation.1.18' on input line 356.
Package hyperref Info: Anchor `equation.1.18' on input line 356.

LaTeX Warning: Reference `eq-preliminaries-13' on page 9 undefined on input line 370.

Package hyperref Info: Anchor `equation.1.19' on input line 378.
Package hyperref Info: Anchor `equation.1.19' on input line 378.
Package hyperref Info: Anchor `equation.1.19' on input line 378.
Package hyperref Info: Anchor `equation.1.19' on input line 378.

LaTeX Warning: Reference `eq-1-18-coll' on page 10 undefined on input line 399.


Underfull \vbox (badness 10000) has occurred while \output is active []


LaTeX Warning: Reference `eq-1-18-coll' on page 11 undefined on input line 430.


LaTeX Warning: Reference `9-a-more-correct-approach' on page 11 undefined on input line 430.

Package hyperref Info: Anchor `equation.1.20' on input line 432.
Package hyperref Info: Anchor `equation.1.20' on input line 432.
Package hyperref Info: Anchor `equation.1.20' on input line 432.
Package hyperref Info: Anchor `equation.1.20' on input line 432.

LaTeX Warning: Reference `eq-1-18-coll' on page 11 undefined on input line 437.


Overfull \hbox (19.98894pt too wide) detected at line 443
[]
 []

Package hyperref Info: Anchor `equation.1.21' on input line 451.
Package hyperref Info: Anchor `equation.1.21' on input line 451.
Package hyperref Info: Anchor `equation.1.21' on input line 451.
Package hyperref Info: Anchor `equation.1.21' on input line 451.

LaTeX Warning: Reference `eq-1-20-coll' on page 12 undefined on input line 456.

Package hyperref Info: Anchor `subsection.1.5.3' on input line 458.
Package hyperref Info: bookmark on input line 458:
(hyperref)             thecounter {1.5.3}
(hyperref)             text {\ifttl@toclabel \ttl@a \fi Slowing down of a mono-energetic beam}
(hyperref)             reference {subsection.1.5.3}
(hyperref)             toclevel {2}
(hyperref)             type {toc}.

LaTeX Warning: Reference `fokker' on page 12 undefined on input line 460.


LaTeX Warning: Reference `fokker' on page 12 undefined on input line 470.

Package hyperref Info: Anchor `Item.28' on input line 485.
Package hyperref Info: Anchor `Item.29' on input line 486.
Package hyperref Info: Anchor `equation.1.22' on input line 491.
Package hyperref Info: Anchor `equation.1.22' on input line 491.
Package hyperref Info: Anchor `equation.1.22' on input line 491.
Package hyperref Info: Anchor `equation.1.22' on input line 491.
Package hyperref Info: Anchor `equation.1.23' on input line 495.
Package hyperref Info: Anchor `equation.1.23' on input line 495.
Package hyperref Info: Anchor `equation.1.23' on input line 495.
Package hyperref Info: Anchor `equation.1.23' on input line 495.
Package hyperref Info: Anchor `equation.1.24' on input line 506.
Package hyperref Info: Anchor `equation.1.24' on input line 506.
Package hyperref Info: Anchor `equation.1.24' on input line 506.
Package hyperref Info: Anchor `equation.1.24' on input line 506.
Package hyperref Info: Anchor `equation.1.25' on input line 523.
Package hyperref Info: Anchor `equation.1.25' on input line 523.
Package hyperref Info: Anchor `equation.1.25' on input line 523.
Package hyperref Info: Anchor `equation.1.25' on input line 523.

LaTeX Warning: Reference `fokker' on page 13 undefined on input line 527.

Package hyperref Info: Anchor `equation.1.26' on input line 533.
Package hyperref Info: Anchor `equation.1.26' on input line 533.
Package hyperref Info: Anchor `equation.1.26' on input line 533.
Package hyperref Info: Anchor `equation.1.26' on input line 533.
Package hyperref Info: Anchor `equation.1.27' on input line 543.
Package hyperref Info: Anchor `equation.1.27' on input line 543.
Package hyperref Info: Anchor `equation.1.27' on input line 543.
Package hyperref Info: Anchor `equation.1.27' on input line 543.
Package hyperref Info: Anchor `subsection.1.5.4' on input line 547.
Package hyperref Info: bookmark on input line 547:
(hyperref)             thecounter {1.5.4}
(hyperref)             text {\ifttl@toclabel \ttl@a \fi Types and frequencies of collisional phenomena}
(hyperref)             reference {subsection.1.5.4}
(hyperref)             toclevel {2}
(hyperref)             type {toc}.
Package hyperref Info: Anchor `subsubsection.1.5.4.1' on input line 551.
Package hyperref Info: bookmark on input line 551:
(hyperref)             thecounter {1.5.4.1}
(hyperref)             text {\ifttl@toclabel \ttl@a \fi Frequencies of momentum dissipation}
(hyperref)             reference {subsubsection.1.5.4.1}
(hyperref)             toclevel {3}
(hyperref)             type {toc}.
Package hyperref Info: Anchor `Item.30' on input line 556.
Package hyperref Info: Anchor `Item.31' on input line 557.

LaTeX Warning: Reference `eq-1-140' on page 13 undefined on input line 560.

Package hyperref Info: Anchor `subsubsection.1.5.4.2' on input line 562.
Package hyperref Info: bookmark on input line 562:
(hyperref)             thecounter {1.5.4.2}
(hyperref)             text {\ifttl@toclabel \ttl@a \fi Electron-electron collisions}
(hyperref)             reference {subsubsection.1.5.4.2}
(hyperref)             toclevel {3}
(hyperref)             type {toc}.

LaTeX Warning: Reference `fokker' on page 14 undefined on input line 564.

Package hyperref Info: Anchor `equation.1.28' on input line 566.
Package hyperref Info: Anchor `equation.1.28' on input line 566.
Package hyperref Info: Anchor `equation.1.28' on input line 566.
Package hyperref Info: Anchor `equation.1.28' on input line 566.
Package hyperref Info: Anchor `subsubsection.1.5.4.3' on input line 570.
Package hyperref Info: bookmark on input line 570:
(hyperref)             thecounter {1.5.4.3}
(hyperref)             text {\ifttl@toclabel \ttl@a \fi Ion-ion collisions}
(hyperref)             reference {subsubsection.1.5.4.3}
(hyperref)             toclevel {3}
(hyperref)             type {toc}.
Package hyperref Info: Anchor `equation.1.29' on input line 574.
Package hyperref Info: Anchor `equation.1.29' on input line 574.
Package hyperref Info: Anchor `equation.1.29' on input line 574.
Package hyperref Info: Anchor `equation.1.29' on input line 574.
Package hyperref Info: Anchor `subsubsection.1.5.4.4' on input line 578.
Package hyperref Info: bookmark on input line 578:
(hyperref)             thecounter {1.5.4.4}
(hyperref)             text {\ifttl@toclabel \ttl@a \fi Electron-ion collisions}
(hyperref)             reference {subsubsection.1.5.4.4}
(hyperref)             toclevel {3}
(hyperref)             type {toc}.
Package hyperref Info: Anchor `equation.1.30' on input line 582.
Package hyperref Info: Anchor `equation.1.30' on input line 582.
Package hyperref Info: Anchor `equation.1.30' on input line 582.
Package hyperref Info: Anchor `equation.1.30' on input line 582.
Package hyperref Info: Anchor `subsubsection.1.5.4.5' on input line 586.
Package hyperref Info: bookmark on input line 586:
(hyperref)             thecounter {1.5.4.5}
(hyperref)             text {\ifttl@toclabel \ttl@a \fi Ion-electron collisions}
(hyperref)             reference {subsubsection.1.5.4.5}
(hyperref)             toclevel {3}
(hyperref)             type {toc}.

LaTeX Warning: Reference `eq-1-144' on page 14 undefined on input line 588.

Package hyperref Info: Anchor `equation.1.31' on input line 590.
Package hyperref Info: Anchor `equation.1.31' on input line 590.
Package hyperref Info: Anchor `equation.1.31' on input line 590.
Package hyperref Info: Anchor `equation.1.31' on input line 590.
Package hyperref Info: Anchor `subsubsection.1.5.4.6' on input line 594.
Package hyperref Info: bookmark on input line 594:
(hyperref)             thecounter {1.5.4.6}
(hyperref)             text {\ifttl@toclabel \ttl@a \fi Comparison of momentum dissipation frequencies}
(hyperref)             reference {subsubsection.1.5.4.6}
(hyperref)             toclevel {3}
(hyperref)             type {toc}.
Package hyperref Info: Anchor `equation.1.32' on input line 598.
Package hyperref Info: Anchor `equation.1.32' on input line 598.
Package hyperref Info: Anchor `equation.1.32' on input line 598.
Package hyperref Info: Anchor `equation.1.32' on input line 598.
Package hyperref Info: Anchor `section.1.6' on input line 606.
Package hyperref Info: bookmark on input line 606:
(hyperref)             thecounter {1.6}
(hyperref)             text {\ifttl@toclabel \ttl@a \fi Simple transport phenomena}
(hyperref)             reference {section.1.6}
(hyperref)             toclevel {1}
(hyperref)             type {toc}.
Package hyperref Info: Anchor `subsection.1.6.1' on input line 610.
Package hyperref Info: bookmark on input line 610:
(hyperref)             thecounter {1.6.1}
(hyperref)             text {\ifttl@toclabel \ttl@a \fi Electrical resistivity}
(hyperref)             reference {subsection.1.6.1}
(hyperref)             toclevel {2}
(hyperref)             type {toc}.
Package hyperref Info: Anchor `equation.1.33' on input line 621.
Package hyperref Info: Anchor `equation.1.33' on input line 621.
Package hyperref Info: Anchor `equation.1.33' on input line 621.
Package hyperref Info: Anchor `equation.1.33' on input line 621.

LaTeX Warning: Reference `eq-7-51' on page 15 undefined on input line 631.

Package hyperref Info: Anchor `equation.1.34' on input line 633.
Package hyperref Info: Anchor `equation.1.34' on input line 633.
Package hyperref Info: Anchor `equation.1.34' on input line 633.
Package hyperref Info: Anchor `equation.1.34' on input line 633.
Package hyperref Info: Anchor `equation.1.35' on input line 646.
Package hyperref Info: Anchor `equation.1.35' on input line 646.
Package hyperref Info: Anchor `equation.1.35' on input line 646.
Package hyperref Info: Anchor `equation.1.35' on input line 646.
Package hyperref Info: Anchor `equation.1.36' on input line 652.
Package hyperref Info: Anchor `equation.1.36' on input line 652.
Package hyperref Info: Anchor `equation.1.36' on input line 652.
Package hyperref Info: Anchor `equation.1.36' on input line 652.
Package hyperref Info: Anchor `subsubsection.1.6.1.1' on input line 656.
Package hyperref Info: bookmark on input line 656:
(hyperref)             thecounter {1.6.1.1}
(hyperref)             text {\ifttl@toclabel \ttl@a \fi Dreicer electric field}
(hyperref)             reference {subsubsection.1.6.1.1}
(hyperref)             toclevel {3}
(hyperref)             type {toc}.

LaTeX Warning: Reference `eq-7-63' on page 15 undefined on input line 658.

Package hyperref Info: Anchor `equation.1.37' on input line 660.
Package hyperref Info: Anchor `equation.1.37' on input line 660.
Package hyperref Info: Anchor `equation.1.37' on input line 660.
Package hyperref Info: Anchor `equation.1.37' on input line 660.

LaTeX Warning: Reference `eq-7-63' on page 16 undefined on input line 664.

Package hyperref Info: Anchor `subsection.1.6.2' on input line 666.
Package hyperref Info: bookmark on input line 666:
(hyperref)             thecounter {1.6.2}
(hyperref)             text {\ifttl@toclabel \ttl@a \fi Temperature equilibration}
(hyperref)             reference {subsection.1.6.2}
(hyperref)             toclevel {2}
(hyperref)             type {toc}.

LaTeX Warning: Reference `fokker' on page 16 undefined on input line 668.


LaTeX Warning: Reference `eq-fokker-138' on page 16 undefined on input line 668.

Package hyperref Info: Anchor `equation.1.38' on input line 670.
Package hyperref Info: Anchor `equation.1.38' on input line 670.
Package hyperref Info: Anchor `equation.1.38' on input line 670.
Package hyperref Info: Anchor `equation.1.38' on input line 670.
)
\providecommand\hyper@newdestlabel[2]{}
(./Chapters/charged-particle-motion.tex
Package hyperref Info: Anchor `chapter.2' on input line 3.
Chapter 2.
Package hyperref Info: bookmark on input line 3:
(hyperref)             thecounter {2}
(hyperref)             text {\protect \numberline {\thechapter }Motion of a single plasma particle}
(hyperref)             reference {chapter.2}
(hyperref)             toclevel {0}
(hyperref)             type {toc}.
Package hyperref Info: Anchor `section.2.1' on input line 9.
Package hyperref Info: bookmark on input line 9:
(hyperref)             thecounter {2.1}
(hyperref)             text {\ifttl@toclabel \ttl@a \fi Hamilton-Lagrange formalism applied to a plasma particle}
(hyperref)             reference {section.2.1}
(hyperref)             toclevel {1}
(hyperref)             type {toc}.
Package hyperref Info: Anchor `equation.2.1' on input line 17.
Package hyperref Info: Anchor `equation.2.1' on input line 17.
Package hyperref Info: Anchor `equation.2.1' on input line 17.
Package hyperref Info: Anchor `equation.2.1' on input line 17.
Package hyperref Info: Anchor `equation.2.2' on input line 21.
Package hyperref Info: Anchor `equation.2.2' on input line 21.
Package hyperref Info: Anchor `equation.2.2' on input line 21.
Package hyperref Info: Anchor `equation.2.2' on input line 21.
Package hyperref Info: Anchor `equation.2.3' on input line 30.
Package hyperref Info: Anchor `equation.2.3' on input line 30.
Package hyperref Info: Anchor `equation.2.3' on input line 30.
Package hyperref Info: Anchor `equation.2.3' on input line 30.
Package hyperref Info: Anchor `equation.2.4' on input line 33.
Package hyperref Info: Anchor `equation.2.4' on input line 33.
Package hyperref Info: Anchor `equation.2.4' on input line 33.
Package hyperref Info: Anchor `equation.2.4' on input line 33.
Package hyperref Info: Anchor `equation.2.5' on input line 46.
Package hyperref Info: Anchor `equation.2.5' on input line 46.
Package hyperref Info: Anchor `equation.2.5' on input line 46.
Package hyperref Info: Anchor `equation.2.5' on input line 46.
Package hyperref Info: Anchor `equation.2.6' on input line 66.
Package hyperref Info: Anchor `equation.2.6' on input line 66.
Package hyperref Info: Anchor `equation.2.6' on input line 66.
Package hyperref Info: Anchor `equation.2.6' on input line 66.
Package hyperref Info: Anchor `equation.2.7' on input line 72.
Package hyperref Info: Anchor `equation.2.7' on input line 72.
Package hyperref Info: Anchor `equation.2.7' on input line 72.
Package hyperref Info: Anchor `equation.2.7' on input line 72.
Package hyperref Info: Anchor `subsection.2.1.1' on input line 78.
Package hyperref Info: bookmark on input line 78:
(hyperref)             thecounter {2.1.1}
(hyperref)             text {\ifttl@toclabel \ttl@a \fi Concepts from classical mechanics}
(hyperref)             reference {subsection.2.1.1}
(hyperref)             toclevel {2}
(hyperref)             type {toc}.
Package hyperref Info: Anchor `subsubsection.2.1.1.1' on input line 82.
Package hyperref Info: bookmark on input line 82:
(hyperref)             thecounter {2.1.1.1}
(hyperref)             text {\ifttl@toclabel \ttl@a \fi Action-angle variables and adiabatic invariants}
(hyperref)             reference {subsubsection.2.1.1.1}
(hyperref)             toclevel {3}
(hyperref)             type {toc}.
Package hyperref Info: Anchor `equation.2.8' on input line 106.
Package hyperref Info: Anchor `equation.2.8' on input line 106.
Package hyperref Info: Anchor `equation.2.8' on input line 106.
Package hyperref Info: Anchor `equation.2.8' on input line 106.

LaTeX Warning: Reference `H-8' on page 19 undefined on input line 117.

Package hyperref Info: Anchor `equation.2.9' on input line 119.
Package hyperref Info: Anchor `equation.2.9' on input line 119.
Package hyperref Info: Anchor `equation.2.9' on input line 119.
Package hyperref Info: Anchor `equation.2.9' on input line 119.

LaTeX Warning: Reference `H-9' on page 19 undefined on input line 130.

Package hyperref Info: Anchor `equation.2.10' on input line 132.
Package hyperref Info: Anchor `equation.2.10' on input line 132.
Package hyperref Info: Anchor `equation.2.10' on input line 132.
Package hyperref Info: Anchor `equation.2.10' on input line 132.

LaTeX Warning: Reference `H-10' on page 19 undefined on input line 137.

Package hyperref Info: Anchor `equation.2.11' on input line 139.
Package hyperref Info: Anchor `equation.2.11' on input line 139.
Package hyperref Info: Anchor `equation.2.11' on input line 139.
Package hyperref Info: Anchor `equation.2.11' on input line 139.

LaTeX Warning: Reference `H-11' on page 19 undefined on input line 144.


LaTeX Warning: Reference `H-11' on page 19 undefined on input line 144.

Package hyperref Info: Anchor `equation.2.12' on input line 150.
Package hyperref Info: Anchor `equation.2.12' on input line 150.
Package hyperref Info: Anchor `equation.2.12' on input line 150.
Package hyperref Info: Anchor `equation.2.12' on input line 150.
Package hyperref Info: Anchor `equation.2.13' on input line 181.
Package hyperref Info: Anchor `equation.2.13' on input line 181.
Package hyperref Info: Anchor `equation.2.13' on input line 181.
Package hyperref Info: Anchor `equation.2.13' on input line 181.

LaTeX Warning: Reference `H-12' on page 20 undefined on input line 207.

Package hyperref Info: Anchor `equation.2.14' on input line 209.
Package hyperref Info: Anchor `equation.2.14' on input line 209.
Package hyperref Info: Anchor `equation.2.14' on input line 209.
Package hyperref Info: Anchor `equation.2.14' on input line 209.

LaTeX Warning: Reference `H-14' on page 21 undefined on input line 227.

Package hyperref Info: Anchor `equation.2.15' on input line 229.
Package hyperref Info: Anchor `equation.2.15' on input line 229.
Package hyperref Info: Anchor `equation.2.15' on input line 229.
Package hyperref Info: Anchor `equation.2.15' on input line 229.

LaTeX Warning: Reference `H-15' on page 21 undefined on input line 234.

Package hyperref Info: Anchor `equation.2.16' on input line 242.
Package hyperref Info: Anchor `equation.2.16' on input line 242.
Package hyperref Info: Anchor `equation.2.16' on input line 242.
Package hyperref Info: Anchor `equation.2.16' on input line 242.

LaTeX Warning: Reference `H-18' on page 21 undefined on input line 255.


LaTeX Warning: Reference `H-10' on page 21 undefined on input line 259.

Package hyperref Info: Anchor `equation.2.17' on input line 261.
Package hyperref Info: Anchor `equation.2.17' on input line 261.
Package hyperref Info: Anchor `equation.2.17' on input line 261.
Package hyperref Info: Anchor `equation.2.17' on input line 261.
Package hyperref Info: Anchor `equation.2.18' on input line 268.
Package hyperref Info: Anchor `equation.2.18' on input line 268.
Package hyperref Info: Anchor `equation.2.18' on input line 268.
Package hyperref Info: Anchor `equation.2.18' on input line 268.
Package hyperref Info: Anchor `equation.2.19' on input line 298.
Package hyperref Info: Anchor `equation.2.19' on input line 298.
Package hyperref Info: Anchor `equation.2.19' on input line 298.
Package hyperref Info: Anchor `equation.2.19' on input line 298.

LaTeX Warning: Reference `H-18' on page 22 undefined on input line 303.

Package hyperref Info: Anchor `equation.2.20' on input line 311.
Package hyperref Info: Anchor `equation.2.20' on input line 311.
Package hyperref Info: Anchor `equation.2.20' on input line 311.
Package hyperref Info: Anchor `equation.2.20' on input line 311.
Package hyperref Info: Anchor `equation.2.21' on input line 318.
Package hyperref Info: Anchor `equation.2.21' on input line 318.
Package hyperref Info: Anchor `equation.2.21' on input line 318.
Package hyperref Info: Anchor `equation.2.21' on input line 318.

LaTeX Warning: Reference `H-21' on page 22 undefined on input line 323.


LaTeX Warning: Reference `H-20' on page 22 undefined on input line 323.

Package hyperref Info: Anchor `equation.2.22' on input line 325.
Package hyperref Info: Anchor `equation.2.22' on input line 325.
Package hyperref Info: Anchor `equation.2.22' on input line 325.
Package hyperref Info: Anchor `equation.2.22' on input line 325.

LaTeX Warning: Reference `H-19' on page 22 undefined on input line 329.


LaTeX Warning: Reference `H-17' on page 22 undefined on input line 339.

Package hyperref Info: Anchor `equation.2.23' on input line 347.
Package hyperref Info: Anchor `equation.2.23' on input line 347.
Package hyperref Info: Anchor `equation.2.23' on input line 347.
Package hyperref Info: Anchor `equation.2.23' on input line 347.

LaTeX Warning: Reference `H-23' on page 23 undefined on input line 354.

Package hyperref Info: Anchor `equation.2.24' on input line 374.
Package hyperref Info: Anchor `equation.2.24' on input line 374.
Package hyperref Info: Anchor `equation.2.24' on input line 374.
Package hyperref Info: Anchor `equation.2.24' on input line 374.
Package hyperref Info: Anchor `equation.2.25' on input line 380.
Package hyperref Info: Anchor `equation.2.25' on input line 380.
Package hyperref Info: Anchor `equation.2.25' on input line 380.
Package hyperref Info: Anchor `equation.2.25' on input line 380.

Overfull \hbox (1.36552pt too wide) detected at line 404
[] \OT1/cmr/m/n/10 = [] [] + [] = [] []\OML/cmm/m/it/10 H[]\OT1/cmr/m/n/10 (\OT1/cmr/bx/n/10 x\OT1/cmr/m/n/10 ) + []
 []

Package hyperref Info: Anchor `equation.2.26' on input line 418.
Package hyperref Info: Anchor `equation.2.26' on input line 418.
Package hyperref Info: Anchor `equation.2.26' on input line 418.
Package hyperref Info: Anchor `equation.2.26' on input line 418.
Package hyperref Info: Anchor `equation.2.27' on input line 425.
Package hyperref Info: Anchor `equation.2.27' on input line 425.
Package hyperref Info: Anchor `equation.2.27' on input line 425.
Package hyperref Info: Anchor `equation.2.27' on input line 425.
Package hyperref Info: Anchor `equation.2.28' on input line 431.
Package hyperref Info: Anchor `equation.2.28' on input line 431.
Package hyperref Info: Anchor `equation.2.28' on input line 431.
Package hyperref Info: Anchor `equation.2.28' on input line 431.

LaTeX Warning: Reference `H-26' on page 24 undefined on input line 435.

Package hyperref Info: Anchor `equation.2.29' on input line 437.
Package hyperref Info: Anchor `equation.2.29' on input line 437.
Package hyperref Info: Anchor `equation.2.29' on input line 437.
Package hyperref Info: Anchor `equation.2.29' on input line 437.

LaTeX Warning: Reference `H-29' on page 24 undefined on input line 442.

Package hyperref Info: Anchor `equation.2.30' on input line 448.
Package hyperref Info: Anchor `equation.2.30' on input line 448.
Package hyperref Info: Anchor `equation.2.30' on input line 448.
Package hyperref Info: Anchor `equation.2.30' on input line 448.

LaTeX Warning: Reference `H-30' on page 25 undefined on input line 453.

Package hyperref Info: Anchor `equation.2.31' on input line 459.
Package hyperref Info: Anchor `equation.2.31' on input line 459.
Package hyperref Info: Anchor `equation.2.31' on input line 459.
Package hyperref Info: Anchor `equation.2.31' on input line 459.

LaTeX Warning: Reference `H-31' on page 25 undefined on input line 464.

Package hyperref Info: Anchor `equation.2.32' on input line 466.
Package hyperref Info: Anchor `equation.2.32' on input line 466.
Package hyperref Info: Anchor `equation.2.32' on input line 466.
Package hyperref Info: Anchor `equation.2.32' on input line 466.

LaTeX Warning: Reference `H-32' on page 25 undefined on input line 471.

Package hyperref Info: Anchor `equation.2.33' on input line 477.
Package hyperref Info: Anchor `equation.2.33' on input line 477.
Package hyperref Info: Anchor `equation.2.33' on input line 477.
Package hyperref Info: Anchor `equation.2.33' on input line 477.
Package hyperref Info: Anchor `equation.2.34' on input line 483.
Package hyperref Info: Anchor `equation.2.34' on input line 483.
Package hyperref Info: Anchor `equation.2.34' on input line 483.
Package hyperref Info: Anchor `equation.2.34' on input line 483.
Package hyperref Info: Anchor `equation.2.35' on input line 490.
Package hyperref Info: Anchor `equation.2.35' on input line 490.
Package hyperref Info: Anchor `equation.2.35' on input line 490.
Package hyperref Info: Anchor `equation.2.35' on input line 490.

LaTeX Warning: Reference `H-35' on page 25 undefined on input line 495.

Package hyperref Info: Anchor `equation.2.36' on input line 497.
Package hyperref Info: Anchor `equation.2.36' on input line 497.
Package hyperref Info: Anchor `equation.2.36' on input line 497.
Package hyperref Info: Anchor `equation.2.36' on input line 497.
Package hyperref Info: Anchor `equation.2.37' on input line 503.
Package hyperref Info: Anchor `equation.2.37' on input line 503.
Package hyperref Info: Anchor `equation.2.37' on input line 503.
Package hyperref Info: Anchor `equation.2.37' on input line 503.

LaTeX Warning: Reference `H-37' on page 26 undefined on input line 508.

Package hyperref Info: Anchor `equation.2.38' on input line 510.
Package hyperref Info: Anchor `equation.2.38' on input line 510.
Package hyperref Info: Anchor `equation.2.38' on input line 510.
Package hyperref Info: Anchor `equation.2.38' on input line 510.
Package hyperref Info: Anchor `equation.2.39' on input line 516.
Package hyperref Info: Anchor `equation.2.39' on input line 516.
Package hyperref Info: Anchor `equation.2.39' on input line 516.
Package hyperref Info: Anchor `equation.2.39' on input line 516.

LaTeX Warning: Reference `H-34' on page 26 undefined on input line 520.

Package hyperref Info: Anchor `equation.2.40' on input line 526.
Package hyperref Info: Anchor `equation.2.40' on input line 526.
Package hyperref Info: Anchor `equation.2.40' on input line 526.
Package hyperref Info: Anchor `equation.2.40' on input line 526.
Package hyperref Info: Anchor `subsubsection.2.1.1.2' on input line 532.
Package hyperref Info: bookmark on input line 532:
(hyperref)             thecounter {2.1.1.2}
(hyperref)             text {\ifttl@toclabel \ttl@a \fi Interlude to magnetic confinement and the magnetic moment}
(hyperref)             reference {subsubsection.2.1.1.2}
(hyperref)             toclevel {3}
(hyperref)             type {toc}.
Package hyperref Info: Anchor `equation.2.41' on input line 536.
Package hyperref Info: Anchor `equation.2.41' on input line 536.
Package hyperref Info: Anchor `equation.2.41' on input line 536.
Package hyperref Info: Anchor `equation.2.41' on input line 536.
Package hyperref Info: Anchor `equation.2.42' on input line 542.
Package hyperref Info: Anchor `equation.2.42' on input line 542.
Package hyperref Info: Anchor `equation.2.42' on input line 542.
Package hyperref Info: Anchor `equation.2.42' on input line 542.
Package hyperref Info: Anchor `equation.2.43' on input line 548.
Package hyperref Info: Anchor `equation.2.43' on input line 548.
Package hyperref Info: Anchor `equation.2.43' on input line 548.
Package hyperref Info: Anchor `equation.2.43' on input line 548.
Package hyperref Info: Anchor `equation.2.44' on input line 554.
Package hyperref Info: Anchor `equation.2.44' on input line 554.
Package hyperref Info: Anchor `equation.2.44' on input line 554.
Package hyperref Info: Anchor `equation.2.44' on input line 554.
Package hyperref Info: Anchor `equation.2.45' on input line 560.
Package hyperref Info: Anchor `equation.2.45' on input line 560.
Package hyperref Info: Anchor `equation.2.45' on input line 560.
Package hyperref Info: Anchor `equation.2.45' on input line 560.
Package hyperref Info: Anchor `equation.2.46' on input line 566.
Package hyperref Info: Anchor `equation.2.46' on input line 566.
Package hyperref Info: Anchor `equation.2.46' on input line 566.
Package hyperref Info: Anchor `equation.2.46' on input line 566.
Package hyperref Info: Anchor `equation.2.47' on input line 600.
Package hyperref Info: Anchor `equation.2.47' on input line 600.
Package hyperref Info: Anchor `equation.2.47' on input line 600.
Package hyperref Info: Anchor `equation.2.47' on input line 600.
Package hyperref Info: Anchor `equation.2.48' on input line 718.
Package hyperref Info: Anchor `equation.2.48' on input line 718.
Package hyperref Info: Anchor `equation.2.48' on input line 718.
Package hyperref Info: Anchor `equation.2.48' on input line 718.
Package hyperref Info: Anchor `equation.2.49' on input line 730.
Package hyperref Info: Anchor `equation.2.49' on input line 730.
Package hyperref Info: Anchor `equation.2.49' on input line 730.
Package hyperref Info: Anchor `equation.2.49' on input line 730.
Package hyperref Info: Anchor `equation.2.50' on input line 771.
Package hyperref Info: Anchor `equation.2.50' on input line 771.
Package hyperref Info: Anchor `equation.2.50' on input line 771.
Package hyperref Info: Anchor `equation.2.50' on input line 771.
Package hyperref Info: Anchor `equation.2.51' on input line 788.
Package hyperref Info: Anchor `equation.2.51' on input line 788.
Package hyperref Info: Anchor `equation.2.51' on input line 788.
Package hyperref Info: Anchor `equation.2.51' on input line 788.

LaTeX Warning: Reference `H-50' on page 29 undefined on input line 793.

Package hyperref Info: Anchor `equation.2.52' on input line 807.
Package hyperref Info: Anchor `equation.2.52' on input line 807.
Package hyperref Info: Anchor `equation.2.52' on input line 807.
Package hyperref Info: Anchor `equation.2.52' on input line 807.
Package hyperref Info: Anchor `section.2.2' on input line 852.
Package hyperref Info: bookmark on input line 852:
(hyperref)             thecounter {2.2}
(hyperref)             text {\ifttl@toclabel \ttl@a \fi Constant uniform electric field}
(hyperref)             reference {section.2.2}
(hyperref)             toclevel {1}
(hyperref)             type {toc}.
Package hyperref Info: Anchor `equation.2.53' on input line 856.
Package hyperref Info: Anchor `equation.2.53' on input line 856.
Package hyperref Info: Anchor `equation.2.53' on input line 856.
Package hyperref Info: Anchor `equation.2.53' on input line 856.
Package hyperref Info: Anchor `equation.2.54' on input line 860.
Package hyperref Info: Anchor `equation.2.54' on input line 860.
Package hyperref Info: Anchor `equation.2.54' on input line 860.
Package hyperref Info: Anchor `equation.2.54' on input line 860.
Package hyperref Info: Anchor `section.2.3' on input line 864.
Package hyperref Info: bookmark on input line 864:
(hyperref)             thecounter {2.3}
(hyperref)             text {\ifttl@toclabel \ttl@a \fi Constant uniform magnetic field}
(hyperref)             reference {section.2.3}
(hyperref)             toclevel {1}
(hyperref)             type {toc}.
Package hyperref Info: Anchor `equation.2.55' on input line 870.
Package hyperref Info: Anchor `equation.2.55' on input line 870.
Package hyperref Info: Anchor `equation.2.55' on input line 870.
Package hyperref Info: Anchor `equation.2.55' on input line 870.
Package hyperref Info: Anchor `equation.2.56' on input line 876.
Package hyperref Info: Anchor `equation.2.56' on input line 876.
Package hyperref Info: Anchor `equation.2.56' on input line 876.
Package hyperref Info: Anchor `equation.2.56' on input line 876.
Package hyperref Info: Anchor `equation.2.57' on input line 882.
Package hyperref Info: Anchor `equation.2.57' on input line 882.
Package hyperref Info: Anchor `equation.2.57' on input line 882.
Package hyperref Info: Anchor `equation.2.57' on input line 882.
Package hyperref Info: Anchor `equation.2.58' on input line 886.
Package hyperref Info: Anchor `equation.2.58' on input line 886.
Package hyperref Info: Anchor `equation.2.58' on input line 886.
Package hyperref Info: Anchor `equation.2.58' on input line 886.
Package hyperref Info: Anchor `equation.2.59' on input line 890.
Package hyperref Info: Anchor `equation.2.59' on input line 890.
Package hyperref Info: Anchor `equation.2.59' on input line 890.
Package hyperref Info: Anchor `equation.2.59' on input line 890.
Package hyperref Info: Anchor `equation.2.60' on input line 894.
Package hyperref Info: Anchor `equation.2.60' on input line 894.
Package hyperref Info: Anchor `equation.2.60' on input line 894.
Package hyperref Info: Anchor `equation.2.60' on input line 894.
Package hyperref Info: Anchor `equation.2.61' on input line 898.
Package hyperref Info: Anchor `equation.2.61' on input line 898.
Package hyperref Info: Anchor `equation.2.61' on input line 898.
Package hyperref Info: Anchor `equation.2.61' on input line 898.
Package hyperref Info: Anchor `equation.2.62' on input line 902.
Package hyperref Info: Anchor `equation.2.62' on input line 902.
Package hyperref Info: Anchor `equation.2.62' on input line 902.
Package hyperref Info: Anchor `equation.2.62' on input line 902.
Package hyperref Info: Anchor `equation.2.63' on input line 908.
Package hyperref Info: Anchor `equation.2.63' on input line 908.
Package hyperref Info: Anchor `equation.2.63' on input line 908.
Package hyperref Info: Anchor `equation.2.63' on input line 908.
Package hyperref Info: Anchor `equation.2.64' on input line 912.
Package hyperref Info: Anchor `equation.2.64' on input line 912.
Package hyperref Info: Anchor `equation.2.64' on input line 912.
Package hyperref Info: Anchor `equation.2.64' on input line 912.
Package hyperref Info: Anchor `section.2.4' on input line 918.
Package hyperref Info: bookmark on input line 918:
(hyperref)             thecounter {2.4}
(hyperref)             text {\ifttl@toclabel \ttl@a \fi Constant uniform magnetic and electric fields}
(hyperref)             reference {section.2.4}
(hyperref)             toclevel {1}
(hyperref)             type {toc}.
Package hyperref Info: Anchor `equation.2.65' on input line 922.
Package hyperref Info: Anchor `equation.2.65' on input line 922.
Package hyperref Info: Anchor `equation.2.65' on input line 922.
Package hyperref Info: Anchor `equation.2.65' on input line 922.
Package hyperref Info: Anchor `equation.2.66' on input line 928.
Package hyperref Info: Anchor `equation.2.66' on input line 928.
Package hyperref Info: Anchor `equation.2.66' on input line 928.
Package hyperref Info: Anchor `equation.2.66' on input line 928.
Package hyperref Info: Anchor `equation.2.67' on input line 934.
Package hyperref Info: Anchor `equation.2.67' on input line 934.
Package hyperref Info: Anchor `equation.2.67' on input line 934.
Package hyperref Info: Anchor `equation.2.67' on input line 934.

LaTeX Warning: Reference `sec2-2' on page 31 undefined on input line 939.


LaTeX Warning: Reference `eq2-17' on page 31 undefined on input line 939.

Package hyperref Info: Anchor `equation.2.68' on input line 941.
Package hyperref Info: Anchor `equation.2.68' on input line 941.
Package hyperref Info: Anchor `equation.2.68' on input line 941.
Package hyperref Info: Anchor `equation.2.68' on input line 941.
Package hyperref Info: Anchor `equation.2.69' on input line 947.
Package hyperref Info: Anchor `equation.2.69' on input line 947.
Package hyperref Info: Anchor `equation.2.69' on input line 947.
Package hyperref Info: Anchor `equation.2.69' on input line 947.
Package hyperref Info: Anchor `equation.2.70' on input line 953.
Package hyperref Info: Anchor `equation.2.70' on input line 953.
Package hyperref Info: Anchor `equation.2.70' on input line 953.
Package hyperref Info: Anchor `equation.2.70' on input line 953.
Package hyperref Info: Anchor `equation.2.71' on input line 959.
Package hyperref Info: Anchor `equation.2.71' on input line 959.
Package hyperref Info: Anchor `equation.2.71' on input line 959.
Package hyperref Info: Anchor `equation.2.71' on input line 959.
Package hyperref Info: Anchor `equation.2.72' on input line 965.
Package hyperref Info: Anchor `equation.2.72' on input line 965.
Package hyperref Info: Anchor `equation.2.72' on input line 965.
Package hyperref Info: Anchor `equation.2.72' on input line 965.
Package hyperref Info: Anchor `equation.2.73' on input line 969.
Package hyperref Info: Anchor `equation.2.73' on input line 969.
Package hyperref Info: Anchor `equation.2.73' on input line 969.
Package hyperref Info: Anchor `equation.2.73' on input line 969.
Package hyperref Info: Anchor `equation.2.74' on input line 975.
Package hyperref Info: Anchor `equation.2.74' on input line 975.
Package hyperref Info: Anchor `equation.2.74' on input line 975.
Package hyperref Info: Anchor `equation.2.74' on input line 975.
Package hyperref Info: Anchor `equation.2.75' on input line 981.
Package hyperref Info: Anchor `equation.2.75' on input line 981.
Package hyperref Info: Anchor `equation.2.75' on input line 981.
Package hyperref Info: Anchor `equation.2.75' on input line 981.
Package hyperref Info: Anchor `section.2.5' on input line 985.
Package hyperref Info: bookmark on input line 985:
(hyperref)             thecounter {2.5}
(hyperref)             text {\ifttl@toclabel \ttl@a \fi Constant uniform magnetic field and force field}
(hyperref)             reference {section.2.5}
(hyperref)             toclevel {1}
(hyperref)             type {toc}.
Package hyperref Info: Anchor `equation.2.76' on input line 989.
Package hyperref Info: Anchor `equation.2.76' on input line 989.
Package hyperref Info: Anchor `equation.2.76' on input line 989.
Package hyperref Info: Anchor `equation.2.76' on input line 989.
Package hyperref Info: Anchor `equation.2.77' on input line 995.
Package hyperref Info: Anchor `equation.2.77' on input line 995.
Package hyperref Info: Anchor `equation.2.77' on input line 995.
Package hyperref Info: Anchor `equation.2.77' on input line 995.
Package hyperref Info: Anchor `section.2.6' on input line 1000.
Package hyperref Info: bookmark on input line 1000:
(hyperref)             thecounter {2.6}
(hyperref)             text {\ifttl@toclabel \ttl@a \fi Constant non-uniform magnetic field}
(hyperref)             reference {section.2.6}
(hyperref)             toclevel {1}
(hyperref)             type {toc}.
Package hyperref Info: Anchor `subsection.2.6.1' on input line 1004.
Package hyperref Info: bookmark on input line 1004:
(hyperref)             thecounter {2.6.1}
(hyperref)             text {\ifttl@toclabel \ttl@a \fi Direction of variation perpendicular to the field}
(hyperref)             reference {subsection.2.6.1}
(hyperref)             toclevel {2}
(hyperref)             type {toc}.
Package hyperref Info: Anchor `Item.32' on input line 1011.
Package hyperref Info: Anchor `Item.33' on input line 1012.
Package hyperref Info: Anchor `Item.34' on input line 1013.
Package hyperref Info: Anchor `Item.35' on input line 1014.
Package hyperref Info: Anchor `Item.36' on input line 1015.
Package hyperref Info: Anchor `equation.2.78' on input line 1020.
Package hyperref Info: Anchor `equation.2.78' on input line 1020.
Package hyperref Info: Anchor `equation.2.78' on input line 1020.
Package hyperref Info: Anchor `equation.2.78' on input line 1020.

LaTeX Warning: Reference `hyp2-5-1-2' on page 32 undefined on input line 1024.

Package hyperref Info: Anchor `equation.2.79' on input line 1026.
Package hyperref Info: Anchor `equation.2.79' on input line 1026.
Package hyperref Info: Anchor `equation.2.79' on input line 1026.
Package hyperref Info: Anchor `equation.2.79' on input line 1026.
Package hyperref Info: Anchor `equation.2.80' on input line 1032.
Package hyperref Info: Anchor `equation.2.80' on input line 1032.
Package hyperref Info: Anchor `equation.2.80' on input line 1032.
Package hyperref Info: Anchor `equation.2.80' on input line 1032.

LaTeX Warning: Reference `hyp2-5-1-2' on page 32 undefined on input line 1037.


LaTeX Warning: Reference `hyp2-5-1-4' on page 32 undefined on input line 1037.


LaTeX Warning: Reference `eq2-30' on page 32 undefined on input line 1037.

Package hyperref Info: Anchor `equation.2.81' on input line 1039.
Package hyperref Info: Anchor `equation.2.81' on input line 1039.
Package hyperref Info: Anchor `equation.2.81' on input line 1039.
Package hyperref Info: Anchor `equation.2.81' on input line 1039.

LaTeX Warning: Reference `eq2-31' on page 32 undefined on input line 1044.


LaTeX Warning: Reference `hyp2-5-1-3' on page 32 undefined on input line 1044.

Package hyperref Info: Anchor `equation.2.82' on input line 1046.
Package hyperref Info: Anchor `equation.2.82' on input line 1046.
Package hyperref Info: Anchor `equation.2.82' on input line 1046.
Package hyperref Info: Anchor `equation.2.82' on input line 1046.

LaTeX Warning: Reference `eq2-31' on page 32 undefined on input line 1056.

Package hyperref Info: Anchor `equation.2.83' on input line 1058.
Package hyperref Info: Anchor `equation.2.83' on input line 1058.
Package hyperref Info: Anchor `equation.2.83' on input line 1058.
Package hyperref Info: Anchor `equation.2.83' on input line 1058.
Package hyperref Info: Anchor `equation.2.84' on input line 1062.
Package hyperref Info: Anchor `equation.2.84' on input line 1062.
Package hyperref Info: Anchor `equation.2.84' on input line 1062.
Package hyperref Info: Anchor `equation.2.84' on input line 1062.
Package hyperref Info: Anchor `equation.2.85' on input line 1066.
Package hyperref Info: Anchor `equation.2.85' on input line 1066.
Package hyperref Info: Anchor `equation.2.85' on input line 1066.
Package hyperref Info: Anchor `equation.2.85' on input line 1066.

LaTeX Warning: Reference `eq2-31' on page 33 undefined on input line 1070.

Package hyperref Info: Anchor `equation.2.86' on input line 1072.
Package hyperref Info: Anchor `equation.2.86' on input line 1072.
Package hyperref Info: Anchor `equation.2.86' on input line 1072.
Package hyperref Info: Anchor `equation.2.86' on input line 1072.

LaTeX Warning: Reference `hyp2-5-1-4' on page 33 undefined on input line 1077.


LaTeX Warning: Reference `hyp2-5-1-3' on page 33 undefined on input line 1077.

Package hyperref Info: Anchor `equation.2.87' on input line 1079.
Package hyperref Info: Anchor `equation.2.87' on input line 1079.
Package hyperref Info: Anchor `equation.2.87' on input line 1079.
Package hyperref Info: Anchor `equation.2.87' on input line 1079.
Package hyperref Info: Anchor `equation.2.88' on input line 1085.
Package hyperref Info: Anchor `equation.2.88' on input line 1085.
Package hyperref Info: Anchor `equation.2.88' on input line 1085.
Package hyperref Info: Anchor `equation.2.88' on input line 1085.

LaTeX Warning: Reference `hyp2-5-1-2' on page 33 undefined on input line 1089.

Package hyperref Info: Anchor `subsection.2.6.2' on input line 1091.
Package hyperref Info: bookmark on input line 1091:
(hyperref)             thecounter {2.6.2}
(hyperref)             text {\ifttl@toclabel \ttl@a \fi Direction of variation parallel to the field}
(hyperref)             reference {subsection.2.6.2}
(hyperref)             toclevel {2}
(hyperref)             type {toc}.

LaTeX Warning: Reference `hyp2-5-1-2' on page 33 undefined on input line 1095.


LaTeX Warning: Reference `sec2-5-1' on page 33 undefined on input line 1095.

Package hyperref Info: Anchor `equation.2.89' on input line 1098.
Package hyperref Info: Anchor `equation.2.89' on input line 1098.
Package hyperref Info: Anchor `equation.2.89' on input line 1098.
Package hyperref Info: Anchor `equation.2.89' on input line 1098.
Package hyperref Info: Anchor `equation.2.90' on input line 1104.
Package hyperref Info: Anchor `equation.2.90' on input line 1104.
Package hyperref Info: Anchor `equation.2.90' on input line 1104.
Package hyperref Info: Anchor `equation.2.90' on input line 1104.
Package hyperref Info: Anchor `equation.2.91' on input line 1110.
Package hyperref Info: Anchor `equation.2.91' on input line 1110.
Package hyperref Info: Anchor `equation.2.91' on input line 1110.
Package hyperref Info: Anchor `equation.2.91' on input line 1110.
Package hyperref Info: Anchor `equation.2.92' on input line 1116.
Package hyperref Info: Anchor `equation.2.92' on input line 1116.
Package hyperref Info: Anchor `equation.2.92' on input line 1116.
Package hyperref Info: Anchor `equation.2.92' on input line 1116.
Package hyperref Info: Anchor `section.2.7' on input line 1121.
Package hyperref Info: bookmark on input line 1121:
(hyperref)             thecounter {2.7}
(hyperref)             text {\ifttl@toclabel \ttl@a \fi Magnetic field presenting a radius of curvature}
(hyperref)             reference {section.2.7}
(hyperref)             toclevel {1}
(hyperref)             type {toc}.
Package hyperref Info: Anchor `equation.2.93' on input line 1128.
Package hyperref Info: Anchor `equation.2.93' on input line 1128.
Package hyperref Info: Anchor `equation.2.93' on input line 1128.
Package hyperref Info: Anchor `equation.2.93' on input line 1128.

LaTeX Warning: Reference `eq2-27' on page 34 undefined on input line 1132.

Package hyperref Info: Anchor `equation.2.94' on input line 1134.
Package hyperref Info: Anchor `equation.2.94' on input line 1134.
Package hyperref Info: Anchor `equation.2.94' on input line 1134.
Package hyperref Info: Anchor `equation.2.94' on input line 1134.
Package hyperref Info: Anchor `equation.2.95' on input line 1140.
Package hyperref Info: Anchor `equation.2.95' on input line 1140.
Package hyperref Info: Anchor `equation.2.95' on input line 1140.
Package hyperref Info: Anchor `equation.2.95' on input line 1140.
Package hyperref Info: Anchor `equation.2.96' on input line 1144.
Package hyperref Info: Anchor `equation.2.96' on input line 1144.
Package hyperref Info: Anchor `equation.2.96' on input line 1144.
Package hyperref Info: Anchor `equation.2.96' on input line 1144.

LaTeX Warning: Reference `eq2-36' on page 34 undefined on input line 1148.

Package hyperref Info: Anchor `equation.2.97' on input line 1150.
Package hyperref Info: Anchor `equation.2.97' on input line 1150.
Package hyperref Info: Anchor `equation.2.97' on input line 1150.
Package hyperref Info: Anchor `equation.2.97' on input line 1150.
Package hyperref Info: Anchor `equation.2.98' on input line 1156.
Package hyperref Info: Anchor `equation.2.98' on input line 1156.
Package hyperref Info: Anchor `equation.2.98' on input line 1156.
Package hyperref Info: Anchor `equation.2.98' on input line 1156.
Package hyperref Info: Anchor `equation.2.99' on input line 1164.
Package hyperref Info: Anchor `equation.2.99' on input line 1164.
Package hyperref Info: Anchor `equation.2.99' on input line 1164.
Package hyperref Info: Anchor `equation.2.99' on input line 1164.
Package hyperref Info: Anchor `section.2.8' on input line 1168.
Package hyperref Info: bookmark on input line 1168:
(hyperref)             thecounter {2.8}
(hyperref)             text {\ifttl@toclabel \ttl@a \fi Variable electric and constant magnetic field}
(hyperref)             reference {section.2.8}
(hyperref)             toclevel {1}
(hyperref)             type {toc}.
Package hyperref Info: Anchor `equation.2.100' on input line 1172.
Package hyperref Info: Anchor `equation.2.100' on input line 1172.
Package hyperref Info: Anchor `equation.2.100' on input line 1172.
Package hyperref Info: Anchor `equation.2.100' on input line 1172.
Package hyperref Info: Anchor `equation.2.101' on input line 1178.
Package hyperref Info: Anchor `equation.2.101' on input line 1178.
Package hyperref Info: Anchor `equation.2.101' on input line 1178.
Package hyperref Info: Anchor `equation.2.101' on input line 1178.
Package hyperref Info: Anchor `equation.2.102' on input line 1184.
Package hyperref Info: Anchor `equation.2.102' on input line 1184.
Package hyperref Info: Anchor `equation.2.102' on input line 1184.
Package hyperref Info: Anchor `equation.2.102' on input line 1184.
Package hyperref Info: Anchor `equation.2.103' on input line 1189.
Package hyperref Info: Anchor `equation.2.103' on input line 1189.
Package hyperref Info: Anchor `equation.2.103' on input line 1189.
Package hyperref Info: Anchor `equation.2.103' on input line 1189.

LaTeX Warning: Reference `eq2-53' on page 34 undefined on input line 1194.

Package hyperref Info: Anchor `equation.2.104' on input line 1196.
Package hyperref Info: Anchor `equation.2.104' on input line 1196.
Package hyperref Info: Anchor `equation.2.104' on input line 1196.
Package hyperref Info: Anchor `equation.2.104' on input line 1196.
Package hyperref Info: Anchor `equation.2.105' on input line 1200.
Package hyperref Info: Anchor `equation.2.105' on input line 1200.
Package hyperref Info: Anchor `equation.2.105' on input line 1200.
Package hyperref Info: Anchor `equation.2.105' on input line 1200.
Package hyperref Info: Anchor `equation.2.106' on input line 1206.
Package hyperref Info: Anchor `equation.2.106' on input line 1206.
Package hyperref Info: Anchor `equation.2.106' on input line 1206.
Package hyperref Info: Anchor `equation.2.106' on input line 1206.
Package hyperref Info: Anchor `section.2.9' on input line 1212.
Package hyperref Info: bookmark on input line 1212:
(hyperref)             thecounter {2.9}
(hyperref)             text {\ifttl@toclabel \ttl@a \fi Non-uniform electric and uniform magnetic field}
(hyperref)             reference {section.2.9}
(hyperref)             toclevel {1}
(hyperref)             type {toc}.

LaTeX Warning: Reference `sec2-5' on page 35 undefined on input line 1214.

Package hyperref Info: Anchor `equation.2.107' on input line 1216.
Package hyperref Info: Anchor `equation.2.107' on input line 1216.
Package hyperref Info: Anchor `equation.2.107' on input line 1216.
Package hyperref Info: Anchor `equation.2.107' on input line 1216.
Package hyperref Info: Anchor `equation.2.108' on input line 1220.
Package hyperref Info: Anchor `equation.2.108' on input line 1220.
Package hyperref Info: Anchor `equation.2.108' on input line 1220.
Package hyperref Info: Anchor `equation.2.108' on input line 1220.
Package hyperref Info: Anchor `equation.2.109' on input line 1226.
Package hyperref Info: Anchor `equation.2.109' on input line 1226.
Package hyperref Info: Anchor `equation.2.109' on input line 1226.
Package hyperref Info: Anchor `equation.2.109' on input line 1226.
Package hyperref Info: Anchor `equation.2.110' on input line 1232.
Package hyperref Info: Anchor `equation.2.110' on input line 1232.
Package hyperref Info: Anchor `equation.2.110' on input line 1232.
Package hyperref Info: Anchor `equation.2.110' on input line 1232.
Package hyperref Info: Anchor `equation.2.111' on input line 1238.
Package hyperref Info: Anchor `equation.2.111' on input line 1238.
Package hyperref Info: Anchor `equation.2.111' on input line 1238.
Package hyperref Info: Anchor `equation.2.111' on input line 1238.
Package hyperref Info: Anchor `section.2.10' on input line 1242.
Package hyperref Info: bookmark on input line 1242:
(hyperref)             thecounter {2.10}
(hyperref)             text {\ifttl@toclabel \ttl@a \fi Adiabatic invariants}
(hyperref)             reference {section.2.10}
(hyperref)             toclevel {1}
(hyperref)             type {toc}.
Package hyperref Info: Anchor `equation.2.112' on input line 1246.
Package hyperref Info: Anchor `equation.2.112' on input line 1246.
Package hyperref Info: Anchor `equation.2.112' on input line 1246.
Package hyperref Info: Anchor `equation.2.112' on input line 1246.
Package hyperref Info: Anchor `equation.2.113' on input line 1252.
Package hyperref Info: Anchor `equation.2.113' on input line 1252.
Package hyperref Info: Anchor `equation.2.113' on input line 1252.
Package hyperref Info: Anchor `equation.2.113' on input line 1252.
Package hyperref Info: Anchor `equation.2.114' on input line 1258.
Package hyperref Info: Anchor `equation.2.114' on input line 1258.
Package hyperref Info: Anchor `equation.2.114' on input line 1258.
Package hyperref Info: Anchor `equation.2.114' on input line 1258.
Package hyperref Info: Anchor `equation.2.115' on input line 1264.
Package hyperref Info: Anchor `equation.2.115' on input line 1264.
Package hyperref Info: Anchor `equation.2.115' on input line 1264.
Package hyperref Info: Anchor `equation.2.115' on input line 1264.
Package hyperref Info: Anchor `subsection.2.10.1' on input line 1268.
Package hyperref Info: bookmark on input line 1268:
(hyperref)             thecounter {2.10.1}
(hyperref)             text {\ifttl@toclabel \ttl@a \fi First adiabatic invariant}
(hyperref)             reference {subsection.2.10.1}
(hyperref)             toclevel {2}
(hyperref)             type {toc}.
Package hyperref Info: Anchor `equation.2.116' on input line 1274.
Package hyperref Info: Anchor `equation.2.116' on input line 1274.
Package hyperref Info: Anchor `equation.2.116' on input line 1274.
Package hyperref Info: Anchor `equation.2.116' on input line 1274.

LaTeX Font Warning: Font shape `U/stmry/b/n' undefined
(Font)              using `U/stmry/m/n' instead on input line 1275.

Package hyperref Info: Anchor `equation.2.117' on input line 1280.
Package hyperref Info: Anchor `equation.2.117' on input line 1280.
Package hyperref Info: Anchor `equation.2.117' on input line 1280.
Package hyperref Info: Anchor `equation.2.117' on input line 1280.
Package hyperref Info: Anchor `equation.2.118' on input line 1286.
Package hyperref Info: Anchor `equation.2.118' on input line 1286.
Package hyperref Info: Anchor `equation.2.118' on input line 1286.
Package hyperref Info: Anchor `equation.2.118' on input line 1286.
Package hyperref Info: Anchor `equation.2.119' on input line 1292.
Package hyperref Info: Anchor `equation.2.119' on input line 1292.
Package hyperref Info: Anchor `equation.2.119' on input line 1292.
Package hyperref Info: Anchor `equation.2.119' on input line 1292.
Package hyperref Info: Anchor `equation.2.120' on input line 1298.
Package hyperref Info: Anchor `equation.2.120' on input line 1298.
Package hyperref Info: Anchor `equation.2.120' on input line 1298.
Package hyperref Info: Anchor `equation.2.120' on input line 1298.
Package hyperref Info: Anchor `equation.2.121' on input line 1304.
Package hyperref Info: Anchor `equation.2.121' on input line 1304.
Package hyperref Info: Anchor `equation.2.121' on input line 1304.
Package hyperref Info: Anchor `equation.2.121' on input line 1304.
Package hyperref Info: Anchor `equation.2.122' on input line 1310.
Package hyperref Info: Anchor `equation.2.122' on input line 1310.
Package hyperref Info: Anchor `equation.2.122' on input line 1310.
Package hyperref Info: Anchor `equation.2.122' on input line 1310.
Package hyperref Info: Anchor `equation.2.123' on input line 1314.
Package hyperref Info: Anchor `equation.2.123' on input line 1314.
Package hyperref Info: Anchor `equation.2.123' on input line 1314.
Package hyperref Info: Anchor `equation.2.123' on input line 1314.
Package hyperref Info: Anchor `equation.2.124' on input line 1318.
Package hyperref Info: Anchor `equation.2.124' on input line 1318.
Package hyperref Info: Anchor `equation.2.124' on input line 1318.
Package hyperref Info: Anchor `equation.2.124' on input line 1318.
Package hyperref Info: Anchor `equation.2.125' on input line 1324.
Package hyperref Info: Anchor `equation.2.125' on input line 1324.
Package hyperref Info: Anchor `equation.2.125' on input line 1324.
Package hyperref Info: Anchor `equation.2.125' on input line 1324.
Package hyperref Info: Anchor `subsection.2.10.2' on input line 1330.
Package hyperref Info: bookmark on input line 1330:
(hyperref)             thecounter {2.10.2}
(hyperref)             text {\ifttl@toclabel \ttl@a \fi Second adiabatic invariant}
(hyperref)             reference {subsection.2.10.2}
(hyperref)             toclevel {2}
(hyperref)             type {toc}.

LaTeX Warning: Reference `sec2-5-2' on page 37 undefined on input line 1334.


LaTeX Warning: Reference `eq2-42' on page 37 undefined on input line 1334.


LaTeX Warning: Reference `sec2-5-2' on page 37 undefined on input line 1334.

Package hyperref Info: Anchor `equation.2.126' on input line 1336.
Package hyperref Info: Anchor `equation.2.126' on input line 1336.
Package hyperref Info: Anchor `equation.2.126' on input line 1336.
Package hyperref Info: Anchor `equation.2.126' on input line 1336.
Package hyperref Info: Anchor `equation.2.127' on input line 1342.
Package hyperref Info: Anchor `equation.2.127' on input line 1342.
Package hyperref Info: Anchor `equation.2.127' on input line 1342.
Package hyperref Info: Anchor `equation.2.127' on input line 1342.
Package hyperref Info: Anchor `equation.2.128' on input line 1348.
Package hyperref Info: Anchor `equation.2.128' on input line 1348.
Package hyperref Info: Anchor `equation.2.128' on input line 1348.
Package hyperref Info: Anchor `equation.2.128' on input line 1348.
Package hyperref Info: Anchor `equation.2.129' on input line 1354.
Package hyperref Info: Anchor `equation.2.129' on input line 1354.
Package hyperref Info: Anchor `equation.2.129' on input line 1354.
Package hyperref Info: Anchor `equation.2.129' on input line 1354.

LaTeX Warning: Reference `eq2-79' on page 37 undefined on input line 1359.

Package hyperref Info: Anchor `figure.caption.5' on input line 1361.
(./Figures/figure2-1.tikz
A tikzpicture has been optimized away. Use '/tikz/external/optimize=false' to disable this.
)
Package hyperref Info: bookmark on input line 1364:
(hyperref)             thecounter {2.1}
(hyperref)             text {\protect \numberline {\caption@listformat {\caption@p {figure}}{\caption@the {figure}}}{\ignorespaces \centering Loss cone}}
(hyperref)             reference {figure.caption.5}
(hyperref)             toclevel {0}
(hyperref)             type {lof}.

LaTeX Warning: Reference `eq2-79' on page 37 undefined on input line 1368.

Package hyperref Info: Anchor `Item.37' on input line 1371.
Package hyperref Info: Anchor `equation.2.130' on input line 1373.
Package hyperref Info: Anchor `equation.2.130' on input line 1373.
Package hyperref Info: Anchor `equation.2.130' on input line 1373.
Package hyperref Info: Anchor `equation.2.130' on input line 1373.
Package hyperref Info: Anchor `equation.2.131' on input line 1380.
Package hyperref Info: Anchor `equation.2.131' on input line 1380.
Package hyperref Info: Anchor `equation.2.131' on input line 1380.
Package hyperref Info: Anchor `equation.2.131' on input line 1380.

LaTeX Warning: Reference `eq2-80' on page 38 undefined on input line 1385.

Package hyperref Info: Anchor `equation.2.132' on input line 1387.
Package hyperref Info: Anchor `equation.2.132' on input line 1387.
Package hyperref Info: Anchor `equation.2.132' on input line 1387.
Package hyperref Info: Anchor `equation.2.132' on input line 1387.
Package hyperref Info: Anchor `equation.2.133' on input line 1393.
Package hyperref Info: Anchor `equation.2.133' on input line 1393.
Package hyperref Info: Anchor `equation.2.133' on input line 1393.
Package hyperref Info: Anchor `equation.2.133' on input line 1393.
Package hyperref Info: Anchor `equation.2.134' on input line 1397.
Package hyperref Info: Anchor `equation.2.134' on input line 1397.
Package hyperref Info: Anchor `equation.2.134' on input line 1397.
Package hyperref Info: Anchor `equation.2.134' on input line 1397.
Package hyperref Info: Anchor `equation.2.135' on input line 1401.
Package hyperref Info: Anchor `equation.2.135' on input line 1401.
Package hyperref Info: Anchor `equation.2.135' on input line 1401.
Package hyperref Info: Anchor `equation.2.135' on input line 1401.
Package hyperref Info: Anchor `equation.2.136' on input line 1407.
Package hyperref Info: Anchor `equation.2.136' on input line 1407.
Package hyperref Info: Anchor `equation.2.136' on input line 1407.
Package hyperref Info: Anchor `equation.2.136' on input line 1407.
Package hyperref Info: Anchor `subsection.2.10.3' on input line 1411.
Package hyperref Info: bookmark on input line 1411:
(hyperref)             thecounter {2.10.3}
(hyperref)             text {\ifttl@toclabel \ttl@a \fi Third adiabatic invariant}
(hyperref)             reference {subsection.2.10.3}
(hyperref)             toclevel {2}
(hyperref)             type {toc}.
Package hyperref Info: Anchor `Item.38' on input line 1418.
Package hyperref Info: Anchor `equation.2.137' on input line 1420.
Package hyperref Info: Anchor `equation.2.137' on input line 1420.
Package hyperref Info: Anchor `equation.2.137' on input line 1420.
Package hyperref Info: Anchor `equation.2.137' on input line 1420.
Package hyperref Info: Anchor `equation.2.138' on input line 1426.
Package hyperref Info: Anchor `equation.2.138' on input line 1426.
Package hyperref Info: Anchor `equation.2.138' on input line 1426.
Package hyperref Info: Anchor `equation.2.138' on input line 1426.
Package hyperref Info: Anchor `Item.39' on input line 1431.

LaTeX Warning: Reference `hyp2-5-1-2' on page 38 undefined on input line 1431.


LaTeX Warning: Reference `sec2-5-1' on page 38 undefined on input line 1431.

Package hyperref Info: Anchor `equation.2.139' on input line 1436.
Package hyperref Info: Anchor `equation.2.139' on input line 1436.
Package hyperref Info: Anchor `equation.2.139' on input line 1436.
Package hyperref Info: Anchor `equation.2.139' on input line 1436.
Package hyperref Info: Anchor `equation.2.140' on input line 1440.
Package hyperref Info: Anchor `equation.2.140' on input line 1440.
Package hyperref Info: Anchor `equation.2.140' on input line 1440.
Package hyperref Info: Anchor `equation.2.140' on input line 1440.
Package hyperref Info: Anchor `equation.2.141' on input line 1446.
Package hyperref Info: Anchor `equation.2.141' on input line 1446.
Package hyperref Info: Anchor `equation.2.141' on input line 1446.
Package hyperref Info: Anchor `equation.2.141' on input line 1446.

LaTeX Warning: Reference `hyp2-5-1-2' on page 39 undefined on input line 1450.


LaTeX Warning: Reference `sec2-5-1' on page 39 undefined on input line 1450.

Package hyperref Info: Anchor `equation.2.142' on input line 1452.
Package hyperref Info: Anchor `equation.2.142' on input line 1452.
Package hyperref Info: Anchor `equation.2.142' on input line 1452.
Package hyperref Info: Anchor `equation.2.142' on input line 1452.
Package hyperref Info: Anchor `section.2.11' on input line 1458.
Package hyperref Info: bookmark on input line 1458:
(hyperref)             thecounter {2.11}
(hyperref)             text {\ifttl@toclabel \ttl@a \fi Violation of adiabatic invariants}
(hyperref)             reference {section.2.11}
(hyperref)             toclevel {1}
(hyperref)             type {toc}.
Package hyperref Info: Anchor `subsection.2.11.1' on input line 1462.
Package hyperref Info: bookmark on input line 1462:
(hyperref)             thecounter {2.11.1}
(hyperref)             text {\ifttl@toclabel \ttl@a \fi Violation of the second adiabatic invariant}
(hyperref)             reference {subsection.2.11.1}
(hyperref)             toclevel {2}
(hyperref)             type {toc}.

LaTeX Warning: Reference `sec2-9-2' on page 39 undefined on input line 1464.


LaTeX Warning: Reference `fig2-1' on page 39 undefined on input line 1464.

Package hyperref Info: Anchor `subsection.2.11.2' on input line 1466.
Package hyperref Info: bookmark on input line 1466:
(hyperref)             thecounter {2.11.2}
(hyperref)             text {\ifttl@toclabel \ttl@a \fi Non-adiabatic motion in symmetric geometry}
(hyperref)             reference {subsection.2.11.2}
(hyperref)             toclevel {2}
(hyperref)             type {toc}.
Package hyperref Info: Anchor `subsection.2.11.3' on input line 1470.
Package hyperref Info: bookmark on input line 1470:
(hyperref)             thecounter {2.11.3}
(hyperref)             text {\ifttl@toclabel \ttl@a \fi Digression: Stream functions}
(hyperref)             reference {subsection.2.11.3}
(hyperref)             toclevel {2}
(hyperref)             type {toc}.
Package hyperref Info: Anchor `subsubsection.2.11.3.1' on input line 1474.
Package hyperref Info: bookmark on input line 1474:
(hyperref)             thecounter {2.11.3.1}
(hyperref)             text {\ifttl@toclabel \ttl@a \fi Lagrange Stream Function}
(hyperref)             reference {subsubsection.2.11.3.1}
(hyperref)             toclevel {3}
(hyperref)             type {toc}.
Package hyperref Info: Anchor `equation.2.143' on input line 1478.
Package hyperref Info: Anchor `equation.2.143' on input line 1478.
Package hyperref Info: Anchor `equation.2.143' on input line 1478.
Package hyperref Info: Anchor `equation.2.143' on input line 1478.
Package hyperref Info: Anchor `equation.2.144' on input line 1484.
Package hyperref Info: Anchor `equation.2.144' on input line 1484.
Package hyperref Info: Anchor `equation.2.144' on input line 1484.
Package hyperref Info: Anchor `equation.2.144' on input line 1484.
Package hyperref Info: Anchor `equation.2.145' on input line 1490.
Package hyperref Info: Anchor `equation.2.145' on input line 1490.
Package hyperref Info: Anchor `equation.2.145' on input line 1490.
Package hyperref Info: Anchor `equation.2.145' on input line 1490.

LaTeX Warning: Reference `eq2-95' on page 40 undefined on input line 1495.

Package hyperref Info: Anchor `equation.2.146' on input line 1497.
Package hyperref Info: Anchor `equation.2.146' on input line 1497.
Package hyperref Info: Anchor `equation.2.146' on input line 1497.
Package hyperref Info: Anchor `equation.2.146' on input line 1497.
Package hyperref Info: Anchor `equation.2.147' on input line 1504.
Package hyperref Info: Anchor `equation.2.147' on input line 1504.
Package hyperref Info: Anchor `equation.2.147' on input line 1504.
Package hyperref Info: Anchor `equation.2.147' on input line 1504.
Package hyperref Info: Anchor `equation.2.148' on input line 1511.
Package hyperref Info: Anchor `equation.2.148' on input line 1511.
Package hyperref Info: Anchor `equation.2.148' on input line 1511.
Package hyperref Info: Anchor `equation.2.148' on input line 1511.
Package hyperref Info: Anchor `subsubsection.2.11.3.2' on input line 1516.
Package hyperref Info: bookmark on input line 1516:
(hyperref)             thecounter {2.11.3.2}
(hyperref)             text {\ifttl@toclabel \ttl@a \fi Stokes Stream Function}
(hyperref)             reference {subsubsection.2.11.3.2}
(hyperref)             toclevel {3}
(hyperref)             type {toc}.
Package hyperref Info: Anchor `equation.2.149' on input line 1522.
Package hyperref Info: Anchor `equation.2.149' on input line 1522.
Package hyperref Info: Anchor `equation.2.149' on input line 1522.
Package hyperref Info: Anchor `equation.2.149' on input line 1522.

LaTeX Warning: Reference `eq2-99' on page 40 undefined on input line 1527.

Package hyperref Info: Anchor `equation.2.150' on input line 1529.
Package hyperref Info: Anchor `equation.2.150' on input line 1529.
Package hyperref Info: Anchor `equation.2.150' on input line 1529.
Package hyperref Info: Anchor `equation.2.150' on input line 1529.
Package hyperref Info: Anchor `equation.2.151' on input line 1535.
Package hyperref Info: Anchor `equation.2.151' on input line 1535.
Package hyperref Info: Anchor `equation.2.151' on input line 1535.
Package hyperref Info: Anchor `equation.2.151' on input line 1535.

LaTeX Warning: Reference `eq2-100' on page 40 undefined on input line 1540.


LaTeX Warning: Reference `eq2-101' on page 40 undefined on input line 1540.


LaTeX Warning: Reference `eq2-98' on page 40 undefined on input line 1540.

Package hyperref Info: Anchor `equation.2.152' on input line 1542.
Package hyperref Info: Anchor `equation.2.152' on input line 1542.
Package hyperref Info: Anchor `equation.2.152' on input line 1542.
Package hyperref Info: Anchor `equation.2.152' on input line 1542.
Package hyperref Info: Anchor `equation.2.153' on input line 1548.
Package hyperref Info: Anchor `equation.2.153' on input line 1548.
Package hyperref Info: Anchor `equation.2.153' on input line 1548.
Package hyperref Info: Anchor `equation.2.153' on input line 1548.
Package hyperref Info: Anchor `equation.2.154' on input line 1554.
Package hyperref Info: Anchor `equation.2.154' on input line 1554.
Package hyperref Info: Anchor `equation.2.154' on input line 1554.
Package hyperref Info: Anchor `equation.2.154' on input line 1554.
Package hyperref Info: Anchor `equation.2.155' on input line 1560.
Package hyperref Info: Anchor `equation.2.155' on input line 1560.
Package hyperref Info: Anchor `equation.2.155' on input line 1560.
Package hyperref Info: Anchor `equation.2.155' on input line 1560.
Package hyperref Info: Anchor `figure.caption.6' on input line 1565.
(./Figures/figure2-2.tikz
A tikzpicture has been optimized away. Use '/tikz/external/optimize=false' to disable this.
)
Package hyperref Info: bookmark on input line 1567:
(hyperref)             thecounter {2.2}
(hyperref)             text {\protect \numberline {\caption@listformat {\caption@p {figure}}{\caption@the {figure}}}{\ignorespaces Poloidal $\mathbf {B}$. The flux through $\mathcal {C}(r,z)$ is $\psi (r,z,t)$.}}
(hyperref)             reference {figure.caption.6}
(hyperref)             toclevel {0}
(hyperref)             type {lof}.

LaTeX Warning: Reference `eq2-96' on page 41 undefined on input line 1571.

Package hyperref Info: Anchor `equation.2.156' on input line 1573.
Package hyperref Info: Anchor `equation.2.156' on input line 1573.
Package hyperref Info: Anchor `equation.2.156' on input line 1573.
Package hyperref Info: Anchor `equation.2.156' on input line 1573.
Package hyperref Info: Anchor `equation.2.157' on input line 1579.
Package hyperref Info: Anchor `equation.2.157' on input line 1579.
Package hyperref Info: Anchor `equation.2.157' on input line 1579.
Package hyperref Info: Anchor `equation.2.157' on input line 1579.
Package hyperref Info: Anchor `equation.2.158' on input line 1583.
Package hyperref Info: Anchor `equation.2.158' on input line 1583.
Package hyperref Info: Anchor `equation.2.158' on input line 1583.
Package hyperref Info: Anchor `equation.2.158' on input line 1583.
Package hyperref Info: Anchor `equation.2.159' on input line 1590.
Package hyperref Info: Anchor `equation.2.159' on input line 1590.
Package hyperref Info: Anchor `equation.2.159' on input line 1590.
Package hyperref Info: Anchor `equation.2.159' on input line 1590.
Package hyperref Info: Anchor `equation.2.160' on input line 1596.
Package hyperref Info: Anchor `equation.2.160' on input line 1596.
Package hyperref Info: Anchor `equation.2.160' on input line 1596.
Package hyperref Info: Anchor `equation.2.160' on input line 1596.

LaTeX Warning: Reference `eq2-108' on page 41 undefined on input line 1600.

Package hyperref Info: Anchor `equation.2.161' on input line 1602.
Package hyperref Info: Anchor `equation.2.161' on input line 1602.
Package hyperref Info: Anchor `equation.2.161' on input line 1602.
Package hyperref Info: Anchor `equation.2.161' on input line 1602.
Package hyperref Info: Anchor `equation.2.162' on input line 1608.
Package hyperref Info: Anchor `equation.2.162' on input line 1608.
Package hyperref Info: Anchor `equation.2.162' on input line 1608.
Package hyperref Info: Anchor `equation.2.162' on input line 1608.
Package hyperref Info: Anchor `equation.2.163' on input line 1614.
Package hyperref Info: Anchor `equation.2.163' on input line 1614.
Package hyperref Info: Anchor `equation.2.163' on input line 1614.
Package hyperref Info: Anchor `equation.2.163' on input line 1614.
Package hyperref Info: Anchor `equation.2.164' on input line 1621.
Package hyperref Info: Anchor `equation.2.164' on input line 1621.
Package hyperref Info: Anchor `equation.2.164' on input line 1621.
Package hyperref Info: Anchor `equation.2.164' on input line 1621.
Package hyperref Info: Anchor `equation.2.165' on input line 1625.
Package hyperref Info: Anchor `equation.2.165' on input line 1625.
Package hyperref Info: Anchor `equation.2.165' on input line 1625.
Package hyperref Info: Anchor `equation.2.165' on input line 1625.
Package hyperref Info: Anchor `equation.2.166' on input line 1631.
Package hyperref Info: Anchor `equation.2.166' on input line 1631.
Package hyperref Info: Anchor `equation.2.166' on input line 1631.
Package hyperref Info: Anchor `equation.2.166' on input line 1631.
Package hyperref Info: Anchor `Item.40' on input line 1639.
Package hyperref Info: Anchor `equation.2.167' on input line 1641.
Package hyperref Info: Anchor `equation.2.167' on input line 1641.
Package hyperref Info: Anchor `equation.2.167' on input line 1641.
Package hyperref Info: Anchor `equation.2.167' on input line 1641.

LaTeX Warning: Reference `eq2-117' on page 42 undefined on input line 1646.


LaTeX Warning: Reference `eq2-113' on page 42 undefined on input line 1646.

Package hyperref Info: Anchor `equation.2.168' on input line 1648.
Package hyperref Info: Anchor `equation.2.168' on input line 1648.
Package hyperref Info: Anchor `equation.2.168' on input line 1648.
Package hyperref Info: Anchor `equation.2.168' on input line 1648.
Package hyperref Info: Anchor `Item.41' on input line 1654.
Package hyperref Info: Anchor `equation.2.169' on input line 1656.
Package hyperref Info: Anchor `equation.2.169' on input line 1656.
Package hyperref Info: Anchor `equation.2.169' on input line 1656.
Package hyperref Info: Anchor `equation.2.169' on input line 1656.
Package hyperref Info: Anchor `equation.2.170' on input line 1662.
Package hyperref Info: Anchor `equation.2.170' on input line 1662.
Package hyperref Info: Anchor `equation.2.170' on input line 1662.
Package hyperref Info: Anchor `equation.2.170' on input line 1662.

LaTeX Warning: Reference `eq2-120' on page 42 undefined on input line 1667.


LaTeX Warning: Reference `eq2-120' on page 42 undefined on input line 1667.


LaTeX Warning: Reference `eq2-120' on page 42 undefined on input line 1667.


LaTeX Warning: Reference `eq2-117' on page 42 undefined on input line 1667.

Package hyperref Info: Anchor `equation.2.171' on input line 1669.
Package hyperref Info: Anchor `equation.2.171' on input line 1669.
Package hyperref Info: Anchor `equation.2.171' on input line 1669.
Package hyperref Info: Anchor `equation.2.171' on input line 1669.
Package hyperref Info: Anchor `subsection.2.11.4' on input line 1677.
Package hyperref Info: bookmark on input line 1677:
(hyperref)             thecounter {2.11.4}
(hyperref)             text {\ifttl@toclabel \ttl@a \fi Sudden temporal reversal of the magnetic field}
(hyperref)             reference {subsection.2.11.4}
(hyperref)             toclevel {2}
(hyperref)             type {toc}.

LaTeX Warning: Reference `eq2-117' on page 43 undefined on input line 1679.


LaTeX Warning: Reference `eq2-117' on page 43 undefined on input line 1679.


LaTeX Warning: Reference `eq2-121' on page 43 undefined on input line 1679.

Package hyperref Info: Anchor `equation.2.172' on input line 1683.
Package hyperref Info: Anchor `equation.2.172' on input line 1683.
Package hyperref Info: Anchor `equation.2.172' on input line 1683.
Package hyperref Info: Anchor `equation.2.172' on input line 1683.
Package hyperref Info: Anchor `equation.2.173' on input line 1689.
Package hyperref Info: Anchor `equation.2.173' on input line 1689.
Package hyperref Info: Anchor `equation.2.173' on input line 1689.
Package hyperref Info: Anchor `equation.2.173' on input line 1689.
Package hyperref Info: Anchor `equation.2.174' on input line 1693.
Package hyperref Info: Anchor `equation.2.174' on input line 1693.
Package hyperref Info: Anchor `equation.2.174' on input line 1693.
Package hyperref Info: Anchor `equation.2.174' on input line 1693.
Package hyperref Info: Anchor `subsection.2.11.5' on input line 1699.
Package hyperref Info: bookmark on input line 1699:
(hyperref)             thecounter {2.11.5}
(hyperref)             text {\ifttl@toclabel \ttl@a \fi Sudden spatial reversal of the magnetic field}
(hyperref)             reference {subsection.2.11.5}
(hyperref)             toclevel {2}
(hyperref)             type {toc}.

LaTeX Warning: Reference `fig2-3' on page 43 undefined on input line 1703.


LaTeX Warning: Reference `fig2-3' on page 43 undefined on input line 1705.

Package hyperref Info: Anchor `figure.caption.7' on input line 1707.
(./Figures/figure2-3.tikz
A tikzpicture has been optimized away. Use '/tikz/external/optimize=false' to disable this.
)
Package hyperref Info: bookmark on input line 1711:
(hyperref)             thecounter {2.3}
(hyperref)             text {\protect \numberline {\caption@listformat {\caption@p {figure}}{\caption@the {figure}}}{\ignorespaces Lines of $\mathbf {B}$ and trajectory of a particle crossing the cusp in blue.}}
(hyperref)             reference {figure.caption.7}
(hyperref)             toclevel {0}
(hyperref)             type {lof}.
Package hyperref Info: Anchor `equation.2.175' on input line 1715.
Package hyperref Info: Anchor `equation.2.175' on input line 1715.
Package hyperref Info: Anchor `equation.2.175' on input line 1715.
Package hyperref Info: Anchor `equation.2.175' on input line 1715.
Package hyperref Info: Anchor `equation.2.176' on input line 1720.
Package hyperref Info: Anchor `equation.2.176' on input line 1720.
Package hyperref Info: Anchor `equation.2.176' on input line 1720.
Package hyperref Info: Anchor `equation.2.176' on input line 1720.

LaTeX Warning: Reference `eq2-125' on page 44 undefined on input line 1725.


LaTeX Warning: Reference `eq2-126' on page 44 undefined on input line 1725.

Package hyperref Info: Anchor `equation.2.177' on input line 1727.
Package hyperref Info: Anchor `equation.2.177' on input line 1727.
Package hyperref Info: Anchor `equation.2.177' on input line 1727.
Package hyperref Info: Anchor `equation.2.177' on input line 1727.

LaTeX Warning: Reference `eq2-127' on page 44 undefined on input line 1732.


LaTeX Warning: Reference `fig2-3' on page 44 undefined on input line 1732.

)
\providecommand\hyper@newdestlabel[2]{}
(./Chapters/plasma-models.tex
Package hyperref Info: Anchor `chapter.3' on input line 3.
Chapter 3.
Package hyperref Info: bookmark on input line 3:
(hyperref)             thecounter {3}
(hyperref)             text {\protect \numberline {\thechapter }Models of plasma dynamics}
(hyperref)             reference {chapter.3}
(hyperref)             toclevel {0}
(hyperref)             type {toc}.
Package hyperref Info: Anchor `section.3.1' on input line 9.
Package hyperref Info: bookmark on input line 9:
(hyperref)             thecounter {3.1}
(hyperref)             text {\ifttl@toclabel \ttl@a \fi Distribution function and the Vlasov Equation}
(hyperref)             reference {section.3.1}
(hyperref)             toclevel {1}
(hyperref)             type {toc}.
Package hyperref Info: Anchor `equation.3.1' on input line 13.
Package hyperref Info: Anchor `equation.3.1' on input line 13.
Package hyperref Info: Anchor `equation.3.1' on input line 13.
Package hyperref Info: Anchor `equation.3.1' on input line 13.
Package hyperref Info: Anchor `equation.3.2' on input line 18.
Package hyperref Info: Anchor `equation.3.2' on input line 18.
Package hyperref Info: Anchor `equation.3.2' on input line 18.
Package hyperref Info: Anchor `equation.3.2' on input line 18.

LaTeX Warning: Reference `eq4-2' on page 45 undefined on input line 23.

Package hyperref Info: Anchor `equation.3.3' on input line 25.
Package hyperref Info: Anchor `equation.3.3' on input line 25.
Package hyperref Info: Anchor `equation.3.3' on input line 25.
Package hyperref Info: Anchor `equation.3.3' on input line 25.

LaTeX Warning: Reference `eq4-1' on page 45 undefined on input line 30.


LaTeX Warning: Reference `eq4-2' on page 45 undefined on input line 32.


LaTeX Warning: Reference `eq4-3' on page 45 undefined on input line 32.

Package hyperref Info: Anchor `equation.3.4' on input line 34.
Package hyperref Info: Anchor `equation.3.4' on input line 34.
Package hyperref Info: Anchor `equation.3.4' on input line 34.
Package hyperref Info: Anchor `equation.3.4' on input line 34.
Package hyperref Info: Anchor `Item.42' on input line 42.
Package hyperref Info: Anchor `equation.3.5' on input line 44.
Package hyperref Info: Anchor `equation.3.5' on input line 44.
Package hyperref Info: Anchor `equation.3.5' on input line 44.
Package hyperref Info: Anchor `equation.3.5' on input line 44.
Package hyperref Info: Anchor `Item.43' on input line 48.
Package hyperref Info: Anchor `equation.3.6' on input line 50.
Package hyperref Info: Anchor `equation.3.6' on input line 50.
Package hyperref Info: Anchor `equation.3.6' on input line 50.
Package hyperref Info: Anchor `equation.3.6' on input line 50.
Package hyperref Info: Anchor `equation.3.7' on input line 56.
Package hyperref Info: Anchor `equation.3.7' on input line 56.
Package hyperref Info: Anchor `equation.3.7' on input line 56.
Package hyperref Info: Anchor `equation.3.7' on input line 56.
Package hyperref Info: Anchor `Item.44' on input line 60.
Package hyperref Info: Anchor `equation.3.8' on input line 62.
Package hyperref Info: Anchor `equation.3.8' on input line 62.
Package hyperref Info: Anchor `equation.3.8' on input line 62.
Package hyperref Info: Anchor `equation.3.8' on input line 62.
Package hyperref Info: Anchor `equation.3.9' on input line 68.
Package hyperref Info: Anchor `equation.3.9' on input line 68.
Package hyperref Info: Anchor `equation.3.9' on input line 68.
Package hyperref Info: Anchor `equation.3.9' on input line 68.
Package hyperref Info: Anchor `section.3.2' on input line 73.
Package hyperref Info: bookmark on input line 73:
(hyperref)             thecounter {3.2}
(hyperref)             text {\ifttl@toclabel \ttl@a \fi The two-fluid equations}
(hyperref)             reference {section.3.2}
(hyperref)             toclevel {1}
(hyperref)             type {toc}.

LaTeX Warning: Reference `eq4-4' on page 46 undefined on input line 75.


LaTeX Warning: Reference `eq4-4' on page 46 undefined on input line 75.

Package hyperref Info: Anchor `equation.3.10' on input line 77.
Package hyperref Info: Anchor `equation.3.10' on input line 77.
Package hyperref Info: Anchor `equation.3.10' on input line 77.
Package hyperref Info: Anchor `equation.3.10' on input line 77.
Package hyperref Info: Anchor `equation.3.11' on input line 84.
Package hyperref Info: Anchor `equation.3.11' on input line 84.
Package hyperref Info: Anchor `equation.3.11' on input line 84.
Package hyperref Info: Anchor `equation.3.11' on input line 84.
Package hyperref Info: Anchor `equation.3.12' on input line 89.
Package hyperref Info: Anchor `equation.3.12' on input line 89.
Package hyperref Info: Anchor `equation.3.12' on input line 89.
Package hyperref Info: Anchor `equation.3.12' on input line 89.

LaTeX Warning: Reference `eq4-11' on page 46 undefined on input line 94.


LaTeX Warning: Reference `eq4-12' on page 46 undefined on input line 94.


LaTeX Warning: Reference `eq4-10' on page 46 undefined on input line 94.

Package hyperref Info: Anchor `equation.3.13' on input line 96.
Package hyperref Info: Anchor `equation.3.13' on input line 96.
Package hyperref Info: Anchor `equation.3.13' on input line 96.
Package hyperref Info: Anchor `equation.3.13' on input line 96.

LaTeX Warning: Reference `eq4-4' on page 46 undefined on input line 101.

Package hyperref Info: Anchor `equation.3.14' on input line 103.
Package hyperref Info: Anchor `equation.3.14' on input line 103.
Package hyperref Info: Anchor `equation.3.14' on input line 103.
Package hyperref Info: Anchor `equation.3.14' on input line 103.
Package hyperref Info: Anchor `equation.3.15' on input line 110.
Package hyperref Info: Anchor `equation.3.15' on input line 110.
Package hyperref Info: Anchor `equation.3.15' on input line 110.
Package hyperref Info: Anchor `equation.3.15' on input line 110.
Package hyperref Info: Anchor `equation.3.16' on input line 115.
Package hyperref Info: Anchor `equation.3.16' on input line 115.
Package hyperref Info: Anchor `equation.3.16' on input line 115.
Package hyperref Info: Anchor `equation.3.16' on input line 115.
Package hyperref Info: Anchor `equation.3.17' on input line 121.
Package hyperref Info: Anchor `equation.3.17' on input line 121.
Package hyperref Info: Anchor `equation.3.17' on input line 121.
Package hyperref Info: Anchor `equation.3.17' on input line 121.
Package hyperref Info: Anchor `equation.3.18' on input line 125.
Package hyperref Info: Anchor `equation.3.18' on input line 125.
Package hyperref Info: Anchor `equation.3.18' on input line 125.
Package hyperref Info: Anchor `equation.3.18' on input line 125.

LaTeX Warning: Reference `eq4-14' on page 47 undefined on input line 129.

Package hyperref Info: Anchor `equation.3.19' on input line 132.
Package hyperref Info: Anchor `equation.3.19' on input line 132.
Package hyperref Info: Anchor `equation.3.19' on input line 132.
Package hyperref Info: Anchor `equation.3.19' on input line 132.
Package hyperref Info: Anchor `equation.3.20' on input line 138.
Package hyperref Info: Anchor `equation.3.20' on input line 138.
Package hyperref Info: Anchor `equation.3.20' on input line 138.
Package hyperref Info: Anchor `equation.3.20' on input line 138.

LaTeX Warning: Reference `eq4-15' on page 47 undefined on input line 142.

Package hyperref Info: Anchor `equation.3.21' on input line 144.
Package hyperref Info: Anchor `equation.3.21' on input line 144.
Package hyperref Info: Anchor `equation.3.21' on input line 144.
Package hyperref Info: Anchor `equation.3.21' on input line 144.
Package hyperref Info: Anchor `equation.3.22' on input line 148.
Package hyperref Info: Anchor `equation.3.22' on input line 148.
Package hyperref Info: Anchor `equation.3.22' on input line 148.
Package hyperref Info: Anchor `equation.3.22' on input line 148.

LaTeX Warning: Reference `eq4-14' on page 47 undefined on input line 152.

Package hyperref Info: Anchor `equation.3.23' on input line 154.
Package hyperref Info: Anchor `equation.3.23' on input line 154.
Package hyperref Info: Anchor `equation.3.23' on input line 154.
Package hyperref Info: Anchor `equation.3.23' on input line 154.
Package hyperref Info: Anchor `equation.3.24' on input line 161.
Package hyperref Info: Anchor `equation.3.24' on input line 161.
Package hyperref Info: Anchor `equation.3.24' on input line 161.
Package hyperref Info: Anchor `equation.3.24' on input line 161.

LaTeX Warning: Reference `eq4-23' on page 47 undefined on input line 165.


LaTeX Warning: Reference `eq4-13' on page 47 undefined on input line 165.

Package hyperref Info: Anchor `equation.3.25' on input line 167.
Package hyperref Info: Anchor `equation.3.25' on input line 167.
Package hyperref Info: Anchor `equation.3.25' on input line 167.
Package hyperref Info: Anchor `equation.3.25' on input line 167.

LaTeX Warning: Reference `eq4-4' on page 47 undefined on input line 172.

Package hyperref Info: Anchor `equation.3.26' on input line 178.
Package hyperref Info: Anchor `equation.3.26' on input line 178.
Package hyperref Info: Anchor `equation.3.26' on input line 178.
Package hyperref Info: Anchor `equation.3.26' on input line 178.
Package hyperref Info: Anchor `equation.3.27' on input line 185.
Package hyperref Info: Anchor `equation.3.27' on input line 185.
Package hyperref Info: Anchor `equation.3.27' on input line 185.
Package hyperref Info: Anchor `equation.3.27' on input line 185.
Package hyperref Info: Anchor `equation.3.28' on input line 195.
Package hyperref Info: Anchor `equation.3.28' on input line 195.
Package hyperref Info: Anchor `equation.3.28' on input line 195.
Package hyperref Info: Anchor `equation.3.28' on input line 195.
Package hyperref Info: Anchor `equation.3.29' on input line 201.
Package hyperref Info: Anchor `equation.3.29' on input line 201.
Package hyperref Info: Anchor `equation.3.29' on input line 201.
Package hyperref Info: Anchor `equation.3.29' on input line 201.

LaTeX Warning: Reference `eq4-25' on page 48 undefined on input line 205.

Package hyperref Info: Anchor `equation.3.30' on input line 207.
Package hyperref Info: Anchor `equation.3.30' on input line 207.
Package hyperref Info: Anchor `equation.3.30' on input line 207.
Package hyperref Info: Anchor `equation.3.30' on input line 207.
Package hyperref Info: Anchor `equation.3.31' on input line 211.
Package hyperref Info: Anchor `equation.3.31' on input line 211.
Package hyperref Info: Anchor `equation.3.31' on input line 211.
Package hyperref Info: Anchor `equation.3.31' on input line 211.

LaTeX Warning: Reference `eq4-26' on page 48 undefined on input line 215.


LaTeX Warning: Reference `eq4-26' on page 48 undefined on input line 215.

Package hyperref Info: Anchor `equation.3.32' on input line 221.
Package hyperref Info: Anchor `equation.3.32' on input line 221.
Package hyperref Info: Anchor `equation.3.32' on input line 221.
Package hyperref Info: Anchor `equation.3.32' on input line 221.
Package hyperref Info: Anchor `equation.3.33' on input line 229.
Package hyperref Info: Anchor `equation.3.33' on input line 229.
Package hyperref Info: Anchor `equation.3.33' on input line 229.
Package hyperref Info: Anchor `equation.3.33' on input line 229.

LaTeX Warning: Reference `eq4-32' on page 48 undefined on input line 233.

Package hyperref Info: Anchor `equation.3.34' on input line 237.
Package hyperref Info: Anchor `equation.3.34' on input line 237.
Package hyperref Info: Anchor `equation.3.34' on input line 237.
Package hyperref Info: Anchor `equation.3.34' on input line 237.
Package hyperref Info: Anchor `equation.3.35' on input line 245.
Package hyperref Info: Anchor `equation.3.35' on input line 245.
Package hyperref Info: Anchor `equation.3.35' on input line 245.
Package hyperref Info: Anchor `equation.3.35' on input line 245.

LaTeX Warning: Reference `eq4-32' on page 48 undefined on input line 249.

Package hyperref Info: Anchor `equation.3.36' on input line 253.
Package hyperref Info: Anchor `equation.3.36' on input line 253.
Package hyperref Info: Anchor `equation.3.36' on input line 253.
Package hyperref Info: Anchor `equation.3.36' on input line 253.

LaTeX Warning: Reference `eq4-25' on page 48 undefined on input line 257.


LaTeX Warning: Reference `eq4-32' on page 48 undefined on input line 257.

Package hyperref Info: Anchor `equation.3.37' on input line 261.
Package hyperref Info: Anchor `equation.3.37' on input line 261.
Package hyperref Info: Anchor `equation.3.37' on input line 261.
Package hyperref Info: Anchor `equation.3.37' on input line 261.

LaTeX Warning: Reference `eq4-38' on page 48 undefined on input line 266.

Package hyperref Info: Anchor `subsection.3.2.1' on input line 268.
Package hyperref Info: bookmark on input line 268:
(hyperref)             thecounter {3.2.1}
(hyperref)             text {\ifttl@toclabel \ttl@a \fi Adiabatic and isothermal limits}
(hyperref)             reference {subsection.3.2.1}
(hyperref)             toclevel {2}
(hyperref)             type {toc}.
Package hyperref Info: Anchor `Item.45' on input line 273.

LaTeX Warning: Reference `eq4-38' on page 48 undefined on input line 273.

Package hyperref Info: Anchor `Item.46' on input line 274.

LaTeX Warning: Reference `eq4-38' on page 48 undefined on input line 274.

Package hyperref Info: Anchor `equation.3.38' on input line 276.
Package hyperref Info: Anchor `equation.3.38' on input line 276.
Package hyperref Info: Anchor `equation.3.38' on input line 276.
Package hyperref Info: Anchor `equation.3.38' on input line 276.
Package hyperref Info: Anchor `equation.3.39' on input line 283.
Package hyperref Info: Anchor `equation.3.39' on input line 283.
Package hyperref Info: Anchor `equation.3.39' on input line 283.
Package hyperref Info: Anchor `equation.3.39' on input line 283.
Package hyperref Info: Anchor `equation.3.40' on input line 289.
Package hyperref Info: Anchor `equation.3.40' on input line 289.
Package hyperref Info: Anchor `equation.3.40' on input line 289.
Package hyperref Info: Anchor `equation.3.40' on input line 289.
Package hyperref Info: Anchor `equation.3.41' on input line 295.
Package hyperref Info: Anchor `equation.3.41' on input line 295.
Package hyperref Info: Anchor `equation.3.41' on input line 295.
Package hyperref Info: Anchor `equation.3.41' on input line 295.

LaTeX Warning: Reference `eq4-42' on page 49 undefined on input line 299.

Package hyperref Info: Anchor `equation.3.42' on input line 301.
Package hyperref Info: Anchor `equation.3.42' on input line 301.
Package hyperref Info: Anchor `equation.3.42' on input line 301.
Package hyperref Info: Anchor `equation.3.42' on input line 301.
Package hyperref Info: Anchor `section.3.3' on input line 307.
Package hyperref Info: bookmark on input line 307:
(hyperref)             thecounter {3.3}
(hyperref)             text {\ifttl@toclabel \ttl@a \fi Magnetohydrodynamics}
(hyperref)             reference {section.3.3}
(hyperref)             toclevel {1}
(hyperref)             type {toc}.
Package hyperref Info: Anchor `equation.3.43' on input line 313.
Package hyperref Info: Anchor `equation.3.43' on input line 313.
Package hyperref Info: Anchor `equation.3.43' on input line 313.
Package hyperref Info: Anchor `equation.3.43' on input line 313.

LaTeX Warning: Reference `eq4-13' on page 49 undefined on input line 317.

Package hyperref Info: Anchor `equation.3.44' on input line 319.
Package hyperref Info: Anchor `equation.3.44' on input line 319.
Package hyperref Info: Anchor `equation.3.44' on input line 319.
Package hyperref Info: Anchor `equation.3.44' on input line 319.

LaTeX Warning: Reference `eq4-25' on page 49 undefined on input line 323.

Package hyperref Info: Anchor `equation.3.45' on input line 325.
Package hyperref Info: Anchor `equation.3.45' on input line 325.
Package hyperref Info: Anchor `equation.3.45' on input line 325.
Package hyperref Info: Anchor `equation.3.45' on input line 325.

LaTeX Warning: Reference `eq4-25' on page 49 undefined on input line 329.

Package hyperref Info: Anchor `equation.3.46' on input line 331.
Package hyperref Info: Anchor `equation.3.46' on input line 331.
Package hyperref Info: Anchor `equation.3.46' on input line 331.
Package hyperref Info: Anchor `equation.3.46' on input line 331.
Package hyperref Info: Anchor `section.3.4' on input line 338.
Package hyperref Info: bookmark on input line 338:
(hyperref)             thecounter {3.4}
(hyperref)             text {\ifttl@toclabel \ttl@a \fi Conservative properties of a Vlasov-Maxwell system}
(hyperref)             reference {section.3.4}
(hyperref)             toclevel {1}
(hyperref)             type {toc}.
Package hyperref Info: Anchor `equation.3.47' on input line 344.
Package hyperref Info: Anchor `equation.3.47' on input line 344.
Package hyperref Info: Anchor `equation.3.47' on input line 344.
Package hyperref Info: Anchor `equation.3.47' on input line 344.
Package hyperref Info: Anchor `equation.3.48' on input line 350.
Package hyperref Info: Anchor `equation.3.48' on input line 350.
Package hyperref Info: Anchor `equation.3.48' on input line 350.
Package hyperref Info: Anchor `equation.3.48' on input line 350.
Package hyperref Info: Anchor `equation.3.49' on input line 354.
Package hyperref Info: Anchor `equation.3.49' on input line 354.
Package hyperref Info: Anchor `equation.3.49' on input line 354.
Package hyperref Info: Anchor `equation.3.49' on input line 354.
Package hyperref Info: Anchor `equation.3.50' on input line 360.
Package hyperref Info: Anchor `equation.3.50' on input line 360.
Package hyperref Info: Anchor `equation.3.50' on input line 360.
Package hyperref Info: Anchor `equation.3.50' on input line 360.
Package hyperref Info: Anchor `equation.3.51' on input line 364.
Package hyperref Info: Anchor `equation.3.51' on input line 364.
Package hyperref Info: Anchor `equation.3.51' on input line 364.
Package hyperref Info: Anchor `equation.3.51' on input line 364.
Package hyperref Info: Anchor `equation.3.52' on input line 368.
Package hyperref Info: Anchor `equation.3.52' on input line 368.
Package hyperref Info: Anchor `equation.3.52' on input line 368.
Package hyperref Info: Anchor `equation.3.52' on input line 368.
)
\providecommand\hyper@newdestlabel[2]{}
(./Chapters/plasma-oscillations.tex
Package hyperref Info: Anchor `chapter.4' on input line 3.
Chapter 4.
Package hyperref Info: bookmark on input line 3:
(hyperref)             thecounter {4}
(hyperref)             text {\protect \numberline {\thechapter }Oscillations and waves in plasmas}
(hyperref)             reference {chapter.4}
(hyperref)             toclevel {0}
(hyperref)             type {toc}.
Package hyperref Info: Anchor `section.4.1' on input line 9.
Package hyperref Info: bookmark on input line 9:
(hyperref)             thecounter {4.1}
(hyperref)             text {\ifttl@toclabel \ttl@a \fi General procedure in studying plasma oscillations}
(hyperref)             reference {section.4.1}
(hyperref)             toclevel {1}
(hyperref)             type {toc}.
Package hyperref Info: Anchor `equation.4.1' on input line 13.
Package hyperref Info: Anchor `equation.4.1' on input line 13.
Package hyperref Info: Anchor `equation.4.1' on input line 13.
Package hyperref Info: Anchor `equation.4.1' on input line 13.
Package hyperref Info: Anchor `equation.4.2' on input line 19.
Package hyperref Info: Anchor `equation.4.2' on input line 19.
Package hyperref Info: Anchor `equation.4.2' on input line 19.
Package hyperref Info: Anchor `equation.4.2' on input line 19.
Package hyperref Info: Anchor `equation.4.3' on input line 25.
Package hyperref Info: Anchor `equation.4.3' on input line 25.
Package hyperref Info: Anchor `equation.4.3' on input line 25.
Package hyperref Info: Anchor `equation.4.3' on input line 25.
Package hyperref Info: Anchor `equation.4.4' on input line 31.
Package hyperref Info: Anchor `equation.4.4' on input line 31.
Package hyperref Info: Anchor `equation.4.4' on input line 31.
Package hyperref Info: Anchor `equation.4.4' on input line 31.
Package hyperref Info: Anchor `equation.4.5' on input line 37.
Package hyperref Info: Anchor `equation.4.5' on input line 37.
Package hyperref Info: Anchor `equation.4.5' on input line 37.
Package hyperref Info: Anchor `equation.4.5' on input line 37.
Package hyperref Info: Anchor `equation.4.6' on input line 43.
Package hyperref Info: Anchor `equation.4.6' on input line 43.
Package hyperref Info: Anchor `equation.4.6' on input line 43.
Package hyperref Info: Anchor `equation.4.6' on input line 43.
Package hyperref Info: Anchor `Item.47' on input line 50.
Package hyperref Info: Anchor `equation.4.7' on input line 52.
Package hyperref Info: Anchor `equation.4.7' on input line 52.
Package hyperref Info: Anchor `equation.4.7' on input line 52.
Package hyperref Info: Anchor `equation.4.7' on input line 52.
Package hyperref Info: Anchor `equation.4.8' on input line 58.
Package hyperref Info: Anchor `equation.4.8' on input line 58.
Package hyperref Info: Anchor `equation.4.8' on input line 58.
Package hyperref Info: Anchor `equation.4.8' on input line 58.
Package hyperref Info: Anchor `equation.4.9' on input line 64.
Package hyperref Info: Anchor `equation.4.9' on input line 64.
Package hyperref Info: Anchor `equation.4.9' on input line 64.
Package hyperref Info: Anchor `equation.4.9' on input line 64.
Package hyperref Info: Anchor `Item.48' on input line 70.
Package hyperref Info: Anchor `equation.4.10' on input line 72.
Package hyperref Info: Anchor `equation.4.10' on input line 72.
Package hyperref Info: Anchor `equation.4.10' on input line 72.
Package hyperref Info: Anchor `equation.4.10' on input line 72.
Package hyperref Info: Anchor `Item.49' on input line 78.
Package hyperref Info: Anchor `equation.4.11' on input line 80.
Package hyperref Info: Anchor `equation.4.11' on input line 80.
Package hyperref Info: Anchor `equation.4.11' on input line 80.
Package hyperref Info: Anchor `equation.4.11' on input line 80.
Package hyperref Info: Anchor `equation.4.12' on input line 86.
Package hyperref Info: Anchor `equation.4.12' on input line 86.
Package hyperref Info: Anchor `equation.4.12' on input line 86.
Package hyperref Info: Anchor `equation.4.12' on input line 86.
Package hyperref Info: Anchor `equation.4.13' on input line 92.
Package hyperref Info: Anchor `equation.4.13' on input line 92.
Package hyperref Info: Anchor `equation.4.13' on input line 92.
Package hyperref Info: Anchor `equation.4.13' on input line 92.
Package hyperref Info: Anchor `equation.4.14' on input line 98.
Package hyperref Info: Anchor `equation.4.14' on input line 98.
Package hyperref Info: Anchor `equation.4.14' on input line 98.
Package hyperref Info: Anchor `equation.4.14' on input line 98.
Package hyperref Info: Anchor `section.4.2' on input line 107.
Package hyperref Info: bookmark on input line 107:
(hyperref)             thecounter {4.2}
(hyperref)             text {\ifttl@toclabel \ttl@a \fi Elementary plasma waves in ideal MHD description}
(hyperref)             reference {section.4.2}
(hyperref)             toclevel {1}
(hyperref)             type {toc}.
Package hyperref Info: Anchor `Item.50' on input line 112.
Package hyperref Info: Anchor `Item.51' on input line 113.
Package hyperref Info: Anchor `Item.52' on input line 114.
Package hyperref Info: Anchor `Item.53' on input line 115.
Package hyperref Info: Anchor `equation.4.15' on input line 120.
Package hyperref Info: Anchor `equation.4.15' on input line 120.
Package hyperref Info: Anchor `equation.4.15' on input line 120.
Package hyperref Info: Anchor `equation.4.15' on input line 120.
Package hyperref Info: Anchor `subsection.4.2.1' on input line 124.
Package hyperref Info: bookmark on input line 124:
(hyperref)             thecounter {4.2.1}
(hyperref)             text {\ifttl@toclabel \ttl@a \fi Alfvén waves: fast and slow modes}
(hyperref)             reference {subsection.4.2.1}
(hyperref)             toclevel {2}
(hyperref)             type {toc}.
Package hyperref Info: Anchor `equation.4.16' on input line 128.
Package hyperref Info: Anchor `equation.4.16' on input line 128.
Package hyperref Info: Anchor `equation.4.16' on input line 128.
Package hyperref Info: Anchor `equation.4.16' on input line 128.
Package hyperref Info: Anchor `equation.4.17' on input line 134.
Package hyperref Info: Anchor `equation.4.17' on input line 134.
Package hyperref Info: Anchor `equation.4.17' on input line 134.
Package hyperref Info: Anchor `equation.4.17' on input line 134.
Package hyperref Info: Anchor `equation.4.18' on input line 140.
Package hyperref Info: Anchor `equation.4.18' on input line 140.
Package hyperref Info: Anchor `equation.4.18' on input line 140.
Package hyperref Info: Anchor `equation.4.18' on input line 140.
Package hyperref Info: Anchor `equation.4.19' on input line 146.
Package hyperref Info: Anchor `equation.4.19' on input line 146.
Package hyperref Info: Anchor `equation.4.19' on input line 146.
Package hyperref Info: Anchor `equation.4.19' on input line 146.
Package hyperref Info: Anchor `equation.4.20' on input line 151.
Package hyperref Info: Anchor `equation.4.20' on input line 151.
Package hyperref Info: Anchor `equation.4.20' on input line 151.
Package hyperref Info: Anchor `equation.4.20' on input line 151.
Package hyperref Info: Anchor `equation.4.21' on input line 165.
Package hyperref Info: Anchor `equation.4.21' on input line 165.
Package hyperref Info: Anchor `equation.4.21' on input line 165.
Package hyperref Info: Anchor `equation.4.21' on input line 165.
Package hyperref Info: Anchor `equation.4.22' on input line 171.
Package hyperref Info: Anchor `equation.4.22' on input line 171.
Package hyperref Info: Anchor `equation.4.22' on input line 171.
Package hyperref Info: Anchor `equation.4.22' on input line 171.
Package hyperref Info: Anchor `equation.4.23' on input line 177.
Package hyperref Info: Anchor `equation.4.23' on input line 177.
Package hyperref Info: Anchor `equation.4.23' on input line 177.
Package hyperref Info: Anchor `equation.4.23' on input line 177.
Package hyperref Info: Anchor `equation.4.24' on input line 183.
Package hyperref Info: Anchor `equation.4.24' on input line 183.
Package hyperref Info: Anchor `equation.4.24' on input line 183.
Package hyperref Info: Anchor `equation.4.24' on input line 183.
Package hyperref Info: Anchor `equation.4.25' on input line 189.
Package hyperref Info: Anchor `equation.4.25' on input line 189.
Package hyperref Info: Anchor `equation.4.25' on input line 189.
Package hyperref Info: Anchor `equation.4.25' on input line 189.
Package hyperref Info: Anchor `equation.4.26' on input line 195.
Package hyperref Info: Anchor `equation.4.26' on input line 195.
Package hyperref Info: Anchor `equation.4.26' on input line 195.
Package hyperref Info: Anchor `equation.4.26' on input line 195.
Package hyperref Info: Anchor `equation.4.27' on input line 201.
Package hyperref Info: Anchor `equation.4.27' on input line 201.
Package hyperref Info: Anchor `equation.4.27' on input line 201.
Package hyperref Info: Anchor `equation.4.27' on input line 201.
Package hyperref Info: Anchor `subsection.4.2.2' on input line 207.
Package hyperref Info: bookmark on input line 207:
(hyperref)             thecounter {4.2.2}
(hyperref)             text {\ifttl@toclabel \ttl@a \fi Alfvén waves: shear and compressional modes}
(hyperref)             reference {subsection.4.2.2}
(hyperref)             toclevel {2}
(hyperref)             type {toc}.
Package hyperref Info: Anchor `equation.4.28' on input line 211.
Package hyperref Info: Anchor `equation.4.28' on input line 211.
Package hyperref Info: Anchor `equation.4.28' on input line 211.
Package hyperref Info: Anchor `equation.4.28' on input line 211.

LaTeX Warning: Reference `eq-4-19' on page 55 undefined on input line 215.

Package hyperref Info: Anchor `equation.4.29' on input line 217.
Package hyperref Info: Anchor `equation.4.29' on input line 217.
Package hyperref Info: Anchor `equation.4.29' on input line 217.
Package hyperref Info: Anchor `equation.4.29' on input line 217.
Package hyperref Info: Anchor `section.4.3' on input line 223.
Package hyperref Info: bookmark on input line 223:
(hyperref)             thecounter {4.3}
(hyperref)             text {\ifttl@toclabel \ttl@a \fi Elementary cold plasma waves in the two-fluid description}
(hyperref)             reference {section.4.3}
(hyperref)             toclevel {1}
(hyperref)             type {toc}.
Package hyperref Info: Anchor `equation.4.30' on input line 229.
Package hyperref Info: Anchor `equation.4.30' on input line 229.
Package hyperref Info: Anchor `equation.4.30' on input line 229.
Package hyperref Info: Anchor `equation.4.30' on input line 229.
Package hyperref Info: Anchor `equation.4.31' on input line 236.
Package hyperref Info: Anchor `equation.4.31' on input line 236.
Package hyperref Info: Anchor `equation.4.31' on input line 236.
Package hyperref Info: Anchor `equation.4.31' on input line 236.
Package hyperref Info: Anchor `equation.4.32' on input line 242.
Package hyperref Info: Anchor `equation.4.32' on input line 242.
Package hyperref Info: Anchor `equation.4.32' on input line 242.
Package hyperref Info: Anchor `equation.4.32' on input line 242.

LaTeX Warning: Reference `eq-4-30' on page 56 undefined on input line 246.

Package hyperref Info: Anchor `equation.4.33' on input line 248.
Package hyperref Info: Anchor `equation.4.33' on input line 248.
Package hyperref Info: Anchor `equation.4.33' on input line 248.
Package hyperref Info: Anchor `equation.4.33' on input line 248.
Package hyperref Info: Anchor `subsection.4.3.1' on input line 254.
Package hyperref Info: bookmark on input line 254:
(hyperref)             thecounter {4.3.1}
(hyperref)             text {\ifttl@toclabel \ttl@a \fi Obtaining dispersion relations via the dielectric tensor}
(hyperref)             reference {subsection.4.3.1}
(hyperref)             toclevel {2}
(hyperref)             type {toc}.
Package hyperref Info: Anchor `equation.4.34' on input line 258.
Package hyperref Info: Anchor `equation.4.34' on input line 258.
Package hyperref Info: Anchor `equation.4.34' on input line 258.
Package hyperref Info: Anchor `equation.4.34' on input line 258.
Package hyperref Info: Anchor `equation.4.35' on input line 264.
Package hyperref Info: Anchor `equation.4.35' on input line 264.
Package hyperref Info: Anchor `equation.4.35' on input line 264.
Package hyperref Info: Anchor `equation.4.35' on input line 264.
Package hyperref Info: Anchor `equation.4.36' on input line 270.
Package hyperref Info: Anchor `equation.4.36' on input line 270.
Package hyperref Info: Anchor `equation.4.36' on input line 270.
Package hyperref Info: Anchor `equation.4.36' on input line 270.
Package hyperref Info: Anchor `equation.4.37' on input line 288.
Package hyperref Info: Anchor `equation.4.37' on input line 288.
Package hyperref Info: Anchor `equation.4.37' on input line 288.
Package hyperref Info: Anchor `equation.4.37' on input line 288.
Package hyperref Info: Anchor `equation.4.38' on input line 302.
Package hyperref Info: Anchor `equation.4.38' on input line 302.
Package hyperref Info: Anchor `equation.4.38' on input line 302.
Package hyperref Info: Anchor `equation.4.38' on input line 302.
Package hyperref Info: Anchor `equation.4.39' on input line 312.
Package hyperref Info: Anchor `equation.4.39' on input line 312.
Package hyperref Info: Anchor `equation.4.39' on input line 312.
Package hyperref Info: Anchor `equation.4.39' on input line 312.
Package hyperref Info: Anchor `equation.4.40' on input line 320.
Package hyperref Info: Anchor `equation.4.40' on input line 320.
Package hyperref Info: Anchor `equation.4.40' on input line 320.
Package hyperref Info: Anchor `equation.4.40' on input line 320.
Package hyperref Info: Anchor `equation.4.41' on input line 326.
Package hyperref Info: Anchor `equation.4.41' on input line 326.
Package hyperref Info: Anchor `equation.4.41' on input line 326.
Package hyperref Info: Anchor `equation.4.41' on input line 326.
Package hyperref Info: Anchor `equation.4.42' on input line 341.
Package hyperref Info: Anchor `equation.4.42' on input line 341.
Package hyperref Info: Anchor `equation.4.42' on input line 341.
Package hyperref Info: Anchor `equation.4.42' on input line 341.
Package hyperref Info: Anchor `equation.4.43' on input line 351.
Package hyperref Info: Anchor `equation.4.43' on input line 351.
Package hyperref Info: Anchor `equation.4.43' on input line 351.
Package hyperref Info: Anchor `equation.4.43' on input line 351.
Package hyperref Info: Anchor `equation.4.44' on input line 357.
Package hyperref Info: Anchor `equation.4.44' on input line 357.
Package hyperref Info: Anchor `equation.4.44' on input line 357.
Package hyperref Info: Anchor `equation.4.44' on input line 357.
Package hyperref Info: Anchor `equation.4.45' on input line 363.
Package hyperref Info: Anchor `equation.4.45' on input line 363.
Package hyperref Info: Anchor `equation.4.45' on input line 363.
Package hyperref Info: Anchor `equation.4.45' on input line 363.
Package hyperref Info: Anchor `equation.4.46' on input line 367.
Package hyperref Info: Anchor `equation.4.46' on input line 367.
Package hyperref Info: Anchor `equation.4.46' on input line 367.
Package hyperref Info: Anchor `equation.4.46' on input line 367.
Package hyperref Info: Anchor `equation.4.47' on input line 371.
Package hyperref Info: Anchor `equation.4.47' on input line 371.
Package hyperref Info: Anchor `equation.4.47' on input line 371.
Package hyperref Info: Anchor `equation.4.47' on input line 371.
Package hyperref Info: Anchor `equation.4.48' on input line 377.
Package hyperref Info: Anchor `equation.4.48' on input line 377.
Package hyperref Info: Anchor `equation.4.48' on input line 377.
Package hyperref Info: Anchor `equation.4.48' on input line 377.
Package hyperref Info: Anchor `subsection.4.3.2' on input line 387.
Package hyperref Info: bookmark on input line 387:
(hyperref)             thecounter {4.3.2}
(hyperref)             text {\ifttl@toclabel \ttl@a \fi Resonances and cut-offs}
(hyperref)             reference {subsection.4.3.2}
(hyperref)             toclevel {2}
(hyperref)             type {toc}.

LaTeX Warning: Reference `eq-4-41' on page 57 undefined on input line 389.

Package hyperref Info: Anchor `equation.4.49' on input line 391.
Package hyperref Info: Anchor `equation.4.49' on input line 391.
Package hyperref Info: Anchor `equation.4.49' on input line 391.
Package hyperref Info: Anchor `equation.4.49' on input line 391.
Package hyperref Info: Anchor `equation.4.50' on input line 401.
Package hyperref Info: Anchor `equation.4.50' on input line 401.
Package hyperref Info: Anchor `equation.4.50' on input line 401.
Package hyperref Info: Anchor `equation.4.50' on input line 401.
Package hyperref Info: Anchor `equation.4.51' on input line 407.
Package hyperref Info: Anchor `equation.4.51' on input line 407.
Package hyperref Info: Anchor `equation.4.51' on input line 407.
Package hyperref Info: Anchor `equation.4.51' on input line 407.
Package hyperref Info: Anchor `equation.4.52' on input line 413.
Package hyperref Info: Anchor `equation.4.52' on input line 413.
Package hyperref Info: Anchor `equation.4.52' on input line 413.
Package hyperref Info: Anchor `equation.4.52' on input line 413.
Package hyperref Info: Anchor `equation.4.53' on input line 419.
Package hyperref Info: Anchor `equation.4.53' on input line 419.
Package hyperref Info: Anchor `equation.4.53' on input line 419.
Package hyperref Info: Anchor `equation.4.53' on input line 419.
Package hyperref Info: Anchor `equation.4.54' on input line 425.
Package hyperref Info: Anchor `equation.4.54' on input line 425.
Package hyperref Info: Anchor `equation.4.54' on input line 425.
Package hyperref Info: Anchor `equation.4.54' on input line 425.
Package hyperref Info: Anchor `equation.4.55' on input line 429.
Package hyperref Info: Anchor `equation.4.55' on input line 429.
Package hyperref Info: Anchor `equation.4.55' on input line 429.
Package hyperref Info: Anchor `equation.4.55' on input line 429.
Package hyperref Info: Anchor `equation.4.56' on input line 435.
Package hyperref Info: Anchor `equation.4.56' on input line 435.
Package hyperref Info: Anchor `equation.4.56' on input line 435.
Package hyperref Info: Anchor `equation.4.56' on input line 435.
Package hyperref Info: Anchor `equation.4.57' on input line 441.
Package hyperref Info: Anchor `equation.4.57' on input line 441.
Package hyperref Info: Anchor `equation.4.57' on input line 441.
Package hyperref Info: Anchor `equation.4.57' on input line 441.
Package hyperref Info: Anchor `equation.4.58' on input line 449.
Package hyperref Info: Anchor `equation.4.58' on input line 449.
Package hyperref Info: Anchor `equation.4.58' on input line 449.
Package hyperref Info: Anchor `equation.4.58' on input line 449.
Package hyperref Info: Anchor `equation.4.59' on input line 455.
Package hyperref Info: Anchor `equation.4.59' on input line 455.
Package hyperref Info: Anchor `equation.4.59' on input line 455.
Package hyperref Info: Anchor `equation.4.59' on input line 455.
Package hyperref Info: Anchor `equation.4.60' on input line 461.
Package hyperref Info: Anchor `equation.4.60' on input line 461.
Package hyperref Info: Anchor `equation.4.60' on input line 461.
Package hyperref Info: Anchor `equation.4.60' on input line 461.
Package hyperref Info: Anchor `equation.4.61' on input line 468.
Package hyperref Info: Anchor `equation.4.61' on input line 468.
Package hyperref Info: Anchor `equation.4.61' on input line 468.
Package hyperref Info: Anchor `equation.4.61' on input line 468.
Package hyperref Info: Anchor `equation.4.62' on input line 474.
Package hyperref Info: Anchor `equation.4.62' on input line 474.
Package hyperref Info: Anchor `equation.4.62' on input line 474.
Package hyperref Info: Anchor `equation.4.62' on input line 474.
Package hyperref Info: Anchor `equation.4.63' on input line 480.
Package hyperref Info: Anchor `equation.4.63' on input line 480.
Package hyperref Info: Anchor `equation.4.63' on input line 480.
Package hyperref Info: Anchor `equation.4.63' on input line 480.
Package hyperref Info: Anchor `equation.4.64' on input line 486.
Package hyperref Info: Anchor `equation.4.64' on input line 486.
Package hyperref Info: Anchor `equation.4.64' on input line 486.
Package hyperref Info: Anchor `equation.4.64' on input line 486.

LaTeX Warning: Reference `eq-4-60' on page 59 undefined on input line 490.

Package hyperref Info: Anchor `subsection.4.3.3' on input line 492.
Package hyperref Info: bookmark on input line 492:
(hyperref)             thecounter {4.3.3}
(hyperref)             text {\ifttl@toclabel \ttl@a \fi Clemmow-Mullaly-Allis diagram and taxonomy of modes}
(hyperref)             reference {subsection.4.3.3}
(hyperref)             toclevel {2}
(hyperref)             type {toc}.
Package hyperref Info: Anchor `Item.54' on input line 499.
Package hyperref Info: Anchor `Item.55' on input line 500.
Package hyperref Info: Anchor `Item.56' on input line 506.
Package hyperref Info: Anchor `Item.57' on input line 510.
Package hyperref Info: Anchor `Item.58' on input line 514.
Package hyperref Info: Anchor `Item.59' on input line 518.
Package hyperref Info: Anchor `Item.60' on input line 522.
Package hyperref Info: Anchor `Item.61' on input line 530.
Package hyperref Info: Anchor `Item.62' on input line 531.
Package hyperref Info: Anchor `Item.63' on input line 532.
Package hyperref Info: Anchor `equation.4.65' on input line 537.
Package hyperref Info: Anchor `equation.4.65' on input line 537.
Package hyperref Info: Anchor `equation.4.65' on input line 537.
Package hyperref Info: Anchor `equation.4.65' on input line 537.
Package hyperref Info: Anchor `section.4.4' on input line 549.
Package hyperref Info: bookmark on input line 549:
(hyperref)             thecounter {4.4}
(hyperref)             text {\ifttl@toclabel \ttl@a \fi Elementary warm plasma waves in the two-fluid description}
(hyperref)             reference {section.4.4}
(hyperref)             toclevel {1}
(hyperref)             type {toc}.
Package hyperref Info: Anchor `subsection.4.4.1' on input line 553.
Package hyperref Info: bookmark on input line 553:
(hyperref)             thecounter {4.4.1}
(hyperref)             text {\ifttl@toclabel \ttl@a \fi Perpendicular propagation in warm magnetised plasmas}
(hyperref)             reference {subsection.4.4.1}
(hyperref)             toclevel {2}
(hyperref)             type {toc}.
Package hyperref Info: Anchor `equation.4.66' on input line 557.
Package hyperref Info: Anchor `equation.4.66' on input line 557.
Package hyperref Info: Anchor `equation.4.66' on input line 557.
Package hyperref Info: Anchor `equation.4.66' on input line 557.
Package hyperref Info: Anchor `equation.4.67' on input line 563.
Package hyperref Info: Anchor `equation.4.67' on input line 563.
Package hyperref Info: Anchor `equation.4.67' on input line 563.
Package hyperref Info: Anchor `equation.4.67' on input line 563.
Package hyperref Info: Anchor `equation.4.68' on input line 569.
Package hyperref Info: Anchor `equation.4.68' on input line 569.
Package hyperref Info: Anchor `equation.4.68' on input line 569.
Package hyperref Info: Anchor `equation.4.68' on input line 569.
Package hyperref Info: Anchor `equation.4.69' on input line 575.
Package hyperref Info: Anchor `equation.4.69' on input line 575.
Package hyperref Info: Anchor `equation.4.69' on input line 575.
Package hyperref Info: Anchor `equation.4.69' on input line 575.
Package hyperref Info: Anchor `equation.4.70' on input line 579.
Package hyperref Info: Anchor `equation.4.70' on input line 579.
Package hyperref Info: Anchor `equation.4.70' on input line 579.
Package hyperref Info: Anchor `equation.4.70' on input line 579.
Package hyperref Info: Anchor `equation.4.71' on input line 586.
Package hyperref Info: Anchor `equation.4.71' on input line 586.
Package hyperref Info: Anchor `equation.4.71' on input line 586.
Package hyperref Info: Anchor `equation.4.71' on input line 586.
Package hyperref Info: Anchor `equation.4.72' on input line 592.
Package hyperref Info: Anchor `equation.4.72' on input line 592.
Package hyperref Info: Anchor `equation.4.72' on input line 592.
Package hyperref Info: Anchor `equation.4.72' on input line 592.
Package hyperref Info: Anchor `equation.4.73' on input line 598.
Package hyperref Info: Anchor `equation.4.73' on input line 598.
Package hyperref Info: Anchor `equation.4.73' on input line 598.
Package hyperref Info: Anchor `equation.4.73' on input line 598.
Package hyperref Info: Anchor `equation.4.74' on input line 604.
Package hyperref Info: Anchor `equation.4.74' on input line 604.
Package hyperref Info: Anchor `equation.4.74' on input line 604.
Package hyperref Info: Anchor `equation.4.74' on input line 604.

LaTeX Warning: Reference `eq-4-61' on page 61 undefined on input line 608.

Package hyperref Info: Anchor `equation.4.75' on input line 610.
Package hyperref Info: Anchor `equation.4.75' on input line 610.
Package hyperref Info: Anchor `equation.4.75' on input line 610.
Package hyperref Info: Anchor `equation.4.75' on input line 610.
Package hyperref Info: Anchor `equation.4.76' on input line 616.
Package hyperref Info: Anchor `equation.4.76' on input line 616.
Package hyperref Info: Anchor `equation.4.76' on input line 616.
Package hyperref Info: Anchor `equation.4.76' on input line 616.
Package hyperref Info: Anchor `equation.4.77' on input line 622.
Package hyperref Info: Anchor `equation.4.77' on input line 622.
Package hyperref Info: Anchor `equation.4.77' on input line 622.
Package hyperref Info: Anchor `equation.4.77' on input line 622.
Package hyperref Info: Anchor `equation.4.78' on input line 628.
Package hyperref Info: Anchor `equation.4.78' on input line 628.
Package hyperref Info: Anchor `equation.4.78' on input line 628.
Package hyperref Info: Anchor `equation.4.78' on input line 628.
Package hyperref Info: Anchor `equation.4.79' on input line 632.
Package hyperref Info: Anchor `equation.4.79' on input line 632.
Package hyperref Info: Anchor `equation.4.79' on input line 632.
Package hyperref Info: Anchor `equation.4.79' on input line 632.
Package hyperref Info: Anchor `equation.4.80' on input line 638.
Package hyperref Info: Anchor `equation.4.80' on input line 638.
Package hyperref Info: Anchor `equation.4.80' on input line 638.
Package hyperref Info: Anchor `equation.4.80' on input line 638.
Package hyperref Info: Anchor `equation.4.81' on input line 644.
Package hyperref Info: Anchor `equation.4.81' on input line 644.
Package hyperref Info: Anchor `equation.4.81' on input line 644.
Package hyperref Info: Anchor `equation.4.81' on input line 644.
Package hyperref Info: Anchor `equation.4.82' on input line 650.
Package hyperref Info: Anchor `equation.4.82' on input line 650.
Package hyperref Info: Anchor `equation.4.82' on input line 650.
Package hyperref Info: Anchor `equation.4.82' on input line 650.
Package hyperref Info: Anchor `equation.4.83' on input line 656.
Package hyperref Info: Anchor `equation.4.83' on input line 656.
Package hyperref Info: Anchor `equation.4.83' on input line 656.
Package hyperref Info: Anchor `equation.4.83' on input line 656.
Package hyperref Info: Anchor `equation.4.84' on input line 662.
Package hyperref Info: Anchor `equation.4.84' on input line 662.
Package hyperref Info: Anchor `equation.4.84' on input line 662.
Package hyperref Info: Anchor `equation.4.84' on input line 662.
Package hyperref Info: Anchor `equation.4.85' on input line 668.
Package hyperref Info: Anchor `equation.4.85' on input line 668.
Package hyperref Info: Anchor `equation.4.85' on input line 668.
Package hyperref Info: Anchor `equation.4.85' on input line 668.
Package hyperref Info: Anchor `equation.4.86' on input line 674.
Package hyperref Info: Anchor `equation.4.86' on input line 674.
Package hyperref Info: Anchor `equation.4.86' on input line 674.
Package hyperref Info: Anchor `equation.4.86' on input line 674.
Package hyperref Info: Anchor `subsection.4.4.2' on input line 678.
Package hyperref Info: bookmark on input line 678:
(hyperref)             thecounter {4.4.2}
(hyperref)             text {\ifttl@toclabel \ttl@a \fi Parallel propagation in warm magnetised plasmas}
(hyperref)             reference {subsection.4.4.2}
(hyperref)             toclevel {2}
(hyperref)             type {toc}.
Package hyperref Info: Anchor `equation.4.87' on input line 682.
Package hyperref Info: Anchor `equation.4.87' on input line 682.
Package hyperref Info: Anchor `equation.4.87' on input line 682.
Package hyperref Info: Anchor `equation.4.87' on input line 682.
Package hyperref Info: Anchor `equation.4.88' on input line 688.
Package hyperref Info: Anchor `equation.4.88' on input line 688.
Package hyperref Info: Anchor `equation.4.88' on input line 688.
Package hyperref Info: Anchor `equation.4.88' on input line 688.
Package hyperref Info: Anchor `equation.4.89' on input line 694.
Package hyperref Info: Anchor `equation.4.89' on input line 694.
Package hyperref Info: Anchor `equation.4.89' on input line 694.
Package hyperref Info: Anchor `equation.4.89' on input line 694.
Package hyperref Info: Anchor `equation.4.90' on input line 698.
Package hyperref Info: Anchor `equation.4.90' on input line 698.
Package hyperref Info: Anchor `equation.4.90' on input line 698.
Package hyperref Info: Anchor `equation.4.90' on input line 698.
Package hyperref Info: Anchor `equation.4.91' on input line 704.
Package hyperref Info: Anchor `equation.4.91' on input line 704.
Package hyperref Info: Anchor `equation.4.91' on input line 704.
Package hyperref Info: Anchor `equation.4.91' on input line 704.
Package hyperref Info: Anchor `equation.4.92' on input line 710.
Package hyperref Info: Anchor `equation.4.92' on input line 710.
Package hyperref Info: Anchor `equation.4.92' on input line 710.
Package hyperref Info: Anchor `equation.4.92' on input line 710.
Package hyperref Info: Anchor `equation.4.93' on input line 716.
Package hyperref Info: Anchor `equation.4.93' on input line 716.
Package hyperref Info: Anchor `equation.4.93' on input line 716.
Package hyperref Info: Anchor `equation.4.93' on input line 716.
Package hyperref Info: Anchor `equation.4.94' on input line 722.
Package hyperref Info: Anchor `equation.4.94' on input line 722.
Package hyperref Info: Anchor `equation.4.94' on input line 722.
Package hyperref Info: Anchor `equation.4.94' on input line 722.
Package hyperref Info: Anchor `Item.64' on input line 727.
Package hyperref Info: Anchor `equation.4.95' on input line 729.
Package hyperref Info: Anchor `equation.4.95' on input line 729.
Package hyperref Info: Anchor `equation.4.95' on input line 729.
Package hyperref Info: Anchor `equation.4.95' on input line 729.
Package hyperref Info: Anchor `Item.65' on input line 735.
Package hyperref Info: Anchor `equation.4.96' on input line 737.
Package hyperref Info: Anchor `equation.4.96' on input line 737.
Package hyperref Info: Anchor `equation.4.96' on input line 737.
Package hyperref Info: Anchor `equation.4.96' on input line 737.
Package hyperref Info: Anchor `equation.4.97' on input line 743.
Package hyperref Info: Anchor `equation.4.97' on input line 743.
Package hyperref Info: Anchor `equation.4.97' on input line 743.
Package hyperref Info: Anchor `equation.4.97' on input line 743.
Package hyperref Info: Anchor `equation.4.98' on input line 749.
Package hyperref Info: Anchor `equation.4.98' on input line 749.
Package hyperref Info: Anchor `equation.4.98' on input line 749.
Package hyperref Info: Anchor `equation.4.98' on input line 749.
Package hyperref Info: Anchor `Item.66' on input line 755.
Package hyperref Info: Anchor `equation.4.99' on input line 757.
Package hyperref Info: Anchor `equation.4.99' on input line 757.
Package hyperref Info: Anchor `equation.4.99' on input line 757.
Package hyperref Info: Anchor `equation.4.99' on input line 757.
Package hyperref Info: Anchor `subsection.4.4.3' on input line 767.
Package hyperref Info: bookmark on input line 767:
(hyperref)             thecounter {4.4.3}
(hyperref)             text {\ifttl@toclabel \ttl@a \fi Non-linear cold unmagnetised waves in the two-fluid description}
(hyperref)             reference {subsection.4.4.3}
(hyperref)             toclevel {2}
(hyperref)             type {toc}.
Package hyperref Info: Anchor `equation.4.100' on input line 773.
Package hyperref Info: Anchor `equation.4.100' on input line 773.
Package hyperref Info: Anchor `equation.4.100' on input line 773.
Package hyperref Info: Anchor `equation.4.100' on input line 773.
Package hyperref Info: Anchor `equation.4.101' on input line 777.
Package hyperref Info: Anchor `equation.4.101' on input line 777.
Package hyperref Info: Anchor `equation.4.101' on input line 777.
Package hyperref Info: Anchor `equation.4.101' on input line 777.
Package hyperref Info: Anchor `equation.4.102' on input line 783.
Package hyperref Info: Anchor `equation.4.102' on input line 783.
Package hyperref Info: Anchor `equation.4.102' on input line 783.
Package hyperref Info: Anchor `equation.4.102' on input line 783.
Package hyperref Info: Anchor `equation.4.103' on input line 789.
Package hyperref Info: Anchor `equation.4.103' on input line 789.
Package hyperref Info: Anchor `equation.4.103' on input line 789.
Package hyperref Info: Anchor `equation.4.103' on input line 789.
Package hyperref Info: Anchor `equation.4.104' on input line 793.
Package hyperref Info: Anchor `equation.4.104' on input line 793.
Package hyperref Info: Anchor `equation.4.104' on input line 793.
Package hyperref Info: Anchor `equation.4.104' on input line 793.
Package hyperref Info: Anchor `equation.4.105' on input line 799.
Package hyperref Info: Anchor `equation.4.105' on input line 799.
Package hyperref Info: Anchor `equation.4.105' on input line 799.
Package hyperref Info: Anchor `equation.4.105' on input line 799.
Package hyperref Info: Anchor `equation.4.106' on input line 803.
Package hyperref Info: Anchor `equation.4.106' on input line 803.
Package hyperref Info: Anchor `equation.4.106' on input line 803.
Package hyperref Info: Anchor `equation.4.106' on input line 803.
Package hyperref Info: Anchor `equation.4.107' on input line 807.
Package hyperref Info: Anchor `equation.4.107' on input line 807.
Package hyperref Info: Anchor `equation.4.107' on input line 807.
Package hyperref Info: Anchor `equation.4.107' on input line 807.
Package hyperref Info: Anchor `equation.4.108' on input line 813.
Package hyperref Info: Anchor `equation.4.108' on input line 813.
Package hyperref Info: Anchor `equation.4.108' on input line 813.
Package hyperref Info: Anchor `equation.4.108' on input line 813.
Package hyperref Info: Anchor `equation.4.109' on input line 817.
Package hyperref Info: Anchor `equation.4.109' on input line 817.
Package hyperref Info: Anchor `equation.4.109' on input line 817.
Package hyperref Info: Anchor `equation.4.109' on input line 817.
Package hyperref Info: Anchor `equation.4.110' on input line 821.
Package hyperref Info: Anchor `equation.4.110' on input line 821.
Package hyperref Info: Anchor `equation.4.110' on input line 821.
Package hyperref Info: Anchor `equation.4.110' on input line 821.
Package hyperref Info: Anchor `equation.4.111' on input line 827.
Package hyperref Info: Anchor `equation.4.111' on input line 827.
Package hyperref Info: Anchor `equation.4.111' on input line 827.
Package hyperref Info: Anchor `equation.4.111' on input line 827.
Package hyperref Info: Anchor `equation.4.112' on input line 833.
Package hyperref Info: Anchor `equation.4.112' on input line 833.
Package hyperref Info: Anchor `equation.4.112' on input line 833.
Package hyperref Info: Anchor `equation.4.112' on input line 833.
Package hyperref Info: Anchor `equation.4.113' on input line 839.
Package hyperref Info: Anchor `equation.4.113' on input line 839.
Package hyperref Info: Anchor `equation.4.113' on input line 839.
Package hyperref Info: Anchor `equation.4.113' on input line 839.
Package hyperref Info: Anchor `subsubsection.4.4.3.1' on input line 843.
Package hyperref Info: bookmark on input line 843:
(hyperref)             thecounter {4.4.3.1}
(hyperref)             text {\ifttl@toclabel \ttl@a \fi Soliton solution of a non-linear ion acoustic wave}
(hyperref)             reference {subsubsection.4.4.3.1}
(hyperref)             toclevel {3}
(hyperref)             type {toc}.
Package hyperref Info: Anchor `equation.4.114' on input line 847.
Package hyperref Info: Anchor `equation.4.114' on input line 847.
Package hyperref Info: Anchor `equation.4.114' on input line 847.
Package hyperref Info: Anchor `equation.4.114' on input line 847.
Package hyperref Info: Anchor `equation.4.115' on input line 853.
Package hyperref Info: Anchor `equation.4.115' on input line 853.
Package hyperref Info: Anchor `equation.4.115' on input line 853.
Package hyperref Info: Anchor `equation.4.115' on input line 853.
Package hyperref Info: Anchor `equation.4.116' on input line 859.
Package hyperref Info: Anchor `equation.4.116' on input line 859.
Package hyperref Info: Anchor `equation.4.116' on input line 859.
Package hyperref Info: Anchor `equation.4.116' on input line 859.
Package hyperref Info: Anchor `equation.4.117' on input line 865.
Package hyperref Info: Anchor `equation.4.117' on input line 865.
Package hyperref Info: Anchor `equation.4.117' on input line 865.
Package hyperref Info: Anchor `equation.4.117' on input line 865.
Package hyperref Info: Anchor `equation.4.118' on input line 871.
Package hyperref Info: Anchor `equation.4.118' on input line 871.
Package hyperref Info: Anchor `equation.4.118' on input line 871.
Package hyperref Info: Anchor `equation.4.118' on input line 871.
Package hyperref Info: Anchor `equation.4.119' on input line 877.
Package hyperref Info: Anchor `equation.4.119' on input line 877.
Package hyperref Info: Anchor `equation.4.119' on input line 877.
Package hyperref Info: Anchor `equation.4.119' on input line 877.
Package hyperref Info: Anchor `equation.4.120' on input line 883.
Package hyperref Info: Anchor `equation.4.120' on input line 883.
Package hyperref Info: Anchor `equation.4.120' on input line 883.
Package hyperref Info: Anchor `equation.4.120' on input line 883.
Package hyperref Info: Anchor `equation.4.121' on input line 889.
Package hyperref Info: Anchor `equation.4.121' on input line 889.
Package hyperref Info: Anchor `equation.4.121' on input line 889.
Package hyperref Info: Anchor `equation.4.121' on input line 889.
Package hyperref Info: Anchor `equation.4.122' on input line 893.
Package hyperref Info: Anchor `equation.4.122' on input line 893.
Package hyperref Info: Anchor `equation.4.122' on input line 893.
Package hyperref Info: Anchor `equation.4.122' on input line 893.
Package hyperref Info: Anchor `equation.4.123' on input line 899.
Package hyperref Info: Anchor `equation.4.123' on input line 899.
Package hyperref Info: Anchor `equation.4.123' on input line 899.
Package hyperref Info: Anchor `equation.4.123' on input line 899.
Package hyperref Info: Anchor `equation.4.124' on input line 903.
Package hyperref Info: Anchor `equation.4.124' on input line 903.
Package hyperref Info: Anchor `equation.4.124' on input line 903.
Package hyperref Info: Anchor `equation.4.124' on input line 903.
Package hyperref Info: Anchor `equation.4.125' on input line 907.
Package hyperref Info: Anchor `equation.4.125' on input line 907.
Package hyperref Info: Anchor `equation.4.125' on input line 907.
Package hyperref Info: Anchor `equation.4.125' on input line 907.
Package hyperref Info: Anchor `equation.4.126' on input line 911.
Package hyperref Info: Anchor `equation.4.126' on input line 911.
Package hyperref Info: Anchor `equation.4.126' on input line 911.
Package hyperref Info: Anchor `equation.4.126' on input line 911.
Package hyperref Info: Anchor `equation.4.127' on input line 917.
Package hyperref Info: Anchor `equation.4.127' on input line 917.
Package hyperref Info: Anchor `equation.4.127' on input line 917.
Package hyperref Info: Anchor `equation.4.127' on input line 917.
Package hyperref Info: Anchor `section.4.5' on input line 924.
Package hyperref Info: bookmark on input line 924:
(hyperref)             thecounter {4.5}
(hyperref)             text {\ifttl@toclabel \ttl@a \fi Vlasov-Poisson model of warm electrostatic waves}
(hyperref)             reference {section.4.5}
(hyperref)             toclevel {1}
(hyperref)             type {toc}.

LaTeX Warning: Reference `vlasov-maxwell' on page 66 undefined on input line 926.


LaTeX Warning: Reference `plasma-models' on page 66 undefined on input line 926.

Package hyperref Info: Anchor `equation.4.128' on input line 928.
Package hyperref Info: Anchor `equation.4.128' on input line 928.
Package hyperref Info: Anchor `equation.4.128' on input line 928.
Package hyperref Info: Anchor `equation.4.128' on input line 928.
Package hyperref Info: Anchor `equation.4.129' on input line 934.
Package hyperref Info: Anchor `equation.4.129' on input line 934.
Package hyperref Info: Anchor `equation.4.129' on input line 934.
Package hyperref Info: Anchor `equation.4.129' on input line 934.
Package hyperref Info: Anchor `equation.4.130' on input line 940.
Package hyperref Info: Anchor `equation.4.130' on input line 940.
Package hyperref Info: Anchor `equation.4.130' on input line 940.
Package hyperref Info: Anchor `equation.4.130' on input line 940.
Package hyperref Info: Anchor `equation.4.131' on input line 946.
Package hyperref Info: Anchor `equation.4.131' on input line 946.
Package hyperref Info: Anchor `equation.4.131' on input line 946.
Package hyperref Info: Anchor `equation.4.131' on input line 946.
Package hyperref Info: Anchor `equation.4.132' on input line 952.
Package hyperref Info: Anchor `equation.4.132' on input line 952.
Package hyperref Info: Anchor `equation.4.132' on input line 952.
Package hyperref Info: Anchor `equation.4.132' on input line 952.
Package hyperref Info: Anchor `equation.4.133' on input line 958.
Package hyperref Info: Anchor `equation.4.133' on input line 958.
Package hyperref Info: Anchor `equation.4.133' on input line 958.
Package hyperref Info: Anchor `equation.4.133' on input line 958.
Package hyperref Info: Anchor `equation.4.134' on input line 964.
Package hyperref Info: Anchor `equation.4.134' on input line 964.
Package hyperref Info: Anchor `equation.4.134' on input line 964.
Package hyperref Info: Anchor `equation.4.134' on input line 964.
Package hyperref Info: Anchor `subsection.4.5.1' on input line 970.
Package hyperref Info: bookmark on input line 970:
(hyperref)             thecounter {4.5.1}
(hyperref)             text {\ifttl@toclabel \ttl@a \fi Two-stream instability}
(hyperref)             reference {subsection.4.5.1}
(hyperref)             toclevel {2}
(hyperref)             type {toc}.
Package hyperref Info: Anchor `equation.4.135' on input line 976.
Package hyperref Info: Anchor `equation.4.135' on input line 976.
Package hyperref Info: Anchor `equation.4.135' on input line 976.
Package hyperref Info: Anchor `equation.4.135' on input line 976.
Package hyperref Info: Anchor `equation.4.136' on input line 982.
Package hyperref Info: Anchor `equation.4.136' on input line 982.
Package hyperref Info: Anchor `equation.4.136' on input line 982.
Package hyperref Info: Anchor `equation.4.136' on input line 982.
Package hyperref Info: Anchor `equation.4.137' on input line 988.
Package hyperref Info: Anchor `equation.4.137' on input line 988.
Package hyperref Info: Anchor `equation.4.137' on input line 988.
Package hyperref Info: Anchor `equation.4.137' on input line 988.
Package hyperref Info: Anchor `equation.4.138' on input line 994.
Package hyperref Info: Anchor `equation.4.138' on input line 994.
Package hyperref Info: Anchor `equation.4.138' on input line 994.
Package hyperref Info: Anchor `equation.4.138' on input line 994.
Package hyperref Info: Anchor `equation.4.139' on input line 1000.
Package hyperref Info: Anchor `equation.4.139' on input line 1000.
Package hyperref Info: Anchor `equation.4.139' on input line 1000.
Package hyperref Info: Anchor `equation.4.139' on input line 1000.
Package hyperref Info: Anchor `equation.4.140' on input line 1006.
Package hyperref Info: Anchor `equation.4.140' on input line 1006.
Package hyperref Info: Anchor `equation.4.140' on input line 1006.
Package hyperref Info: Anchor `equation.4.140' on input line 1006.
Package hyperref Info: Anchor `equation.4.141' on input line 1012.
Package hyperref Info: Anchor `equation.4.141' on input line 1012.
Package hyperref Info: Anchor `equation.4.141' on input line 1012.
Package hyperref Info: Anchor `equation.4.141' on input line 1012.
Package hyperref Info: Anchor `equation.4.142' on input line 1016.
Package hyperref Info: Anchor `equation.4.142' on input line 1016.
Package hyperref Info: Anchor `equation.4.142' on input line 1016.
Package hyperref Info: Anchor `equation.4.142' on input line 1016.
Package hyperref Info: Anchor `equation.4.143' on input line 1022.
Package hyperref Info: Anchor `equation.4.143' on input line 1022.
Package hyperref Info: Anchor `equation.4.143' on input line 1022.
Package hyperref Info: Anchor `equation.4.143' on input line 1022.
Package hyperref Info: Anchor `subsection.4.5.2' on input line 1028.
Package hyperref Info: bookmark on input line 1028:
(hyperref)             thecounter {4.5.2}
(hyperref)             text {\ifttl@toclabel \ttl@a \fi Treatment of electrostatic waves using Landau approach}
(hyperref)             reference {subsection.4.5.2}
(hyperref)             toclevel {2}
(hyperref)             type {toc}.
Package hyperref Info: Anchor `equation.4.144' on input line 1032.
Package hyperref Info: Anchor `equation.4.144' on input line 1032.
Package hyperref Info: Anchor `equation.4.144' on input line 1032.
Package hyperref Info: Anchor `equation.4.144' on input line 1032.
Package hyperref Info: Anchor `equation.4.145' on input line 1038.
Package hyperref Info: Anchor `equation.4.145' on input line 1038.
Package hyperref Info: Anchor `equation.4.145' on input line 1038.
Package hyperref Info: Anchor `equation.4.145' on input line 1038.
Package hyperref Info: Anchor `equation.4.146' on input line 1044.
Package hyperref Info: Anchor `equation.4.146' on input line 1044.
Package hyperref Info: Anchor `equation.4.146' on input line 1044.
Package hyperref Info: Anchor `equation.4.146' on input line 1044.
Package hyperref Info: Anchor `equation.4.147' on input line 1050.
Package hyperref Info: Anchor `equation.4.147' on input line 1050.
Package hyperref Info: Anchor `equation.4.147' on input line 1050.
Package hyperref Info: Anchor `equation.4.147' on input line 1050.
Package hyperref Info: Anchor `equation.4.148' on input line 1056.
Package hyperref Info: Anchor `equation.4.148' on input line 1056.
Package hyperref Info: Anchor `equation.4.148' on input line 1056.
Package hyperref Info: Anchor `equation.4.148' on input line 1056.
Package hyperref Info: Anchor `equation.4.149' on input line 1062.
Package hyperref Info: Anchor `equation.4.149' on input line 1062.
Package hyperref Info: Anchor `equation.4.149' on input line 1062.
Package hyperref Info: Anchor `equation.4.149' on input line 1062.
Package hyperref Info: Anchor `equation.4.150' on input line 1068.
Package hyperref Info: Anchor `equation.4.150' on input line 1068.
Package hyperref Info: Anchor `equation.4.150' on input line 1068.
Package hyperref Info: Anchor `equation.4.150' on input line 1068.
Package hyperref Info: Anchor `equation.4.151' on input line 1074.
Package hyperref Info: Anchor `equation.4.151' on input line 1074.
Package hyperref Info: Anchor `equation.4.151' on input line 1074.
Package hyperref Info: Anchor `equation.4.151' on input line 1074.
Package hyperref Info: Anchor `equation.4.152' on input line 1078.
Package hyperref Info: Anchor `equation.4.152' on input line 1078.
Package hyperref Info: Anchor `equation.4.152' on input line 1078.
Package hyperref Info: Anchor `equation.4.152' on input line 1078.
Package hyperref Info: Anchor `equation.4.153' on input line 1084.
Package hyperref Info: Anchor `equation.4.153' on input line 1084.
Package hyperref Info: Anchor `equation.4.153' on input line 1084.
Package hyperref Info: Anchor `equation.4.153' on input line 1084.
Package hyperref Info: Anchor `equation.4.154' on input line 1092.
Package hyperref Info: Anchor `equation.4.154' on input line 1092.
Package hyperref Info: Anchor `equation.4.154' on input line 1092.
Package hyperref Info: Anchor `equation.4.154' on input line 1092.
Package hyperref Info: Anchor `equation.4.155' on input line 1098.
Package hyperref Info: Anchor `equation.4.155' on input line 1098.
Package hyperref Info: Anchor `equation.4.155' on input line 1098.
Package hyperref Info: Anchor `equation.4.155' on input line 1098.
Package hyperref Info: Anchor `equation.4.156' on input line 1106.
Package hyperref Info: Anchor `equation.4.156' on input line 1106.
Package hyperref Info: Anchor `equation.4.156' on input line 1106.
Package hyperref Info: Anchor `equation.4.156' on input line 1106.
Package hyperref Info: Anchor `equation.4.157' on input line 1113.
Package hyperref Info: Anchor `equation.4.157' on input line 1113.
Package hyperref Info: Anchor `equation.4.157' on input line 1113.
Package hyperref Info: Anchor `equation.4.157' on input line 1113.
Package hyperref Info: Anchor `equation.4.158' on input line 1119.
Package hyperref Info: Anchor `equation.4.158' on input line 1119.
Package hyperref Info: Anchor `equation.4.158' on input line 1119.
Package hyperref Info: Anchor `equation.4.158' on input line 1119.
Package hyperref Info: Anchor `equation.4.159' on input line 1123.
Package hyperref Info: Anchor `equation.4.159' on input line 1123.
Package hyperref Info: Anchor `equation.4.159' on input line 1123.
Package hyperref Info: Anchor `equation.4.159' on input line 1123.
Package hyperref Info: Anchor `equation.4.160' on input line 1127.
Package hyperref Info: Anchor `equation.4.160' on input line 1127.
Package hyperref Info: Anchor `equation.4.160' on input line 1127.
Package hyperref Info: Anchor `equation.4.160' on input line 1127.
Package hyperref Info: Anchor `equation.4.161' on input line 1133.
Package hyperref Info: Anchor `equation.4.161' on input line 1133.
Package hyperref Info: Anchor `equation.4.161' on input line 1133.
Package hyperref Info: Anchor `equation.4.161' on input line 1133.
Package hyperref Info: Anchor `equation.4.162' on input line 1139.
Package hyperref Info: Anchor `equation.4.162' on input line 1139.
Package hyperref Info: Anchor `equation.4.162' on input line 1139.
Package hyperref Info: Anchor `equation.4.162' on input line 1139.
Package hyperref Info: Anchor `equation.4.163' on input line 1145.
Package hyperref Info: Anchor `equation.4.163' on input line 1145.
Package hyperref Info: Anchor `equation.4.163' on input line 1145.
Package hyperref Info: Anchor `equation.4.163' on input line 1145.
Package hyperref Info: Anchor `equation.4.164' on input line 1149.
Package hyperref Info: Anchor `equation.4.164' on input line 1149.
Package hyperref Info: Anchor `equation.4.164' on input line 1149.
Package hyperref Info: Anchor `equation.4.164' on input line 1149.
Package hyperref Info: Anchor `equation.4.165' on input line 1155.
Package hyperref Info: Anchor `equation.4.165' on input line 1155.
Package hyperref Info: Anchor `equation.4.165' on input line 1155.
Package hyperref Info: Anchor `equation.4.165' on input line 1155.
Package hyperref Info: Anchor `equation.4.166' on input line 1159.
Package hyperref Info: Anchor `equation.4.166' on input line 1159.
Package hyperref Info: Anchor `equation.4.166' on input line 1159.
Package hyperref Info: Anchor `equation.4.166' on input line 1159.
Package hyperref Info: Anchor `equation.4.167' on input line 1163.
Package hyperref Info: Anchor `equation.4.167' on input line 1163.
Package hyperref Info: Anchor `equation.4.167' on input line 1163.
Package hyperref Info: Anchor `equation.4.167' on input line 1163.
Package hyperref Info: Anchor `equation.4.168' on input line 1170.
Package hyperref Info: Anchor `equation.4.168' on input line 1170.
Package hyperref Info: Anchor `equation.4.168' on input line 1170.
Package hyperref Info: Anchor `equation.4.168' on input line 1170.
Package hyperref Info: Anchor `equation.4.169' on input line 1176.
Package hyperref Info: Anchor `equation.4.169' on input line 1176.
Package hyperref Info: Anchor `equation.4.169' on input line 1176.
Package hyperref Info: Anchor `equation.4.169' on input line 1176.
Package hyperref Info: Anchor `equation.4.170' on input line 1180.
Package hyperref Info: Anchor `equation.4.170' on input line 1180.
Package hyperref Info: Anchor `equation.4.170' on input line 1180.
Package hyperref Info: Anchor `equation.4.170' on input line 1180.
Package hyperref Info: Anchor `equation.4.171' on input line 1186.
Package hyperref Info: Anchor `equation.4.171' on input line 1186.
Package hyperref Info: Anchor `equation.4.171' on input line 1186.
Package hyperref Info: Anchor `equation.4.171' on input line 1186.
Package hyperref Info: Anchor `equation.4.172' on input line 1192.
Package hyperref Info: Anchor `equation.4.172' on input line 1192.
Package hyperref Info: Anchor `equation.4.172' on input line 1192.
Package hyperref Info: Anchor `equation.4.172' on input line 1192.
Package hyperref Info: Anchor `equation.4.173' on input line 1198.
Package hyperref Info: Anchor `equation.4.173' on input line 1198.
Package hyperref Info: Anchor `equation.4.173' on input line 1198.
Package hyperref Info: Anchor `equation.4.173' on input line 1198.
Package hyperref Info: Anchor `equation.4.174' on input line 1204.
Package hyperref Info: Anchor `equation.4.174' on input line 1204.
Package hyperref Info: Anchor `equation.4.174' on input line 1204.
Package hyperref Info: Anchor `equation.4.174' on input line 1204.
Package hyperref Info: Anchor `subsection.4.5.3' on input line 1210.
Package hyperref Info: bookmark on input line 1210:
(hyperref)             thecounter {4.5.3}
(hyperref)             text {\ifttl@toclabel \ttl@a \fi Stability of distribution functions with a single global maximum}
(hyperref)             reference {subsection.4.5.3}
(hyperref)             toclevel {2}
(hyperref)             type {toc}.

LaTeX Warning: Reference `instability' on page 71 undefined on input line 1212.

Package hyperref Info: Anchor `equation.4.175' on input line 1214.
Package hyperref Info: Anchor `equation.4.175' on input line 1214.
Package hyperref Info: Anchor `equation.4.175' on input line 1214.
Package hyperref Info: Anchor `equation.4.175' on input line 1214.
Package hyperref Info: Anchor `equation.4.176' on input line 1220.
Package hyperref Info: Anchor `equation.4.176' on input line 1220.
Package hyperref Info: Anchor `equation.4.176' on input line 1220.
Package hyperref Info: Anchor `equation.4.176' on input line 1220.
Package hyperref Info: Anchor `equation.4.177' on input line 1226.
Package hyperref Info: Anchor `equation.4.177' on input line 1226.
Package hyperref Info: Anchor `equation.4.177' on input line 1226.
Package hyperref Info: Anchor `equation.4.177' on input line 1226.
Package hyperref Info: Anchor `equation.4.178' on input line 1232.
Package hyperref Info: Anchor `equation.4.178' on input line 1232.
Package hyperref Info: Anchor `equation.4.178' on input line 1232.
Package hyperref Info: Anchor `equation.4.178' on input line 1232.
Package hyperref Info: Anchor `equation.4.179' on input line 1236.
Package hyperref Info: Anchor `equation.4.179' on input line 1236.
Package hyperref Info: Anchor `equation.4.179' on input line 1236.
Package hyperref Info: Anchor `equation.4.179' on input line 1236.
Package hyperref Info: Anchor `equation.4.180' on input line 1242.
Package hyperref Info: Anchor `equation.4.180' on input line 1242.
Package hyperref Info: Anchor `equation.4.180' on input line 1242.
Package hyperref Info: Anchor `equation.4.180' on input line 1242.
Package hyperref Info: Anchor `equation.4.181' on input line 1246.
Package hyperref Info: Anchor `equation.4.181' on input line 1246.
Package hyperref Info: Anchor `equation.4.181' on input line 1246.
Package hyperref Info: Anchor `equation.4.181' on input line 1246.
Package hyperref Info: Anchor `equation.4.182' on input line 1252.
Package hyperref Info: Anchor `equation.4.182' on input line 1252.
Package hyperref Info: Anchor `equation.4.182' on input line 1252.
Package hyperref Info: Anchor `equation.4.182' on input line 1252.
Package hyperref Info: Anchor `equation.4.183' on input line 1258.
Package hyperref Info: Anchor `equation.4.183' on input line 1258.
Package hyperref Info: Anchor `equation.4.183' on input line 1258.
Package hyperref Info: Anchor `equation.4.183' on input line 1258.
Package hyperref Info: Anchor `subsection.4.5.4' on input line 1264.
Package hyperref Info: bookmark on input line 1264:
(hyperref)             thecounter {4.5.4}
(hyperref)             text {\ifttl@toclabel \ttl@a \fi Landau damping of an ion-acoustic wave}
(hyperref)             reference {subsection.4.5.4}
(hyperref)             toclevel {2}
(hyperref)             type {toc}.

LaTeX Warning: Reference `eq-4-147' on page 72 undefined on input line 1266.

Package hyperref Info: Anchor `equation.4.184' on input line 1268.
Package hyperref Info: Anchor `equation.4.184' on input line 1268.
Package hyperref Info: Anchor `equation.4.184' on input line 1268.
Package hyperref Info: Anchor `equation.4.184' on input line 1268.
Package hyperref Info: Anchor `equation.4.185' on input line 1274.
Package hyperref Info: Anchor `equation.4.185' on input line 1274.
Package hyperref Info: Anchor `equation.4.185' on input line 1274.
Package hyperref Info: Anchor `equation.4.185' on input line 1274.
Package hyperref Info: Anchor `equation.4.186' on input line 1280.
Package hyperref Info: Anchor `equation.4.186' on input line 1280.
Package hyperref Info: Anchor `equation.4.186' on input line 1280.
Package hyperref Info: Anchor `equation.4.186' on input line 1280.
Package hyperref Info: Anchor `equation.4.187' on input line 1284.
Package hyperref Info: Anchor `equation.4.187' on input line 1284.
Package hyperref Info: Anchor `equation.4.187' on input line 1284.
Package hyperref Info: Anchor `equation.4.187' on input line 1284.
Package hyperref Info: Anchor `equation.4.188' on input line 1290.
Package hyperref Info: Anchor `equation.4.188' on input line 1290.
Package hyperref Info: Anchor `equation.4.188' on input line 1290.
Package hyperref Info: Anchor `equation.4.188' on input line 1290.
Package hyperref Info: Anchor `equation.4.189' on input line 1296.
Package hyperref Info: Anchor `equation.4.189' on input line 1296.
Package hyperref Info: Anchor `equation.4.189' on input line 1296.
Package hyperref Info: Anchor `equation.4.189' on input line 1296.
Package hyperref Info: Anchor `equation.4.190' on input line 1302.
Package hyperref Info: Anchor `equation.4.190' on input line 1302.
Package hyperref Info: Anchor `equation.4.190' on input line 1302.
Package hyperref Info: Anchor `equation.4.190' on input line 1302.
Package hyperref Info: Anchor `equation.4.191' on input line 1308.
Package hyperref Info: Anchor `equation.4.191' on input line 1308.
Package hyperref Info: Anchor `equation.4.191' on input line 1308.
Package hyperref Info: Anchor `equation.4.191' on input line 1308.
Package hyperref Info: Anchor `equation.4.192' on input line 1314.
Package hyperref Info: Anchor `equation.4.192' on input line 1314.
Package hyperref Info: Anchor `equation.4.192' on input line 1314.
Package hyperref Info: Anchor `equation.4.192' on input line 1314.
Package hyperref Info: Anchor `section.4.6' on input line 1320.
Package hyperref Info: bookmark on input line 1320:
(hyperref)             thecounter {4.6}
(hyperref)             text {\ifttl@toclabel \ttl@a \fi Kinetic description of waves in magnetised plasmas}
(hyperref)             reference {section.4.6}
(hyperref)             toclevel {1}
(hyperref)             type {toc}.
Package hyperref Info: Anchor `equation.4.193' on input line 1324.
Package hyperref Info: Anchor `equation.4.193' on input line 1324.
Package hyperref Info: Anchor `equation.4.193' on input line 1324.
Package hyperref Info: Anchor `equation.4.193' on input line 1324.
Package hyperref Info: Anchor `equation.4.194' on input line 1330.
Package hyperref Info: Anchor `equation.4.194' on input line 1330.
Package hyperref Info: Anchor `equation.4.194' on input line 1330.
Package hyperref Info: Anchor `equation.4.194' on input line 1330.
Package hyperref Info: Anchor `equation.4.195' on input line 1336.
Package hyperref Info: Anchor `equation.4.195' on input line 1336.
Package hyperref Info: Anchor `equation.4.195' on input line 1336.
Package hyperref Info: Anchor `equation.4.195' on input line 1336.
Package hyperref Info: Anchor `equation.4.196' on input line 1342.
Package hyperref Info: Anchor `equation.4.196' on input line 1342.
Package hyperref Info: Anchor `equation.4.196' on input line 1342.
Package hyperref Info: Anchor `equation.4.196' on input line 1342.
Package hyperref Info: Anchor `equation.4.197' on input line 1348.
Package hyperref Info: Anchor `equation.4.197' on input line 1348.
Package hyperref Info: Anchor `equation.4.197' on input line 1348.
Package hyperref Info: Anchor `equation.4.197' on input line 1348.
Package hyperref Info: Anchor `equation.4.198' on input line 1352.
Package hyperref Info: Anchor `equation.4.198' on input line 1352.
Package hyperref Info: Anchor `equation.4.198' on input line 1352.
Package hyperref Info: Anchor `equation.4.198' on input line 1352.
Package hyperref Info: Anchor `equation.4.199' on input line 1358.
Package hyperref Info: Anchor `equation.4.199' on input line 1358.
Package hyperref Info: Anchor `equation.4.199' on input line 1358.
Package hyperref Info: Anchor `equation.4.199' on input line 1358.
Package hyperref Info: Anchor `equation.4.200' on input line 1364.
Package hyperref Info: Anchor `equation.4.200' on input line 1364.
Package hyperref Info: Anchor `equation.4.200' on input line 1364.
Package hyperref Info: Anchor `equation.4.200' on input line 1364.
Package hyperref Info: Anchor `equation.4.201' on input line 1370.
Package hyperref Info: Anchor `equation.4.201' on input line 1370.
Package hyperref Info: Anchor `equation.4.201' on input line 1370.
Package hyperref Info: Anchor `equation.4.201' on input line 1370.
Package hyperref Info: Anchor `equation.4.202' on input line 1376.
Package hyperref Info: Anchor `equation.4.202' on input line 1376.
Package hyperref Info: Anchor `equation.4.202' on input line 1376.
Package hyperref Info: Anchor `equation.4.202' on input line 1376.
Package hyperref Info: Anchor `equation.4.203' on input line 1382.
Package hyperref Info: Anchor `equation.4.203' on input line 1382.
Package hyperref Info: Anchor `equation.4.203' on input line 1382.
Package hyperref Info: Anchor `equation.4.203' on input line 1382.
Package hyperref Info: Anchor `equation.4.204' on input line 1388.
Package hyperref Info: Anchor `equation.4.204' on input line 1388.
Package hyperref Info: Anchor `equation.4.204' on input line 1388.
Package hyperref Info: Anchor `equation.4.204' on input line 1388.
Package hyperref Info: Anchor `equation.4.205' on input line 1394.
Package hyperref Info: Anchor `equation.4.205' on input line 1394.
Package hyperref Info: Anchor `equation.4.205' on input line 1394.
Package hyperref Info: Anchor `equation.4.205' on input line 1394.
Package hyperref Info: Anchor `equation.4.206' on input line 1400.
Package hyperref Info: Anchor `equation.4.206' on input line 1400.
Package hyperref Info: Anchor `equation.4.206' on input line 1400.
Package hyperref Info: Anchor `equation.4.206' on input line 1400.
Package hyperref Info: Anchor `equation.4.207' on input line 1406.
Package hyperref Info: Anchor `equation.4.207' on input line 1406.
Package hyperref Info: Anchor `equation.4.207' on input line 1406.
Package hyperref Info: Anchor `equation.4.207' on input line 1406.
Package hyperref Info: Anchor `equation.4.208' on input line 1410.
Package hyperref Info: Anchor `equation.4.208' on input line 1410.
Package hyperref Info: Anchor `equation.4.208' on input line 1410.
Package hyperref Info: Anchor `equation.4.208' on input line 1410.
Package hyperref Info: Anchor `equation.4.209' on input line 1416.
Package hyperref Info: Anchor `equation.4.209' on input line 1416.
Package hyperref Info: Anchor `equation.4.209' on input line 1416.
Package hyperref Info: Anchor `equation.4.209' on input line 1416.
Package hyperref Info: Anchor `equation.4.210' on input line 1422.
Package hyperref Info: Anchor `equation.4.210' on input line 1422.
Package hyperref Info: Anchor `equation.4.210' on input line 1422.
Package hyperref Info: Anchor `equation.4.210' on input line 1422.
Package hyperref Info: Anchor `equation.4.211' on input line 1426.
Package hyperref Info: Anchor `equation.4.211' on input line 1426.
Package hyperref Info: Anchor `equation.4.211' on input line 1426.
Package hyperref Info: Anchor `equation.4.211' on input line 1426.
Package hyperref Info: Anchor `equation.4.212' on input line 1432.
Package hyperref Info: Anchor `equation.4.212' on input line 1432.
Package hyperref Info: Anchor `equation.4.212' on input line 1432.
Package hyperref Info: Anchor `equation.4.212' on input line 1432.
Package hyperref Info: Anchor `equation.4.213' on input line 1436.
Package hyperref Info: Anchor `equation.4.213' on input line 1436.
Package hyperref Info: Anchor `equation.4.213' on input line 1436.
Package hyperref Info: Anchor `equation.4.213' on input line 1436.
Package hyperref Info: Anchor `equation.4.214' on input line 1440.
Package hyperref Info: Anchor `equation.4.214' on input line 1440.
Package hyperref Info: Anchor `equation.4.214' on input line 1440.
Package hyperref Info: Anchor `equation.4.214' on input line 1440.
Package hyperref Info: Anchor `subsection.4.6.1' on input line 1446.
Package hyperref Info: bookmark on input line 1446:
(hyperref)             thecounter {4.6.1}
(hyperref)             text {\ifttl@toclabel \ttl@a \fi Bernstein waves}
(hyperref)             reference {subsection.4.6.1}
(hyperref)             toclevel {2}
(hyperref)             type {toc}.
Package hyperref Info: Anchor `equation.4.215' on input line 1450.
Package hyperref Info: Anchor `equation.4.215' on input line 1450.
Package hyperref Info: Anchor `equation.4.215' on input line 1450.
Package hyperref Info: Anchor `equation.4.215' on input line 1450.
Package hyperref Info: Anchor `equation.4.216' on input line 1456.
Package hyperref Info: Anchor `equation.4.216' on input line 1456.
Package hyperref Info: Anchor `equation.4.216' on input line 1456.
Package hyperref Info: Anchor `equation.4.216' on input line 1456.
Package hyperref Info: Anchor `Item.67' on input line 1463.
Package hyperref Info: Anchor `equation.4.217' on input line 1465.
Package hyperref Info: Anchor `equation.4.217' on input line 1465.
Package hyperref Info: Anchor `equation.4.217' on input line 1465.
Package hyperref Info: Anchor `equation.4.217' on input line 1465.
Package hyperref Info: Anchor `equation.4.218' on input line 1471.
Package hyperref Info: Anchor `equation.4.218' on input line 1471.
Package hyperref Info: Anchor `equation.4.218' on input line 1471.
Package hyperref Info: Anchor `equation.4.218' on input line 1471.
Package hyperref Info: Anchor `Item.68' on input line 1477.
)
\providecommand\hyper@newdestlabel[2]{}
(./Chapters/magnetic-field-structre.tex
Package hyperref Info: Anchor `chapter.5' on input line 3.
Chapter 5.
Package hyperref Info: bookmark on input line 3:
(hyperref)             thecounter {5}
(hyperref)             text {\protect \numberline {\thechapter }Magnetic field structure}
(hyperref)             reference {chapter.5}
(hyperref)             toclevel {0}
(hyperref)             type {toc}.
Package hyperref Info: Anchor `section.5.1' on input line 9.
Package hyperref Info: bookmark on input line 9:
(hyperref)             thecounter {5.1}
(hyperref)             text {\ifttl@toclabel \ttl@a \fi Magnetic field-lines}
(hyperref)             reference {section.5.1}
(hyperref)             toclevel {1}
(hyperref)             type {toc}.
Package hyperref Info: Anchor `equation.5.1' on input line 13.
Package hyperref Info: Anchor `equation.5.1' on input line 13.
Package hyperref Info: Anchor `equation.5.1' on input line 13.
Package hyperref Info: Anchor `equation.5.1' on input line 13.
Package hyperref Info: Anchor `equation.5.2' on input line 19.
Package hyperref Info: Anchor `equation.5.2' on input line 19.
Package hyperref Info: Anchor `equation.5.2' on input line 19.
Package hyperref Info: Anchor `equation.5.2' on input line 19.

LaTeX Warning: Reference `eq-6-2' on page 77 undefined on input line 24.

Package hyperref Info: Anchor `equation.5.3' on input line 26.
Package hyperref Info: Anchor `equation.5.3' on input line 26.
Package hyperref Info: Anchor `equation.5.3' on input line 26.
Package hyperref Info: Anchor `equation.5.3' on input line 26.
Package hyperref Info: Anchor `equation.5.4' on input line 32.
Package hyperref Info: Anchor `equation.5.4' on input line 32.
Package hyperref Info: Anchor `equation.5.4' on input line 32.
Package hyperref Info: Anchor `equation.5.4' on input line 32.
Package hyperref Info: Anchor `equation.5.5' on input line 38.
Package hyperref Info: Anchor `equation.5.5' on input line 38.
Package hyperref Info: Anchor `equation.5.5' on input line 38.
Package hyperref Info: Anchor `equation.5.5' on input line 38.
Package hyperref Info: Anchor `equation.5.6' on input line 44.
Package hyperref Info: Anchor `equation.5.6' on input line 44.
Package hyperref Info: Anchor `equation.5.6' on input line 44.
Package hyperref Info: Anchor `equation.5.6' on input line 44.
Package hyperref Info: Anchor `equation.5.7' on input line 50.
Package hyperref Info: Anchor `equation.5.7' on input line 50.
Package hyperref Info: Anchor `equation.5.7' on input line 50.
Package hyperref Info: Anchor `equation.5.7' on input line 50.
Package hyperref Info: Anchor `equation.5.8' on input line 57.
Package hyperref Info: Anchor `equation.5.8' on input line 57.
Package hyperref Info: Anchor `equation.5.8' on input line 57.
Package hyperref Info: Anchor `equation.5.8' on input line 57.

LaTeX Warning: Reference `eq-6-7' on page 78 undefined on input line 61.

Package hyperref Info: Anchor `equation.5.9' on input line 63.
Package hyperref Info: Anchor `equation.5.9' on input line 63.
Package hyperref Info: Anchor `equation.5.9' on input line 63.
Package hyperref Info: Anchor `equation.5.9' on input line 63.
Package hyperref Info: Anchor `equation.5.10' on input line 69.
Package hyperref Info: Anchor `equation.5.10' on input line 69.
Package hyperref Info: Anchor `equation.5.10' on input line 69.
Package hyperref Info: Anchor `equation.5.10' on input line 69.
Package hyperref Info: Anchor `subsection.5.1.1' on input line 73.
Package hyperref Info: bookmark on input line 73:
(hyperref)             thecounter {5.1.1}
(hyperref)             text {\ifttl@toclabel \ttl@a \fi Magnetic pressure and tension}
(hyperref)             reference {subsection.5.1.1}
(hyperref)             toclevel {2}
(hyperref)             type {toc}.
Package hyperref Info: Anchor `equation.5.11' on input line 79.
Package hyperref Info: Anchor `equation.5.11' on input line 79.
Package hyperref Info: Anchor `equation.5.11' on input line 79.
Package hyperref Info: Anchor `equation.5.11' on input line 79.
Package hyperref Info: Anchor `equation.5.12' on input line 86.
Package hyperref Info: Anchor `equation.5.12' on input line 86.
Package hyperref Info: Anchor `equation.5.12' on input line 86.
Package hyperref Info: Anchor `equation.5.12' on input line 86.
Package hyperref Info: Anchor `equation.5.13' on input line 92.
Package hyperref Info: Anchor `equation.5.13' on input line 92.
Package hyperref Info: Anchor `equation.5.13' on input line 92.
Package hyperref Info: Anchor `equation.5.13' on input line 92.
Package hyperref Info: Anchor `equation.5.14' on input line 98.
Package hyperref Info: Anchor `equation.5.14' on input line 98.
Package hyperref Info: Anchor `equation.5.14' on input line 98.
Package hyperref Info: Anchor `equation.5.14' on input line 98.
Package hyperref Info: Anchor `equation.5.15' on input line 105.
Package hyperref Info: Anchor `equation.5.15' on input line 105.
Package hyperref Info: Anchor `equation.5.15' on input line 105.
Package hyperref Info: Anchor `equation.5.15' on input line 105.

LaTeX Warning: Reference `eq-6-14' on page 78 undefined on input line 110.

Package hyperref Info: Anchor `equation.5.16' on input line 112.
Package hyperref Info: Anchor `equation.5.16' on input line 112.
Package hyperref Info: Anchor `equation.5.16' on input line 112.
Package hyperref Info: Anchor `equation.5.16' on input line 112.
Package hyperref Info: Anchor `section.5.2' on input line 117.
Package hyperref Info: bookmark on input line 117:
(hyperref)             thecounter {5.2}
(hyperref)             text {\ifttl@toclabel \ttl@a \fi Magnetic surfaces}
(hyperref)             reference {section.5.2}
(hyperref)             toclevel {1}
(hyperref)             type {toc}.

LaTeX Warning: Reference `fig3-3' on page 79 undefined on input line 121.

Package hyperref Info: Anchor `equation.5.17' on input line 123.
Package hyperref Info: Anchor `equation.5.17' on input line 123.
Package hyperref Info: Anchor `equation.5.17' on input line 123.
Package hyperref Info: Anchor `equation.5.17' on input line 123.
Package hyperref Info: Anchor `figure.caption.8' on input line 128.
(./Figures/figure3-3.tikz
A tikzpicture has been optimized away. Use '/tikz/external/optimize=false' to disable this.
)
Package hyperref Info: bookmark on input line 131:
(hyperref)             thecounter {5.1}
(hyperref)             text {\protect \numberline {\caption@listformat {\caption@p {figure}}{\caption@the {figure}}}{\ignorespaces Circular $\mathbf {B}$ field.}}
(hyperref)             reference {figure.caption.8}
(hyperref)             toclevel {0}
(hyperref)             type {lof}.

LaTeX Warning: Reference `eq3-1' on page 79 undefined on input line 135.


LaTeX Warning: Reference `fig3-4' on page 79 undefined on input line 135.

Package hyperref Info: Anchor `subsection.5.2.1' on input line 137.
Package hyperref Info: bookmark on input line 137:
(hyperref)             thecounter {5.2.1}
(hyperref)             text {\ifttl@toclabel \ttl@a \fi Confinement in open systems via mirrors and cusps}
(hyperref)             reference {subsection.5.2.1}
(hyperref)             toclevel {2}
(hyperref)             type {toc}.

LaTeX Warning: Reference `sec2-9-1' on page 79 undefined on input line 139.


LaTeX Warning: Reference `sec2-9-2' on page 79 undefined on input line 139.


LaTeX Warning: Reference `fig-3-1' on page 79 undefined on input line 139.


LaTeX Warning: Reference `sec2-5-2' on page 79 undefined on input line 139.


LaTeX Warning: Reference `sec2-10-2-2' on page 79 undefined on input line 168.


LaTeX Warning: Reference `eq2-127' on page 79 undefined on input line 168.


LaTeX Warning: Reference `fig3-2' on page 79 undefined on input line 168.


LaTeX Warning: Reference `eq2-127' on page 79 undefined on input line 168.

Package hyperref Info: Anchor `subsection.5.2.2' on input line 170.
Package hyperref Info: bookmark on input line 170:
(hyperref)             thecounter {5.2.2}
(hyperref)             text {\ifttl@toclabel \ttl@a \fi Constructing magnetic surfaces in open systems}
(hyperref)             reference {subsection.5.2.2}
(hyperref)             toclevel {2}
(hyperref)             type {toc}.
Package hyperref Info: Anchor `subsection.5.2.3' on input line 174.
Package hyperref Info: bookmark on input line 174:
(hyperref)             thecounter {5.2.3}
(hyperref)             text {\ifttl@toclabel \ttl@a \fi Constructing magnetic surfaces in toroidal systems}
(hyperref)             reference {subsection.5.2.3}
(hyperref)             toclevel {2}
(hyperref)             type {toc}.
Package hyperref Info: Anchor `equation.5.18' on input line 180.
Package hyperref Info: Anchor `equation.5.18' on input line 180.
Package hyperref Info: Anchor `equation.5.18' on input line 180.
Package hyperref Info: Anchor `equation.5.18' on input line 180.
Package hyperref Info: Anchor `equation.5.19' on input line 187.
Package hyperref Info: Anchor `equation.5.19' on input line 187.
Package hyperref Info: Anchor `equation.5.19' on input line 187.
Package hyperref Info: Anchor `equation.5.19' on input line 187.

LaTeX Warning: Reference `eq-6-17' on page 80 undefined on input line 191.

Package hyperref Info: Anchor `section.5.3' on input line 195.
Package hyperref Info: bookmark on input line 195:
(hyperref)             thecounter {5.3}
(hyperref)             text {\ifttl@toclabel \ttl@a \fi Elementary curvilinear coordinate systems}
(hyperref)             reference {section.5.3}
(hyperref)             toclevel {1}
(hyperref)             type {toc}.
Package hyperref Info: Anchor `subsection.5.3.1' on input line 199.
Package hyperref Info: bookmark on input line 199:
(hyperref)             thecounter {5.3.1}
(hyperref)             text {\ifttl@toclabel \ttl@a \fi General non-orthogonal coordinate systems}
(hyperref)             reference {subsection.5.3.1}
(hyperref)             toclevel {2}
(hyperref)             type {toc}.
Package hyperref Info: Anchor `equation.5.20' on input line 203.
Package hyperref Info: Anchor `equation.5.20' on input line 203.
Package hyperref Info: Anchor `equation.5.20' on input line 203.
Package hyperref Info: Anchor `equation.5.20' on input line 203.
Package hyperref Info: Anchor `equation.5.21' on input line 209.
Package hyperref Info: Anchor `equation.5.21' on input line 209.
Package hyperref Info: Anchor `equation.5.21' on input line 209.
Package hyperref Info: Anchor `equation.5.21' on input line 209.
Package hyperref Info: Anchor `equation.5.22' on input line 215.
Package hyperref Info: Anchor `equation.5.22' on input line 215.
Package hyperref Info: Anchor `equation.5.22' on input line 215.
Package hyperref Info: Anchor `equation.5.22' on input line 215.
Package hyperref Info: Anchor `equation.5.23' on input line 222.
Package hyperref Info: Anchor `equation.5.23' on input line 222.
Package hyperref Info: Anchor `equation.5.23' on input line 222.
Package hyperref Info: Anchor `equation.5.23' on input line 222.

LaTeX Warning: Reference `eq-6-22' on page 81 undefined on input line 227.

Package hyperref Info: Anchor `equation.5.24' on input line 229.
Package hyperref Info: Anchor `equation.5.24' on input line 229.
Package hyperref Info: Anchor `equation.5.24' on input line 229.
Package hyperref Info: Anchor `equation.5.24' on input line 229.
Package hyperref Info: Anchor `equation.5.25' on input line 236.
Package hyperref Info: Anchor `equation.5.25' on input line 236.
Package hyperref Info: Anchor `equation.5.25' on input line 236.
Package hyperref Info: Anchor `equation.5.25' on input line 236.

LaTeX Warning: Reference `eq-6-24' on page 81 undefined on input line 241.

Package hyperref Info: Anchor `subsubsection.5.3.1.1' on input line 243.
Package hyperref Info: bookmark on input line 243:
(hyperref)             thecounter {5.3.1.1}
(hyperref)             text {\ifttl@toclabel \ttl@a \fi Cylindrical-toroidal or pseudo-toroidal system}
(hyperref)             reference {subsubsection.5.3.1.1}
(hyperref)             toclevel {3}
(hyperref)             type {toc}.
Package hyperref Info: Anchor `equation.5.26' on input line 253.
Package hyperref Info: Anchor `equation.5.27' on input line 253.
Package hyperref Info: Anchor `equation.5.28' on input line 253.
Package hyperref Info: Anchor `subsubsection.5.3.1.2' on input line 259.
Package hyperref Info: bookmark on input line 259:
(hyperref)             thecounter {5.3.1.2}
(hyperref)             text {\ifttl@toclabel \ttl@a \fi Generalized cylindrical-toroidal system}
(hyperref)             reference {subsubsection.5.3.1.2}
(hyperref)             toclevel {3}
(hyperref)             type {toc}.
Package hyperref Info: Anchor `subsubsection.5.3.1.3' on input line 263.
Package hyperref Info: bookmark on input line 263:
(hyperref)             thecounter {5.3.1.3}
(hyperref)             text {\ifttl@toclabel \ttl@a \fi Illustrative example of the generalized cylindrical-toroidal system}
(hyperref)             reference {subsubsection.5.3.1.3}
(hyperref)             toclevel {3}
(hyperref)             type {toc}.
Package hyperref Info: Anchor `subsubsection.5.3.1.4' on input line 267.
Package hyperref Info: bookmark on input line 267:
(hyperref)             thecounter {5.3.1.4}
(hyperref)             text {\ifttl@toclabel \ttl@a \fi Interlude on the Clebsch coordinate systems}
(hyperref)             reference {subsubsection.5.3.1.4}
(hyperref)             toclevel {3}
(hyperref)             type {toc}.
Package hyperref Info: Anchor `figure.caption.9' on input line 273.
(./Figures/figure5-3.tikz (/usr/share/texmf-dist/tex/generic/pgfplots/libs/tikzlibrarypgfplots.colormaps.code.tex)
A tikzpicture has been optimized away. Use '/tikz/external/optimize=false' to disable this.
)
Package hyperref Info: bookmark on input line 277:
(hyperref)             thecounter {5.2}
(hyperref)             text {\protect \numberline {\caption@listformat {\caption@p {figure}}{\caption@the {figure}}}{\ignorespaces Magnetic field in a circular tokamak. The torus represents a surface $\varrho =\text {const.}$ The ribbon is indeed a surface $\beta =\text {const.}$ The intersection of the two is a curve of the coordinate $\ell $ which follows a magnetic field-line.}}
(hyperref)             reference {figure.caption.9}
(hyperref)             toclevel {0}
(hyperref)             type {lof}.
Package hyperref Info: Anchor `section.5.4' on input line 285.
Package hyperref Info: bookmark on input line 285:
(hyperref)             thecounter {5.4}
(hyperref)             text {\ifttl@toclabel \ttl@a \fi Labelling magnetic surfaces}
(hyperref)             reference {section.5.4}
(hyperref)             toclevel {1}
(hyperref)             type {toc}.
Package hyperref Info: Anchor `subsection.5.4.1' on input line 289.
Package hyperref Info: bookmark on input line 289:
(hyperref)             thecounter {5.4.1}
(hyperref)             text {\ifttl@toclabel \ttl@a \fi Labelling magnetic surfaces in toroidal systems}
(hyperref)             reference {subsection.5.4.1}
(hyperref)             toclevel {2}
(hyperref)             type {toc}.
Package hyperref Info: Anchor `equation.5.29' on input line 293.
Package hyperref Info: Anchor `equation.5.29' on input line 293.
Package hyperref Info: Anchor `equation.5.29' on input line 293.
Package hyperref Info: Anchor `equation.5.29' on input line 293.
Package hyperref Info: Anchor `equation.5.30' on input line 299.
Package hyperref Info: Anchor `equation.5.30' on input line 299.
Package hyperref Info: Anchor `equation.5.30' on input line 299.
Package hyperref Info: Anchor `equation.5.30' on input line 299.
Package hyperref Info: Anchor `equation.5.31' on input line 305.
Package hyperref Info: Anchor `equation.5.31' on input line 305.
Package hyperref Info: Anchor `equation.5.31' on input line 305.
Package hyperref Info: Anchor `equation.5.31' on input line 305.
Package hyperref Info: Anchor `equation.5.32' on input line 311.
Package hyperref Info: Anchor `equation.5.32' on input line 311.
Package hyperref Info: Anchor `equation.5.32' on input line 311.
Package hyperref Info: Anchor `equation.5.32' on input line 311.
Package hyperref Info: Anchor `equation.5.33' on input line 320.
Package hyperref Info: Anchor `equation.5.33' on input line 320.
Package hyperref Info: Anchor `equation.5.33' on input line 320.
Package hyperref Info: Anchor `equation.5.33' on input line 320.
Package hyperref Info: Anchor `equation.5.34' on input line 326.
Package hyperref Info: Anchor `equation.5.34' on input line 326.
Package hyperref Info: Anchor `equation.5.34' on input line 326.
Package hyperref Info: Anchor `equation.5.34' on input line 326.
Package hyperref Info: Anchor `equation.5.35' on input line 332.
Package hyperref Info: Anchor `equation.5.35' on input line 332.
Package hyperref Info: Anchor `equation.5.35' on input line 332.
Package hyperref Info: Anchor `equation.5.35' on input line 332.
Package hyperref Info: Anchor `equation.5.36' on input line 339.
Package hyperref Info: Anchor `equation.5.36' on input line 339.
Package hyperref Info: Anchor `equation.5.36' on input line 339.
Package hyperref Info: Anchor `equation.5.36' on input line 339.
Package hyperref Info: Anchor `subsection.5.4.2' on input line 347.
Package hyperref Info: bookmark on input line 347:
(hyperref)             thecounter {5.4.2}
(hyperref)             text {\ifttl@toclabel \ttl@a \fi Rotational transform in toroidal systems}
(hyperref)             reference {subsection.5.4.2}
(hyperref)             toclevel {2}
(hyperref)             type {toc}.
Package hyperref Info: Anchor `equation.5.37' on input line 353.
Package hyperref Info: Anchor `equation.5.37' on input line 353.
Package hyperref Info: Anchor `equation.5.37' on input line 353.
Package hyperref Info: Anchor `equation.5.37' on input line 353.
Package hyperref Info: Anchor `equation.5.38' on input line 359.
Package hyperref Info: Anchor `equation.5.38' on input line 359.
Package hyperref Info: Anchor `equation.5.38' on input line 359.
Package hyperref Info: Anchor `equation.5.38' on input line 359.
Package hyperref Info: Anchor `equation.5.39' on input line 365.
Package hyperref Info: Anchor `equation.5.39' on input line 365.
Package hyperref Info: Anchor `equation.5.39' on input line 365.
Package hyperref Info: Anchor `equation.5.39' on input line 365.
Package hyperref Info: Anchor `equation.5.40' on input line 371.
Package hyperref Info: Anchor `equation.5.40' on input line 371.
Package hyperref Info: Anchor `equation.5.40' on input line 371.
Package hyperref Info: Anchor `equation.5.40' on input line 371.

LaTeX Warning: Reference `eq-6-56' on page 85 undefined on input line 375.

Package hyperref Info: Anchor `subsection.5.4.3' on input line 377.
Package hyperref Info: bookmark on input line 377:
(hyperref)             thecounter {5.4.3}
(hyperref)             text {\ifttl@toclabel \ttl@a \fi Magnetic axis}
(hyperref)             reference {subsection.5.4.3}
(hyperref)             toclevel {2}
(hyperref)             type {toc}.
Package hyperref Info: Anchor `equation.5.41' on input line 381.
Package hyperref Info: Anchor `equation.5.41' on input line 381.
Package hyperref Info: Anchor `equation.5.41' on input line 381.
Package hyperref Info: Anchor `equation.5.41' on input line 381.
Package hyperref Info: Anchor `subsection.5.4.4' on input line 385.
Package hyperref Info: bookmark on input line 385:
(hyperref)             thecounter {5.4.4}
(hyperref)             text {\ifttl@toclabel \ttl@a \fi Labelling magnetic surfaces in open systems}
(hyperref)             reference {subsection.5.4.4}
(hyperref)             toclevel {2}
(hyperref)             type {toc}.
Package hyperref Info: Anchor `section.5.5' on input line 389.
Package hyperref Info: bookmark on input line 389:
(hyperref)             thecounter {5.5}
(hyperref)             text {\ifttl@toclabel \ttl@a \fi Flux coordinate systems}
(hyperref)             reference {section.5.5}
(hyperref)             toclevel {1}
(hyperref)             type {toc}.
Package hyperref Info: Anchor `subsection.5.5.1' on input line 393.
Package hyperref Info: bookmark on input line 393:
(hyperref)             thecounter {5.5.1}
(hyperref)             text {\ifttl@toclabel \ttl@a \fi Boozer flux coordinate system}
(hyperref)             reference {subsection.5.5.1}
(hyperref)             toclevel {2}
(hyperref)             type {toc}.

LaTeX Warning: Reference `eq-6-21' on page 85 undefined on input line 397.

Package hyperref Info: Anchor `equation.5.42' on input line 399.
Package hyperref Info: Anchor `equation.5.42' on input line 399.
Package hyperref Info: Anchor `equation.5.42' on input line 399.
Package hyperref Info: Anchor `equation.5.42' on input line 399.
Package hyperref Info: Anchor `equation.5.43' on input line 406.
Package hyperref Info: Anchor `equation.5.43' on input line 406.
Package hyperref Info: Anchor `equation.5.43' on input line 406.
Package hyperref Info: Anchor `equation.5.43' on input line 406.
Package hyperref Info: Anchor `equation.5.44' on input line 413.
Package hyperref Info: Anchor `equation.5.44' on input line 413.
Package hyperref Info: Anchor `equation.5.44' on input line 413.
Package hyperref Info: Anchor `equation.5.44' on input line 413.
Package hyperref Info: Anchor `equation.5.45' on input line 420.
Package hyperref Info: Anchor `equation.5.45' on input line 420.
Package hyperref Info: Anchor `equation.5.45' on input line 420.
Package hyperref Info: Anchor `equation.5.45' on input line 420.
Package hyperref Info: Anchor `equation.5.46' on input line 427.
Package hyperref Info: Anchor `equation.5.46' on input line 427.
Package hyperref Info: Anchor `equation.5.46' on input line 427.
Package hyperref Info: Anchor `equation.5.46' on input line 427.
Package hyperref Info: Anchor `equation.5.47' on input line 434.
Package hyperref Info: Anchor `equation.5.47' on input line 434.
Package hyperref Info: Anchor `equation.5.47' on input line 434.
Package hyperref Info: Anchor `equation.5.47' on input line 434.
Package hyperref Info: Anchor `equation.5.48' on input line 440.
Package hyperref Info: Anchor `equation.5.48' on input line 440.
Package hyperref Info: Anchor `equation.5.48' on input line 440.
Package hyperref Info: Anchor `equation.5.48' on input line 440.

LaTeX Warning: Reference `eq-6-34' on page 86 undefined on input line 445.

Package hyperref Info: Anchor `equation.5.49' on input line 455.
Package hyperref Info: Anchor `equation.5.49' on input line 455.
Package hyperref Info: Anchor `equation.5.49' on input line 455.
Package hyperref Info: Anchor `equation.5.49' on input line 455.
Package hyperref Info: Anchor `equation.5.50' on input line 461.
Package hyperref Info: Anchor `equation.5.50' on input line 461.
Package hyperref Info: Anchor `equation.5.50' on input line 461.
Package hyperref Info: Anchor `equation.5.50' on input line 461.
Package hyperref Info: Anchor `equation.5.51' on input line 467.
Package hyperref Info: Anchor `equation.5.51' on input line 467.
Package hyperref Info: Anchor `equation.5.51' on input line 467.
Package hyperref Info: Anchor `equation.5.51' on input line 467.
Package hyperref Info: Anchor `equation.5.52' on input line 474.
Package hyperref Info: Anchor `equation.5.52' on input line 474.
Package hyperref Info: Anchor `equation.5.52' on input line 474.
Package hyperref Info: Anchor `equation.5.52' on input line 474.
Package hyperref Info: Anchor `equation.5.53' on input line 480.
Package hyperref Info: Anchor `equation.5.53' on input line 480.
Package hyperref Info: Anchor `equation.5.53' on input line 480.
Package hyperref Info: Anchor `equation.5.53' on input line 480.
Package hyperref Info: Anchor `equation.5.54' on input line 487.
Package hyperref Info: Anchor `equation.5.54' on input line 487.
Package hyperref Info: Anchor `equation.5.54' on input line 487.
Package hyperref Info: Anchor `equation.5.54' on input line 487.
Package hyperref Info: Anchor `equation.5.55' on input line 493.
Package hyperref Info: Anchor `equation.5.55' on input line 493.
Package hyperref Info: Anchor `equation.5.55' on input line 493.
Package hyperref Info: Anchor `equation.5.55' on input line 493.
Package hyperref Info: Anchor `equation.5.56' on input line 500.
Package hyperref Info: Anchor `equation.5.56' on input line 500.
Package hyperref Info: Anchor `equation.5.56' on input line 500.
Package hyperref Info: Anchor `equation.5.56' on input line 500.

LaTeX Warning: Reference `eq-6-54' on page 87 undefined on input line 504.

Package hyperref Info: Anchor `equation.5.57' on input line 506.
Package hyperref Info: Anchor `equation.5.57' on input line 506.
Package hyperref Info: Anchor `equation.5.57' on input line 506.
Package hyperref Info: Anchor `equation.5.57' on input line 506.

LaTeX Warning: Reference `eq-6-56' on page 87 undefined on input line 511.

Package hyperref Info: Anchor `equation.5.58' on input line 513.
Package hyperref Info: Anchor `equation.5.58' on input line 513.
Package hyperref Info: Anchor `equation.5.58' on input line 513.
Package hyperref Info: Anchor `equation.5.58' on input line 513.
Package hyperref Info: Anchor `equation.5.59' on input line 519.
Package hyperref Info: Anchor `equation.5.59' on input line 519.
Package hyperref Info: Anchor `equation.5.59' on input line 519.
Package hyperref Info: Anchor `equation.5.59' on input line 519.
Package hyperref Info: Anchor `equation.5.60' on input line 525.
Package hyperref Info: Anchor `equation.5.60' on input line 525.
Package hyperref Info: Anchor `equation.5.60' on input line 525.
Package hyperref Info: Anchor `equation.5.60' on input line 525.
Package hyperref Info: Anchor `equation.5.61' on input line 531.
Package hyperref Info: Anchor `equation.5.61' on input line 531.
Package hyperref Info: Anchor `equation.5.61' on input line 531.
Package hyperref Info: Anchor `equation.5.61' on input line 531.

LaTeX Warning: Reference `eq-6-41' on page 87 undefined on input line 535.


LaTeX Warning: Reference `eq-6-42' on page 87 undefined on input line 535.

Package hyperref Info: Anchor `equation.5.62' on input line 537.
Package hyperref Info: Anchor `equation.5.62' on input line 537.
Package hyperref Info: Anchor `equation.5.62' on input line 537.
Package hyperref Info: Anchor `equation.5.62' on input line 537.

LaTeX Warning: Reference `eq-6-44' on page 87 undefined on input line 541.

Package hyperref Info: Anchor `equation.5.63' on input line 543.
Package hyperref Info: Anchor `equation.5.63' on input line 543.
Package hyperref Info: Anchor `equation.5.63' on input line 543.
Package hyperref Info: Anchor `equation.5.63' on input line 543.

LaTeX Warning: Reference `eq-6-47' on page 87 undefined on input line 547.

Package hyperref Info: Anchor `equation.5.64' on input line 549.
Package hyperref Info: Anchor `equation.5.64' on input line 549.
Package hyperref Info: Anchor `equation.5.64' on input line 549.
Package hyperref Info: Anchor `equation.5.64' on input line 549.

LaTeX Warning: Reference `eq-6-21' on page 87 undefined on input line 554.


LaTeX Warning: Reference `eq-6-41' on page 87 undefined on input line 554.

Package hyperref Info: Anchor `equation.5.65' on input line 556.
Package hyperref Info: Anchor `equation.5.65' on input line 556.
Package hyperref Info: Anchor `equation.5.65' on input line 556.
Package hyperref Info: Anchor `equation.5.65' on input line 556.
Package hyperref Info: Anchor `equation.5.66' on input line 563.
Package hyperref Info: Anchor `equation.5.66' on input line 563.
Package hyperref Info: Anchor `equation.5.66' on input line 563.
Package hyperref Info: Anchor `equation.5.66' on input line 563.
Package hyperref Info: Anchor `equation.5.67' on input line 570.
Package hyperref Info: Anchor `equation.5.67' on input line 570.
Package hyperref Info: Anchor `equation.5.67' on input line 570.
Package hyperref Info: Anchor `equation.5.67' on input line 570.
Package hyperref Info: Anchor `equation.5.68' on input line 576.
Package hyperref Info: Anchor `equation.5.68' on input line 576.
Package hyperref Info: Anchor `equation.5.68' on input line 576.
Package hyperref Info: Anchor `equation.5.68' on input line 576.

LaTeX Warning: Reference `eq-6-64' on page 88 undefined on input line 580.

Package hyperref Info: Anchor `equation.5.69' on input line 582.
Package hyperref Info: Anchor `equation.5.69' on input line 582.
Package hyperref Info: Anchor `equation.5.69' on input line 582.
Package hyperref Info: Anchor `equation.5.69' on input line 582.
Package hyperref Info: Anchor `equation.5.70' on input line 588.
Package hyperref Info: Anchor `equation.5.70' on input line 588.
Package hyperref Info: Anchor `equation.5.70' on input line 588.
Package hyperref Info: Anchor `equation.5.70' on input line 588.
Package hyperref Info: Anchor `subsection.5.5.2' on input line 594.
Package hyperref Info: bookmark on input line 594:
(hyperref)             thecounter {5.5.2}
(hyperref)             text {\ifttl@toclabel \ttl@a \fi Flux-surface average}
(hyperref)             reference {subsection.5.5.2}
(hyperref)             toclevel {2}
(hyperref)             type {toc}.
Package hyperref Info: Anchor `equation.5.71' on input line 598.
Package hyperref Info: Anchor `equation.5.71' on input line 598.
Package hyperref Info: Anchor `equation.5.71' on input line 598.
Package hyperref Info: Anchor `equation.5.71' on input line 598.
Package hyperref Info: Anchor `equation.5.72' on input line 605.
Package hyperref Info: Anchor `equation.5.72' on input line 605.
Package hyperref Info: Anchor `equation.5.72' on input line 605.
Package hyperref Info: Anchor `equation.5.72' on input line 605.
Package hyperref Info: Anchor `equation.5.73' on input line 611.
Package hyperref Info: Anchor `equation.5.73' on input line 611.
Package hyperref Info: Anchor `equation.5.73' on input line 611.
Package hyperref Info: Anchor `equation.5.73' on input line 611.
Package hyperref Info: Anchor `equation.5.74' on input line 617.
Package hyperref Info: Anchor `equation.5.74' on input line 617.
Package hyperref Info: Anchor `equation.5.74' on input line 617.
Package hyperref Info: Anchor `equation.5.74' on input line 617.
Package hyperref Info: Anchor `equation.5.75' on input line 623.
Package hyperref Info: Anchor `equation.5.75' on input line 623.
Package hyperref Info: Anchor `equation.5.75' on input line 623.
Package hyperref Info: Anchor `equation.5.75' on input line 623.
Package hyperref Info: Anchor `subsubsection.5.5.2.1' on input line 629.
Package hyperref Info: bookmark on input line 629:
(hyperref)             thecounter {5.5.2.1}
(hyperref)             text {\ifttl@toclabel \ttl@a \fi Flux-surface average in axisymmetric systems}
(hyperref)             reference {subsubsection.5.5.2.1}
(hyperref)             toclevel {3}
(hyperref)             type {toc}.

LaTeX Warning: Reference `eq-6-x-x' on page 88 undefined on input line 631.

Package hyperref Info: Anchor `equation.5.76' on input line 635.
Package hyperref Info: Anchor `equation.5.76' on input line 635.
Package hyperref Info: Anchor `equation.5.76' on input line 635.
Package hyperref Info: Anchor `equation.5.76' on input line 635.
Package hyperref Info: Anchor `equation.5.77' on input line 641.
Package hyperref Info: Anchor `equation.5.77' on input line 641.
Package hyperref Info: Anchor `equation.5.77' on input line 641.
Package hyperref Info: Anchor `equation.5.77' on input line 641.
Package hyperref Info: Anchor `equation.5.78' on input line 647.
Package hyperref Info: Anchor `equation.5.78' on input line 647.
Package hyperref Info: Anchor `equation.5.78' on input line 647.
Package hyperref Info: Anchor `equation.5.78' on input line 647.
Package hyperref Info: Anchor `equation.5.79' on input line 653.
Package hyperref Info: Anchor `equation.5.79' on input line 653.
Package hyperref Info: Anchor `equation.5.79' on input line 653.
Package hyperref Info: Anchor `equation.5.79' on input line 653.

LaTeX Warning: Reference `eq-6-65' on page 89 undefined on input line 657.

Package hyperref Info: Anchor `equation.5.80' on input line 659.
Package hyperref Info: Anchor `equation.5.80' on input line 659.
Package hyperref Info: Anchor `equation.5.80' on input line 659.
Package hyperref Info: Anchor `equation.5.80' on input line 659.
Package hyperref Info: Anchor `subsection.5.5.3' on input line 665.
Package hyperref Info: bookmark on input line 665:
(hyperref)             thecounter {5.5.3}
(hyperref)             text {\ifttl@toclabel \ttl@a \fi Magnetic differential equation}
(hyperref)             reference {subsection.5.5.3}
(hyperref)             toclevel {2}
(hyperref)             type {toc}.
Package hyperref Info: Anchor `equation.5.81' on input line 671.
Package hyperref Info: Anchor `equation.5.81' on input line 671.
Package hyperref Info: Anchor `equation.5.81' on input line 671.
Package hyperref Info: Anchor `equation.5.81' on input line 671.
Package hyperref Info: Anchor `Item.69' on input line 678.
Package hyperref Info: Anchor `equation.5.82' on input line 680.
Package hyperref Info: Anchor `equation.5.82' on input line 680.
Package hyperref Info: Anchor `equation.5.82' on input line 680.
Package hyperref Info: Anchor `equation.5.82' on input line 680.
Package hyperref Info: Anchor `equation.5.83' on input line 686.
Package hyperref Info: Anchor `equation.5.83' on input line 686.
Package hyperref Info: Anchor `equation.5.83' on input line 686.
Package hyperref Info: Anchor `equation.5.83' on input line 686.
Package hyperref Info: Anchor `Item.70' on input line 693.
Package hyperref Info: Anchor `equation.5.84' on input line 695.
Package hyperref Info: Anchor `equation.5.84' on input line 695.
Package hyperref Info: Anchor `equation.5.84' on input line 695.
Package hyperref Info: Anchor `equation.5.84' on input line 695.
Package hyperref Info: Anchor `equation.5.85' on input line 706.
Package hyperref Info: Anchor `equation.5.85' on input line 706.
Package hyperref Info: Anchor `equation.5.85' on input line 706.
Package hyperref Info: Anchor `equation.5.85' on input line 706.
Package hyperref Info: Anchor `equation.5.86' on input line 712.
Package hyperref Info: Anchor `equation.5.86' on input line 712.
Package hyperref Info: Anchor `equation.5.86' on input line 712.
Package hyperref Info: Anchor `equation.5.86' on input line 712.
Package hyperref Info: Anchor `subsection.5.5.4' on input line 718.
Package hyperref Info: bookmark on input line 718:
(hyperref)             thecounter {5.5.4}
(hyperref)             text {\ifttl@toclabel \ttl@a \fi Ideal-MHD-equilibrium conditions for toroidal systems}
(hyperref)             reference {subsection.5.5.4}
(hyperref)             toclevel {2}
(hyperref)             type {toc}.

LaTeX Warning: Reference `eq-5-64' on page 90 undefined on input line 722.


LaTeX Warning: Reference `eq-6-54' on page 90 undefined on input line 722.


LaTeX Warning: Reference `eq-5-126' on page 90 undefined on input line 722.

Package hyperref Info: Anchor `equation.5.87' on input line 724.
Package hyperref Info: Anchor `equation.5.87' on input line 724.
Package hyperref Info: Anchor `equation.5.87' on input line 724.
Package hyperref Info: Anchor `equation.5.87' on input line 724.
Package hyperref Info: Anchor `equation.5.88' on input line 730.
Package hyperref Info: Anchor `equation.5.88' on input line 730.
Package hyperref Info: Anchor `equation.5.88' on input line 730.
Package hyperref Info: Anchor `equation.5.88' on input line 730.
Package hyperref Info: Anchor `equation.5.89' on input line 739.
Package hyperref Info: Anchor `equation.5.89' on input line 739.
Package hyperref Info: Anchor `equation.5.89' on input line 739.
Package hyperref Info: Anchor `equation.5.89' on input line 739.
Package hyperref Info: Anchor `equation.5.90' on input line 745.
Package hyperref Info: Anchor `equation.5.90' on input line 745.
Package hyperref Info: Anchor `equation.5.90' on input line 745.
Package hyperref Info: Anchor `equation.5.90' on input line 745.
Package hyperref Info: Anchor `equation.5.91' on input line 751.
Package hyperref Info: Anchor `equation.5.91' on input line 751.
Package hyperref Info: Anchor `equation.5.91' on input line 751.
Package hyperref Info: Anchor `equation.5.91' on input line 751.

LaTeX Warning: Reference `subsec-5-5-3' on page 91 undefined on input line 755.

Package hyperref Info: Anchor `equation.5.92' on input line 757.
Package hyperref Info: Anchor `equation.5.92' on input line 757.
Package hyperref Info: Anchor `equation.5.92' on input line 757.
Package hyperref Info: Anchor `equation.5.92' on input line 757.
Package hyperref Info: Anchor `equation.5.93' on input line 763.
Package hyperref Info: Anchor `equation.5.93' on input line 763.
Package hyperref Info: Anchor `equation.5.93' on input line 763.
Package hyperref Info: Anchor `equation.5.93' on input line 763.
Package hyperref Info: Anchor `equation.5.94' on input line 770.
Package hyperref Info: Anchor `equation.5.94' on input line 770.
Package hyperref Info: Anchor `equation.5.94' on input line 770.
Package hyperref Info: Anchor `equation.5.94' on input line 770.
Package hyperref Info: Anchor `equation.5.95' on input line 774.
Package hyperref Info: Anchor `equation.5.95' on input line 774.
Package hyperref Info: Anchor `equation.5.95' on input line 774.
Package hyperref Info: Anchor `equation.5.95' on input line 774.

LaTeX Warning: Reference `eq-5-92' on page 91 undefined on input line 778.

Package hyperref Info: Anchor `equation.5.96' on input line 780.
Package hyperref Info: Anchor `equation.5.96' on input line 780.
Package hyperref Info: Anchor `equation.5.96' on input line 780.
Package hyperref Info: Anchor `equation.5.96' on input line 780.
Package hyperref Info: Anchor `equation.5.97' on input line 788.
Package hyperref Info: Anchor `equation.5.97' on input line 788.
Package hyperref Info: Anchor `equation.5.97' on input line 788.
Package hyperref Info: Anchor `equation.5.97' on input line 788.
Package hyperref Info: Anchor `equation.5.98' on input line 794.
Package hyperref Info: Anchor `equation.5.98' on input line 794.
Package hyperref Info: Anchor `equation.5.98' on input line 794.
Package hyperref Info: Anchor `equation.5.98' on input line 794.
Package hyperref Info: Anchor `equation.5.99' on input line 801.
Package hyperref Info: Anchor `equation.5.99' on input line 801.
Package hyperref Info: Anchor `equation.5.99' on input line 801.
Package hyperref Info: Anchor `equation.5.99' on input line 801.

LaTeX Warning: Reference `eq-5-98' on page 91 undefined on input line 806.

Package hyperref Info: Anchor `subsection.5.5.5' on input line 808.
Package hyperref Info: bookmark on input line 808:
(hyperref)             thecounter {5.5.5}
(hyperref)             text {\ifttl@toclabel \ttl@a \fi Symmetric flux coordinates in a tokamak}
(hyperref)             reference {subsection.5.5.5}
(hyperref)             toclevel {2}
(hyperref)             type {toc}.

LaTeX Warning: Reference `eq-6-65' on page 92 undefined on input line 812.

Package hyperref Info: Anchor `equation.5.100' on input line 814.
Package hyperref Info: Anchor `equation.5.100' on input line 814.
Package hyperref Info: Anchor `equation.5.100' on input line 814.
Package hyperref Info: Anchor `equation.5.100' on input line 814.
Package hyperref Info: Anchor `equation.5.101' on input line 821.
Package hyperref Info: Anchor `equation.5.101' on input line 821.
Package hyperref Info: Anchor `equation.5.101' on input line 821.
Package hyperref Info: Anchor `equation.5.101' on input line 821.

LaTeX Warning: Reference `eq-6-23' on page 92 undefined on input line 825.

Package hyperref Info: Anchor `equation.5.102' on input line 827.
Package hyperref Info: Anchor `equation.5.102' on input line 827.
Package hyperref Info: Anchor `equation.5.102' on input line 827.
Package hyperref Info: Anchor `equation.5.102' on input line 827.
Package hyperref Info: Anchor `equation.5.103' on input line 833.
Package hyperref Info: Anchor `equation.5.103' on input line 833.
Package hyperref Info: Anchor `equation.5.103' on input line 833.
Package hyperref Info: Anchor `equation.5.103' on input line 833.
Package hyperref Info: Anchor `equation.5.104' on input line 839.
Package hyperref Info: Anchor `equation.5.104' on input line 839.
Package hyperref Info: Anchor `equation.5.104' on input line 839.
Package hyperref Info: Anchor `equation.5.104' on input line 839.
Package hyperref Info: Anchor `equation.5.105' on input line 845.
Package hyperref Info: Anchor `equation.5.105' on input line 845.
Package hyperref Info: Anchor `equation.5.105' on input line 845.
Package hyperref Info: Anchor `equation.5.105' on input line 845.
Package hyperref Info: Anchor `equation.5.106' on input line 851.
Package hyperref Info: Anchor `equation.5.106' on input line 851.
Package hyperref Info: Anchor `equation.5.106' on input line 851.
Package hyperref Info: Anchor `equation.5.106' on input line 851.
Package hyperref Info: Anchor `equation.5.107' on input line 857.
Package hyperref Info: Anchor `equation.5.107' on input line 857.
Package hyperref Info: Anchor `equation.5.107' on input line 857.
Package hyperref Info: Anchor `equation.5.107' on input line 857.

LaTeX Warning: Reference `eq-6-70' on page 92 undefined on input line 862.

Package hyperref Info: Anchor `equation.5.108' on input line 864.
Package hyperref Info: Anchor `equation.5.108' on input line 864.
Package hyperref Info: Anchor `equation.5.108' on input line 864.
Package hyperref Info: Anchor `equation.5.108' on input line 864.
Package hyperref Info: Anchor `equation.5.109' on input line 870.
Package hyperref Info: Anchor `equation.5.109' on input line 870.
Package hyperref Info: Anchor `equation.5.109' on input line 870.
Package hyperref Info: Anchor `equation.5.109' on input line 870.
Package hyperref Info: Anchor `subsection.5.5.6' on input line 877.
Package hyperref Info: bookmark on input line 877:
(hyperref)             thecounter {5.5.6}
(hyperref)             text {\ifttl@toclabel \ttl@a \fi General Clebsch-type flux coordinate systems}
(hyperref)             reference {subsection.5.5.6}
(hyperref)             toclevel {2}
(hyperref)             type {toc}.

LaTeX Warning: Reference `clebschinterlude' on page 92 undefined on input line 879.


LaTeX Warning: Reference `eq-clebsch-form' on page 92 undefined on input line 879.

Package hyperref Info: Anchor `equation.5.110' on input line 881.
Package hyperref Info: Anchor `equation.5.110' on input line 881.
Package hyperref Info: Anchor `equation.5.110' on input line 881.
Package hyperref Info: Anchor `equation.5.110' on input line 881.
Package hyperref Info: Anchor `equation.5.111' on input line 887.
Package hyperref Info: Anchor `equation.5.111' on input line 887.
Package hyperref Info: Anchor `equation.5.111' on input line 887.
Package hyperref Info: Anchor `equation.5.111' on input line 887.

LaTeX Warning: Reference `clebschinterlude' on page 93 undefined on input line 891.

Package hyperref Info: Anchor `equation.5.112' on input line 893.
Package hyperref Info: Anchor `equation.5.112' on input line 893.
Package hyperref Info: Anchor `equation.5.112' on input line 893.
Package hyperref Info: Anchor `equation.5.112' on input line 893.
Package hyperref Info: Anchor `equation.5.113' on input line 899.
Package hyperref Info: Anchor `equation.5.113' on input line 899.
Package hyperref Info: Anchor `equation.5.113' on input line 899.
Package hyperref Info: Anchor `equation.5.113' on input line 899.
Package hyperref Info: Anchor `subsection.5.5.7' on input line 905.
Package hyperref Info: bookmark on input line 905:
(hyperref)             thecounter {5.5.7}
(hyperref)             text {\ifttl@toclabel \ttl@a \fi Boozer-Grad flux coordinate system}
(hyperref)             reference {subsection.5.5.7}
(hyperref)             toclevel {2}
(hyperref)             type {toc}.
Package hyperref Info: Anchor `equation.5.114' on input line 909.
Package hyperref Info: Anchor `equation.5.114' on input line 909.
Package hyperref Info: Anchor `equation.5.114' on input line 909.
Package hyperref Info: Anchor `equation.5.114' on input line 909.
Package hyperref Info: Anchor `equation.5.115' on input line 915.
Package hyperref Info: Anchor `equation.5.115' on input line 915.
Package hyperref Info: Anchor `equation.5.115' on input line 915.
Package hyperref Info: Anchor `equation.5.115' on input line 915.
Package hyperref Info: Anchor `equation.5.116' on input line 921.
Package hyperref Info: Anchor `equation.5.116' on input line 921.
Package hyperref Info: Anchor `equation.5.116' on input line 921.
Package hyperref Info: Anchor `equation.5.116' on input line 921.
Package hyperref Info: Anchor `equation.5.117' on input line 927.
Package hyperref Info: Anchor `equation.5.117' on input line 927.
Package hyperref Info: Anchor `equation.5.117' on input line 927.
Package hyperref Info: Anchor `equation.5.117' on input line 927.
Package hyperref Info: Anchor `equation.5.118' on input line 933.
Package hyperref Info: Anchor `equation.5.118' on input line 933.
Package hyperref Info: Anchor `equation.5.118' on input line 933.
Package hyperref Info: Anchor `equation.5.118' on input line 933.
Package hyperref Info: Anchor `equation.5.119' on input line 939.
Package hyperref Info: Anchor `equation.5.119' on input line 939.
Package hyperref Info: Anchor `equation.5.119' on input line 939.
Package hyperref Info: Anchor `equation.5.119' on input line 939.
Package hyperref Info: Anchor `equation.5.120' on input line 945.
Package hyperref Info: Anchor `equation.5.120' on input line 945.
Package hyperref Info: Anchor `equation.5.120' on input line 945.
Package hyperref Info: Anchor `equation.5.120' on input line 945.
Package hyperref Info: Anchor `equation.5.121' on input line 952.
Package hyperref Info: Anchor `equation.5.121' on input line 952.
Package hyperref Info: Anchor `equation.5.121' on input line 952.
Package hyperref Info: Anchor `equation.5.121' on input line 952.
Package hyperref Info: Anchor `equation.5.122' on input line 958.
Package hyperref Info: Anchor `equation.5.122' on input line 958.
Package hyperref Info: Anchor `equation.5.122' on input line 958.
Package hyperref Info: Anchor `equation.5.122' on input line 958.

LaTeX Warning: Reference `eq-5-106' on page 94 undefined on input line 963.

Package hyperref Info: Anchor `equation.5.123' on input line 965.
Package hyperref Info: Anchor `equation.5.123' on input line 965.
Package hyperref Info: Anchor `equation.5.123' on input line 965.
Package hyperref Info: Anchor `equation.5.123' on input line 965.
Package hyperref Info: Anchor `equation.5.124' on input line 971.
Package hyperref Info: Anchor `equation.5.124' on input line 971.
Package hyperref Info: Anchor `equation.5.124' on input line 971.
Package hyperref Info: Anchor `equation.5.124' on input line 971.
Package hyperref Info: Anchor `equation.5.125' on input line 977.
Package hyperref Info: Anchor `equation.5.125' on input line 977.
Package hyperref Info: Anchor `equation.5.125' on input line 977.
Package hyperref Info: Anchor `equation.5.125' on input line 977.
Package hyperref Info: Anchor `equation.5.126' on input line 983.
Package hyperref Info: Anchor `equation.5.126' on input line 983.
Package hyperref Info: Anchor `equation.5.126' on input line 983.
Package hyperref Info: Anchor `equation.5.126' on input line 983.

LaTeX Warning: Reference `eq-5-108' on page 94 undefined on input line 988.


LaTeX Warning: Reference `eq-5-112' on page 94 undefined on input line 988.

Package hyperref Info: Anchor `equation.5.127' on input line 990.
Package hyperref Info: Anchor `equation.5.127' on input line 990.
Package hyperref Info: Anchor `equation.5.127' on input line 990.
Package hyperref Info: Anchor `equation.5.127' on input line 990.
Package hyperref Info: Anchor `equation.5.128' on input line 996.
Package hyperref Info: Anchor `equation.5.128' on input line 996.
Package hyperref Info: Anchor `equation.5.128' on input line 996.
Package hyperref Info: Anchor `equation.5.128' on input line 996.
Package hyperref Info: Anchor `equation.5.129' on input line 1002.
Package hyperref Info: Anchor `equation.5.129' on input line 1002.
Package hyperref Info: Anchor `equation.5.129' on input line 1002.
Package hyperref Info: Anchor `equation.5.129' on input line 1002.
Package hyperref Info: Anchor `subsection.5.5.8' on input line 1006.
Package hyperref Info: bookmark on input line 1006:
(hyperref)             thecounter {5.5.8}
(hyperref)             text {\ifttl@toclabel \ttl@a \fi Hamada flux coordinate system}
(hyperref)             reference {subsection.5.5.8}
(hyperref)             toclevel {2}
(hyperref)             type {toc}.
Package hyperref Info: Anchor `equation.5.130' on input line 1010.
Package hyperref Info: Anchor `equation.5.130' on input line 1010.
Package hyperref Info: Anchor `equation.5.130' on input line 1010.
Package hyperref Info: Anchor `equation.5.130' on input line 1010.
Package hyperref Info: Anchor `equation.5.131' on input line 1016.
Package hyperref Info: Anchor `equation.5.131' on input line 1016.
Package hyperref Info: Anchor `equation.5.131' on input line 1016.
Package hyperref Info: Anchor `equation.5.131' on input line 1016.
Package hyperref Info: Anchor `equation.5.132' on input line 1022.
Package hyperref Info: Anchor `equation.5.132' on input line 1022.
Package hyperref Info: Anchor `equation.5.132' on input line 1022.
Package hyperref Info: Anchor `equation.5.132' on input line 1022.

LaTeX Warning: Reference `subsec-5-5-1' on page 95 undefined on input line 1026.


LaTeX Warning: Reference `eq-5-45' on page 95 undefined on input line 1026.

Package hyperref Info: Anchor `equation.5.133' on input line 1028.
Package hyperref Info: Anchor `equation.5.133' on input line 1028.
Package hyperref Info: Anchor `equation.5.133' on input line 1028.
Package hyperref Info: Anchor `equation.5.133' on input line 1028.

LaTeX Warning: Reference `eq-5-51' on page 95 undefined on input line 1032.

Package hyperref Info: Anchor `equation.5.134' on input line 1034.
Package hyperref Info: Anchor `equation.5.134' on input line 1034.
Package hyperref Info: Anchor `equation.5.134' on input line 1034.
Package hyperref Info: Anchor `equation.5.134' on input line 1034.
Package hyperref Info: Anchor `equation.5.135' on input line 1040.
Package hyperref Info: Anchor `equation.5.135' on input line 1040.
Package hyperref Info: Anchor `equation.5.135' on input line 1040.
Package hyperref Info: Anchor `equation.5.135' on input line 1040.
Package hyperref Info: Anchor `equation.5.136' on input line 1046.
Package hyperref Info: Anchor `equation.5.136' on input line 1046.
Package hyperref Info: Anchor `equation.5.136' on input line 1046.
Package hyperref Info: Anchor `equation.5.136' on input line 1046.

LaTeX Warning: Reference `eq-5-53' on page 95 undefined on input line 1050.

Package hyperref Info: Anchor `equation.5.137' on input line 1052.
Package hyperref Info: Anchor `equation.5.137' on input line 1052.
Package hyperref Info: Anchor `equation.5.137' on input line 1052.
Package hyperref Info: Anchor `equation.5.137' on input line 1052.
Package hyperref Info: Anchor `equation.5.138' on input line 1058.
Package hyperref Info: Anchor `equation.5.138' on input line 1058.
Package hyperref Info: Anchor `equation.5.138' on input line 1058.
Package hyperref Info: Anchor `equation.5.138' on input line 1058.
Package hyperref Info: Anchor `equation.5.139' on input line 1064.
Package hyperref Info: Anchor `equation.5.139' on input line 1064.
Package hyperref Info: Anchor `equation.5.139' on input line 1064.
Package hyperref Info: Anchor `equation.5.139' on input line 1064.
Package hyperref Info: Anchor `equation.5.140' on input line 1070.
Package hyperref Info: Anchor `equation.5.140' on input line 1070.
Package hyperref Info: Anchor `equation.5.140' on input line 1070.
Package hyperref Info: Anchor `equation.5.140' on input line 1070.

LaTeX Warning: Reference `mhd-conditions' on page 96 undefined on input line 1077.


LaTeX Warning: Reference `eq-5-98' on page 96 undefined on input line 1077.


LaTeX Warning: Reference `eq-5-97' on page 96 undefined on input line 1077.

Package hyperref Info: Anchor `equation.5.141' on input line 1079.
Package hyperref Info: Anchor `equation.5.141' on input line 1079.
Package hyperref Info: Anchor `equation.5.141' on input line 1079.
Package hyperref Info: Anchor `equation.5.141' on input line 1079.

LaTeX Warning: Reference `eq-5-98' on page 96 undefined on input line 1083.

Package hyperref Info: Anchor `equation.5.142' on input line 1085.
Package hyperref Info: Anchor `equation.5.142' on input line 1085.
Package hyperref Info: Anchor `equation.5.142' on input line 1085.
Package hyperref Info: Anchor `equation.5.142' on input line 1085.
Package hyperref Info: Anchor `section.5.6' on input line 1099.
Package hyperref Info: bookmark on input line 1099:
(hyperref)             thecounter {5.6}
(hyperref)             text {\ifttl@toclabel \ttl@a \fi Magnetic field structure in helical systems}
(hyperref)             reference {section.5.6}
(hyperref)             toclevel {1}
(hyperref)             type {toc}.
Package hyperref Info: Anchor `equation.5.143' on input line 1105.
Package hyperref Info: Anchor `equation.5.143' on input line 1105.
Package hyperref Info: Anchor `equation.5.143' on input line 1105.
Package hyperref Info: Anchor `equation.5.143' on input line 1105.
Package hyperref Info: Anchor `equation.5.144' on input line 1109.
Package hyperref Info: Anchor `equation.5.144' on input line 1109.
Package hyperref Info: Anchor `equation.5.144' on input line 1109.
Package hyperref Info: Anchor `equation.5.144' on input line 1109.

LaTeX Warning: Reference `eq-5-144' on page 96 undefined on input line 1114.

Package hyperref Info: Anchor `equation.5.145' on input line 1116.
Package hyperref Info: Anchor `equation.5.145' on input line 1116.
Package hyperref Info: Anchor `equation.5.145' on input line 1116.
Package hyperref Info: Anchor `equation.5.145' on input line 1116.
Package hyperref Info: Anchor `equation.5.146' on input line 1122.
Package hyperref Info: Anchor `equation.5.146' on input line 1122.
Package hyperref Info: Anchor `equation.5.146' on input line 1122.
Package hyperref Info: Anchor `equation.5.146' on input line 1122.
Package hyperref Info: Anchor `equation.5.147' on input line 1137.
Package hyperref Info: Anchor `equation.5.147' on input line 1137.
Package hyperref Info: Anchor `equation.5.147' on input line 1137.
Package hyperref Info: Anchor `equation.5.147' on input line 1137.
Package hyperref Info: Anchor `equation.5.148' on input line 1144.
Package hyperref Info: Anchor `equation.5.148' on input line 1144.
Package hyperref Info: Anchor `equation.5.148' on input line 1144.
Package hyperref Info: Anchor `equation.5.148' on input line 1144.

LaTeX Warning: Reference `eq-5-150' on page 97 undefined on input line 1149.

Package hyperref Info: Anchor `equation.5.149' on input line 1151.
Package hyperref Info: Anchor `equation.5.149' on input line 1151.
Package hyperref Info: Anchor `equation.5.149' on input line 1151.
Package hyperref Info: Anchor `equation.5.149' on input line 1151.
Package hyperref Info: Anchor `equation.5.150' on input line 1157.
Package hyperref Info: Anchor `equation.5.150' on input line 1157.
Package hyperref Info: Anchor `equation.5.150' on input line 1157.
Package hyperref Info: Anchor `equation.5.150' on input line 1157.
Package hyperref Info: Anchor `equation.5.151' on input line 1163.
Package hyperref Info: Anchor `equation.5.151' on input line 1163.
Package hyperref Info: Anchor `equation.5.151' on input line 1163.
Package hyperref Info: Anchor `equation.5.151' on input line 1163.
Package hyperref Info: Anchor `equation.5.152' on input line 1169.
Package hyperref Info: Anchor `equation.5.152' on input line 1169.
Package hyperref Info: Anchor `equation.5.152' on input line 1169.
Package hyperref Info: Anchor `equation.5.152' on input line 1169.
Package hyperref Info: Anchor `equation.5.153' on input line 1175.
Package hyperref Info: Anchor `equation.5.153' on input line 1175.
Package hyperref Info: Anchor `equation.5.153' on input line 1175.
Package hyperref Info: Anchor `equation.5.153' on input line 1175.

LaTeX Warning: Reference `eq-5-150' on page 97 undefined on input line 1179.

Package hyperref Info: Anchor `equation.5.154' on input line 1181.
Package hyperref Info: Anchor `equation.5.154' on input line 1181.
Package hyperref Info: Anchor `equation.5.154' on input line 1181.
Package hyperref Info: Anchor `equation.5.154' on input line 1181.
Package hyperref Info: Anchor `equation.5.155' on input line 1187.
Package hyperref Info: Anchor `equation.5.155' on input line 1187.
Package hyperref Info: Anchor `equation.5.155' on input line 1187.
Package hyperref Info: Anchor `equation.5.155' on input line 1187.
Package hyperref Info: Anchor `equation.5.156' on input line 1193.
Package hyperref Info: Anchor `equation.5.156' on input line 1193.
Package hyperref Info: Anchor `equation.5.156' on input line 1193.
Package hyperref Info: Anchor `equation.5.156' on input line 1193.

LaTeX Warning: Reference `eq-5-144' on page 97 undefined on input line 1197.

Package hyperref Info: Anchor `equation.5.157' on input line 1199.
Package hyperref Info: Anchor `equation.5.157' on input line 1199.
Package hyperref Info: Anchor `equation.5.157' on input line 1199.
Package hyperref Info: Anchor `equation.5.157' on input line 1199.
Package hyperref Info: Anchor `equation.5.158' on input line 1205.
Package hyperref Info: Anchor `equation.5.158' on input line 1205.
Package hyperref Info: Anchor `equation.5.158' on input line 1205.
Package hyperref Info: Anchor `equation.5.158' on input line 1205.
Package hyperref Info: Anchor `equation.5.159' on input line 1213.
Package hyperref Info: Anchor `equation.5.159' on input line 1213.
Package hyperref Info: Anchor `equation.5.159' on input line 1213.
Package hyperref Info: Anchor `equation.5.159' on input line 1213.
Package hyperref Info: Anchor `equation.5.160' on input line 1219.
Package hyperref Info: Anchor `equation.5.160' on input line 1219.
Package hyperref Info: Anchor `equation.5.160' on input line 1219.
Package hyperref Info: Anchor `equation.5.160' on input line 1219.
Package hyperref Info: Anchor `equation.5.161' on input line 1229.
Package hyperref Info: Anchor `equation.5.161' on input line 1229.
Package hyperref Info: Anchor `equation.5.161' on input line 1229.
Package hyperref Info: Anchor `equation.5.161' on input line 1229.
Package hyperref Info: Anchor `equation.5.162' on input line 1235.
Package hyperref Info: Anchor `equation.5.162' on input line 1235.
Package hyperref Info: Anchor `equation.5.162' on input line 1235.
Package hyperref Info: Anchor `equation.5.162' on input line 1235.
Package hyperref Info: Anchor `equation.5.163' on input line 1242.
Package hyperref Info: Anchor `equation.5.163' on input line 1242.
Package hyperref Info: Anchor `equation.5.163' on input line 1242.
Package hyperref Info: Anchor `equation.5.163' on input line 1242.
Package hyperref Info: Anchor `equation.5.164' on input line 1248.
Package hyperref Info: Anchor `equation.5.164' on input line 1248.
Package hyperref Info: Anchor `equation.5.164' on input line 1248.
Package hyperref Info: Anchor `equation.5.164' on input line 1248.
Package hyperref Info: Anchor `equation.5.165' on input line 1254.
Package hyperref Info: Anchor `equation.5.165' on input line 1254.
Package hyperref Info: Anchor `equation.5.165' on input line 1254.
Package hyperref Info: Anchor `equation.5.165' on input line 1254.

LaTeX Warning: Reference `eq-1-150' on page 98 undefined on input line 1258.

Package hyperref Info: Anchor `equation.5.166' on input line 1260.
Package hyperref Info: Anchor `equation.5.166' on input line 1260.
Package hyperref Info: Anchor `equation.5.166' on input line 1260.
Package hyperref Info: Anchor `equation.5.166' on input line 1260.

LaTeX Warning: Reference `subsec-rot-transform' on page 98 undefined on input line 1264.

Package hyperref Info: Anchor `section.5.7' on input line 1266.
Package hyperref Info: bookmark on input line 1266:
(hyperref)             thecounter {5.7}
(hyperref)             text {\ifttl@toclabel \ttl@a \fi Magnetic field-line Hamiltonian}
(hyperref)             reference {section.5.7}
(hyperref)             toclevel {1}
(hyperref)             type {toc}.
Package hyperref Info: Anchor `subsection.5.7.1' on input line 1272.
Package hyperref Info: bookmark on input line 1272:
(hyperref)             thecounter {5.7.1}
(hyperref)             text {\ifttl@toclabel \ttl@a \fi Flux coordinate systems revisited}
(hyperref)             reference {subsection.5.7.1}
(hyperref)             toclevel {2}
(hyperref)             type {toc}.

LaTeX Warning: Reference `eq-6-64' on page 99 undefined on input line 1274.

Package hyperref Info: Anchor `equation.5.167' on input line 1276.
Package hyperref Info: Anchor `equation.5.167' on input line 1276.
Package hyperref Info: Anchor `equation.5.167' on input line 1276.
Package hyperref Info: Anchor `equation.5.167' on input line 1276.
Package hyperref Info: Anchor `equation.5.168' on input line 1282.
Package hyperref Info: Anchor `equation.5.168' on input line 1282.
Package hyperref Info: Anchor `equation.5.168' on input line 1282.
Package hyperref Info: Anchor `equation.5.168' on input line 1282.
Package hyperref Info: Anchor `equation.5.169' on input line 1288.
Package hyperref Info: Anchor `equation.5.169' on input line 1288.
Package hyperref Info: Anchor `equation.5.169' on input line 1288.
Package hyperref Info: Anchor `equation.5.169' on input line 1288.
Package hyperref Info: Anchor `equation.5.170' on input line 1294.
Package hyperref Info: Anchor `equation.5.170' on input line 1294.
Package hyperref Info: Anchor `equation.5.170' on input line 1294.
Package hyperref Info: Anchor `equation.5.170' on input line 1294.

LaTeX Warning: Reference `subsec-5-5-1' on page 99 undefined on input line 1298.

Package hyperref Info: Anchor `equation.5.171' on input line 1300.
Package hyperref Info: Anchor `equation.5.171' on input line 1300.
Package hyperref Info: Anchor `equation.5.171' on input line 1300.
Package hyperref Info: Anchor `equation.5.171' on input line 1300.
Package hyperref Info: Anchor `equation.5.172' on input line 1306.
Package hyperref Info: Anchor `equation.5.172' on input line 1306.
Package hyperref Info: Anchor `equation.5.172' on input line 1306.
Package hyperref Info: Anchor `equation.5.172' on input line 1306.
Package hyperref Info: Anchor `equation.5.173' on input line 1312.
Package hyperref Info: Anchor `equation.5.173' on input line 1312.
Package hyperref Info: Anchor `equation.5.173' on input line 1312.
Package hyperref Info: Anchor `equation.5.173' on input line 1312.
Package hyperref Info: Anchor `equation.5.174' on input line 1318.
Package hyperref Info: Anchor `equation.5.174' on input line 1318.
Package hyperref Info: Anchor `equation.5.174' on input line 1318.
Package hyperref Info: Anchor `equation.5.174' on input line 1318.
Package hyperref Info: Anchor `subsection.5.7.2' on input line 1324.
Package hyperref Info: bookmark on input line 1324:
(hyperref)             thecounter {5.7.2}
(hyperref)             text {\ifttl@toclabel \ttl@a \fi Canonical magnetic coordinates}
(hyperref)             reference {subsection.5.7.2}
(hyperref)             toclevel {2}
(hyperref)             type {toc}.
Package hyperref Info: Anchor `equation.5.175' on input line 1328.
Package hyperref Info: Anchor `equation.5.175' on input line 1328.
Package hyperref Info: Anchor `equation.5.175' on input line 1328.
Package hyperref Info: Anchor `equation.5.175' on input line 1328.
Package hyperref Info: Anchor `equation.5.176' on input line 1334.
Package hyperref Info: Anchor `equation.5.176' on input line 1334.
Package hyperref Info: Anchor `equation.5.176' on input line 1334.
Package hyperref Info: Anchor `equation.5.176' on input line 1334.
Package hyperref Info: Anchor `equation.5.177' on input line 1340.
Package hyperref Info: Anchor `equation.5.177' on input line 1340.
Package hyperref Info: Anchor `equation.5.177' on input line 1340.
Package hyperref Info: Anchor `equation.5.177' on input line 1340.

LaTeX Warning: Reference `eq-6-54' on page 100 undefined on input line 1345.

Package hyperref Info: Anchor `equation.5.178' on input line 1347.
Package hyperref Info: Anchor `equation.5.178' on input line 1347.
Package hyperref Info: Anchor `equation.5.178' on input line 1347.
Package hyperref Info: Anchor `equation.5.178' on input line 1347.
Package hyperref Info: Anchor `equation.5.179' on input line 1351.
Package hyperref Info: Anchor `equation.5.179' on input line 1351.
Package hyperref Info: Anchor `equation.5.179' on input line 1351.
Package hyperref Info: Anchor `equation.5.179' on input line 1351.
Package hyperref Info: Anchor `equation.5.180' on input line 1356.
Package hyperref Info: Anchor `equation.5.180' on input line 1356.
Package hyperref Info: Anchor `equation.5.180' on input line 1356.
Package hyperref Info: Anchor `equation.5.180' on input line 1356.
Package hyperref Info: Anchor `equation.5.181' on input line 1364.
Package hyperref Info: Anchor `equation.5.181' on input line 1364.
Package hyperref Info: Anchor `equation.5.181' on input line 1364.
Package hyperref Info: Anchor `equation.5.181' on input line 1364.

LaTeX Warning: Reference `eq-5-152' on page 100 undefined on input line 1368.

Package hyperref Info: Anchor `equation.5.182' on input line 1370.
Package hyperref Info: Anchor `equation.5.182' on input line 1370.
Package hyperref Info: Anchor `equation.5.182' on input line 1370.
Package hyperref Info: Anchor `equation.5.182' on input line 1370.
Package hyperref Info: Anchor `equation.5.183' on input line 1376.
Package hyperref Info: Anchor `equation.5.183' on input line 1376.
Package hyperref Info: Anchor `equation.5.183' on input line 1376.
Package hyperref Info: Anchor `equation.5.183' on input line 1376.
Package hyperref Info: Anchor `equation.5.184' on input line 1382.
Package hyperref Info: Anchor `equation.5.184' on input line 1382.
Package hyperref Info: Anchor `equation.5.184' on input line 1382.
Package hyperref Info: Anchor `equation.5.184' on input line 1382.
Package hyperref Info: Anchor `section.5.8' on input line 1392.
Package hyperref Info: bookmark on input line 1392:
(hyperref)             thecounter {5.8}
(hyperref)             text {\ifttl@toclabel \ttl@a \fi Quasi-symmetry of magnetic fields}
(hyperref)             reference {section.5.8}
(hyperref)             toclevel {1}
(hyperref)             type {toc}.
Package hyperref Info: Anchor `Item.71' on input line 1397.
Package hyperref Info: Anchor `Item.72' on input line 1398.
Package hyperref Info: Anchor `Item.73' on input line 1399.
Package hyperref Info: Anchor `Item.74' on input line 1405.
Package hyperref Info: Anchor `Item.75' on input line 1406.
Package hyperref Info: Anchor `Item.76' on input line 1407.
Package hyperref Info: Anchor `Item.77' on input line 1408.

LaTeX Warning: Reference `eq-6-77' on page 102 undefined on input line 1411.

Package hyperref Info: Anchor `equation.5.185' on input line 1413.
Package hyperref Info: Anchor `equation.5.185' on input line 1413.
Package hyperref Info: Anchor `equation.5.185' on input line 1413.
Package hyperref Info: Anchor `equation.5.185' on input line 1413.
Package hyperref Info: Anchor `equation.5.186' on input line 1419.
Package hyperref Info: Anchor `equation.5.186' on input line 1419.
Package hyperref Info: Anchor `equation.5.186' on input line 1419.
Package hyperref Info: Anchor `equation.5.186' on input line 1419.

LaTeX Warning: Reference `eq-6-79' on page 102 undefined on input line 1423.

Package hyperref Info: Anchor `equation.5.187' on input line 1425.
Package hyperref Info: Anchor `equation.5.187' on input line 1425.
Package hyperref Info: Anchor `equation.5.187' on input line 1425.
Package hyperref Info: Anchor `equation.5.187' on input line 1425.
Package hyperref Info: Anchor `equation.5.188' on input line 1431.
Package hyperref Info: Anchor `equation.5.188' on input line 1431.
Package hyperref Info: Anchor `equation.5.188' on input line 1431.
Package hyperref Info: Anchor `equation.5.188' on input line 1431.
Package hyperref Info: Anchor `equation.5.189' on input line 1435.
Package hyperref Info: Anchor `equation.5.189' on input line 1435.
Package hyperref Info: Anchor `equation.5.189' on input line 1435.
Package hyperref Info: Anchor `equation.5.189' on input line 1435.
Package hyperref Info: Anchor `subsection.5.8.1' on input line 1441.
Package hyperref Info: bookmark on input line 1441:
(hyperref)             thecounter {5.8.1}
(hyperref)             text {\ifttl@toclabel \ttl@a \fi Axisymmetric confinement}
(hyperref)             reference {subsection.5.8.1}
(hyperref)             toclevel {2}
(hyperref)             type {toc}.
Package hyperref Info: Anchor `subsubsection.5.8.1.1' on input line 1445.
Package hyperref Info: bookmark on input line 1445:
(hyperref)             thecounter {5.8.1.1}
(hyperref)             text {\ifttl@toclabel \ttl@a \fi Canonical angular momentum}
(hyperref)             reference {subsubsection.5.8.1.1}
(hyperref)             toclevel {3}
(hyperref)             type {toc}.
Package hyperref Info: Anchor `equation.5.190' on input line 1449.
Package hyperref Info: Anchor `equation.5.190' on input line 1449.
Package hyperref Info: Anchor `equation.5.190' on input line 1449.
Package hyperref Info: Anchor `equation.5.190' on input line 1449.
Package hyperref Info: Anchor `equation.5.191' on input line 1455.
Package hyperref Info: Anchor `equation.5.191' on input line 1455.
Package hyperref Info: Anchor `equation.5.191' on input line 1455.
Package hyperref Info: Anchor `equation.5.191' on input line 1455.
Package hyperref Info: Anchor `equation.5.192' on input line 1461.
Package hyperref Info: Anchor `equation.5.192' on input line 1461.
Package hyperref Info: Anchor `equation.5.192' on input line 1461.
Package hyperref Info: Anchor `equation.5.192' on input line 1461.
Package hyperref Info: Anchor `equation.5.193' on input line 1467.
Package hyperref Info: Anchor `equation.5.193' on input line 1467.
Package hyperref Info: Anchor `equation.5.193' on input line 1467.
Package hyperref Info: Anchor `equation.5.193' on input line 1467.
Package hyperref Info: Anchor `equation.5.194' on input line 1473.
Package hyperref Info: Anchor `equation.5.194' on input line 1473.
Package hyperref Info: Anchor `equation.5.194' on input line 1473.
Package hyperref Info: Anchor `equation.5.194' on input line 1473.
Package hyperref Info: Anchor `equation.5.195' on input line 1479.
Package hyperref Info: Anchor `equation.5.195' on input line 1479.
Package hyperref Info: Anchor `equation.5.195' on input line 1479.
Package hyperref Info: Anchor `equation.5.195' on input line 1479.
Package hyperref Info: Anchor `equation.5.196' on input line 1485.
Package hyperref Info: Anchor `equation.5.196' on input line 1485.
Package hyperref Info: Anchor `equation.5.196' on input line 1485.
Package hyperref Info: Anchor `equation.5.196' on input line 1485.
Package hyperref Info: Anchor `subsubsection.5.8.1.2' on input line 1489.
Package hyperref Info: bookmark on input line 1489:
(hyperref)             thecounter {5.8.1.2}
(hyperref)             text {\ifttl@toclabel \ttl@a \fi Difficulties with axisymmetric confinements}
(hyperref)             reference {subsubsection.5.8.1.2}
(hyperref)             toclevel {3}
(hyperref)             type {toc}.

LaTeX Warning: Reference `sec2-10-3-2' on page 103 undefined on input line 1491.


LaTeX Warning: Reference `eq2-108' on page 103 undefined on input line 1491.

)
\providecommand\hyper@newdestlabel[2]{}
(./Chapters/mhd-equilibria.tex
Package hyperref Info: Anchor `chapter.6' on input line 3.
Chapter 6.
Package hyperref Info: bookmark on input line 3:
(hyperref)             thecounter {6}
(hyperref)             text {\protect \numberline {\thechapter }Magnetohydrodynamic equilibria}
(hyperref)             reference {chapter.6}
(hyperref)             toclevel {0}
(hyperref)             type {toc}.
Package hyperref Info: Anchor `section.6.1' on input line 9.
Package hyperref Info: bookmark on input line 9:
(hyperref)             thecounter {6.1}
(hyperref)             text {\ifttl@toclabel \ttl@a \fi Magnetic field structure revisited}
(hyperref)             reference {section.6.1}
(hyperref)             toclevel {1}
(hyperref)             type {toc}.
Package hyperref Info: Anchor `equation.6.1' on input line 13.
Package hyperref Info: Anchor `equation.6.1' on input line 13.
Package hyperref Info: Anchor `equation.6.1' on input line 13.
Package hyperref Info: Anchor `equation.6.1' on input line 13.
Package hyperref Info: Anchor `equation.6.2' on input line 21.
Package hyperref Info: Anchor `equation.6.2' on input line 21.
Package hyperref Info: Anchor `equation.6.2' on input line 21.
Package hyperref Info: Anchor `equation.6.2' on input line 21.
Package hyperref Info: Anchor `equation.6.3' on input line 25.
Package hyperref Info: Anchor `equation.6.3' on input line 25.
Package hyperref Info: Anchor `equation.6.3' on input line 25.
Package hyperref Info: Anchor `equation.6.3' on input line 25.
Package hyperref Info: Anchor `equation.6.4' on input line 32.
Package hyperref Info: Anchor `equation.6.4' on input line 32.
Package hyperref Info: Anchor `equation.6.4' on input line 32.
Package hyperref Info: Anchor `equation.6.4' on input line 32.

LaTeX Warning: Reference `eq-mhd-3' on page 104 undefined on input line 36.

Package hyperref Info: Anchor `subsection.6.1.1' on input line 38.
Package hyperref Info: bookmark on input line 38:
(hyperref)             thecounter {6.1.1}
(hyperref)             text {\ifttl@toclabel \ttl@a \fi Force-free magnetic fields}
(hyperref)             reference {subsection.6.1.1}
(hyperref)             toclevel {2}
(hyperref)             type {toc}.

LaTeX Warning: Reference `subsec-magnetic-tensionandpressure' on page 105 undefined on input line 44.


LaTeX Warning: Reference `eq-5-16' on page 105 undefined on input line 44.


LaTeX Warning: Reference `eq-5-15' on page 105 undefined on input line 44.

Package hyperref Info: Anchor `subsection.6.1.2' on input line 46.
Package hyperref Info: bookmark on input line 46:
(hyperref)             thecounter {6.1.2}
(hyperref)             text {\ifttl@toclabel \ttl@a \fi Magnetohydrodynamic virial theorem}
(hyperref)             reference {subsection.6.1.2}
(hyperref)             toclevel {2}
(hyperref)             type {toc}.

LaTeX Warning: Reference `eq-5-11' on page 105 undefined on input line 48.

Package hyperref Info: Anchor `equation.6.5' on input line 50.
Package hyperref Info: Anchor `equation.6.5' on input line 50.
Package hyperref Info: Anchor `equation.6.5' on input line 50.
Package hyperref Info: Anchor `equation.6.5' on input line 50.
Package hyperref Info: Anchor `equation.6.6' on input line 56.
Package hyperref Info: Anchor `equation.6.6' on input line 56.
Package hyperref Info: Anchor `equation.6.6' on input line 56.
Package hyperref Info: Anchor `equation.6.6' on input line 56.
Package hyperref Info: Anchor `equation.6.7' on input line 62.
Package hyperref Info: Anchor `equation.6.7' on input line 62.
Package hyperref Info: Anchor `equation.6.7' on input line 62.
Package hyperref Info: Anchor `equation.6.7' on input line 62.
Package hyperref Info: Anchor `equation.6.8' on input line 68.
Package hyperref Info: Anchor `equation.6.8' on input line 68.
Package hyperref Info: Anchor `equation.6.8' on input line 68.
Package hyperref Info: Anchor `equation.6.8' on input line 68.
Package hyperref Info: Anchor `equation.6.9' on input line 74.
Package hyperref Info: Anchor `equation.6.9' on input line 74.
Package hyperref Info: Anchor `equation.6.9' on input line 74.
Package hyperref Info: Anchor `equation.6.9' on input line 74.
Package hyperref Info: Anchor `subsection.6.1.3' on input line 80.
Package hyperref Info: bookmark on input line 80:
(hyperref)             thecounter {6.1.3}
(hyperref)             text {\ifttl@toclabel \ttl@a \fi Flux preservation and inductance}
(hyperref)             reference {subsection.6.1.3}
(hyperref)             toclevel {2}
(hyperref)             type {toc}.
Package hyperref Info: Anchor `equation.6.10' on input line 84.
Package hyperref Info: Anchor `equation.6.10' on input line 84.
Package hyperref Info: Anchor `equation.6.10' on input line 84.
Package hyperref Info: Anchor `equation.6.10' on input line 84.
Package hyperref Info: Anchor `equation.6.11' on input line 90.
Package hyperref Info: Anchor `equation.6.11' on input line 90.
Package hyperref Info: Anchor `equation.6.11' on input line 90.
Package hyperref Info: Anchor `equation.6.11' on input line 90.
Package hyperref Info: Anchor `equation.6.12' on input line 94.
Package hyperref Info: Anchor `equation.6.12' on input line 94.
Package hyperref Info: Anchor `equation.6.12' on input line 94.
Package hyperref Info: Anchor `equation.6.12' on input line 94.
Package hyperref Info: Anchor `equation.6.13' on input line 100.
Package hyperref Info: Anchor `equation.6.13' on input line 100.
Package hyperref Info: Anchor `equation.6.13' on input line 100.
Package hyperref Info: Anchor `equation.6.13' on input line 100.
Package hyperref Info: Anchor `equation.6.14' on input line 106.
Package hyperref Info: Anchor `equation.6.14' on input line 106.
Package hyperref Info: Anchor `equation.6.14' on input line 106.
Package hyperref Info: Anchor `equation.6.14' on input line 106.
Package hyperref Info: Anchor `section.6.2' on input line 112.
Package hyperref Info: bookmark on input line 112:
(hyperref)             thecounter {6.2}
(hyperref)             text {\ifttl@toclabel \ttl@a \fi Basic properties of ideal magnetohydrodynamics}
(hyperref)             reference {section.6.2}
(hyperref)             toclevel {1}
(hyperref)             type {toc}.
Package hyperref Info: Anchor `equation.6.15' on input line 116.
Package hyperref Info: Anchor `equation.6.15' on input line 116.
Package hyperref Info: Anchor `equation.6.15' on input line 116.
Package hyperref Info: Anchor `equation.6.15' on input line 116.
Package hyperref Info: Anchor `subsection.6.2.1' on input line 123.
Package hyperref Info: bookmark on input line 123:
(hyperref)             thecounter {6.2.1}
(hyperref)             text {\ifttl@toclabel \ttl@a \fi Magnetic flux tubes}
(hyperref)             reference {subsection.6.2.1}
(hyperref)             toclevel {2}
(hyperref)             type {toc}.
Package hyperref Info: Anchor `equation.6.16' on input line 131.
Package hyperref Info: Anchor `equation.6.16' on input line 131.
Package hyperref Info: Anchor `equation.6.16' on input line 131.
Package hyperref Info: Anchor `equation.6.16' on input line 131.
Package hyperref Info: Anchor `equation.6.17' on input line 137.
Package hyperref Info: Anchor `equation.6.17' on input line 137.
Package hyperref Info: Anchor `equation.6.17' on input line 137.
Package hyperref Info: Anchor `equation.6.17' on input line 137.
Package hyperref Info: Anchor `equation.6.18' on input line 141.
Package hyperref Info: Anchor `equation.6.18' on input line 141.
Package hyperref Info: Anchor `equation.6.18' on input line 141.
Package hyperref Info: Anchor `equation.6.18' on input line 141.
Package hyperref Info: Anchor `subsection.6.2.2' on input line 147.
Package hyperref Info: bookmark on input line 147:
(hyperref)             thecounter {6.2.2}
(hyperref)             text {\ifttl@toclabel \ttl@a \fi Magnetic helicity: interlude to the topology of magnetic field structure}
(hyperref)             reference {subsection.6.2.2}
(hyperref)             toclevel {2}
(hyperref)             type {toc}.
Package hyperref Info: Anchor `equation.6.19' on input line 151.
Package hyperref Info: Anchor `equation.6.19' on input line 151.
Package hyperref Info: Anchor `equation.6.19' on input line 151.
Package hyperref Info: Anchor `equation.6.19' on input line 151.
Package hyperref Info: Anchor `equation.6.20' on input line 157.
Package hyperref Info: Anchor `equation.6.20' on input line 157.
Package hyperref Info: Anchor `equation.6.20' on input line 157.
Package hyperref Info: Anchor `equation.6.20' on input line 157.
Package hyperref Info: Anchor `equation.6.21' on input line 165.
Package hyperref Info: Anchor `equation.6.21' on input line 165.
Package hyperref Info: Anchor `equation.6.21' on input line 165.
Package hyperref Info: Anchor `equation.6.21' on input line 165.
Package hyperref Info: Anchor `equation.6.22' on input line 169.
Package hyperref Info: Anchor `equation.6.22' on input line 169.
Package hyperref Info: Anchor `equation.6.22' on input line 169.
Package hyperref Info: Anchor `equation.6.22' on input line 169.

LaTeX Warning: Reference `eq-6-15-x' on page 107 undefined on input line 173.

Package hyperref Info: Anchor `equation.6.23' on input line 175.
Package hyperref Info: Anchor `equation.6.23' on input line 175.
Package hyperref Info: Anchor `equation.6.23' on input line 175.
Package hyperref Info: Anchor `equation.6.23' on input line 175.
Package hyperref Info: Anchor `equation.6.24' on input line 182.
Package hyperref Info: Anchor `equation.6.24' on input line 182.
Package hyperref Info: Anchor `equation.6.24' on input line 182.
Package hyperref Info: Anchor `equation.6.24' on input line 182.

LaTeX Warning: Reference `eq-6-27' on page 107 undefined on input line 186.

Package hyperref Info: Anchor `equation.6.25' on input line 188.
Package hyperref Info: Anchor `equation.6.25' on input line 188.
Package hyperref Info: Anchor `equation.6.25' on input line 188.
Package hyperref Info: Anchor `equation.6.25' on input line 188.
Package hyperref Info: Anchor `equation.6.26' on input line 192.
Package hyperref Info: Anchor `equation.6.26' on input line 192.
Package hyperref Info: Anchor `equation.6.26' on input line 192.
Package hyperref Info: Anchor `equation.6.26' on input line 192.
Package hyperref Info: Anchor `equation.6.27' on input line 198.
Package hyperref Info: Anchor `equation.6.27' on input line 198.
Package hyperref Info: Anchor `equation.6.27' on input line 198.
Package hyperref Info: Anchor `equation.6.27' on input line 198.
Package hyperref Info: Anchor `equation.6.28' on input line 206.
Package hyperref Info: Anchor `equation.6.28' on input line 206.
Package hyperref Info: Anchor `equation.6.28' on input line 206.
Package hyperref Info: Anchor `equation.6.28' on input line 206.

LaTeX Warning: Reference `eq-5-32' on page 108 undefined on input line 210.

Package hyperref Info: Anchor `equation.6.29' on input line 212.
Package hyperref Info: Anchor `equation.6.29' on input line 212.
Package hyperref Info: Anchor `equation.6.29' on input line 212.
Package hyperref Info: Anchor `equation.6.29' on input line 212.
Package hyperref Info: Anchor `equation.6.30' on input line 220.
Package hyperref Info: Anchor `equation.6.30' on input line 220.
Package hyperref Info: Anchor `equation.6.30' on input line 220.
Package hyperref Info: Anchor `equation.6.30' on input line 220.
Package hyperref Info: Anchor `equation.6.31' on input line 224.
Package hyperref Info: Anchor `equation.6.31' on input line 224.
Package hyperref Info: Anchor `equation.6.31' on input line 224.
Package hyperref Info: Anchor `equation.6.31' on input line 224.
Package hyperref Info: Anchor `equation.6.32' on input line 232.
Package hyperref Info: Anchor `equation.6.32' on input line 232.
Package hyperref Info: Anchor `equation.6.32' on input line 232.
Package hyperref Info: Anchor `equation.6.32' on input line 232.
Package hyperref Info: Anchor `equation.6.33' on input line 242.
Package hyperref Info: Anchor `equation.6.33' on input line 242.
Package hyperref Info: Anchor `equation.6.33' on input line 242.
Package hyperref Info: Anchor `equation.6.33' on input line 242.

LaTeX Warning: Reference `magnetic-field-structure' on page 109 undefined on input line 249.


LaTeX Warning: Reference `magnetic-field-structure' on page 109 undefined on input line 249.

Package hyperref Info: Anchor `equation.6.34' on input line 253.
Package hyperref Info: Anchor `equation.6.34' on input line 253.
Package hyperref Info: Anchor `equation.6.34' on input line 253.
Package hyperref Info: Anchor `equation.6.34' on input line 253.
Package hyperref Info: Anchor `equation.6.35' on input line 259.
Package hyperref Info: Anchor `equation.6.35' on input line 259.
Package hyperref Info: Anchor `equation.6.35' on input line 259.
Package hyperref Info: Anchor `equation.6.35' on input line 259.
Package hyperref Info: Anchor `equation.6.36' on input line 265.
Package hyperref Info: Anchor `equation.6.36' on input line 265.
Package hyperref Info: Anchor `equation.6.36' on input line 265.
Package hyperref Info: Anchor `equation.6.36' on input line 265.
Package hyperref Info: Anchor `equation.6.37' on input line 271.
Package hyperref Info: Anchor `equation.6.37' on input line 271.
Package hyperref Info: Anchor `equation.6.37' on input line 271.
Package hyperref Info: Anchor `equation.6.37' on input line 271.
Package hyperref Info: Anchor `equation.6.38' on input line 277.
Package hyperref Info: Anchor `equation.6.38' on input line 277.
Package hyperref Info: Anchor `equation.6.38' on input line 277.
Package hyperref Info: Anchor `equation.6.38' on input line 277.
Package hyperref Info: Anchor `equation.6.39' on input line 283.
Package hyperref Info: Anchor `equation.6.39' on input line 283.
Package hyperref Info: Anchor `equation.6.39' on input line 283.
Package hyperref Info: Anchor `equation.6.39' on input line 283.
Package hyperref Info: Anchor `equation.6.40' on input line 287.
Package hyperref Info: Anchor `equation.6.40' on input line 287.
Package hyperref Info: Anchor `equation.6.40' on input line 287.
Package hyperref Info: Anchor `equation.6.40' on input line 287.
Package hyperref Info: Anchor `equation.6.41' on input line 294.
Package hyperref Info: Anchor `equation.6.41' on input line 294.
Package hyperref Info: Anchor `equation.6.41' on input line 294.
Package hyperref Info: Anchor `equation.6.41' on input line 294.

LaTeX Warning: Reference `eq-6-40' on page 110 undefined on input line 298.


LaTeX Warning: Reference `eq-6-33' on page 110 undefined on input line 300.

Package hyperref Info: Anchor `subsubsection.6.2.2.1' on input line 302.
Package hyperref Info: bookmark on input line 302:
(hyperref)             thecounter {6.2.2.1}
(hyperref)             text {\ifttl@toclabel \ttl@a \fi Transport of magnetic helicity}
(hyperref)             reference {subsubsection.6.2.2.1}
(hyperref)             toclevel {3}
(hyperref)             type {toc}.
Package hyperref Info: Anchor `equation.6.42' on input line 306.
Package hyperref Info: Anchor `equation.6.42' on input line 306.
Package hyperref Info: Anchor `equation.6.42' on input line 306.
Package hyperref Info: Anchor `equation.6.42' on input line 306.
Package hyperref Info: Anchor `equation.6.43' on input line 310.
Package hyperref Info: Anchor `equation.6.43' on input line 310.
Package hyperref Info: Anchor `equation.6.43' on input line 310.
Package hyperref Info: Anchor `equation.6.43' on input line 310.
Package hyperref Info: Anchor `equation.6.44' on input line 314.
Package hyperref Info: Anchor `equation.6.44' on input line 314.
Package hyperref Info: Anchor `equation.6.44' on input line 314.
Package hyperref Info: Anchor `equation.6.44' on input line 314.
Package hyperref Info: Anchor `equation.6.45' on input line 320.
Package hyperref Info: Anchor `equation.6.45' on input line 320.
Package hyperref Info: Anchor `equation.6.45' on input line 320.
Package hyperref Info: Anchor `equation.6.45' on input line 320.
Package hyperref Info: Anchor `equation.6.46' on input line 326.
Package hyperref Info: Anchor `equation.6.46' on input line 326.
Package hyperref Info: Anchor `equation.6.46' on input line 326.
Package hyperref Info: Anchor `equation.6.46' on input line 326.
Package hyperref Info: Anchor `equation.6.47' on input line 332.
Package hyperref Info: Anchor `equation.6.47' on input line 332.
Package hyperref Info: Anchor `equation.6.47' on input line 332.
Package hyperref Info: Anchor `equation.6.47' on input line 332.
Package hyperref Info: Anchor `equation.6.48' on input line 338.
Package hyperref Info: Anchor `equation.6.48' on input line 338.
Package hyperref Info: Anchor `equation.6.48' on input line 338.
Package hyperref Info: Anchor `equation.6.48' on input line 338.
Package hyperref Info: Anchor `equation.6.49' on input line 344.
Package hyperref Info: Anchor `equation.6.49' on input line 344.
Package hyperref Info: Anchor `equation.6.49' on input line 344.
Package hyperref Info: Anchor `equation.6.49' on input line 344.
Package hyperref Info: Anchor `equation.6.50' on input line 350.
Package hyperref Info: Anchor `equation.6.50' on input line 350.
Package hyperref Info: Anchor `equation.6.50' on input line 350.
Package hyperref Info: Anchor `equation.6.50' on input line 350.
Package hyperref Info: Anchor `section.6.3' on input line 356.
Package hyperref Info: bookmark on input line 356:
(hyperref)             thecounter {6.3}
(hyperref)             text {\ifttl@toclabel \ttl@a \fi Ideal magnetohydrostatic equilibria}
(hyperref)             reference {section.6.3}
(hyperref)             toclevel {1}
(hyperref)             type {toc}.
Package hyperref Info: Anchor `subsection.6.3.1' on input line 358.
Package hyperref Info: bookmark on input line 358:
(hyperref)             thecounter {6.3.1}
(hyperref)             text {\ifttl@toclabel \ttl@a \fi Grad-Shafranov equation}
(hyperref)             reference {subsection.6.3.1}
(hyperref)             toclevel {2}
(hyperref)             type {toc}.

LaTeX Warning: Reference `magnetic-field-structure' on page 111 undefined on input line 360.

Package hyperref Info: Anchor `equation.6.51' on input line 362.
Package hyperref Info: Anchor `equation.6.51' on input line 362.
Package hyperref Info: Anchor `equation.6.51' on input line 362.
Package hyperref Info: Anchor `equation.6.51' on input line 362.
Package hyperref Info: Anchor `equation.6.52' on input line 368.
Package hyperref Info: Anchor `equation.6.52' on input line 368.
Package hyperref Info: Anchor `equation.6.52' on input line 368.
Package hyperref Info: Anchor `equation.6.52' on input line 368.
Package hyperref Info: Anchor `equation.6.53' on input line 374.
Package hyperref Info: Anchor `equation.6.53' on input line 374.
Package hyperref Info: Anchor `equation.6.53' on input line 374.
Package hyperref Info: Anchor `equation.6.53' on input line 374.
Package hyperref Info: Anchor `equation.6.54' on input line 380.
Package hyperref Info: Anchor `equation.6.54' on input line 380.
Package hyperref Info: Anchor `equation.6.54' on input line 380.
Package hyperref Info: Anchor `equation.6.54' on input line 380.
Package hyperref Info: Anchor `equation.6.55' on input line 387.
Package hyperref Info: Anchor `equation.6.55' on input line 387.
Package hyperref Info: Anchor `equation.6.55' on input line 387.
Package hyperref Info: Anchor `equation.6.55' on input line 387.
Package hyperref Info: Anchor `equation.6.56' on input line 393.
Package hyperref Info: Anchor `equation.6.56' on input line 393.
Package hyperref Info: Anchor `equation.6.56' on input line 393.
Package hyperref Info: Anchor `equation.6.56' on input line 393.
Package hyperref Info: Anchor `equation.6.57' on input line 399.
Package hyperref Info: Anchor `equation.6.57' on input line 399.
Package hyperref Info: Anchor `equation.6.57' on input line 399.
Package hyperref Info: Anchor `equation.6.57' on input line 399.
Package hyperref Info: Anchor `equation.6.58' on input line 406.
Package hyperref Info: Anchor `equation.6.58' on input line 406.
Package hyperref Info: Anchor `equation.6.58' on input line 406.
Package hyperref Info: Anchor `equation.6.58' on input line 406.
Package hyperref Info: Anchor `subsubsection.6.3.1.1' on input line 417.
Package hyperref Info: bookmark on input line 417:
(hyperref)             thecounter {6.3.1.1}
(hyperref)             text {\ifttl@toclabel \ttl@a \fi Solovev's solution to the Grad-Shafranov equation}
(hyperref)             reference {subsubsection.6.3.1.1}
(hyperref)             toclevel {3}
(hyperref)             type {toc}.
Package hyperref Info: Anchor `Item.78' on input line 422.
Package hyperref Info: Anchor `equation.6.59' on input line 424.
Package hyperref Info: Anchor `equation.6.59' on input line 424.
Package hyperref Info: Anchor `equation.6.59' on input line 424.
Package hyperref Info: Anchor `equation.6.59' on input line 424.
Package hyperref Info: Anchor `Item.79' on input line 428.
Package hyperref Info: Anchor `equation.6.60' on input line 430.
Package hyperref Info: Anchor `equation.6.60' on input line 430.
Package hyperref Info: Anchor `equation.6.60' on input line 430.
Package hyperref Info: Anchor `equation.6.60' on input line 430.
Package hyperref Info: Anchor `equation.6.61' on input line 437.
Package hyperref Info: Anchor `equation.6.61' on input line 437.
Package hyperref Info: Anchor `equation.6.61' on input line 437.
Package hyperref Info: Anchor `equation.6.61' on input line 437.
Package hyperref Info: Anchor `equation.6.62' on input line 444.
Package hyperref Info: Anchor `equation.6.62' on input line 444.
Package hyperref Info: Anchor `equation.6.62' on input line 444.
Package hyperref Info: Anchor `equation.6.62' on input line 444.
Package hyperref Info: Anchor `equation.6.63' on input line 450.
Package hyperref Info: Anchor `equation.6.63' on input line 450.
Package hyperref Info: Anchor `equation.6.63' on input line 450.
Package hyperref Info: Anchor `equation.6.63' on input line 450.
Package hyperref Info: Anchor `equation.6.64' on input line 456.
Package hyperref Info: Anchor `equation.6.64' on input line 456.
Package hyperref Info: Anchor `equation.6.64' on input line 456.
Package hyperref Info: Anchor `equation.6.64' on input line 456.
Package hyperref Info: Anchor `equation.6.65' on input line 462.
Package hyperref Info: Anchor `equation.6.65' on input line 462.
Package hyperref Info: Anchor `equation.6.65' on input line 462.
Package hyperref Info: Anchor `equation.6.65' on input line 462.

LaTeX Warning: Reference `subsec-force-free' on page 112 undefined on input line 466.


LaTeX Warning: Reference `subsec-force-free-sols' on page 112 undefined on input line 466.

Package hyperref Info: Anchor `equation.6.66' on input line 470.
Package hyperref Info: Anchor `equation.6.66' on input line 470.
Package hyperref Info: Anchor `equation.6.66' on input line 470.
Package hyperref Info: Anchor `equation.6.66' on input line 470.
Package hyperref Info: Anchor `equation.6.67' on input line 477.
Package hyperref Info: Anchor `equation.6.67' on input line 477.
Package hyperref Info: Anchor `equation.6.67' on input line 477.
Package hyperref Info: Anchor `equation.6.67' on input line 477.
Package hyperref Info: Anchor `equation.6.68' on input line 483.
Package hyperref Info: Anchor `equation.6.68' on input line 483.
Package hyperref Info: Anchor `equation.6.68' on input line 483.
Package hyperref Info: Anchor `equation.6.68' on input line 483.
Package hyperref Info: Anchor `equation.6.69' on input line 489.
Package hyperref Info: Anchor `equation.6.69' on input line 489.
Package hyperref Info: Anchor `equation.6.69' on input line 489.
Package hyperref Info: Anchor `equation.6.69' on input line 489.
Package hyperref Info: Anchor `equation.6.70' on input line 495.
Package hyperref Info: Anchor `equation.6.70' on input line 495.
Package hyperref Info: Anchor `equation.6.70' on input line 495.
Package hyperref Info: Anchor `equation.6.70' on input line 495.
Package hyperref Info: Anchor `equation.6.71' on input line 499.
Package hyperref Info: Anchor `equation.6.71' on input line 499.
Package hyperref Info: Anchor `equation.6.71' on input line 499.
Package hyperref Info: Anchor `equation.6.71' on input line 499.
Package hyperref Info: Anchor `equation.6.72' on input line 505.
Package hyperref Info: Anchor `equation.6.72' on input line 505.
Package hyperref Info: Anchor `equation.6.72' on input line 505.
Package hyperref Info: Anchor `equation.6.72' on input line 505.

LaTeX Warning: Reference `sec2-10-3-2' on page 113 undefined on input line 509.


LaTeX Warning: Reference `fig6-1' on page 113 undefined on input line 509.

Package hyperref Info: Anchor `subsubsection.6.3.1.2' on input line 511.
Package hyperref Info: bookmark on input line 511:
(hyperref)             thecounter {6.3.1.2}
(hyperref)             text {\ifttl@toclabel \ttl@a \fi Force-free solution under Solovev's hypotheses}
(hyperref)             reference {subsubsection.6.3.1.2}
(hyperref)             toclevel {3}
(hyperref)             type {toc}.
Package hyperref Info: Anchor `equation.6.73' on input line 517.
Package hyperref Info: Anchor `equation.6.73' on input line 517.
Package hyperref Info: Anchor `equation.6.73' on input line 517.
Package hyperref Info: Anchor `equation.6.73' on input line 517.

LaTeX Warning: Reference `eq-6-58' on page 113 undefined on input line 522.


LaTeX Warning: Reference `eq-6-54' on page 113 undefined on input line 522.

Package hyperref Info: Anchor `equation.6.74' on input line 524.
Package hyperref Info: Anchor `equation.6.74' on input line 524.
Package hyperref Info: Anchor `equation.6.74' on input line 524.
Package hyperref Info: Anchor `equation.6.74' on input line 524.
Package hyperref Info: Anchor `figure.caption.10' on input line 528.
(./Figures/figure6-1.tikz
\openout5 = `tikzcache/main-figure7.dpth'.

Package hyperref Info: Anchor `page.113' on input line 53.
[113

{/var/lib/texmf/fonts/map/pdftex/updmap/pdftex.map}])
Package hyperref Info: bookmark on input line 532:
(hyperref)             thecounter {6.1}
(hyperref)             text {\protect \numberline {\caption@listformat {\caption@p {figure}}{\caption@the {figure}}}{\ignorespaces Magnetic surface contours according to Solovev's hypotheses, only in the upper half due to reflective symmetry about the horizontal plane. The red line is the \textit {separatrix}, corresponding to zero poloidal disk flux and separating the \textit {open} surfaces from \textit {closed} ones.}}
(hyperref)             reference {figure.caption.10}
(hyperref)             toclevel {0}
(hyperref)             type {lof}.
Package hyperref Info: Anchor `equation.6.75' on input line 538.
Package hyperref Info: Anchor `equation.6.75' on input line 538.
Package hyperref Info: Anchor `equation.6.75' on input line 538.
Package hyperref Info: Anchor `equation.6.75' on input line 538.
Package hyperref Info: Anchor `equation.6.76' on input line 542.
Package hyperref Info: Anchor `equation.6.76' on input line 542.
Package hyperref Info: Anchor `equation.6.76' on input line 542.
Package hyperref Info: Anchor `equation.6.76' on input line 542.
Package hyperref Info: Anchor `equation.6.77' on input line 548.
Package hyperref Info: Anchor `equation.6.77' on input line 548.
Package hyperref Info: Anchor `equation.6.77' on input line 548.
Package hyperref Info: Anchor `equation.6.77' on input line 548.

LaTeX Warning: Reference `eq-6-73' on page 114 undefined on input line 552.

Package hyperref Info: Anchor `equation.6.78' on input line 554.
Package hyperref Info: Anchor `equation.6.78' on input line 554.
Package hyperref Info: Anchor `equation.6.78' on input line 554.
Package hyperref Info: Anchor `equation.6.78' on input line 554.

LaTeX Warning: Reference `eq-6-73' on page 114 undefined on input line 558.

Package hyperref Info: Anchor `equation.6.79' on input line 560.
Package hyperref Info: Anchor `equation.6.79' on input line 560.
Package hyperref Info: Anchor `equation.6.79' on input line 560.
Package hyperref Info: Anchor `equation.6.79' on input line 560.
Package hyperref Info: Anchor `equation.6.80' on input line 566.
Package hyperref Info: Anchor `equation.6.80' on input line 566.
Package hyperref Info: Anchor `equation.6.80' on input line 566.
Package hyperref Info: Anchor `equation.6.80' on input line 566.
Package hyperref Info: Anchor `equation.6.81' on input line 572.
Package hyperref Info: Anchor `equation.6.81' on input line 572.
Package hyperref Info: Anchor `equation.6.81' on input line 572.
Package hyperref Info: Anchor `equation.6.81' on input line 572.
Package hyperref Info: Anchor `equation.6.82' on input line 576.
Package hyperref Info: Anchor `equation.6.82' on input line 576.
Package hyperref Info: Anchor `equation.6.82' on input line 576.
Package hyperref Info: Anchor `equation.6.82' on input line 576.
Package hyperref Info: Anchor `equation.6.83' on input line 582.
Package hyperref Info: Anchor `equation.6.83' on input line 582.
Package hyperref Info: Anchor `equation.6.83' on input line 582.
Package hyperref Info: Anchor `equation.6.83' on input line 582.
Package hyperref Info: Anchor `equation.6.84' on input line 589.
Package hyperref Info: Anchor `equation.6.84' on input line 589.
Package hyperref Info: Anchor `equation.6.84' on input line 589.
Package hyperref Info: Anchor `equation.6.84' on input line 589.

LaTeX Warning: Reference `eq-6-83' on page 114 undefined on input line 593.

Package hyperref Info: Anchor `equation.6.85' on input line 595.
Package hyperref Info: Anchor `equation.6.85' on input line 595.
Package hyperref Info: Anchor `equation.6.85' on input line 595.
Package hyperref Info: Anchor `equation.6.85' on input line 595.
Package hyperref Info: Anchor `subsubsection.6.3.1.3' on input line 603.
Package hyperref Info: bookmark on input line 603:
(hyperref)             thecounter {6.3.1.3}
(hyperref)             text {\ifttl@toclabel \ttl@a \fi Properties of solutions to the Grad-Shafranov equation}
(hyperref)             reference {subsubsection.6.3.1.3}
(hyperref)             toclevel {3}
(hyperref)             type {toc}.
Package hyperref Info: Anchor `Item.80' on input line 608.
Package hyperref Info: Anchor `Item.81' on input line 609.
Package hyperref Info: Anchor `Item.82' on input line 610.
Package hyperref Info: Anchor `Item.83' on input line 611.
Package hyperref Info: Anchor `Item.84' on input line 612.
Package hyperref Info: Anchor `Item.85' on input line 613.
Package hyperref Info: Anchor `Item.86' on input line 614.
Package hyperref Info: Anchor `subsection.6.3.2' on input line 617.
Package hyperref Info: bookmark on input line 617:
(hyperref)             thecounter {6.3.2}
(hyperref)             text {\ifttl@toclabel \ttl@a \fi Outline of exact solutions to the Grad-Shafranov equation}
(hyperref)             reference {subsection.6.3.2}
(hyperref)             toclevel {2}
(hyperref)             type {toc}.
Package hyperref Info: Anchor `equation.6.86' on input line 621.
Package hyperref Info: Anchor `equation.6.86' on input line 621.
Package hyperref Info: Anchor `equation.6.86' on input line 621.
Package hyperref Info: Anchor `equation.6.86' on input line 621.
Package hyperref Info: Anchor `equation.6.87' on input line 627.
Package hyperref Info: Anchor `equation.6.87' on input line 627.
Package hyperref Info: Anchor `equation.6.87' on input line 627.
Package hyperref Info: Anchor `equation.6.87' on input line 627.
Package hyperref Info: Anchor `equation.6.88' on input line 632.
Package hyperref Info: Anchor `equation.6.88' on input line 632.
Package hyperref Info: Anchor `equation.6.88' on input line 632.
Package hyperref Info: Anchor `equation.6.88' on input line 632.
Package hyperref Info: Anchor `subsubsection.6.3.2.1' on input line 639.
Package hyperref Info: bookmark on input line 639:
(hyperref)             thecounter {6.3.2.1}
(hyperref)             text {\ifttl@toclabel \ttl@a \fi Digression: Frobenius method and hypergeometric functions}
(hyperref)             reference {subsubsection.6.3.2.1}
(hyperref)             toclevel {3}
(hyperref)             type {toc}.
Package hyperref Info: Anchor `equation.6.89' on input line 643.
Package hyperref Info: Anchor `equation.6.89' on input line 643.
Package hyperref Info: Anchor `equation.6.89' on input line 643.
Package hyperref Info: Anchor `equation.6.89' on input line 643.
Package hyperref Info: Anchor `equation.6.90' on input line 650.
Package hyperref Info: Anchor `equation.6.90' on input line 650.
Package hyperref Info: Anchor `equation.6.90' on input line 650.
Package hyperref Info: Anchor `equation.6.90' on input line 650.
Package hyperref Info: Anchor `equation.6.91' on input line 656.
Package hyperref Info: Anchor `equation.6.91' on input line 656.
Package hyperref Info: Anchor `equation.6.91' on input line 656.
Package hyperref Info: Anchor `equation.6.91' on input line 656.
Package hyperref Info: Anchor `equation.6.92' on input line 662.
Package hyperref Info: Anchor `equation.6.92' on input line 662.
Package hyperref Info: Anchor `equation.6.92' on input line 662.
Package hyperref Info: Anchor `equation.6.92' on input line 662.
Package hyperref Info: Anchor `equation.6.93' on input line 666.
Package hyperref Info: Anchor `equation.6.93' on input line 666.
Package hyperref Info: Anchor `equation.6.93' on input line 666.
Package hyperref Info: Anchor `equation.6.93' on input line 666.
Package hyperref Info: Anchor `equation.6.94' on input line 670.
Package hyperref Info: Anchor `equation.6.94' on input line 670.
Package hyperref Info: Anchor `equation.6.94' on input line 670.
Package hyperref Info: Anchor `equation.6.94' on input line 670.

LaTeX Warning: Reference `eq-digg-hypergeom-1' on page 116 undefined on input line 674.

Package hyperref Info: Anchor `equation.6.95' on input line 676.
Package hyperref Info: Anchor `equation.6.95' on input line 676.
Package hyperref Info: Anchor `equation.6.95' on input line 676.
Package hyperref Info: Anchor `equation.6.95' on input line 676.
Package hyperref Info: Anchor `equation.6.96' on input line 682.
Package hyperref Info: Anchor `equation.6.96' on input line 682.
Package hyperref Info: Anchor `equation.6.96' on input line 682.
Package hyperref Info: Anchor `equation.6.96' on input line 682.
Package hyperref Info: Anchor `equation.6.97' on input line 689.
Package hyperref Info: Anchor `equation.6.97' on input line 689.
Package hyperref Info: Anchor `equation.6.97' on input line 689.
Package hyperref Info: Anchor `equation.6.97' on input line 689.
Package hyperref Info: Anchor `equation.6.98' on input line 695.
Package hyperref Info: Anchor `equation.6.98' on input line 695.
Package hyperref Info: Anchor `equation.6.98' on input line 695.
Package hyperref Info: Anchor `equation.6.98' on input line 695.
Package hyperref Info: Anchor `equation.6.99' on input line 701.
Package hyperref Info: Anchor `equation.6.99' on input line 701.
Package hyperref Info: Anchor `equation.6.99' on input line 701.
Package hyperref Info: Anchor `equation.6.99' on input line 701.
Package hyperref Info: Anchor `Item.87' on input line 709.

LaTeX Warning: Reference `eq-6-99x' on page 117 undefined on input line 709.

Package hyperref Info: Anchor `Item.88' on input line 711.
Package hyperref Info: Anchor `equation.6.100' on input line 713.
Package hyperref Info: Anchor `equation.6.100' on input line 713.
Package hyperref Info: Anchor `equation.6.100' on input line 713.
Package hyperref Info: Anchor `equation.6.100' on input line 713.
Package hyperref Info: Anchor `equation.6.101' on input line 717.
Package hyperref Info: Anchor `equation.6.101' on input line 717.
Package hyperref Info: Anchor `equation.6.101' on input line 717.
Package hyperref Info: Anchor `equation.6.101' on input line 717.
Package hyperref Info: Anchor `Item.89' on input line 721.
Package hyperref Info: Anchor `equation.6.102' on input line 727.
Package hyperref Info: Anchor `equation.6.102' on input line 727.
Package hyperref Info: Anchor `equation.6.102' on input line 727.
Package hyperref Info: Anchor `equation.6.102' on input line 727.
Package hyperref Info: Anchor `equation.6.103' on input line 733.
Package hyperref Info: Anchor `equation.6.103' on input line 733.
Package hyperref Info: Anchor `equation.6.103' on input line 733.
Package hyperref Info: Anchor `equation.6.103' on input line 733.

LaTeX Warning: Reference `eq-6-88x' on page 117 undefined on input line 739.

Package hyperref Info: Anchor `equation.6.104' on input line 741.
Package hyperref Info: Anchor `equation.6.104' on input line 741.
Package hyperref Info: Anchor `equation.6.104' on input line 741.
Package hyperref Info: Anchor `equation.6.104' on input line 741.
Package hyperref Info: Anchor `equation.6.105' on input line 747.
Package hyperref Info: Anchor `equation.6.105' on input line 747.
Package hyperref Info: Anchor `equation.6.105' on input line 747.
Package hyperref Info: Anchor `equation.6.105' on input line 747.
Package hyperref Info: Anchor `equation.6.106' on input line 751.
Package hyperref Info: Anchor `equation.6.106' on input line 751.
Package hyperref Info: Anchor `equation.6.106' on input line 751.
Package hyperref Info: Anchor `equation.6.106' on input line 751.
Package hyperref Info: Anchor `equation.6.107' on input line 757.
Package hyperref Info: Anchor `equation.6.107' on input line 757.
Package hyperref Info: Anchor `equation.6.107' on input line 757.
Package hyperref Info: Anchor `equation.6.107' on input line 757.
Package hyperref Info: Anchor `equation.6.108' on input line 761.
Package hyperref Info: Anchor `equation.6.108' on input line 761.
Package hyperref Info: Anchor `equation.6.108' on input line 761.
Package hyperref Info: Anchor `equation.6.108' on input line 761.
Package hyperref Info: Anchor `equation.6.109' on input line 767.
Package hyperref Info: Anchor `equation.6.109' on input line 767.
Package hyperref Info: Anchor `equation.6.109' on input line 767.
Package hyperref Info: Anchor `equation.6.109' on input line 767.
Package hyperref Info: Anchor `equation.6.110' on input line 774.
Package hyperref Info: Anchor `equation.6.110' on input line 774.
Package hyperref Info: Anchor `equation.6.110' on input line 774.
Package hyperref Info: Anchor `equation.6.110' on input line 774.
Package hyperref Info: Anchor `equation.6.111' on input line 781.
Package hyperref Info: Anchor `equation.6.111' on input line 781.
Package hyperref Info: Anchor `equation.6.111' on input line 781.
Package hyperref Info: Anchor `equation.6.111' on input line 781.
Package hyperref Info: Anchor `equation.6.112' on input line 787.
Package hyperref Info: Anchor `equation.6.112' on input line 787.
Package hyperref Info: Anchor `equation.6.112' on input line 787.
Package hyperref Info: Anchor `equation.6.112' on input line 787.
Package hyperref Info: Anchor `equation.6.113' on input line 791.
Package hyperref Info: Anchor `equation.6.113' on input line 791.
Package hyperref Info: Anchor `equation.6.113' on input line 791.
Package hyperref Info: Anchor `equation.6.113' on input line 791.
Package hyperref Info: Anchor `equation.6.114' on input line 797.
Package hyperref Info: Anchor `equation.6.114' on input line 797.
Package hyperref Info: Anchor `equation.6.114' on input line 797.
Package hyperref Info: Anchor `equation.6.114' on input line 797.
Package hyperref Info: Anchor `equation.6.115' on input line 803.
Package hyperref Info: Anchor `equation.6.115' on input line 803.
Package hyperref Info: Anchor `equation.6.115' on input line 803.
Package hyperref Info: Anchor `equation.6.115' on input line 803.
Package hyperref Info: Anchor `equation.6.116' on input line 807.
Package hyperref Info: Anchor `equation.6.116' on input line 807.
Package hyperref Info: Anchor `equation.6.116' on input line 807.
Package hyperref Info: Anchor `equation.6.116' on input line 807.

LaTeX Warning: Reference `eq-6-96xx' on page 118 undefined on input line 811.


LaTeX Warning: Reference `eq-6-104xxx' on page 118 undefined on input line 811.

Package hyperref Info: Anchor `equation.6.117' on input line 813.
Package hyperref Info: Anchor `equation.6.117' on input line 813.
Package hyperref Info: Anchor `equation.6.117' on input line 813.
Package hyperref Info: Anchor `equation.6.117' on input line 813.
Package hyperref Info: Anchor `equation.6.118' on input line 817.
Package hyperref Info: Anchor `equation.6.118' on input line 817.
Package hyperref Info: Anchor `equation.6.118' on input line 817.
Package hyperref Info: Anchor `equation.6.118' on input line 817.
Package hyperref Info: Anchor `equation.6.119' on input line 823.
Package hyperref Info: Anchor `equation.6.119' on input line 823.
Package hyperref Info: Anchor `equation.6.119' on input line 823.
Package hyperref Info: Anchor `equation.6.119' on input line 823.
Package hyperref Info: Anchor `equation.6.120' on input line 827.
Package hyperref Info: Anchor `equation.6.120' on input line 827.
Package hyperref Info: Anchor `equation.6.120' on input line 827.
Package hyperref Info: Anchor `equation.6.120' on input line 827.
Package hyperref Info: Anchor `equation.6.121' on input line 837.
Package hyperref Info: Anchor `equation.6.121' on input line 837.
Package hyperref Info: Anchor `equation.6.121' on input line 837.
Package hyperref Info: Anchor `equation.6.121' on input line 837.
Package hyperref Info: Anchor `equation.6.122' on input line 851.
Package hyperref Info: Anchor `equation.6.122' on input line 851.
Package hyperref Info: Anchor `equation.6.122' on input line 851.
Package hyperref Info: Anchor `equation.6.122' on input line 851.
Package hyperref Info: Anchor `equation.6.123' on input line 861.
Package hyperref Info: Anchor `equation.6.123' on input line 861.
Package hyperref Info: Anchor `equation.6.123' on input line 861.
Package hyperref Info: Anchor `equation.6.123' on input line 861.
Package hyperref Info: Anchor `equation.6.124' on input line 871.
Package hyperref Info: Anchor `equation.6.124' on input line 871.
Package hyperref Info: Anchor `equation.6.124' on input line 871.
Package hyperref Info: Anchor `equation.6.124' on input line 871.
Package hyperref Info: Anchor `equation.6.125' on input line 877.
Package hyperref Info: Anchor `equation.6.125' on input line 877.
Package hyperref Info: Anchor `equation.6.125' on input line 877.
Package hyperref Info: Anchor `equation.6.125' on input line 877.
Package hyperref Info: Anchor `equation.6.126' on input line 887.
Package hyperref Info: Anchor `equation.6.126' on input line 887.
Package hyperref Info: Anchor `equation.6.126' on input line 887.
Package hyperref Info: Anchor `equation.6.126' on input line 887.

LaTeX Warning: Reference `eq-6-88x' on page 119 undefined on input line 891.

Package hyperref Info: Anchor `equation.6.127' on input line 893.
Package hyperref Info: Anchor `equation.6.127' on input line 893.
Package hyperref Info: Anchor `equation.6.127' on input line 893.
Package hyperref Info: Anchor `equation.6.127' on input line 893.
Package hyperref Info: Anchor `equation.6.128' on input line 899.
Package hyperref Info: Anchor `equation.6.128' on input line 899.
Package hyperref Info: Anchor `equation.6.128' on input line 899.
Package hyperref Info: Anchor `equation.6.128' on input line 899.
Package hyperref Info: Anchor `equation.6.129' on input line 905.
Package hyperref Info: Anchor `equation.6.129' on input line 905.
Package hyperref Info: Anchor `equation.6.129' on input line 905.
Package hyperref Info: Anchor `equation.6.129' on input line 905.
Package hyperref Info: Anchor `equation.6.130' on input line 911.
Package hyperref Info: Anchor `equation.6.130' on input line 911.
Package hyperref Info: Anchor `equation.6.130' on input line 911.
Package hyperref Info: Anchor `equation.6.130' on input line 911.
Package hyperref Info: Anchor `equation.6.131' on input line 917.
Package hyperref Info: Anchor `equation.6.131' on input line 917.
Package hyperref Info: Anchor `equation.6.131' on input line 917.
Package hyperref Info: Anchor `equation.6.131' on input line 917.
Package hyperref Info: Anchor `equation.6.132' on input line 921.
Package hyperref Info: Anchor `equation.6.132' on input line 921.
Package hyperref Info: Anchor `equation.6.132' on input line 921.
Package hyperref Info: Anchor `equation.6.132' on input line 921.
Package hyperref Info: Anchor `equation.6.133' on input line 927.
Package hyperref Info: Anchor `equation.6.133' on input line 927.
Package hyperref Info: Anchor `equation.6.133' on input line 927.
Package hyperref Info: Anchor `equation.6.133' on input line 927.
Package hyperref Info: Anchor `equation.6.134' on input line 933.
Package hyperref Info: Anchor `equation.6.134' on input line 933.
Package hyperref Info: Anchor `equation.6.134' on input line 933.
Package hyperref Info: Anchor `equation.6.134' on input line 933.
Package hyperref Info: Anchor `equation.6.135' on input line 937.
Package hyperref Info: Anchor `equation.6.135' on input line 937.
Package hyperref Info: Anchor `equation.6.135' on input line 937.
Package hyperref Info: Anchor `equation.6.135' on input line 937.
Package hyperref Info: Anchor `equation.6.136' on input line 943.
Package hyperref Info: Anchor `equation.6.136' on input line 943.
Package hyperref Info: Anchor `equation.6.136' on input line 943.
Package hyperref Info: Anchor `equation.6.136' on input line 943.
Package hyperref Info: Anchor `equation.6.137' on input line 947.
Package hyperref Info: Anchor `equation.6.137' on input line 947.
Package hyperref Info: Anchor `equation.6.137' on input line 947.
Package hyperref Info: Anchor `equation.6.137' on input line 947.
Package hyperref Info: Anchor `equation.6.138' on input line 953.
Package hyperref Info: Anchor `equation.6.138' on input line 953.
Package hyperref Info: Anchor `equation.6.138' on input line 953.
Package hyperref Info: Anchor `equation.6.138' on input line 953.
Package hyperref Info: Anchor `equation.6.139' on input line 959.
Package hyperref Info: Anchor `equation.6.139' on input line 959.
Package hyperref Info: Anchor `equation.6.139' on input line 959.
Package hyperref Info: Anchor `equation.6.139' on input line 959.
Package hyperref Info: Anchor `equation.6.140' on input line 965.
Package hyperref Info: Anchor `equation.6.140' on input line 965.
Package hyperref Info: Anchor `equation.6.140' on input line 965.
Package hyperref Info: Anchor `equation.6.140' on input line 965.
Package hyperref Info: Anchor `equation.6.141' on input line 971.
Package hyperref Info: Anchor `equation.6.141' on input line 971.
Package hyperref Info: Anchor `equation.6.141' on input line 971.
Package hyperref Info: Anchor `equation.6.141' on input line 971.
Package hyperref Info: Anchor `equation.6.142' on input line 979.
Package hyperref Info: Anchor `equation.6.142' on input line 979.
Package hyperref Info: Anchor `equation.6.142' on input line 979.
Package hyperref Info: Anchor `equation.6.142' on input line 979.
Package hyperref Info: Anchor `equation.6.143' on input line 985.
Package hyperref Info: Anchor `equation.6.143' on input line 985.
Package hyperref Info: Anchor `equation.6.143' on input line 985.
Package hyperref Info: Anchor `equation.6.143' on input line 985.
Package hyperref Info: Anchor `equation.6.144' on input line 991.
Package hyperref Info: Anchor `equation.6.144' on input line 991.
Package hyperref Info: Anchor `equation.6.144' on input line 991.
Package hyperref Info: Anchor `equation.6.144' on input line 991.
Package hyperref Info: Anchor `equation.6.145' on input line 997.
Package hyperref Info: Anchor `equation.6.145' on input line 997.
Package hyperref Info: Anchor `equation.6.145' on input line 997.
Package hyperref Info: Anchor `equation.6.145' on input line 997.
Package hyperref Info: Anchor `equation.6.146' on input line 1003.
Package hyperref Info: Anchor `equation.6.146' on input line 1003.
Package hyperref Info: Anchor `equation.6.146' on input line 1003.
Package hyperref Info: Anchor `equation.6.146' on input line 1003.

LaTeX Warning: Reference `eq-6-54' on page 121 undefined on input line 1009.


LaTeX Warning: Reference `eq-6-87xxx' on page 121 undefined on input line 1009.

Package hyperref Info: Anchor `equation.6.147' on input line 1011.
Package hyperref Info: Anchor `equation.6.147' on input line 1011.
Package hyperref Info: Anchor `equation.6.147' on input line 1011.
Package hyperref Info: Anchor `equation.6.147' on input line 1011.
Package hyperref Info: Anchor `equation.6.148' on input line 1017.
Package hyperref Info: Anchor `equation.6.148' on input line 1017.
Package hyperref Info: Anchor `equation.6.148' on input line 1017.
Package hyperref Info: Anchor `equation.6.148' on input line 1017.
Package hyperref Info: Anchor `equation.6.149' on input line 1023.
Package hyperref Info: Anchor `equation.6.149' on input line 1023.
Package hyperref Info: Anchor `equation.6.149' on input line 1023.
Package hyperref Info: Anchor `equation.6.149' on input line 1023.
Package hyperref Info: Anchor `equation.6.150' on input line 1029.
Package hyperref Info: Anchor `equation.6.150' on input line 1029.
Package hyperref Info: Anchor `equation.6.150' on input line 1029.
Package hyperref Info: Anchor `equation.6.150' on input line 1029.
Package hyperref Info: Anchor `equation.6.151' on input line 1035.
Package hyperref Info: Anchor `equation.6.151' on input line 1035.
Package hyperref Info: Anchor `equation.6.151' on input line 1035.
Package hyperref Info: Anchor `equation.6.151' on input line 1035.
Package hyperref Info: Anchor `equation.6.152' on input line 1039.
Package hyperref Info: Anchor `equation.6.152' on input line 1039.
Package hyperref Info: Anchor `equation.6.152' on input line 1039.
Package hyperref Info: Anchor `equation.6.152' on input line 1039.
Package hyperref Info: Anchor `equation.6.153' on input line 1045.
Package hyperref Info: Anchor `equation.6.153' on input line 1045.
Package hyperref Info: Anchor `equation.6.153' on input line 1045.
Package hyperref Info: Anchor `equation.6.153' on input line 1045.
Package hyperref Info: Anchor `equation.6.154' on input line 1055.
Package hyperref Info: Anchor `equation.6.154' on input line 1055.
Package hyperref Info: Anchor `equation.6.154' on input line 1055.
Package hyperref Info: Anchor `equation.6.154' on input line 1055.
Package hyperref Info: Anchor `equation.6.155' on input line 1061.
Package hyperref Info: Anchor `equation.6.155' on input line 1061.
Package hyperref Info: Anchor `equation.6.155' on input line 1061.
Package hyperref Info: Anchor `equation.6.155' on input line 1061.
Package hyperref Info: Anchor `equation.6.156' on input line 1067.
Package hyperref Info: Anchor `equation.6.156' on input line 1067.
Package hyperref Info: Anchor `equation.6.156' on input line 1067.
Package hyperref Info: Anchor `equation.6.156' on input line 1067.
Package hyperref Info: Anchor `equation.6.157' on input line 1073.
Package hyperref Info: Anchor `equation.6.157' on input line 1073.
Package hyperref Info: Anchor `equation.6.157' on input line 1073.
Package hyperref Info: Anchor `equation.6.157' on input line 1073.
Package hyperref Info: Anchor `equation.6.158' on input line 1077.
Package hyperref Info: Anchor `equation.6.158' on input line 1077.
Package hyperref Info: Anchor `equation.6.158' on input line 1077.
Package hyperref Info: Anchor `equation.6.158' on input line 1077.
Package hyperref Info: Anchor `equation.6.159' on input line 1083.
Package hyperref Info: Anchor `equation.6.159' on input line 1083.
Package hyperref Info: Anchor `equation.6.159' on input line 1083.
Package hyperref Info: Anchor `equation.6.159' on input line 1083.
Package hyperref Info: Anchor `equation.6.160' on input line 1087.
Package hyperref Info: Anchor `equation.6.160' on input line 1087.
Package hyperref Info: Anchor `equation.6.160' on input line 1087.
Package hyperref Info: Anchor `equation.6.160' on input line 1087.
Package hyperref Info: Anchor `equation.6.161' on input line 1093.
Package hyperref Info: Anchor `equation.6.161' on input line 1093.
Package hyperref Info: Anchor `equation.6.161' on input line 1093.
Package hyperref Info: Anchor `equation.6.161' on input line 1093.
Package hyperref Info: Anchor `equation.6.162' on input line 1099.
Package hyperref Info: Anchor `equation.6.162' on input line 1099.
Package hyperref Info: Anchor `equation.6.162' on input line 1099.
Package hyperref Info: Anchor `equation.6.162' on input line 1099.
Package hyperref Info: Anchor `equation.6.163' on input line 1105.
Package hyperref Info: Anchor `equation.6.163' on input line 1105.
Package hyperref Info: Anchor `equation.6.163' on input line 1105.
Package hyperref Info: Anchor `equation.6.163' on input line 1105.
Package hyperref Info: Anchor `equation.6.164' on input line 1111.
Package hyperref Info: Anchor `equation.6.164' on input line 1111.
Package hyperref Info: Anchor `equation.6.164' on input line 1111.
Package hyperref Info: Anchor `equation.6.164' on input line 1111.
Package hyperref Info: Anchor `equation.6.165' on input line 1118.
Package hyperref Info: Anchor `equation.6.166' on input line 1118.
Package hyperref Info: Anchor `equation.6.167' on input line 1122.
Package hyperref Info: Anchor `equation.6.167' on input line 1122.
Package hyperref Info: Anchor `equation.6.167' on input line 1122.
Package hyperref Info: Anchor `equation.6.167' on input line 1122.
Package hyperref Info: Anchor `equation.6.168' on input line 1128.
Package hyperref Info: Anchor `equation.6.168' on input line 1128.
Package hyperref Info: Anchor `equation.6.168' on input line 1128.
Package hyperref Info: Anchor `equation.6.168' on input line 1128.
Package hyperref Info: Anchor `equation.6.169' on input line 1134.
Package hyperref Info: Anchor `equation.6.169' on input line 1134.
Package hyperref Info: Anchor `equation.6.169' on input line 1134.
Package hyperref Info: Anchor `equation.6.169' on input line 1134.
Package hyperref Info: Anchor `equation.6.170' on input line 1140.
Package hyperref Info: Anchor `equation.6.170' on input line 1140.
Package hyperref Info: Anchor `equation.6.170' on input line 1140.
Package hyperref Info: Anchor `equation.6.170' on input line 1140.
Package hyperref Info: Anchor `equation.6.171' on input line 1144.
Package hyperref Info: Anchor `equation.6.171' on input line 1144.
Package hyperref Info: Anchor `equation.6.171' on input line 1144.
Package hyperref Info: Anchor `equation.6.171' on input line 1144.
Package hyperref Info: Anchor `equation.6.172' on input line 1150.
Package hyperref Info: Anchor `equation.6.172' on input line 1150.
Package hyperref Info: Anchor `equation.6.172' on input line 1150.
Package hyperref Info: Anchor `equation.6.172' on input line 1150.
Package hyperref Info: Anchor `subsection.6.3.3' on input line 1156.
Package hyperref Info: bookmark on input line 1156:
(hyperref)             thecounter {6.3.3}
(hyperref)             text {\ifttl@toclabel \ttl@a \fi Generalisation to helical systems}
(hyperref)             reference {subsection.6.3.3}
(hyperref)             toclevel {2}
(hyperref)             type {toc}.

LaTeX Warning: Reference `subsec-helical-structure' on page 124 undefined on input line 1158.


LaTeX Warning: Reference `eq-5-162' on page 124 undefined on input line 1158.


LaTeX Warning: Reference `eq-5-150' on page 124 undefined on input line 1158.

Package hyperref Info: Anchor `equation.6.173' on input line 1164.
Package hyperref Info: Anchor `equation.6.173' on input line 1164.
Package hyperref Info: Anchor `equation.6.173' on input line 1164.
Package hyperref Info: Anchor `equation.6.173' on input line 1164.

LaTeX Warning: Reference `eq-5-163' on page 124 undefined on input line 1169.


LaTeX Warning: Reference `subsec-helical-structure' on page 124 undefined on input line 1169.

Package hyperref Info: Anchor `equation.6.174' on input line 1171.
Package hyperref Info: Anchor `equation.6.174' on input line 1171.
Package hyperref Info: Anchor `equation.6.174' on input line 1171.
Package hyperref Info: Anchor `equation.6.174' on input line 1171.

LaTeX Warning: Reference `eq-5-163' on page 124 undefined on input line 1175.

Package hyperref Info: Anchor `equation.6.175' on input line 1177.
Package hyperref Info: Anchor `equation.6.175' on input line 1177.
Package hyperref Info: Anchor `equation.6.175' on input line 1177.
Package hyperref Info: Anchor `equation.6.175' on input line 1177.
Package hyperref Info: Anchor `equation.6.176' on input line 1184.
Package hyperref Info: Anchor `equation.6.176' on input line 1184.
Package hyperref Info: Anchor `equation.6.176' on input line 1184.
Package hyperref Info: Anchor `equation.6.176' on input line 1184.

LaTeX Warning: Reference `eq-6-58' on page 124 undefined on input line 1188.

Package hyperref Info: Anchor `equation.6.177' on input line 1190.
Package hyperref Info: Anchor `equation.6.177' on input line 1190.
Package hyperref Info: Anchor `equation.6.177' on input line 1190.
Package hyperref Info: Anchor `equation.6.177' on input line 1190.
)
\providecommand\hyper@newdestlabel[2]{}
(./Chapters/mhd-instabilities.tex
Package hyperref Info: Anchor `chapter.7' on input line 3.
Chapter 7.
Package hyperref Info: bookmark on input line 3:
(hyperref)             thecounter {7}
(hyperref)             text {\protect \numberline {\thechapter }Magnetohydrodynamic instabilities}
(hyperref)             reference {chapter.7}
(hyperref)             toclevel {0}
(hyperref)             type {toc}.
Package hyperref Info: Anchor `section.7.1' on input line 7.
Package hyperref Info: bookmark on input line 7:
(hyperref)             thecounter {7.1}
(hyperref)             text {\ifttl@toclabel \ttl@a \fi Normal modes and instability}
(hyperref)             reference {section.7.1}
(hyperref)             toclevel {1}
(hyperref)             type {toc}.
Package hyperref Info: Anchor `equation.7.1' on input line 11.
Package hyperref Info: Anchor `equation.7.1' on input line 11.
Package hyperref Info: Anchor `equation.7.1' on input line 11.
Package hyperref Info: Anchor `equation.7.1' on input line 11.
Package hyperref Info: Anchor `equation.7.2' on input line 16.
Package hyperref Info: Anchor `equation.7.2' on input line 16.
Package hyperref Info: Anchor `equation.7.2' on input line 16.
Package hyperref Info: Anchor `equation.7.2' on input line 16.
Package hyperref Info: Anchor `equation.7.3' on input line 21.
Package hyperref Info: Anchor `equation.7.3' on input line 21.
Package hyperref Info: Anchor `equation.7.3' on input line 21.
Package hyperref Info: Anchor `equation.7.3' on input line 21.
Package hyperref Info: Anchor `equation.7.4' on input line 26.
Package hyperref Info: Anchor `equation.7.4' on input line 26.
Package hyperref Info: Anchor `equation.7.4' on input line 26.
Package hyperref Info: Anchor `equation.7.4' on input line 26.

LaTeX Warning: Reference `eq-instability-1' on page 125 undefined on input line 31.


LaTeX Warning: Reference `eq-instability-4' on page 125 undefined on input line 31.

Package hyperref Info: Anchor `equation.7.5' on input line 33.
Package hyperref Info: Anchor `equation.7.5' on input line 33.
Package hyperref Info: Anchor `equation.7.5' on input line 33.
Package hyperref Info: Anchor `equation.7.5' on input line 33.

LaTeX Warning: Reference `plasma-waves' on page 125 undefined on input line 38.


LaTeX Warning: Reference `eq-instability-5' on page 125 undefined on input line 38.


LaTeX Warning: Reference `eq-instability-1' on page 125 undefined on input line 38.

Package hyperref Info: Anchor `equation.7.6' on input line 40.
Package hyperref Info: Anchor `equation.7.6' on input line 40.
Package hyperref Info: Anchor `equation.7.6' on input line 40.
Package hyperref Info: Anchor `equation.7.6' on input line 40.

LaTeX Warning: Reference `eq-instability-6' on page 125 undefined on input line 45.


LaTeX Warning: Reference `eq-instability-6' on page 125 undefined on input line 45.

Package hyperref Info: Anchor `equation.7.7' on input line 47.
Package hyperref Info: Anchor `equation.7.7' on input line 47.
Package hyperref Info: Anchor `equation.7.7' on input line 47.
Package hyperref Info: Anchor `equation.7.7' on input line 47.
Package hyperref Info: Anchor `subsection.7.1.1' on input line 54.
Package hyperref Info: bookmark on input line 54:
(hyperref)             thecounter {7.1.1}
(hyperref)             text {\ifttl@toclabel \ttl@a \fi Energy principle}
(hyperref)             reference {subsection.7.1.1}
(hyperref)             toclevel {2}
(hyperref)             type {toc}.

LaTeX Warning: Reference `eq-inst-7' on page 125 undefined on input line 56.

Package hyperref Info: Anchor `equation.7.8' on input line 58.
Package hyperref Info: Anchor `equation.7.8' on input line 58.
Package hyperref Info: Anchor `equation.7.8' on input line 58.
Package hyperref Info: Anchor `equation.7.8' on input line 58.
Package hyperref Info: Anchor `equation.7.9' on input line 64.
Package hyperref Info: Anchor `equation.7.9' on input line 64.
Package hyperref Info: Anchor `equation.7.9' on input line 64.
Package hyperref Info: Anchor `equation.7.9' on input line 64.
Package hyperref Info: Anchor `equation.7.10' on input line 74.
Package hyperref Info: Anchor `equation.7.10' on input line 74.
Package hyperref Info: Anchor `equation.7.10' on input line 74.
Package hyperref Info: Anchor `equation.7.10' on input line 74.
Package hyperref Info: Anchor `equation.7.11' on input line 81.
Package hyperref Info: Anchor `equation.7.11' on input line 81.
Package hyperref Info: Anchor `equation.7.11' on input line 81.
Package hyperref Info: Anchor `equation.7.11' on input line 81.
Package hyperref Info: Anchor `equation.7.12' on input line 87.
Package hyperref Info: Anchor `equation.7.12' on input line 87.
Package hyperref Info: Anchor `equation.7.12' on input line 87.
Package hyperref Info: Anchor `equation.7.12' on input line 87.
Package hyperref Info: Anchor `equation.7.13' on input line 93.
Package hyperref Info: Anchor `equation.7.13' on input line 93.
Package hyperref Info: Anchor `equation.7.13' on input line 93.
Package hyperref Info: Anchor `equation.7.13' on input line 93.
Package hyperref Info: Anchor `equation.7.14' on input line 107.
Package hyperref Info: Anchor `equation.7.14' on input line 107.
Package hyperref Info: Anchor `equation.7.14' on input line 107.
Package hyperref Info: Anchor `equation.7.14' on input line 107.

LaTeX Warning: Reference `eq-inst-10' on page 126 undefined on input line 111.

Package hyperref Info: Anchor `equation.7.15' on input line 125.
Package hyperref Info: Anchor `equation.7.15' on input line 125.
Package hyperref Info: Anchor `equation.7.15' on input line 125.
Package hyperref Info: Anchor `equation.7.15' on input line 125.
Package hyperref Info: Anchor `equation.7.16' on input line 132.
Package hyperref Info: Anchor `equation.7.16' on input line 132.
Package hyperref Info: Anchor `equation.7.16' on input line 132.
Package hyperref Info: Anchor `equation.7.16' on input line 132.
Package hyperref Info: Anchor `equation.7.17' on input line 138.
Package hyperref Info: Anchor `equation.7.17' on input line 138.
Package hyperref Info: Anchor `equation.7.17' on input line 138.
Package hyperref Info: Anchor `equation.7.17' on input line 138.

LaTeX Warning: Reference `eq-inst-7' on page 127 undefined on input line 142.


LaTeX Warning: Reference `eq-inst-7' on page 127 undefined on input line 142.

Package hyperref Info: Anchor `equation.7.18' on input line 144.
Package hyperref Info: Anchor `equation.7.18' on input line 144.
Package hyperref Info: Anchor `equation.7.18' on input line 144.
Package hyperref Info: Anchor `equation.7.18' on input line 144.

LaTeX Warning: Reference `eq-inst-7' on page 127 undefined on input line 148.

Package hyperref Info: Anchor `equation.7.19' on input line 150.
Package hyperref Info: Anchor `equation.7.19' on input line 150.
Package hyperref Info: Anchor `equation.7.19' on input line 150.
Package hyperref Info: Anchor `equation.7.19' on input line 150.
Package hyperref Info: Anchor `equation.7.20' on input line 156.
Package hyperref Info: Anchor `equation.7.20' on input line 156.
Package hyperref Info: Anchor `equation.7.20' on input line 156.
Package hyperref Info: Anchor `equation.7.20' on input line 156.
Package hyperref Info: Anchor `equation.7.21' on input line 160.
Package hyperref Info: Anchor `equation.7.21' on input line 160.
Package hyperref Info: Anchor `equation.7.21' on input line 160.
Package hyperref Info: Anchor `equation.7.21' on input line 160.
Package hyperref Info: Anchor `equation.7.22' on input line 166.
Package hyperref Info: Anchor `equation.7.22' on input line 166.
Package hyperref Info: Anchor `equation.7.22' on input line 166.
Package hyperref Info: Anchor `equation.7.22' on input line 166.
Package hyperref Info: Anchor `equation.7.23' on input line 173.
Package hyperref Info: Anchor `equation.7.23' on input line 173.
Package hyperref Info: Anchor `equation.7.23' on input line 173.
Package hyperref Info: Anchor `equation.7.23' on input line 173.

LaTeX Warning: Reference `eq-inst-7' on page 127 undefined on input line 177.

Package hyperref Info: Anchor `equation.7.24' on input line 179.
Package hyperref Info: Anchor `equation.7.24' on input line 179.
Package hyperref Info: Anchor `equation.7.24' on input line 179.
Package hyperref Info: Anchor `equation.7.24' on input line 179.
Package hyperref Info: Anchor `equation.7.25' on input line 183.
Package hyperref Info: Anchor `equation.7.25' on input line 183.
Package hyperref Info: Anchor `equation.7.25' on input line 183.
Package hyperref Info: Anchor `equation.7.25' on input line 183.
Package hyperref Info: Anchor `equation.7.26' on input line 189.
Package hyperref Info: Anchor `equation.7.26' on input line 189.
Package hyperref Info: Anchor `equation.7.26' on input line 189.
Package hyperref Info: Anchor `equation.7.26' on input line 189.
Package hyperref Info: Anchor `equation.7.27' on input line 195.
Package hyperref Info: Anchor `equation.7.27' on input line 195.
Package hyperref Info: Anchor `equation.7.27' on input line 195.
Package hyperref Info: Anchor `equation.7.27' on input line 195.
Package hyperref Info: Anchor `equation.7.28' on input line 199.
Package hyperref Info: Anchor `equation.7.28' on input line 199.
Package hyperref Info: Anchor `equation.7.28' on input line 199.
Package hyperref Info: Anchor `equation.7.28' on input line 199.
Package hyperref Info: Anchor `equation.7.29' on input line 203.
Package hyperref Info: Anchor `equation.7.29' on input line 203.
Package hyperref Info: Anchor `equation.7.29' on input line 203.
Package hyperref Info: Anchor `equation.7.29' on input line 203.
Package hyperref Info: Anchor `equation.7.30' on input line 207.
Package hyperref Info: Anchor `equation.7.30' on input line 207.
Package hyperref Info: Anchor `equation.7.30' on input line 207.
Package hyperref Info: Anchor `equation.7.30' on input line 207.
Package hyperref Info: Anchor `equation.7.31' on input line 211.
Package hyperref Info: Anchor `equation.7.31' on input line 211.
Package hyperref Info: Anchor `equation.7.31' on input line 211.
Package hyperref Info: Anchor `equation.7.31' on input line 211.
Package hyperref Info: Anchor `equation.7.32' on input line 219.
Package hyperref Info: Anchor `equation.7.32' on input line 219.
Package hyperref Info: Anchor `equation.7.32' on input line 219.
Package hyperref Info: Anchor `equation.7.32' on input line 219.

LaTeX Warning: Reference `eq-inst-22' on page 128 undefined on input line 223.

Package hyperref Info: Anchor `equation.7.33' on input line 231.
Package hyperref Info: Anchor `equation.7.33' on input line 231.
Package hyperref Info: Anchor `equation.7.33' on input line 231.
Package hyperref Info: Anchor `equation.7.33' on input line 231.
Package hyperref Info: Anchor `equation.7.34' on input line 237.
Package hyperref Info: Anchor `equation.7.34' on input line 237.
Package hyperref Info: Anchor `equation.7.34' on input line 237.
Package hyperref Info: Anchor `equation.7.34' on input line 237.
Package hyperref Info: Anchor `equation.7.35' on input line 241.
Package hyperref Info: Anchor `equation.7.35' on input line 241.
Package hyperref Info: Anchor `equation.7.35' on input line 241.
Package hyperref Info: Anchor `equation.7.35' on input line 241.
)
\providecommand\hyper@newdestlabel[2]{}
(./Chapters/tokamaks.tex
Package hyperref Info: Anchor `chapter.8' on input line 3.
Chapter 8.
Package hyperref Info: bookmark on input line 3:
(hyperref)             thecounter {8}
(hyperref)             text {\protect \numberline {\thechapter }Tokamaks and toroidally confined plasmas}
(hyperref)             reference {chapter.8}
(hyperref)             toclevel {0}
(hyperref)             type {toc}.
Package hyperref Info: Anchor `section.8.1' on input line 5.
Package hyperref Info: bookmark on input line 5:
(hyperref)             thecounter {8.1}
(hyperref)             text {\ifttl@toclabel \ttl@a \fi Hamiltonian formalism applied to tokamaks}
(hyperref)             reference {section.8.1}
(hyperref)             toclevel {1}
(hyperref)             type {toc}.
Package hyperref Info: Anchor `equation.8.1' on input line 11.
Package hyperref Info: Anchor `equation.8.1' on input line 11.
Package hyperref Info: Anchor `equation.8.1' on input line 11.
Package hyperref Info: Anchor `equation.8.1' on input line 11.
Package hyperref Info: Anchor `equation.8.2' on input line 18.
Package hyperref Info: Anchor `equation.8.2' on input line 18.
Package hyperref Info: Anchor `equation.8.2' on input line 18.
Package hyperref Info: Anchor `equation.8.2' on input line 18.
Package hyperref Info: Anchor `equation.8.3' on input line 22.
Package hyperref Info: Anchor `equation.8.3' on input line 22.
Package hyperref Info: Anchor `equation.8.3' on input line 22.
Package hyperref Info: Anchor `equation.8.3' on input line 22.
Package hyperref Info: Anchor `equation.8.4' on input line 26.
Package hyperref Info: Anchor `equation.8.4' on input line 26.
Package hyperref Info: Anchor `equation.8.4' on input line 26.
Package hyperref Info: Anchor `equation.8.4' on input line 26.
Package hyperref Info: Anchor `equation.8.5' on input line 32.
Package hyperref Info: Anchor `equation.8.5' on input line 32.
Package hyperref Info: Anchor `equation.8.5' on input line 32.
Package hyperref Info: Anchor `equation.8.5' on input line 32.
Package hyperref Info: Anchor `equation.8.6' on input line 38.
Package hyperref Info: Anchor `equation.8.6' on input line 38.
Package hyperref Info: Anchor `equation.8.6' on input line 38.
Package hyperref Info: Anchor `equation.8.6' on input line 38.

LaTeX Warning: Reference `eq-5-185' on page 129 undefined on input line 42.

Package hyperref Info: Anchor `equation.8.7' on input line 44.
Package hyperref Info: Anchor `equation.8.7' on input line 44.
Package hyperref Info: Anchor `equation.8.7' on input line 44.
Package hyperref Info: Anchor `equation.8.7' on input line 44.

LaTeX Warning: Reference `eq-5-188' on page 130 undefined on input line 49.

Package hyperref Info: Anchor `equation.8.8' on input line 51.
Package hyperref Info: Anchor `equation.8.8' on input line 51.
Package hyperref Info: Anchor `equation.8.8' on input line 51.
Package hyperref Info: Anchor `equation.8.8' on input line 51.
Package hyperref Info: Anchor `equation.8.9' on input line 57.
Package hyperref Info: Anchor `equation.8.9' on input line 57.
Package hyperref Info: Anchor `equation.8.9' on input line 57.
Package hyperref Info: Anchor `equation.8.9' on input line 57.
Package hyperref Info: Anchor `equation.8.10' on input line 63.
Package hyperref Info: Anchor `equation.8.10' on input line 63.
Package hyperref Info: Anchor `equation.8.10' on input line 63.
Package hyperref Info: Anchor `equation.8.10' on input line 63.
Package hyperref Info: Anchor `equation.8.11' on input line 69.
Package hyperref Info: Anchor `equation.8.11' on input line 69.
Package hyperref Info: Anchor `equation.8.11' on input line 69.
Package hyperref Info: Anchor `equation.8.11' on input line 69.
Package hyperref Info: Anchor `equation.8.12' on input line 75.
Package hyperref Info: Anchor `equation.8.12' on input line 75.
Package hyperref Info: Anchor `equation.8.12' on input line 75.
Package hyperref Info: Anchor `equation.8.12' on input line 75.
Package hyperref Info: Anchor `equation.8.13' on input line 81.
Package hyperref Info: Anchor `equation.8.13' on input line 81.
Package hyperref Info: Anchor `equation.8.13' on input line 81.
Package hyperref Info: Anchor `equation.8.13' on input line 81.
Package hyperref Info: Anchor `equation.8.14' on input line 87.
Package hyperref Info: Anchor `equation.8.14' on input line 87.
Package hyperref Info: Anchor `equation.8.14' on input line 87.
Package hyperref Info: Anchor `equation.8.14' on input line 87.
Package hyperref Info: Anchor `equation.8.15' on input line 93.
Package hyperref Info: Anchor `equation.8.15' on input line 93.
Package hyperref Info: Anchor `equation.8.15' on input line 93.
Package hyperref Info: Anchor `equation.8.15' on input line 93.
Package hyperref Info: Anchor `equation.8.16' on input line 100.
Package hyperref Info: Anchor `equation.8.16' on input line 100.
Package hyperref Info: Anchor `equation.8.16' on input line 100.
Package hyperref Info: Anchor `equation.8.16' on input line 100.
Package hyperref Info: Anchor `subsection.8.1.1' on input line 107.
Package hyperref Info: bookmark on input line 107:
(hyperref)             thecounter {8.1.1}
(hyperref)             text {\ifttl@toclabel \ttl@a \fi Action-angle variables for magnetic field-lines}
(hyperref)             reference {subsection.8.1.1}
(hyperref)             toclevel {2}
(hyperref)             type {toc}.
Package hyperref Info: Anchor `equation.8.17' on input line 111.
Package hyperref Info: Anchor `equation.8.17' on input line 111.
Package hyperref Info: Anchor `equation.8.17' on input line 111.
Package hyperref Info: Anchor `equation.8.17' on input line 111.
Package hyperref Info: Anchor `equation.8.18' on input line 117.
Package hyperref Info: Anchor `equation.8.18' on input line 117.
Package hyperref Info: Anchor `equation.8.18' on input line 117.
Package hyperref Info: Anchor `equation.8.18' on input line 117.
Package hyperref Info: Anchor `equation.8.19' on input line 124.
Package hyperref Info: Anchor `equation.8.19' on input line 124.
Package hyperref Info: Anchor `equation.8.19' on input line 124.
Package hyperref Info: Anchor `equation.8.19' on input line 124.

LaTeX Warning: Reference `eq-5-200' on page 131 undefined on input line 128.

Package hyperref Info: Anchor `equation.8.20' on input line 130.
Package hyperref Info: Anchor `equation.8.20' on input line 130.
Package hyperref Info: Anchor `equation.8.20' on input line 130.
Package hyperref Info: Anchor `equation.8.20' on input line 130.
Package hyperref Info: Anchor `section.8.2' on input line 134.
Package hyperref Info: bookmark on input line 134:
(hyperref)             thecounter {8.2}
(hyperref)             text {\ifttl@toclabel \ttl@a \fi Single-null divertor tokamak}
(hyperref)             reference {section.8.2}
(hyperref)             toclevel {1}
(hyperref)             type {toc}.
Package hyperref Info: Anchor `equation.8.21' on input line 138.
Package hyperref Info: Anchor `equation.8.21' on input line 138.
Package hyperref Info: Anchor `equation.8.21' on input line 138.
Package hyperref Info: Anchor `equation.8.21' on input line 138.

LaTeX Warning: Reference `fig-5-4' on page 131 undefined on input line 143.


LaTeX Warning: Reference `eq-5-201' on page 131 undefined on input line 143.

Package hyperref Info: Anchor `equation.8.22' on input line 145.
Package hyperref Info: Anchor `equation.8.22' on input line 145.
Package hyperref Info: Anchor `equation.8.22' on input line 145.
Package hyperref Info: Anchor `equation.8.22' on input line 145.

LaTeX Warning: Reference `eq-5-203' on page 131 undefined on input line 150.

Package hyperref Info: Anchor `equation.8.23' on input line 152.
Package hyperref Info: Anchor `equation.8.23' on input line 152.
Package hyperref Info: Anchor `equation.8.23' on input line 152.
Package hyperref Info: Anchor `equation.8.23' on input line 152.

LaTeX Warning: Reference `eq-5-201' on page 131 undefined on input line 156.

Package hyperref Info: Anchor `figure.caption.11' on input line 158.
(./Figures/figure5-4.tikz
A tikzpicture has been optimized away. Use '/tikz/external/optimize=false' to disable this.
)
Package hyperref Info: bookmark on input line 162:
(hyperref)             thecounter {8.1}
(hyperref)             text {\protect \numberline {\caption@listformat {\caption@p {figure}}{\caption@the {figure}}}{\ignorespaces Magnetic surface contours topologically equivalent to those in tokamaks. The separatrix corresponding to zero magnetic flux is traced in red.}}
(hyperref)             reference {figure.caption.11}
(hyperref)             toclevel {0}
(hyperref)             type {lof}.
Package hyperref Info: Anchor `Item.90' on input line 167.
Package hyperref Info: Anchor `equation.8.24' on input line 169.
Package hyperref Info: Anchor `equation.8.24' on input line 169.
Package hyperref Info: Anchor `equation.8.24' on input line 169.
Package hyperref Info: Anchor `equation.8.24' on input line 169.

LaTeX Warning: Reference `eq-5-202' on page 132 undefined on input line 173.

Package hyperref Info: Anchor `equation.8.25' on input line 179.
Package hyperref Info: Anchor `equation.8.25' on input line 179.
Package hyperref Info: Anchor `equation.8.25' on input line 179.
Package hyperref Info: Anchor `equation.8.25' on input line 179.
Package hyperref Info: Anchor `equation.8.26' on input line 194.
Package hyperref Info: Anchor `equation.8.26' on input line 194.
Package hyperref Info: Anchor `equation.8.26' on input line 194.
Package hyperref Info: Anchor `equation.8.26' on input line 194.
Package hyperref Info: Anchor `equation.8.27' on input line 200.
Package hyperref Info: Anchor `equation.8.27' on input line 200.
Package hyperref Info: Anchor `equation.8.27' on input line 200.
Package hyperref Info: Anchor `equation.8.27' on input line 200.
Package hyperref Info: Anchor `equation.8.28' on input line 218.
Package hyperref Info: Anchor `equation.8.28' on input line 218.
Package hyperref Info: Anchor `equation.8.28' on input line 218.
Package hyperref Info: Anchor `equation.8.28' on input line 218.
Package hyperref Info: Anchor `equation.8.29' on input line 224.
Package hyperref Info: Anchor `equation.8.29' on input line 224.
Package hyperref Info: Anchor `equation.8.29' on input line 224.
Package hyperref Info: Anchor `equation.8.29' on input line 224.

LaTeX Warning: Reference `eq-x-8-25' on page 133 undefined on input line 234.

Package hyperref Info: Anchor `equation.8.30' on input line 236.
Package hyperref Info: Anchor `equation.8.30' on input line 236.
Package hyperref Info: Anchor `equation.8.30' on input line 236.
Package hyperref Info: Anchor `equation.8.30' on input line 236.
Package hyperref Info: Anchor `equation.8.31' on input line 242.
Package hyperref Info: Anchor `equation.8.31' on input line 242.
Package hyperref Info: Anchor `equation.8.31' on input line 242.
Package hyperref Info: Anchor `equation.8.31' on input line 242.
Package hyperref Info: Anchor `equation.8.32' on input line 248.
Package hyperref Info: Anchor `equation.8.32' on input line 248.
Package hyperref Info: Anchor `equation.8.32' on input line 248.
Package hyperref Info: Anchor `equation.8.32' on input line 248.

LaTeX Warning: Reference `eq-x-8-2' on page 133 undefined on input line 252.

Package hyperref Info: Anchor `equation.8.33' on input line 266.
Package hyperref Info: Anchor `equation.8.33' on input line 266.
Package hyperref Info: Anchor `equation.8.33' on input line 266.
Package hyperref Info: Anchor `equation.8.33' on input line 266.
Package hyperref Info: Anchor `equation.8.34' on input line 273.
Package hyperref Info: Anchor `equation.8.34' on input line 273.
Package hyperref Info: Anchor `equation.8.34' on input line 273.
Package hyperref Info: Anchor `equation.8.34' on input line 273.

LaTeX Warning: Reference `eq-5-212' on page 133 undefined on input line 277.

Package hyperref Info: Anchor `equation.8.35' on input line 283.
Package hyperref Info: Anchor `equation.8.35' on input line 283.
Package hyperref Info: Anchor `equation.8.35' on input line 283.
Package hyperref Info: Anchor `equation.8.35' on input line 283.
Package hyperref Info: Anchor `Item.91' on input line 289.
Package hyperref Info: Anchor `equation.8.36' on input line 291.
Package hyperref Info: Anchor `equation.8.36' on input line 291.
Package hyperref Info: Anchor `equation.8.36' on input line 291.
Package hyperref Info: Anchor `equation.8.36' on input line 291.
Package hyperref Info: Anchor `equation.8.37' on input line 297.
Package hyperref Info: Anchor `equation.8.37' on input line 297.
Package hyperref Info: Anchor `equation.8.37' on input line 297.
Package hyperref Info: Anchor `equation.8.37' on input line 297.
Package hyperref Info: Anchor `equation.8.38' on input line 303.
Package hyperref Info: Anchor `equation.8.38' on input line 303.
Package hyperref Info: Anchor `equation.8.38' on input line 303.
Package hyperref Info: Anchor `equation.8.38' on input line 303.
Package hyperref Info: Anchor `equation.8.39' on input line 309.
Package hyperref Info: Anchor `equation.8.39' on input line 309.
Package hyperref Info: Anchor `equation.8.39' on input line 309.
Package hyperref Info: Anchor `equation.8.39' on input line 309.
Package hyperref Info: Anchor `Item.92' on input line 313.
Package hyperref Info: Anchor `equation.8.40' on input line 315.
Package hyperref Info: Anchor `equation.8.40' on input line 315.
Package hyperref Info: Anchor `equation.8.40' on input line 315.
Package hyperref Info: Anchor `equation.8.40' on input line 315.
Package hyperref Info: Anchor `equation.8.41' on input line 321.
Package hyperref Info: Anchor `equation.8.41' on input line 321.
Package hyperref Info: Anchor `equation.8.41' on input line 321.
Package hyperref Info: Anchor `equation.8.41' on input line 321.
Package hyperref Info: Anchor `section.8.3' on input line 326.
Package hyperref Info: bookmark on input line 326:
(hyperref)             thecounter {8.3}
(hyperref)             text {\ifttl@toclabel \ttl@a \fi Equilibrium fields of toroidally confined plasmas}
(hyperref)             reference {section.8.3}
(hyperref)             toclevel {1}
(hyperref)             type {toc}.
Package hyperref Info: Anchor `subsection.8.3.1' on input line 328.
Package hyperref Info: bookmark on input line 328:
(hyperref)             thecounter {8.3.1}
(hyperref)             text {\ifttl@toclabel \ttl@a \fi Equilibrium plasmas with circular cross-section}
(hyperref)             reference {subsection.8.3.1}
(hyperref)             toclevel {2}
(hyperref)             type {toc}.
Package hyperref Info: Anchor `equation.8.42' on input line 332.
Package hyperref Info: Anchor `equation.8.42' on input line 332.
Package hyperref Info: Anchor `equation.8.42' on input line 332.
Package hyperref Info: Anchor `equation.8.42' on input line 332.
Package hyperref Info: Anchor `subsection.8.3.2' on input line 338.
Package hyperref Info: bookmark on input line 338:
(hyperref)             thecounter {8.3.2}
(hyperref)             text {\ifttl@toclabel \ttl@a \fi Elongated equilibrium plasmas}
(hyperref)             reference {subsection.8.3.2}
(hyperref)             toclevel {2}
(hyperref)             type {toc}.
)
\providecommand\hyper@newdestlabel[2]{}
(./Chapters/neoclassical.tex
Package hyperref Info: Anchor `chapter.9' on input line 3.
Chapter 9.
Package hyperref Info: bookmark on input line 3:
(hyperref)             thecounter {9}
(hyperref)             text {\protect \numberline {\thechapter }Neoclassical transport in plasmas}
(hyperref)             reference {chapter.9}
(hyperref)             toclevel {0}
(hyperref)             type {toc}.
Package hyperref Info: Anchor `section.9.1' on input line 7.
Package hyperref Info: bookmark on input line 7:
(hyperref)             thecounter {9.1}
(hyperref)             text {\ifttl@toclabel \ttl@a \fi Fokker-Planck collision theory}
(hyperref)             reference {section.9.1}
(hyperref)             toclevel {1}
(hyperref)             type {toc}.
Package hyperref Info: Anchor `subsection.9.1.1' on input line 13.
Package hyperref Info: bookmark on input line 13:
(hyperref)             thecounter {9.1.1}
(hyperref)             text {\ifttl@toclabel \ttl@a \fi Fokker-Planck equation}
(hyperref)             reference {subsection.9.1.1}
(hyperref)             toclevel {2}
(hyperref)             type {toc}.
Package hyperref Info: Anchor `equation.9.1' on input line 17.
Package hyperref Info: Anchor `equation.9.1' on input line 17.
Package hyperref Info: Anchor `equation.9.1' on input line 17.
Package hyperref Info: Anchor `equation.9.1' on input line 17.
Package hyperref Info: Anchor `equation.9.2' on input line 21.
Package hyperref Info: Anchor `equation.9.2' on input line 21.
Package hyperref Info: Anchor `equation.9.2' on input line 21.
Package hyperref Info: Anchor `equation.9.2' on input line 21.
Package hyperref Info: Anchor `equation.9.3' on input line 25.
Package hyperref Info: Anchor `equation.9.3' on input line 25.
Package hyperref Info: Anchor `equation.9.3' on input line 25.
Package hyperref Info: Anchor `equation.9.3' on input line 25.
Package hyperref Info: Anchor `equation.9.4' on input line 31.
Package hyperref Info: Anchor `equation.9.4' on input line 31.
Package hyperref Info: Anchor `equation.9.4' on input line 31.
Package hyperref Info: Anchor `equation.9.4' on input line 31.
Package hyperref Info: Anchor `equation.9.5' on input line 36.
Package hyperref Info: Anchor `equation.9.5' on input line 36.
Package hyperref Info: Anchor `equation.9.5' on input line 36.
Package hyperref Info: Anchor `equation.9.5' on input line 36.
Package hyperref Info: Anchor `equation.9.6' on input line 43.
Package hyperref Info: Anchor `equation.9.6' on input line 43.
Package hyperref Info: Anchor `equation.9.6' on input line 43.
Package hyperref Info: Anchor `equation.9.6' on input line 43.

LaTeX Warning: Reference `fundamentals' on page 136 undefined on input line 48.

Package hyperref Info: Anchor `equation.9.7' on input line 50.
Package hyperref Info: Anchor `equation.9.7' on input line 50.
Package hyperref Info: Anchor `equation.9.7' on input line 50.
Package hyperref Info: Anchor `equation.9.7' on input line 50.
Package hyperref Info: Anchor `equation.9.8' on input line 54.
Package hyperref Info: Anchor `equation.9.8' on input line 54.
Package hyperref Info: Anchor `equation.9.8' on input line 54.
Package hyperref Info: Anchor `equation.9.8' on input line 54.

LaTeX Warning: Reference `eq-fokker-7' on page 137 undefined on input line 58.

Package hyperref Info: Anchor `equation.9.9' on input line 60.
Package hyperref Info: Anchor `equation.9.9' on input line 60.
Package hyperref Info: Anchor `equation.9.9' on input line 60.
Package hyperref Info: Anchor `equation.9.9' on input line 60.
Package hyperref Info: Anchor `equation.9.10' on input line 66.
Package hyperref Info: Anchor `equation.9.10' on input line 66.
Package hyperref Info: Anchor `equation.9.10' on input line 66.
Package hyperref Info: Anchor `equation.9.10' on input line 66.
Package hyperref Info: Anchor `equation.9.11' on input line 72.
Package hyperref Info: Anchor `equation.9.11' on input line 72.
Package hyperref Info: Anchor `equation.9.11' on input line 72.
Package hyperref Info: Anchor `equation.9.11' on input line 72.
Package hyperref Info: Anchor `equation.9.12' on input line 99.
Package hyperref Info: Anchor `equation.9.12' on input line 99.
Package hyperref Info: Anchor `equation.9.12' on input line 99.
Package hyperref Info: Anchor `equation.9.12' on input line 99.
Package hyperref Info: Anchor `equation.9.13' on input line 103.
Package hyperref Info: Anchor `equation.9.13' on input line 103.
Package hyperref Info: Anchor `equation.9.13' on input line 103.
Package hyperref Info: Anchor `equation.9.13' on input line 103.
Package hyperref Info: Anchor `equation.9.14' on input line 118.
Package hyperref Info: Anchor `equation.9.14' on input line 118.
Package hyperref Info: Anchor `equation.9.14' on input line 118.
Package hyperref Info: Anchor `equation.9.14' on input line 118.
Package hyperref Info: Anchor `equation.9.15' on input line 122.
Package hyperref Info: Anchor `equation.9.15' on input line 122.
Package hyperref Info: Anchor `equation.9.15' on input line 122.
Package hyperref Info: Anchor `equation.9.15' on input line 122.
Package hyperref Info: Anchor `equation.9.16' on input line 128.
Package hyperref Info: Anchor `equation.9.16' on input line 128.
Package hyperref Info: Anchor `equation.9.16' on input line 128.
Package hyperref Info: Anchor `equation.9.16' on input line 128.
Package hyperref Info: Anchor `equation.9.17' on input line 134.
Package hyperref Info: Anchor `equation.9.17' on input line 134.
Package hyperref Info: Anchor `equation.9.17' on input line 134.
Package hyperref Info: Anchor `equation.9.17' on input line 134.

LaTeX Warning: Reference `eq-7-5' on page 138 undefined on input line 138.


LaTeX Warning: Reference `eq-7-6' on page 138 undefined on input line 138.

Package hyperref Info: Anchor `equation.9.18' on input line 140.
Package hyperref Info: Anchor `equation.9.18' on input line 140.
Package hyperref Info: Anchor `equation.9.18' on input line 140.
Package hyperref Info: Anchor `equation.9.18' on input line 140.
Package hyperref Info: Anchor `equation.9.19' on input line 146.
Package hyperref Info: Anchor `equation.9.19' on input line 146.
Package hyperref Info: Anchor `equation.9.19' on input line 146.
Package hyperref Info: Anchor `equation.9.19' on input line 146.
Package hyperref Info: Anchor `equation.9.20' on input line 152.
Package hyperref Info: Anchor `equation.9.20' on input line 152.
Package hyperref Info: Anchor `equation.9.20' on input line 152.
Package hyperref Info: Anchor `equation.9.20' on input line 152.
Package hyperref Info: Anchor `equation.9.21' on input line 156.
Package hyperref Info: Anchor `equation.9.21' on input line 156.
Package hyperref Info: Anchor `equation.9.21' on input line 156.
Package hyperref Info: Anchor `equation.9.21' on input line 156.
Package hyperref Info: Anchor `equation.9.22' on input line 160.
Package hyperref Info: Anchor `equation.9.22' on input line 160.
Package hyperref Info: Anchor `equation.9.22' on input line 160.
Package hyperref Info: Anchor `equation.9.22' on input line 160.
Package hyperref Info: Anchor `equation.9.23' on input line 166.
Package hyperref Info: Anchor `equation.9.23' on input line 166.
Package hyperref Info: Anchor `equation.9.23' on input line 166.
Package hyperref Info: Anchor `equation.9.23' on input line 166.
Package hyperref Info: Anchor `equation.9.24' on input line 172.
Package hyperref Info: Anchor `equation.9.24' on input line 172.
Package hyperref Info: Anchor `equation.9.24' on input line 172.
Package hyperref Info: Anchor `equation.9.24' on input line 172.
Package hyperref Info: Anchor `equation.9.25' on input line 178.
Package hyperref Info: Anchor `equation.9.25' on input line 178.
Package hyperref Info: Anchor `equation.9.25' on input line 178.
Package hyperref Info: Anchor `equation.9.25' on input line 178.
Package hyperref Info: Anchor `equation.9.26' on input line 184.
Package hyperref Info: Anchor `equation.9.26' on input line 184.
Package hyperref Info: Anchor `equation.9.26' on input line 184.
Package hyperref Info: Anchor `equation.9.26' on input line 184.

LaTeX Warning: Reference `eq-7-7' on page 138 undefined on input line 188.

Package hyperref Info: Anchor `equation.9.27' on input line 190.
Package hyperref Info: Anchor `equation.9.27' on input line 190.
Package hyperref Info: Anchor `equation.9.27' on input line 190.
Package hyperref Info: Anchor `equation.9.27' on input line 190.
Package hyperref Info: Anchor `equation.9.28' on input line 194.
Package hyperref Info: Anchor `equation.9.28' on input line 194.
Package hyperref Info: Anchor `equation.9.28' on input line 194.
Package hyperref Info: Anchor `equation.9.28' on input line 194.
Package hyperref Info: Anchor `equation.9.29' on input line 200.
Package hyperref Info: Anchor `equation.9.29' on input line 200.
Package hyperref Info: Anchor `equation.9.29' on input line 200.
Package hyperref Info: Anchor `equation.9.29' on input line 200.
Package hyperref Info: Anchor `equation.9.30' on input line 206.
Package hyperref Info: Anchor `equation.9.30' on input line 206.
Package hyperref Info: Anchor `equation.9.30' on input line 206.
Package hyperref Info: Anchor `equation.9.30' on input line 206.
Package hyperref Info: Anchor `equation.9.31' on input line 212.
Package hyperref Info: Anchor `equation.9.31' on input line 212.
Package hyperref Info: Anchor `equation.9.31' on input line 212.
Package hyperref Info: Anchor `equation.9.31' on input line 212.

LaTeX Warning: Reference `eq-7-17' on page 139 undefined on input line 216.

Package hyperref Info: Anchor `subsection.9.1.2' on input line 227.
Package hyperref Info: bookmark on input line 227:
(hyperref)             thecounter {9.1.2}
(hyperref)             text {\ifttl@toclabel \ttl@a \fi Dissipation of momentum}
(hyperref)             reference {subsection.9.1.2}
(hyperref)             toclevel {2}
(hyperref)             type {toc}.
Package hyperref Info: Anchor `equation.9.32' on input line 231.
Package hyperref Info: Anchor `equation.9.32' on input line 231.
Package hyperref Info: Anchor `equation.9.32' on input line 231.
Package hyperref Info: Anchor `equation.9.32' on input line 231.

LaTeX Warning: Reference `eq-1-91' on page 139 undefined on input line 235.

Package hyperref Info: Anchor `equation.9.33' on input line 237.
Package hyperref Info: Anchor `equation.9.33' on input line 237.
Package hyperref Info: Anchor `equation.9.33' on input line 237.
Package hyperref Info: Anchor `equation.9.33' on input line 237.
Package hyperref Info: Anchor `equation.9.34' on input line 249.
Package hyperref Info: Anchor `equation.9.34' on input line 249.
Package hyperref Info: Anchor `equation.9.34' on input line 249.
Package hyperref Info: Anchor `equation.9.34' on input line 249.
Package hyperref Info: Anchor `equation.9.35' on input line 255.
Package hyperref Info: Anchor `equation.9.35' on input line 255.
Package hyperref Info: Anchor `equation.9.35' on input line 255.
Package hyperref Info: Anchor `equation.9.35' on input line 255.
Package hyperref Info: Anchor `equation.9.36' on input line 261.
Package hyperref Info: Anchor `equation.9.36' on input line 261.
Package hyperref Info: Anchor `equation.9.36' on input line 261.
Package hyperref Info: Anchor `equation.9.36' on input line 261.
Package hyperref Info: Anchor `equation.9.37' on input line 267.
Package hyperref Info: Anchor `equation.9.37' on input line 267.
Package hyperref Info: Anchor `equation.9.37' on input line 267.
Package hyperref Info: Anchor `equation.9.37' on input line 267.
Package hyperref Info: Anchor `equation.9.38' on input line 273.
Package hyperref Info: Anchor `equation.9.38' on input line 273.
Package hyperref Info: Anchor `equation.9.38' on input line 273.
Package hyperref Info: Anchor `equation.9.38' on input line 273.
Package hyperref Info: Anchor `equation.9.39' on input line 279.
Package hyperref Info: Anchor `equation.9.39' on input line 279.
Package hyperref Info: Anchor `equation.9.39' on input line 279.
Package hyperref Info: Anchor `equation.9.39' on input line 279.
Package hyperref Info: Anchor `equation.9.40' on input line 285.
Package hyperref Info: Anchor `equation.9.40' on input line 285.
Package hyperref Info: Anchor `equation.9.40' on input line 285.
Package hyperref Info: Anchor `equation.9.40' on input line 285.
Package hyperref Info: Anchor `equation.9.41' on input line 289.
Package hyperref Info: Anchor `equation.9.41' on input line 289.
Package hyperref Info: Anchor `equation.9.41' on input line 289.
Package hyperref Info: Anchor `equation.9.41' on input line 289.
Package hyperref Info: Anchor `equation.9.42' on input line 295.
Package hyperref Info: Anchor `equation.9.42' on input line 295.
Package hyperref Info: Anchor `equation.9.42' on input line 295.
Package hyperref Info: Anchor `equation.9.42' on input line 295.
Package hyperref Info: Anchor `equation.9.43' on input line 299.
Package hyperref Info: Anchor `equation.9.43' on input line 299.
Package hyperref Info: Anchor `equation.9.43' on input line 299.
Package hyperref Info: Anchor `equation.9.43' on input line 299.
Package hyperref Info: Anchor `equation.9.44' on input line 303.
Package hyperref Info: Anchor `equation.9.44' on input line 303.
Package hyperref Info: Anchor `equation.9.44' on input line 303.
Package hyperref Info: Anchor `equation.9.44' on input line 303.
Package hyperref Info: Anchor `equation.9.45' on input line 309.
Package hyperref Info: Anchor `equation.9.45' on input line 309.
Package hyperref Info: Anchor `equation.9.45' on input line 309.
Package hyperref Info: Anchor `equation.9.45' on input line 309.
Package hyperref Info: Anchor `equation.9.46' on input line 315.
Package hyperref Info: Anchor `equation.9.46' on input line 315.
Package hyperref Info: Anchor `equation.9.46' on input line 315.
Package hyperref Info: Anchor `equation.9.46' on input line 315.
Package hyperref Info: Anchor `equation.9.47' on input line 319.
Package hyperref Info: Anchor `equation.9.47' on input line 319.
Package hyperref Info: Anchor `equation.9.47' on input line 319.
Package hyperref Info: Anchor `equation.9.47' on input line 319.
Package hyperref Info: Anchor `equation.9.48' on input line 325.
Package hyperref Info: Anchor `equation.9.48' on input line 325.
Package hyperref Info: Anchor `equation.9.48' on input line 325.
Package hyperref Info: Anchor `equation.9.48' on input line 325.
Package hyperref Info: Anchor `equation.9.49' on input line 331.
Package hyperref Info: Anchor `equation.9.49' on input line 331.
Package hyperref Info: Anchor `equation.9.49' on input line 331.
Package hyperref Info: Anchor `equation.9.49' on input line 331.
Package hyperref Info: Anchor `equation.9.50' on input line 337.
Package hyperref Info: Anchor `equation.9.50' on input line 337.
Package hyperref Info: Anchor `equation.9.50' on input line 337.
Package hyperref Info: Anchor `equation.9.50' on input line 337.
Package hyperref Info: Anchor `equation.9.51' on input line 343.
Package hyperref Info: Anchor `equation.9.51' on input line 343.
Package hyperref Info: Anchor `equation.9.51' on input line 343.
Package hyperref Info: Anchor `equation.9.51' on input line 343.
Package hyperref Info: Anchor `equation.9.52' on input line 349.
Package hyperref Info: Anchor `equation.9.52' on input line 349.
Package hyperref Info: Anchor `equation.9.52' on input line 349.
Package hyperref Info: Anchor `equation.9.52' on input line 349.
Package hyperref Info: Anchor `equation.9.53' on input line 355.
Package hyperref Info: Anchor `equation.9.53' on input line 355.
Package hyperref Info: Anchor `equation.9.53' on input line 355.
Package hyperref Info: Anchor `equation.9.53' on input line 355.
Package hyperref Info: Anchor `equation.9.54' on input line 359.
Package hyperref Info: Anchor `equation.9.54' on input line 359.
Package hyperref Info: Anchor `equation.9.54' on input line 359.
Package hyperref Info: Anchor `equation.9.54' on input line 359.
Package hyperref Info: Anchor `equation.9.55' on input line 365.
Package hyperref Info: Anchor `equation.9.55' on input line 365.
Package hyperref Info: Anchor `equation.9.55' on input line 365.
Package hyperref Info: Anchor `equation.9.55' on input line 365.
Package hyperref Info: Anchor `equation.9.56' on input line 369.
Package hyperref Info: Anchor `equation.9.56' on input line 369.
Package hyperref Info: Anchor `equation.9.56' on input line 369.
Package hyperref Info: Anchor `equation.9.56' on input line 369.
Package hyperref Info: Anchor `equation.9.57' on input line 373.
Package hyperref Info: Anchor `equation.9.57' on input line 373.
Package hyperref Info: Anchor `equation.9.57' on input line 373.
Package hyperref Info: Anchor `equation.9.57' on input line 373.
Package hyperref Info: Anchor `equation.9.58' on input line 377.
Package hyperref Info: Anchor `equation.9.58' on input line 377.
Package hyperref Info: Anchor `equation.9.58' on input line 377.
Package hyperref Info: Anchor `equation.9.58' on input line 377.
Package hyperref Info: Anchor `equation.9.59' on input line 381.
Package hyperref Info: Anchor `equation.9.59' on input line 381.
Package hyperref Info: Anchor `equation.9.59' on input line 381.
Package hyperref Info: Anchor `equation.9.59' on input line 381.
Package hyperref Info: Anchor `equation.9.60' on input line 385.
Package hyperref Info: Anchor `equation.9.60' on input line 385.
Package hyperref Info: Anchor `equation.9.60' on input line 385.
Package hyperref Info: Anchor `equation.9.60' on input line 385.
Package hyperref Info: Anchor `equation.9.61' on input line 391.
Package hyperref Info: Anchor `equation.9.61' on input line 391.
Package hyperref Info: Anchor `equation.9.61' on input line 391.
Package hyperref Info: Anchor `equation.9.61' on input line 391.
Package hyperref Info: Anchor `equation.9.62' on input line 397.
Package hyperref Info: Anchor `equation.9.62' on input line 397.
Package hyperref Info: Anchor `equation.9.62' on input line 397.
Package hyperref Info: Anchor `equation.9.62' on input line 397.
Package hyperref Info: Anchor `equation.9.63' on input line 403.
Package hyperref Info: Anchor `equation.9.63' on input line 403.
Package hyperref Info: Anchor `equation.9.63' on input line 403.
Package hyperref Info: Anchor `equation.9.63' on input line 403.
Package hyperref Info: Anchor `equation.9.64' on input line 409.
Package hyperref Info: Anchor `equation.9.64' on input line 409.
Package hyperref Info: Anchor `equation.9.64' on input line 409.
Package hyperref Info: Anchor `equation.9.64' on input line 409.
Package hyperref Info: Anchor `equation.9.65' on input line 415.
Package hyperref Info: Anchor `equation.9.65' on input line 415.
Package hyperref Info: Anchor `equation.9.65' on input line 415.
Package hyperref Info: Anchor `equation.9.65' on input line 415.
Package hyperref Info: Anchor `equation.9.66' on input line 421.
Package hyperref Info: Anchor `equation.9.66' on input line 421.
Package hyperref Info: Anchor `equation.9.66' on input line 421.
Package hyperref Info: Anchor `equation.9.66' on input line 421.
Package hyperref Info: Anchor `equation.9.67' on input line 425.
Package hyperref Info: Anchor `equation.9.67' on input line 425.
Package hyperref Info: Anchor `equation.9.67' on input line 425.
Package hyperref Info: Anchor `equation.9.67' on input line 425.
Package hyperref Info: Anchor `equation.9.68' on input line 429.
Package hyperref Info: Anchor `equation.9.68' on input line 429.
Package hyperref Info: Anchor `equation.9.68' on input line 429.
Package hyperref Info: Anchor `equation.9.68' on input line 429.
Package hyperref Info: Anchor `equation.9.69' on input line 433.
Package hyperref Info: Anchor `equation.9.69' on input line 433.
Package hyperref Info: Anchor `equation.9.69' on input line 433.
Package hyperref Info: Anchor `equation.9.69' on input line 433.
Package hyperref Info: Anchor `equation.9.70' on input line 439.
Package hyperref Info: Anchor `equation.9.70' on input line 439.
Package hyperref Info: Anchor `equation.9.70' on input line 439.
Package hyperref Info: Anchor `equation.9.70' on input line 439.
Package hyperref Info: Anchor `equation.9.71' on input line 445.
Package hyperref Info: Anchor `equation.9.71' on input line 445.
Package hyperref Info: Anchor `equation.9.71' on input line 445.
Package hyperref Info: Anchor `equation.9.71' on input line 445.
Package hyperref Info: Anchor `equation.9.72' on input line 449.
Package hyperref Info: Anchor `equation.9.72' on input line 449.
Package hyperref Info: Anchor `equation.9.72' on input line 449.
Package hyperref Info: Anchor `equation.9.72' on input line 449.
Package hyperref Info: Anchor `equation.9.73' on input line 454.
Package hyperref Info: Anchor `equation.9.73' on input line 454.
Package hyperref Info: Anchor `equation.9.73' on input line 454.
Package hyperref Info: Anchor `equation.9.73' on input line 454.
Package hyperref Info: Anchor `equation.9.74' on input line 458.
Package hyperref Info: Anchor `equation.9.74' on input line 458.
Package hyperref Info: Anchor `equation.9.74' on input line 458.
Package hyperref Info: Anchor `equation.9.74' on input line 458.
Package hyperref Info: Anchor `equation.9.75' on input line 464.
Package hyperref Info: Anchor `equation.9.75' on input line 464.
Package hyperref Info: Anchor `equation.9.75' on input line 464.
Package hyperref Info: Anchor `equation.9.75' on input line 464.
Package hyperref Info: Anchor `equation.9.76' on input line 468.
Package hyperref Info: Anchor `equation.9.76' on input line 468.
Package hyperref Info: Anchor `equation.9.76' on input line 468.
Package hyperref Info: Anchor `equation.9.76' on input line 468.
Package hyperref Info: Anchor `equation.9.77' on input line 472.
Package hyperref Info: Anchor `equation.9.77' on input line 472.
Package hyperref Info: Anchor `equation.9.77' on input line 472.
Package hyperref Info: Anchor `equation.9.77' on input line 472.
Package hyperref Info: Anchor `equation.9.78' on input line 478.
Package hyperref Info: Anchor `equation.9.78' on input line 478.
Package hyperref Info: Anchor `equation.9.78' on input line 478.
Package hyperref Info: Anchor `equation.9.78' on input line 478.
Package hyperref Info: Anchor `equation.9.79' on input line 482.
Package hyperref Info: Anchor `equation.9.79' on input line 482.
Package hyperref Info: Anchor `equation.9.79' on input line 482.
Package hyperref Info: Anchor `equation.9.79' on input line 482.
Package hyperref Info: Anchor `equation.9.80' on input line 492.
Package hyperref Info: Anchor `equation.9.80' on input line 492.
Package hyperref Info: Anchor `equation.9.80' on input line 492.
Package hyperref Info: Anchor `equation.9.80' on input line 492.
Package hyperref Info: Anchor `equation.9.81' on input line 499.
Package hyperref Info: Anchor `equation.9.81' on input line 499.
Package hyperref Info: Anchor `equation.9.81' on input line 499.
Package hyperref Info: Anchor `equation.9.81' on input line 499.
Package hyperref Info: Anchor `equation.9.82' on input line 505.
Package hyperref Info: Anchor `equation.9.82' on input line 505.
Package hyperref Info: Anchor `equation.9.82' on input line 505.
Package hyperref Info: Anchor `equation.9.82' on input line 505.
Package hyperref Info: Anchor `equation.9.83' on input line 512.
Package hyperref Info: Anchor `equation.9.83' on input line 512.
Package hyperref Info: Anchor `equation.9.83' on input line 512.
Package hyperref Info: Anchor `equation.9.83' on input line 512.
Package hyperref Info: Anchor `subsection.9.1.3' on input line 519.
Package hyperref Info: bookmark on input line 519:
(hyperref)             thecounter {9.1.3}
(hyperref)             text {\ifttl@toclabel \ttl@a \fi Diffusion of kinetic energy}
(hyperref)             reference {subsection.9.1.3}
(hyperref)             toclevel {2}
(hyperref)             type {toc}.
Package hyperref Info: Anchor `equation.9.84' on input line 523.
Package hyperref Info: Anchor `equation.9.84' on input line 523.
Package hyperref Info: Anchor `equation.9.84' on input line 523.
Package hyperref Info: Anchor `equation.9.84' on input line 523.
Package hyperref Info: Anchor `equation.9.85' on input line 529.
Package hyperref Info: Anchor `equation.9.85' on input line 529.
Package hyperref Info: Anchor `equation.9.85' on input line 529.
Package hyperref Info: Anchor `equation.9.85' on input line 529.
Package hyperref Info: Anchor `equation.9.86' on input line 533.
Package hyperref Info: Anchor `equation.9.86' on input line 533.
Package hyperref Info: Anchor `equation.9.86' on input line 533.
Package hyperref Info: Anchor `equation.9.86' on input line 533.
Package hyperref Info: Anchor `equation.9.87' on input line 539.
Package hyperref Info: Anchor `equation.9.87' on input line 539.
Package hyperref Info: Anchor `equation.9.87' on input line 539.
Package hyperref Info: Anchor `equation.9.87' on input line 539.
Package hyperref Info: Anchor `equation.9.88' on input line 543.
Package hyperref Info: Anchor `equation.9.88' on input line 543.
Package hyperref Info: Anchor `equation.9.88' on input line 543.
Package hyperref Info: Anchor `equation.9.88' on input line 543.
Package hyperref Info: Anchor `equation.9.89' on input line 549.
Package hyperref Info: Anchor `equation.9.89' on input line 549.
Package hyperref Info: Anchor `equation.9.89' on input line 549.
Package hyperref Info: Anchor `equation.9.89' on input line 549.
Package hyperref Info: Anchor `equation.9.90' on input line 555.
Package hyperref Info: Anchor `equation.9.90' on input line 555.
Package hyperref Info: Anchor `equation.9.90' on input line 555.
Package hyperref Info: Anchor `equation.9.90' on input line 555.
Package hyperref Info: Anchor `equation.9.91' on input line 561.
Package hyperref Info: Anchor `equation.9.91' on input line 561.
Package hyperref Info: Anchor `equation.9.91' on input line 561.
Package hyperref Info: Anchor `equation.9.91' on input line 561.
Package hyperref Info: Anchor `equation.9.92' on input line 567.
Package hyperref Info: Anchor `equation.9.92' on input line 567.
Package hyperref Info: Anchor `equation.9.92' on input line 567.
Package hyperref Info: Anchor `equation.9.92' on input line 567.
Package hyperref Info: Anchor `equation.9.93' on input line 571.
Package hyperref Info: Anchor `equation.9.93' on input line 571.
Package hyperref Info: Anchor `equation.9.93' on input line 571.
Package hyperref Info: Anchor `equation.9.93' on input line 571.
Package hyperref Info: Anchor `equation.9.94' on input line 575.
Package hyperref Info: Anchor `equation.9.94' on input line 575.
Package hyperref Info: Anchor `equation.9.94' on input line 575.
Package hyperref Info: Anchor `equation.9.94' on input line 575.
Package hyperref Info: Anchor `equation.9.95' on input line 581.
Package hyperref Info: Anchor `equation.9.95' on input line 581.
Package hyperref Info: Anchor `equation.9.95' on input line 581.
Package hyperref Info: Anchor `equation.9.95' on input line 581.
Package hyperref Info: Anchor `equation.9.96' on input line 585.
Package hyperref Info: Anchor `equation.9.96' on input line 585.
Package hyperref Info: Anchor `equation.9.96' on input line 585.
Package hyperref Info: Anchor `equation.9.96' on input line 585.
Package hyperref Info: Anchor `equation.9.97' on input line 591.
Package hyperref Info: Anchor `equation.9.97' on input line 591.
Package hyperref Info: Anchor `equation.9.97' on input line 591.
Package hyperref Info: Anchor `equation.9.97' on input line 591.

LaTeX Warning: Reference `eq-1-91' on page 144 undefined on input line 595.

Package hyperref Info: Anchor `equation.9.98' on input line 607.
Package hyperref Info: Anchor `equation.9.98' on input line 607.
Package hyperref Info: Anchor `equation.9.98' on input line 607.
Package hyperref Info: Anchor `equation.9.98' on input line 607.
Package hyperref Info: Anchor `equation.9.99' on input line 611.
Package hyperref Info: Anchor `equation.9.99' on input line 611.
Package hyperref Info: Anchor `equation.9.99' on input line 611.
Package hyperref Info: Anchor `equation.9.99' on input line 611.
Package hyperref Info: Anchor `equation.9.100' on input line 623.
Package hyperref Info: Anchor `equation.9.100' on input line 623.
Package hyperref Info: Anchor `equation.9.100' on input line 623.
Package hyperref Info: Anchor `equation.9.100' on input line 623.
Package hyperref Info: Anchor `equation.9.101' on input line 629.
Package hyperref Info: Anchor `equation.9.101' on input line 629.
Package hyperref Info: Anchor `equation.9.101' on input line 629.
Package hyperref Info: Anchor `equation.9.101' on input line 629.
Package hyperref Info: Anchor `equation.9.102' on input line 633.
Package hyperref Info: Anchor `equation.9.102' on input line 633.
Package hyperref Info: Anchor `equation.9.102' on input line 633.
Package hyperref Info: Anchor `equation.9.102' on input line 633.
Package hyperref Info: Anchor `equation.9.103' on input line 639.
Package hyperref Info: Anchor `equation.9.103' on input line 639.
Package hyperref Info: Anchor `equation.9.103' on input line 639.
Package hyperref Info: Anchor `equation.9.103' on input line 639.
Package hyperref Info: Anchor `equation.9.104' on input line 643.
Package hyperref Info: Anchor `equation.9.104' on input line 643.
Package hyperref Info: Anchor `equation.9.104' on input line 643.
Package hyperref Info: Anchor `equation.9.104' on input line 643.
Package hyperref Info: Anchor `equation.9.105' on input line 647.
Package hyperref Info: Anchor `equation.9.105' on input line 647.
Package hyperref Info: Anchor `equation.9.105' on input line 647.
Package hyperref Info: Anchor `equation.9.105' on input line 647.
Package hyperref Info: Anchor `equation.9.106' on input line 653.
Package hyperref Info: Anchor `equation.9.106' on input line 653.
Package hyperref Info: Anchor `equation.9.106' on input line 653.
Package hyperref Info: Anchor `equation.9.106' on input line 653.
Package hyperref Info: Anchor `equation.9.107' on input line 657.
Package hyperref Info: Anchor `equation.9.107' on input line 657.
Package hyperref Info: Anchor `equation.9.107' on input line 657.
Package hyperref Info: Anchor `equation.9.107' on input line 657.
Package hyperref Info: Anchor `equation.9.108' on input line 661.
Package hyperref Info: Anchor `equation.9.108' on input line 661.
Package hyperref Info: Anchor `equation.9.108' on input line 661.
Package hyperref Info: Anchor `equation.9.108' on input line 661.
Package hyperref Info: Anchor `equation.9.109' on input line 665.
Package hyperref Info: Anchor `equation.9.109' on input line 665.
Package hyperref Info: Anchor `equation.9.109' on input line 665.
Package hyperref Info: Anchor `equation.9.109' on input line 665.
Package hyperref Info: Anchor `equation.9.110' on input line 671.
Package hyperref Info: Anchor `equation.9.110' on input line 671.
Package hyperref Info: Anchor `equation.9.110' on input line 671.
Package hyperref Info: Anchor `equation.9.110' on input line 671.
Package hyperref Info: Anchor `equation.9.111' on input line 675.
Package hyperref Info: Anchor `equation.9.111' on input line 675.
Package hyperref Info: Anchor `equation.9.111' on input line 675.
Package hyperref Info: Anchor `equation.9.111' on input line 675.
Package hyperref Info: Anchor `equation.9.112' on input line 679.
Package hyperref Info: Anchor `equation.9.112' on input line 679.
Package hyperref Info: Anchor `equation.9.112' on input line 679.
Package hyperref Info: Anchor `equation.9.112' on input line 679.
Package hyperref Info: Anchor `equation.9.113' on input line 683.
Package hyperref Info: Anchor `equation.9.113' on input line 683.
Package hyperref Info: Anchor `equation.9.113' on input line 683.
Package hyperref Info: Anchor `equation.9.113' on input line 683.

LaTeX Warning: Reference `eq-fokker-78' on page 145 undefined on input line 687.

Package hyperref Info: Anchor `equation.9.114' on input line 689.
Package hyperref Info: Anchor `equation.9.114' on input line 689.
Package hyperref Info: Anchor `equation.9.114' on input line 689.
Package hyperref Info: Anchor `equation.9.114' on input line 689.
Package hyperref Info: Anchor `equation.9.115' on input line 695.
Package hyperref Info: Anchor `equation.9.115' on input line 695.
Package hyperref Info: Anchor `equation.9.115' on input line 695.
Package hyperref Info: Anchor `equation.9.115' on input line 695.
Package hyperref Info: Anchor `equation.9.116' on input line 699.
Package hyperref Info: Anchor `equation.9.116' on input line 699.
Package hyperref Info: Anchor `equation.9.116' on input line 699.
Package hyperref Info: Anchor `equation.9.116' on input line 699.
Package hyperref Info: Anchor `equation.9.117' on input line 703.
Package hyperref Info: Anchor `equation.9.117' on input line 703.
Package hyperref Info: Anchor `equation.9.117' on input line 703.
Package hyperref Info: Anchor `equation.9.117' on input line 703.
Package hyperref Info: Anchor `equation.9.118' on input line 709.
Package hyperref Info: Anchor `equation.9.118' on input line 709.
Package hyperref Info: Anchor `equation.9.118' on input line 709.
Package hyperref Info: Anchor `equation.9.118' on input line 709.
Package hyperref Info: Anchor `equation.9.119' on input line 713.
Package hyperref Info: Anchor `equation.9.119' on input line 713.
Package hyperref Info: Anchor `equation.9.119' on input line 713.
Package hyperref Info: Anchor `equation.9.119' on input line 713.
Package hyperref Info: Anchor `equation.9.120' on input line 719.
Package hyperref Info: Anchor `equation.9.120' on input line 719.
Package hyperref Info: Anchor `equation.9.120' on input line 719.
Package hyperref Info: Anchor `equation.9.120' on input line 719.
Package hyperref Info: Anchor `equation.9.121' on input line 723.
Package hyperref Info: Anchor `equation.9.121' on input line 723.
Package hyperref Info: Anchor `equation.9.121' on input line 723.
Package hyperref Info: Anchor `equation.9.121' on input line 723.
Package hyperref Info: Anchor `equation.9.122' on input line 733.
Package hyperref Info: Anchor `equation.9.122' on input line 733.
Package hyperref Info: Anchor `equation.9.122' on input line 733.
Package hyperref Info: Anchor `equation.9.122' on input line 733.
Package hyperref Info: Anchor `equation.9.123' on input line 741.
Package hyperref Info: Anchor `equation.9.123' on input line 741.
Package hyperref Info: Anchor `equation.9.123' on input line 741.
Package hyperref Info: Anchor `equation.9.123' on input line 741.
Package hyperref Info: Anchor `equation.9.124' on input line 749.
Package hyperref Info: Anchor `equation.9.124' on input line 749.
Package hyperref Info: Anchor `equation.9.124' on input line 749.
Package hyperref Info: Anchor `equation.9.124' on input line 749.
Package hyperref Info: Anchor `equation.9.125' on input line 759.
Package hyperref Info: Anchor `equation.9.125' on input line 759.
Package hyperref Info: Anchor `equation.9.125' on input line 759.
Package hyperref Info: Anchor `equation.9.125' on input line 759.
Package hyperref Info: Anchor `equation.9.126' on input line 763.
Package hyperref Info: Anchor `equation.9.126' on input line 763.
Package hyperref Info: Anchor `equation.9.126' on input line 763.
Package hyperref Info: Anchor `equation.9.126' on input line 763.
Package hyperref Info: Anchor `equation.9.127' on input line 775.
Package hyperref Info: Anchor `equation.9.127' on input line 775.
Package hyperref Info: Anchor `equation.9.127' on input line 775.
Package hyperref Info: Anchor `equation.9.127' on input line 775.
Package hyperref Info: Anchor `equation.9.128' on input line 783.
Package hyperref Info: Anchor `equation.9.128' on input line 783.
Package hyperref Info: Anchor `equation.9.128' on input line 783.
Package hyperref Info: Anchor `equation.9.128' on input line 783.
Package hyperref Info: Anchor `equation.9.129' on input line 789.
Package hyperref Info: Anchor `equation.9.129' on input line 789.
Package hyperref Info: Anchor `equation.9.129' on input line 789.
Package hyperref Info: Anchor `equation.9.129' on input line 789.
Package hyperref Info: Anchor `equation.9.130' on input line 799.
Package hyperref Info: Anchor `equation.9.130' on input line 799.
Package hyperref Info: Anchor `equation.9.130' on input line 799.
Package hyperref Info: Anchor `equation.9.130' on input line 799.
Package hyperref Info: Anchor `equation.9.131' on input line 806.
Package hyperref Info: Anchor `equation.9.131' on input line 806.
Package hyperref Info: Anchor `equation.9.131' on input line 806.
Package hyperref Info: Anchor `equation.9.131' on input line 806.
Package hyperref Info: Anchor `equation.9.132' on input line 815.
Package hyperref Info: Anchor `equation.9.132' on input line 815.
Package hyperref Info: Anchor `equation.9.132' on input line 815.
Package hyperref Info: Anchor `equation.9.132' on input line 815.
Package hyperref Info: Anchor `subsection.9.1.4' on input line 823.
Package hyperref Info: bookmark on input line 823:
(hyperref)             thecounter {9.1.4}
(hyperref)             text {\ifttl@toclabel \ttl@a \fi A more correct approach}
(hyperref)             reference {subsection.9.1.4}
(hyperref)             toclevel {2}
(hyperref)             type {toc}.

Overfull \hbox (1.46571pt too wide) detected at line 831
\OML/cmm/m/it/10 I \OT1/cmr/m/n/10 = [][] [][] [] [] [] [][] [] [] []\OT1/cmr/bx/n/10 v[] []v[]
 []


Overfull \hbox (23.58772pt too wide) detected at line 929
\OML/cmm/m/it/10 I[] \OT1/cmr/m/n/10 = 4\OML/cmm/m/it/10 ^^Y[][] [] [][] [][] [] [][]v[] [] []\OT1/cmr/m/n/10 d\OML/cmm/m/it/10 v[]
 []


Overfull \hbox (21.02603pt too wide) detected at line 935
\OML/cmm/m/it/10 I[] \OT1/cmr/m/n/10 = 2\OML/cmm/m/it/10 ^^Y[][][] [] [] [] [] [][] [] [] [] []
 []

)
 ***********
LaTeX2e <2025-11-01>
L3 programming layer <2020/03/25>
 ***********

LaTeX Font Warning: Some font shapes were not available, defaults substituted.


LaTeX Warning: There were undefined references.


Package biblatex Warning: Please (re)run Biber on the file:
(biblatex)                tikzcache/main-figure7
(biblatex)                and rerun LaTeX afterwards.

Package logreq Info: Writing requests to 'tikzcache/main-figure7.run.xml'.
\openout1 = `tikzcache/main-figure7.run.xml'.

 ) 
Here is how much of TeX's memory you used:
 59492 strings out of 469515
 1400149 string characters out of 5470808
 2356692 words of memory out of 5000000
 87096 multiletter control sequences out of 15000+600000
 648889 words of font info for 91 fonts, out of 8000000 for 9000
 14 hyphenation exceptions out of 8191
 93i,17n,110p,3111b,2508s stack positions out of 10000i,1000n,20000p,200000b,200000s
</usr/share/texmf-dist/fonts/type1/public/amsfonts/cm/cmmi10.pfb></usr/share/texmf-dist/fonts/type1/public/amsfonts/cm/cmr10.pfb></usr/share/texmf-dist/fonts/type1/public/amsfonts/cm/cmr7.pfb>
Output written on tikzcache/main-figure7.pdf (1 page, 38335 bytes).
PDF statistics:
 31 PDF objects out of 1000 (max. 8388607)
 20 compressed objects within 1 object stream
 1 named destinations out of 1000 (max. 500000)
 13 words of extra memory for PDF output out of 10000 (max. 10000000)

